match,home_team,away_team,market_name,player_name,player_team,line,over_price,under_price,agency,opposition_team,EventKey,MarketKey,OutcomeKey,OutcomeKey_unders
Hawthorn Hawks v Brisbane Lions,Hawthorn Hawks,Brisbane Lions,Player Disposals,Mitch Lewis,Hawthorn Hawks,9.5,1.36,NA,Pointsbet,Brisbane Lions,2886585,115261916,1,NA
Hawthorn Hawks v Brisbane Lions,Hawthorn Hawks,Brisbane Lions,Player Disposals,Mitch Lewis,Hawthorn Hawks,10.5,1.56,NA,Pointsbet,Brisbane Lions,2886585,115261916,2,NA
Hawthorn Hawks v Brisbane Lions,Hawthorn Hawks,Brisbane Lions,Player Disposals,Mitch Lewis,Hawthorn Hawks,11.5,1.88,NA,Pointsbet,Brisbane Lions,2886585,115261916,3,NA
Hawthorn Hawks v Brisbane Lions,Hawthorn Hawks,Brisbane Lions,Player Disposals,Mitch Lewis,Hawthorn Hawks,12.5,2.3,NA,Pointsbet,Brisbane Lions,2886585,115261916,4,NA
Hawthorn Hawks v Brisbane Lions,Hawthorn Hawks,Brisbane Lions,Player Disposals,Mitch Lewis,Hawthorn Hawks,13.5,2.75,NA,Pointsbet,Brisbane Lions,2886585,115261916,5,NA
Hawthorn Hawks v Brisbane Lions,Hawthorn Hawks,Brisbane Lions,Player Disposals,Mitch Lewis,Hawthorn Hawks,14.5,3.4,NA,Pointsbet,Brisbane Lions,2886585,115261916,6,NA
Hawthorn Hawks v Brisbane Lions,Hawthorn Hawks,Brisbane Lions,Player Disposals,Mitch Lewis,Hawthorn Hawks,15.5,4.2,NA,Pointsbet,Brisbane Lions,2886585,115261916,7,NA
Hawthorn Hawks v Brisbane Lions,Hawthorn Hawks,Brisbane Lions,Player Disposals,Mitch Lewis,Hawthorn Hawks,16.5,5.25,NA,Pointsbet,Brisbane Lions,2886585,115261916,8,NA
Hawthorn Hawks v Brisbane Lions,Hawthorn Hawks,Brisbane Lions,Player Disposals,Mitch Lewis,Hawthorn Hawks,17.5,7,NA,Pointsbet,Brisbane Lions,2886585,115261916,9,NA
Hawthorn Hawks v Brisbane Lions,Hawthorn Hawks,Brisbane Lions,Player Disposals,Mitch Lewis,Hawthorn Hawks,18.5,9,NA,Pointsbet,Brisbane Lions,2886585,115261916,10,NA
Hawthorn Hawks v Brisbane Lions,Hawthorn Hawks,Brisbane Lions,Player Disposals,Mitch Lewis,Hawthorn Hawks,19.5,12,NA,Pointsbet,Brisbane Lions,2886585,115261916,11,NA
Hawthorn Hawks v Brisbane Lions,Hawthorn Hawks,Brisbane Lions,Player Disposals,Mitch Lewis,Hawthorn Hawks,20.5,15,NA,Pointsbet,Brisbane Lions,2886585,115261916,12,NA
Hawthorn Hawks v Brisbane Lions,Hawthorn Hawks,Brisbane Lions,Player Disposals,Mitch Lewis,Hawthorn Hawks,21.5,21,NA,Pointsbet,Brisbane Lions,2886585,115261916,13,NA
Hawthorn Hawks v Brisbane Lions,Hawthorn Hawks,Brisbane Lions,Player Disposals,Mitch Lewis,Hawthorn Hawks,22.5,29,NA,Pointsbet,Brisbane Lions,2886585,115261916,14,NA
Hawthorn Hawks v Brisbane Lions,Hawthorn Hawks,Brisbane Lions,Player Disposals,Harry Morrison,Hawthorn Hawks,10.5,1.07,NA,Pointsbet,Brisbane Lions,2886585,115261916,33,NA
Hawthorn Hawks v Brisbane Lions,Hawthorn Hawks,Brisbane Lions,Player Disposals,Harry Morrison,Hawthorn Hawks,11.5,1.15,NA,Pointsbet,Brisbane Lions,2886585,115261916,34,NA
Hawthorn Hawks v Brisbane Lions,Hawthorn Hawks,Brisbane Lions,Player Disposals,Harry Morrison,Hawthorn Hawks,12.5,1.25,NA,Pointsbet,Brisbane Lions,2886585,115261916,35,NA
Hawthorn Hawks v Brisbane Lions,Hawthorn Hawks,Brisbane Lions,Player Disposals,Harry Morrison,Hawthorn Hawks,13.5,1.42,NA,Pointsbet,Brisbane Lions,2886585,115261916,36,NA
Hawthorn Hawks v Brisbane Lions,Hawthorn Hawks,Brisbane Lions,Player Disposals,Harry Morrison,Hawthorn Hawks,14.5,1.63,NA,Pointsbet,Brisbane Lions,2886585,115261916,37,NA
Hawthorn Hawks v Brisbane Lions,Hawthorn Hawks,Brisbane Lions,Player Disposals,Harry Morrison,Hawthorn Hawks,15.5,1.88,NA,Pointsbet,Brisbane Lions,2886585,115261916,38,NA
Hawthorn Hawks v Brisbane Lions,Hawthorn Hawks,Brisbane Lions,Player Disposals,Harry Morrison,Hawthorn Hawks,16.5,2.2,NA,Pointsbet,Brisbane Lions,2886585,115261916,39,NA
Hawthorn Hawks v Brisbane Lions,Hawthorn Hawks,Brisbane Lions,Player Disposals,Harry Morrison,Hawthorn Hawks,17.5,2.6,NA,Pointsbet,Brisbane Lions,2886585,115261916,40,NA
Hawthorn Hawks v Brisbane Lions,Hawthorn Hawks,Brisbane Lions,Player Disposals,Harry Morrison,Hawthorn Hawks,18.5,3.1,NA,Pointsbet,Brisbane Lions,2886585,115261916,41,NA
Hawthorn Hawks v Brisbane Lions,Hawthorn Hawks,Brisbane Lions,Player Disposals,Harry Morrison,Hawthorn Hawks,19.5,3.9,NA,Pointsbet,Brisbane Lions,2886585,115261916,42,NA
Hawthorn Hawks v Brisbane Lions,Hawthorn Hawks,Brisbane Lions,Player Disposals,Harry Morrison,Hawthorn Hawks,20.5,4.5,NA,Pointsbet,Brisbane Lions,2886585,115261916,43,NA
Hawthorn Hawks v Brisbane Lions,Hawthorn Hawks,Brisbane Lions,Player Disposals,Harry Morrison,Hawthorn Hawks,21.5,5.5,NA,Pointsbet,Brisbane Lions,2886585,115261916,44,NA
Hawthorn Hawks v Brisbane Lions,Hawthorn Hawks,Brisbane Lions,Player Disposals,Harry Morrison,Hawthorn Hawks,22.5,6.5,NA,Pointsbet,Brisbane Lions,2886585,115261916,45,NA
Hawthorn Hawks v Brisbane Lions,Hawthorn Hawks,Brisbane Lions,Player Disposals,Harry Morrison,Hawthorn Hawks,23.5,8,NA,Pointsbet,Brisbane Lions,2886585,115261916,46,NA
Hawthorn Hawks v Brisbane Lions,Hawthorn Hawks,Brisbane Lions,Player Disposals,Harry Morrison,Hawthorn Hawks,24.5,10.5,NA,Pointsbet,Brisbane Lions,2886585,115261916,47,NA
Hawthorn Hawks v Brisbane Lions,Hawthorn Hawks,Brisbane Lions,Player Disposals,Harry Morrison,Hawthorn Hawks,25.5,13,NA,Pointsbet,Brisbane Lions,2886585,115261916,48,NA
Hawthorn Hawks v Brisbane Lions,Hawthorn Hawks,Brisbane Lions,Player Disposals,Harry Morrison,Hawthorn Hawks,26.5,17,NA,Pointsbet,Brisbane Lions,2886585,115261916,49,NA
Hawthorn Hawks v Brisbane Lions,Hawthorn Hawks,Brisbane Lions,Player Disposals,Harry Morrison,Hawthorn Hawks,27.5,23,NA,Pointsbet,Brisbane Lions,2886585,115261916,50,NA
Hawthorn Hawks v Brisbane Lions,Hawthorn Hawks,Brisbane Lions,Player Disposals,Harry Morrison,Hawthorn Hawks,28.5,29,NA,Pointsbet,Brisbane Lions,2886585,115261916,51,NA
Hawthorn Hawks v Brisbane Lions,Hawthorn Hawks,Brisbane Lions,Player Disposals,Lloyd Meek,Hawthorn Hawks,9.5,1.36,NA,Pointsbet,Brisbane Lions,2886585,115261916,63,NA
Hawthorn Hawks v Brisbane Lions,Hawthorn Hawks,Brisbane Lions,Player Disposals,Lloyd Meek,Hawthorn Hawks,10.5,1.56,NA,Pointsbet,Brisbane Lions,2886585,115261916,64,NA
Hawthorn Hawks v Brisbane Lions,Hawthorn Hawks,Brisbane Lions,Player Disposals,Lloyd Meek,Hawthorn Hawks,11.5,1.88,NA,Pointsbet,Brisbane Lions,2886585,115261916,65,NA
Hawthorn Hawks v Brisbane Lions,Hawthorn Hawks,Brisbane Lions,Player Disposals,Lloyd Meek,Hawthorn Hawks,12.5,2.25,NA,Pointsbet,Brisbane Lions,2886585,115261916,66,NA
Hawthorn Hawks v Brisbane Lions,Hawthorn Hawks,Brisbane Lions,Player Disposals,Lloyd Meek,Hawthorn Hawks,13.5,2.75,NA,Pointsbet,Brisbane Lions,2886585,115261916,67,NA
Hawthorn Hawks v Brisbane Lions,Hawthorn Hawks,Brisbane Lions,Player Disposals,Lloyd Meek,Hawthorn Hawks,14.5,3.4,NA,Pointsbet,Brisbane Lions,2886585,115261916,68,NA
Hawthorn Hawks v Brisbane Lions,Hawthorn Hawks,Brisbane Lions,Player Disposals,Lloyd Meek,Hawthorn Hawks,15.5,4.2,NA,Pointsbet,Brisbane Lions,2886585,115261916,69,NA
Hawthorn Hawks v Brisbane Lions,Hawthorn Hawks,Brisbane Lions,Player Disposals,Lloyd Meek,Hawthorn Hawks,16.5,5.5,NA,Pointsbet,Brisbane Lions,2886585,115261916,70,NA
Hawthorn Hawks v Brisbane Lions,Hawthorn Hawks,Brisbane Lions,Player Disposals,Lloyd Meek,Hawthorn Hawks,17.5,7,NA,Pointsbet,Brisbane Lions,2886585,115261916,71,NA
Hawthorn Hawks v Brisbane Lions,Hawthorn Hawks,Brisbane Lions,Player Disposals,Lloyd Meek,Hawthorn Hawks,18.5,9,NA,Pointsbet,Brisbane Lions,2886585,115261916,72,NA
Hawthorn Hawks v Brisbane Lions,Hawthorn Hawks,Brisbane Lions,Player Disposals,Lloyd Meek,Hawthorn Hawks,19.5,12,NA,Pointsbet,Brisbane Lions,2886585,115261916,73,NA
Hawthorn Hawks v Brisbane Lions,Hawthorn Hawks,Brisbane Lions,Player Disposals,Lloyd Meek,Hawthorn Hawks,20.5,17,NA,Pointsbet,Brisbane Lions,2886585,115261916,74,NA
Hawthorn Hawks v Brisbane Lions,Hawthorn Hawks,Brisbane Lions,Player Disposals,Lloyd Meek,Hawthorn Hawks,21.5,23,NA,Pointsbet,Brisbane Lions,2886585,115261916,75,NA
Hawthorn Hawks v Brisbane Lions,Hawthorn Hawks,Brisbane Lions,Player Disposals,Lloyd Meek,Hawthorn Hawks,22.5,31,NA,Pointsbet,Brisbane Lions,2886585,115261916,76,NA
Hawthorn Hawks v Brisbane Lions,Hawthorn Hawks,Brisbane Lions,Player Disposals,Massimo D'Ambrosio,Hawthorn Hawks,12.5,1.06,NA,Pointsbet,Brisbane Lions,2886585,115261916,97,NA
Hawthorn Hawks v Brisbane Lions,Hawthorn Hawks,Brisbane Lions,Player Disposals,Massimo D'Ambrosio,Hawthorn Hawks,13.5,1.11,NA,Pointsbet,Brisbane Lions,2886585,115261916,98,NA
Hawthorn Hawks v Brisbane Lions,Hawthorn Hawks,Brisbane Lions,Player Disposals,Massimo D'Ambrosio,Hawthorn Hawks,14.5,1.19,NA,Pointsbet,Brisbane Lions,2886585,115261916,99,NA
Hawthorn Hawks v Brisbane Lions,Hawthorn Hawks,Brisbane Lions,Player Disposals,Massimo D'Ambrosio,Hawthorn Hawks,15.5,1.31,NA,Pointsbet,Brisbane Lions,2886585,115261916,100,NA
Hawthorn Hawks v Brisbane Lions,Hawthorn Hawks,Brisbane Lions,Player Disposals,Massimo D'Ambrosio,Hawthorn Hawks,16.5,1.44,NA,Pointsbet,Brisbane Lions,2886585,115261916,101,NA
Hawthorn Hawks v Brisbane Lions,Hawthorn Hawks,Brisbane Lions,Player Disposals,Massimo D'Ambrosio,Hawthorn Hawks,17.5,1.63,NA,Pointsbet,Brisbane Lions,2886585,115261916,102,NA
Hawthorn Hawks v Brisbane Lions,Hawthorn Hawks,Brisbane Lions,Player Disposals,Massimo D'Ambrosio,Hawthorn Hawks,18.5,1.88,NA,Pointsbet,Brisbane Lions,2886585,115261916,103,NA
Hawthorn Hawks v Brisbane Lions,Hawthorn Hawks,Brisbane Lions,Player Disposals,Massimo D'Ambrosio,Hawthorn Hawks,19.5,2.15,NA,Pointsbet,Brisbane Lions,2886585,115261916,104,NA
Hawthorn Hawks v Brisbane Lions,Hawthorn Hawks,Brisbane Lions,Player Disposals,Massimo D'Ambrosio,Hawthorn Hawks,20.5,2.55,NA,Pointsbet,Brisbane Lions,2886585,115261916,105,NA
Hawthorn Hawks v Brisbane Lions,Hawthorn Hawks,Brisbane Lions,Player Disposals,Massimo D'Ambrosio,Hawthorn Hawks,21.5,3,NA,Pointsbet,Brisbane Lions,2886585,115261916,106,NA
Hawthorn Hawks v Brisbane Lions,Hawthorn Hawks,Brisbane Lions,Player Disposals,Massimo D'Ambrosio,Hawthorn Hawks,22.5,3.6,NA,Pointsbet,Brisbane Lions,2886585,115261916,107,NA
Hawthorn Hawks v Brisbane Lions,Hawthorn Hawks,Brisbane Lions,Player Disposals,Massimo D'Ambrosio,Hawthorn Hawks,23.5,4.4,NA,Pointsbet,Brisbane Lions,2886585,115261916,108,NA
Hawthorn Hawks v Brisbane Lions,Hawthorn Hawks,Brisbane Lions,Player Disposals,Massimo D'Ambrosio,Hawthorn Hawks,24.5,5,NA,Pointsbet,Brisbane Lions,2886585,115261916,109,NA
Hawthorn Hawks v Brisbane Lions,Hawthorn Hawks,Brisbane Lions,Player Disposals,Massimo D'Ambrosio,Hawthorn Hawks,25.5,6.5,NA,Pointsbet,Brisbane Lions,2886585,115261916,110,NA
Hawthorn Hawks v Brisbane Lions,Hawthorn Hawks,Brisbane Lions,Player Disposals,Massimo D'Ambrosio,Hawthorn Hawks,26.5,8,NA,Pointsbet,Brisbane Lions,2886585,115261916,111,NA
Hawthorn Hawks v Brisbane Lions,Hawthorn Hawks,Brisbane Lions,Player Disposals,Massimo D'Ambrosio,Hawthorn Hawks,27.5,10,NA,Pointsbet,Brisbane Lions,2886585,115261916,112,NA
Hawthorn Hawks v Brisbane Lions,Hawthorn Hawks,Brisbane Lions,Player Disposals,Massimo D'Ambrosio,Hawthorn Hawks,28.5,12,NA,Pointsbet,Brisbane Lions,2886585,115261916,113,NA
Hawthorn Hawks v Brisbane Lions,Hawthorn Hawks,Brisbane Lions,Player Disposals,Massimo D'Ambrosio,Hawthorn Hawks,29.5,16,NA,Pointsbet,Brisbane Lions,2886585,115261916,114,NA
Hawthorn Hawks v Brisbane Lions,Hawthorn Hawks,Brisbane Lions,Player Disposals,Massimo D'Ambrosio,Hawthorn Hawks,30.5,20,NA,Pointsbet,Brisbane Lions,2886585,115261916,115,NA
Hawthorn Hawks v Brisbane Lions,Hawthorn Hawks,Brisbane Lions,Player Disposals,Massimo D'Ambrosio,Hawthorn Hawks,31.5,26,NA,Pointsbet,Brisbane Lions,2886585,115261916,116,NA
Hawthorn Hawks v Brisbane Lions,Hawthorn Hawks,Brisbane Lions,Player Disposals,Dylan Moore,Hawthorn Hawks,11.5,1.05,NA,Pointsbet,Brisbane Lions,2886585,115261916,127,NA
Hawthorn Hawks v Brisbane Lions,Hawthorn Hawks,Brisbane Lions,Player Disposals,Dylan Moore,Hawthorn Hawks,12.5,1.1,NA,Pointsbet,Brisbane Lions,2886585,115261916,128,NA
Hawthorn Hawks v Brisbane Lions,Hawthorn Hawks,Brisbane Lions,Player Disposals,Dylan Moore,Hawthorn Hawks,13.5,1.18,NA,Pointsbet,Brisbane Lions,2886585,115261916,129,NA
Hawthorn Hawks v Brisbane Lions,Hawthorn Hawks,Brisbane Lions,Player Disposals,Dylan Moore,Hawthorn Hawks,14.5,1.29,NA,Pointsbet,Brisbane Lions,2886585,115261916,130,NA
Hawthorn Hawks v Brisbane Lions,Hawthorn Hawks,Brisbane Lions,Player Disposals,Dylan Moore,Hawthorn Hawks,15.5,1.42,NA,Pointsbet,Brisbane Lions,2886585,115261916,131,NA
Hawthorn Hawks v Brisbane Lions,Hawthorn Hawks,Brisbane Lions,Player Disposals,Dylan Moore,Hawthorn Hawks,16.5,1.63,NA,Pointsbet,Brisbane Lions,2886585,115261916,132,NA
Hawthorn Hawks v Brisbane Lions,Hawthorn Hawks,Brisbane Lions,Player Disposals,Dylan Moore,Hawthorn Hawks,17.5,1.88,NA,Pointsbet,Brisbane Lions,2886585,115261916,133,NA
Hawthorn Hawks v Brisbane Lions,Hawthorn Hawks,Brisbane Lions,Player Disposals,Dylan Moore,Hawthorn Hawks,18.5,2.2,NA,Pointsbet,Brisbane Lions,2886585,115261916,134,NA
Hawthorn Hawks v Brisbane Lions,Hawthorn Hawks,Brisbane Lions,Player Disposals,Dylan Moore,Hawthorn Hawks,19.5,2.6,NA,Pointsbet,Brisbane Lions,2886585,115261916,135,NA
Hawthorn Hawks v Brisbane Lions,Hawthorn Hawks,Brisbane Lions,Player Disposals,Dylan Moore,Hawthorn Hawks,20.5,3.1,NA,Pointsbet,Brisbane Lions,2886585,115261916,136,NA
Hawthorn Hawks v Brisbane Lions,Hawthorn Hawks,Brisbane Lions,Player Disposals,Dylan Moore,Hawthorn Hawks,21.5,3.7,NA,Pointsbet,Brisbane Lions,2886585,115261916,137,NA
Hawthorn Hawks v Brisbane Lions,Hawthorn Hawks,Brisbane Lions,Player Disposals,Dylan Moore,Hawthorn Hawks,22.5,4.4,NA,Pointsbet,Brisbane Lions,2886585,115261916,138,NA
Hawthorn Hawks v Brisbane Lions,Hawthorn Hawks,Brisbane Lions,Player Disposals,Dylan Moore,Hawthorn Hawks,23.5,5.25,NA,Pointsbet,Brisbane Lions,2886585,115261916,139,NA
Hawthorn Hawks v Brisbane Lions,Hawthorn Hawks,Brisbane Lions,Player Disposals,Dylan Moore,Hawthorn Hawks,24.5,6.5,NA,Pointsbet,Brisbane Lions,2886585,115261916,140,NA
Hawthorn Hawks v Brisbane Lions,Hawthorn Hawks,Brisbane Lions,Player Disposals,Dylan Moore,Hawthorn Hawks,25.5,8,NA,Pointsbet,Brisbane Lions,2886585,115261916,141,NA
Hawthorn Hawks v Brisbane Lions,Hawthorn Hawks,Brisbane Lions,Player Disposals,Dylan Moore,Hawthorn Hawks,26.5,10.5,NA,Pointsbet,Brisbane Lions,2886585,115261916,142,NA
Hawthorn Hawks v Brisbane Lions,Hawthorn Hawks,Brisbane Lions,Player Disposals,Dylan Moore,Hawthorn Hawks,27.5,13,NA,Pointsbet,Brisbane Lions,2886585,115261916,143,NA
Hawthorn Hawks v Brisbane Lions,Hawthorn Hawks,Brisbane Lions,Player Disposals,Dylan Moore,Hawthorn Hawks,28.5,17,NA,Pointsbet,Brisbane Lions,2886585,115261916,144,NA
Hawthorn Hawks v Brisbane Lions,Hawthorn Hawks,Brisbane Lions,Player Disposals,Dylan Moore,Hawthorn Hawks,29.5,23,NA,Pointsbet,Brisbane Lions,2886585,115261916,145,NA
Hawthorn Hawks v Brisbane Lions,Hawthorn Hawks,Brisbane Lions,Player Disposals,Dylan Moore,Hawthorn Hawks,30.5,29,NA,Pointsbet,Brisbane Lions,2886585,115261916,146,NA
Hawthorn Hawks v Brisbane Lions,Hawthorn Hawks,Brisbane Lions,Player Disposals,Will Day,Hawthorn Hawks,15.5,1.05,NA,Pointsbet,Brisbane Lions,2886585,115261916,162,NA
Hawthorn Hawks v Brisbane Lions,Hawthorn Hawks,Brisbane Lions,Player Disposals,Will Day,Hawthorn Hawks,16.5,1.09,NA,Pointsbet,Brisbane Lions,2886585,115261916,163,NA
Hawthorn Hawks v Brisbane Lions,Hawthorn Hawks,Brisbane Lions,Player Disposals,Will Day,Hawthorn Hawks,17.5,1.15,NA,Pointsbet,Brisbane Lions,2886585,115261916,164,NA
Hawthorn Hawks v Brisbane Lions,Hawthorn Hawks,Brisbane Lions,Player Disposals,Will Day,Hawthorn Hawks,18.5,1.24,NA,Pointsbet,Brisbane Lions,2886585,115261916,165,NA
Hawthorn Hawks v Brisbane Lions,Hawthorn Hawks,Brisbane Lions,Player Disposals,Will Day,Hawthorn Hawks,19.5,1.33,NA,Pointsbet,Brisbane Lions,2886585,115261916,166,NA
Hawthorn Hawks v Brisbane Lions,Hawthorn Hawks,Brisbane Lions,Player Disposals,Will Day,Hawthorn Hawks,20.5,1.48,NA,Pointsbet,Brisbane Lions,2886585,115261916,167,NA
Hawthorn Hawks v Brisbane Lions,Hawthorn Hawks,Brisbane Lions,Player Disposals,Will Day,Hawthorn Hawks,21.5,1.67,NA,Pointsbet,Brisbane Lions,2886585,115261916,168,NA
Hawthorn Hawks v Brisbane Lions,Hawthorn Hawks,Brisbane Lions,Player Disposals,Will Day,Hawthorn Hawks,22.5,1.88,NA,Pointsbet,Brisbane Lions,2886585,115261916,169,NA
Hawthorn Hawks v Brisbane Lions,Hawthorn Hawks,Brisbane Lions,Player Disposals,Will Day,Hawthorn Hawks,23.5,2.15,NA,Pointsbet,Brisbane Lions,2886585,115261916,170,NA
Hawthorn Hawks v Brisbane Lions,Hawthorn Hawks,Brisbane Lions,Player Disposals,Will Day,Hawthorn Hawks,24.5,2.5,NA,Pointsbet,Brisbane Lions,2886585,115261916,171,NA
Hawthorn Hawks v Brisbane Lions,Hawthorn Hawks,Brisbane Lions,Player Disposals,Will Day,Hawthorn Hawks,25.5,2.9,NA,Pointsbet,Brisbane Lions,2886585,115261916,172,NA
Hawthorn Hawks v Brisbane Lions,Hawthorn Hawks,Brisbane Lions,Player Disposals,Will Day,Hawthorn Hawks,26.5,3.4,NA,Pointsbet,Brisbane Lions,2886585,115261916,173,NA
Hawthorn Hawks v Brisbane Lions,Hawthorn Hawks,Brisbane Lions,Player Disposals,Will Day,Hawthorn Hawks,27.5,4,NA,Pointsbet,Brisbane Lions,2886585,115261916,174,NA
Hawthorn Hawks v Brisbane Lions,Hawthorn Hawks,Brisbane Lions,Player Disposals,Will Day,Hawthorn Hawks,28.5,4.75,NA,Pointsbet,Brisbane Lions,2886585,115261916,175,NA
Hawthorn Hawks v Brisbane Lions,Hawthorn Hawks,Brisbane Lions,Player Disposals,Will Day,Hawthorn Hawks,29.5,5.75,NA,Pointsbet,Brisbane Lions,2886585,115261916,176,NA
Hawthorn Hawks v Brisbane Lions,Hawthorn Hawks,Brisbane Lions,Player Disposals,Will Day,Hawthorn Hawks,30.5,7,NA,Pointsbet,Brisbane Lions,2886585,115261916,177,NA
Hawthorn Hawks v Brisbane Lions,Hawthorn Hawks,Brisbane Lions,Player Disposals,Will Day,Hawthorn Hawks,31.5,8.5,NA,Pointsbet,Brisbane Lions,2886585,115261916,178,NA
Hawthorn Hawks v Brisbane Lions,Hawthorn Hawks,Brisbane Lions,Player Disposals,Will Day,Hawthorn Hawks,32.5,10.5,NA,Pointsbet,Brisbane Lions,2886585,115261916,179,NA
Hawthorn Hawks v Brisbane Lions,Hawthorn Hawks,Brisbane Lions,Player Disposals,Will Day,Hawthorn Hawks,33.5,13,NA,Pointsbet,Brisbane Lions,2886585,115261916,180,NA
Hawthorn Hawks v Brisbane Lions,Hawthorn Hawks,Brisbane Lions,Player Disposals,Will Day,Hawthorn Hawks,34.5,17,NA,Pointsbet,Brisbane Lions,2886585,115261916,181,NA
Hawthorn Hawks v Brisbane Lions,Hawthorn Hawks,Brisbane Lions,Player Disposals,Will Day,Hawthorn Hawks,35.5,21,NA,Pointsbet,Brisbane Lions,2886585,115261916,182,NA
Hawthorn Hawks v Brisbane Lions,Hawthorn Hawks,Brisbane Lions,Player Disposals,Will Day,Hawthorn Hawks,36.5,29,NA,Pointsbet,Brisbane Lions,2886585,115261916,183,NA
Hawthorn Hawks v Brisbane Lions,Hawthorn Hawks,Brisbane Lions,Player Disposals,Jack Ginnivan,Hawthorn Hawks,10.5,1.03,NA,Pointsbet,Brisbane Lions,2886585,115261916,188,NA
Hawthorn Hawks v Brisbane Lions,Hawthorn Hawks,Brisbane Lions,Player Disposals,Jack Ginnivan,Hawthorn Hawks,11.5,1.08,NA,Pointsbet,Brisbane Lions,2886585,115261916,189,NA
Hawthorn Hawks v Brisbane Lions,Hawthorn Hawks,Brisbane Lions,Player Disposals,Jack Ginnivan,Hawthorn Hawks,12.5,1.16,NA,Pointsbet,Brisbane Lions,2886585,115261916,190,NA
Hawthorn Hawks v Brisbane Lions,Hawthorn Hawks,Brisbane Lions,Player Disposals,Jack Ginnivan,Hawthorn Hawks,13.5,1.27,NA,Pointsbet,Brisbane Lions,2886585,115261916,191,NA
Hawthorn Hawks v Brisbane Lions,Hawthorn Hawks,Brisbane Lions,Player Disposals,Jack Ginnivan,Hawthorn Hawks,14.5,1.42,NA,Pointsbet,Brisbane Lions,2886585,115261916,192,NA
Hawthorn Hawks v Brisbane Lions,Hawthorn Hawks,Brisbane Lions,Player Disposals,Jack Ginnivan,Hawthorn Hawks,15.5,1.63,NA,Pointsbet,Brisbane Lions,2886585,115261916,193,NA
Hawthorn Hawks v Brisbane Lions,Hawthorn Hawks,Brisbane Lions,Player Disposals,Jack Ginnivan,Hawthorn Hawks,16.5,1.88,NA,Pointsbet,Brisbane Lions,2886585,115261916,194,NA
Hawthorn Hawks v Brisbane Lions,Hawthorn Hawks,Brisbane Lions,Player Disposals,Jack Ginnivan,Hawthorn Hawks,17.5,2.2,NA,Pointsbet,Brisbane Lions,2886585,115261916,195,NA
Hawthorn Hawks v Brisbane Lions,Hawthorn Hawks,Brisbane Lions,Player Disposals,Jack Ginnivan,Hawthorn Hawks,18.5,2.6,NA,Pointsbet,Brisbane Lions,2886585,115261916,196,NA
Hawthorn Hawks v Brisbane Lions,Hawthorn Hawks,Brisbane Lions,Player Disposals,Jack Ginnivan,Hawthorn Hawks,19.5,3.1,NA,Pointsbet,Brisbane Lions,2886585,115261916,197,NA
Hawthorn Hawks v Brisbane Lions,Hawthorn Hawks,Brisbane Lions,Player Disposals,Jack Ginnivan,Hawthorn Hawks,20.5,3.7,NA,Pointsbet,Brisbane Lions,2886585,115261916,198,NA
Hawthorn Hawks v Brisbane Lions,Hawthorn Hawks,Brisbane Lions,Player Disposals,Jack Ginnivan,Hawthorn Hawks,21.5,4.5,NA,Pointsbet,Brisbane Lions,2886585,115261916,199,NA
Hawthorn Hawks v Brisbane Lions,Hawthorn Hawks,Brisbane Lions,Player Disposals,Jack Ginnivan,Hawthorn Hawks,22.5,5.5,NA,Pointsbet,Brisbane Lions,2886585,115261916,200,NA
Hawthorn Hawks v Brisbane Lions,Hawthorn Hawks,Brisbane Lions,Player Disposals,Jack Ginnivan,Hawthorn Hawks,23.5,7,NA,Pointsbet,Brisbane Lions,2886585,115261916,201,NA
Hawthorn Hawks v Brisbane Lions,Hawthorn Hawks,Brisbane Lions,Player Disposals,Jack Ginnivan,Hawthorn Hawks,24.5,8.5,NA,Pointsbet,Brisbane Lions,2886585,115261916,202,NA
Hawthorn Hawks v Brisbane Lions,Hawthorn Hawks,Brisbane Lions,Player Disposals,Jack Ginnivan,Hawthorn Hawks,25.5,10.5,NA,Pointsbet,Brisbane Lions,2886585,115261916,203,NA
Hawthorn Hawks v Brisbane Lions,Hawthorn Hawks,Brisbane Lions,Player Disposals,Jack Ginnivan,Hawthorn Hawks,26.5,13,NA,Pointsbet,Brisbane Lions,2886585,115261916,204,NA
Hawthorn Hawks v Brisbane Lions,Hawthorn Hawks,Brisbane Lions,Player Disposals,Jack Ginnivan,Hawthorn Hawks,27.5,17,NA,Pointsbet,Brisbane Lions,2886585,115261916,205,NA
Hawthorn Hawks v Brisbane Lions,Hawthorn Hawks,Brisbane Lions,Player Disposals,Jack Ginnivan,Hawthorn Hawks,28.5,21,NA,Pointsbet,Brisbane Lions,2886585,115261916,206,NA
Hawthorn Hawks v Brisbane Lions,Hawthorn Hawks,Brisbane Lions,Player Disposals,Jack Ginnivan,Hawthorn Hawks,29.5,29,NA,Pointsbet,Brisbane Lions,2886585,115261916,207,NA
Hawthorn Hawks v Brisbane Lions,Hawthorn Hawks,Brisbane Lions,Player Disposals,Connor Macdonald,Hawthorn Hawks,12.5,1.06,NA,Pointsbet,Brisbane Lions,2886585,115261916,221,NA
Hawthorn Hawks v Brisbane Lions,Hawthorn Hawks,Brisbane Lions,Player Disposals,Connor Macdonald,Hawthorn Hawks,13.5,1.11,NA,Pointsbet,Brisbane Lions,2886585,115261916,222,NA
Hawthorn Hawks v Brisbane Lions,Hawthorn Hawks,Brisbane Lions,Player Disposals,Connor Macdonald,Hawthorn Hawks,14.5,1.19,NA,Pointsbet,Brisbane Lions,2886585,115261916,223,NA
Hawthorn Hawks v Brisbane Lions,Hawthorn Hawks,Brisbane Lions,Player Disposals,Connor Macdonald,Hawthorn Hawks,15.5,1.29,NA,Pointsbet,Brisbane Lions,2886585,115261916,224,NA
Hawthorn Hawks v Brisbane Lions,Hawthorn Hawks,Brisbane Lions,Player Disposals,Connor Macdonald,Hawthorn Hawks,16.5,1.44,NA,Pointsbet,Brisbane Lions,2886585,115261916,225,NA
Hawthorn Hawks v Brisbane Lions,Hawthorn Hawks,Brisbane Lions,Player Disposals,Connor Macdonald,Hawthorn Hawks,17.5,1.63,NA,Pointsbet,Brisbane Lions,2886585,115261916,226,NA
Hawthorn Hawks v Brisbane Lions,Hawthorn Hawks,Brisbane Lions,Player Disposals,Connor Macdonald,Hawthorn Hawks,18.5,1.83,NA,Pointsbet,Brisbane Lions,2886585,115261916,227,NA
Hawthorn Hawks v Brisbane Lions,Hawthorn Hawks,Brisbane Lions,Player Disposals,Connor Macdonald,Hawthorn Hawks,19.5,2.15,NA,Pointsbet,Brisbane Lions,2886585,115261916,228,NA
Hawthorn Hawks v Brisbane Lions,Hawthorn Hawks,Brisbane Lions,Player Disposals,Connor Macdonald,Hawthorn Hawks,20.5,2.5,NA,Pointsbet,Brisbane Lions,2886585,115261916,229,NA
Hawthorn Hawks v Brisbane Lions,Hawthorn Hawks,Brisbane Lions,Player Disposals,Connor Macdonald,Hawthorn Hawks,21.5,3,NA,Pointsbet,Brisbane Lions,2886585,115261916,230,NA
Hawthorn Hawks v Brisbane Lions,Hawthorn Hawks,Brisbane Lions,Player Disposals,Connor Macdonald,Hawthorn Hawks,22.5,3.6,NA,Pointsbet,Brisbane Lions,2886585,115261916,231,NA
Hawthorn Hawks v Brisbane Lions,Hawthorn Hawks,Brisbane Lions,Player Disposals,Connor Macdonald,Hawthorn Hawks,23.5,4.2,NA,Pointsbet,Brisbane Lions,2886585,115261916,232,NA
Hawthorn Hawks v Brisbane Lions,Hawthorn Hawks,Brisbane Lions,Player Disposals,Connor Macdonald,Hawthorn Hawks,24.5,5,NA,Pointsbet,Brisbane Lions,2886585,115261916,233,NA
Hawthorn Hawks v Brisbane Lions,Hawthorn Hawks,Brisbane Lions,Player Disposals,Connor Macdonald,Hawthorn Hawks,25.5,6,NA,Pointsbet,Brisbane Lions,2886585,115261916,234,NA
Hawthorn Hawks v Brisbane Lions,Hawthorn Hawks,Brisbane Lions,Player Disposals,Connor Macdonald,Hawthorn Hawks,26.5,7.5,NA,Pointsbet,Brisbane Lions,2886585,115261916,235,NA
Hawthorn Hawks v Brisbane Lions,Hawthorn Hawks,Brisbane Lions,Player Disposals,Connor Macdonald,Hawthorn Hawks,27.5,9.5,NA,Pointsbet,Brisbane Lions,2886585,115261916,236,NA
Hawthorn Hawks v Brisbane Lions,Hawthorn Hawks,Brisbane Lions,Player Disposals,Connor Macdonald,Hawthorn Hawks,28.5,12,NA,Pointsbet,Brisbane Lions,2886585,115261916,237,NA
Hawthorn Hawks v Brisbane Lions,Hawthorn Hawks,Brisbane Lions,Player Disposals,Connor Macdonald,Hawthorn Hawks,29.5,15,NA,Pointsbet,Brisbane Lions,2886585,115261916,238,NA
Hawthorn Hawks v Brisbane Lions,Hawthorn Hawks,Brisbane Lions,Player Disposals,Connor Macdonald,Hawthorn Hawks,30.5,20,NA,Pointsbet,Brisbane Lions,2886585,115261916,239,NA
Hawthorn Hawks v Brisbane Lions,Hawthorn Hawks,Brisbane Lions,Player Disposals,Connor Macdonald,Hawthorn Hawks,31.5,26,NA,Pointsbet,Brisbane Lions,2886585,115261916,240,NA
Hawthorn Hawks v Brisbane Lions,Hawthorn Hawks,Brisbane Lions,Player Disposals,Josh Ward,Hawthorn Hawks,13.5,1.04,NA,Pointsbet,Brisbane Lions,2886585,115261916,253,NA
Hawthorn Hawks v Brisbane Lions,Hawthorn Hawks,Brisbane Lions,Player Disposals,Josh Ward,Hawthorn Hawks,14.5,1.08,NA,Pointsbet,Brisbane Lions,2886585,115261916,254,NA
Hawthorn Hawks v Brisbane Lions,Hawthorn Hawks,Brisbane Lions,Player Disposals,Josh Ward,Hawthorn Hawks,15.5,1.13,NA,Pointsbet,Brisbane Lions,2886585,115261916,255,NA
Hawthorn Hawks v Brisbane Lions,Hawthorn Hawks,Brisbane Lions,Player Disposals,Josh Ward,Hawthorn Hawks,16.5,1.22,NA,Pointsbet,Brisbane Lions,2886585,115261916,256,NA
Hawthorn Hawks v Brisbane Lions,Hawthorn Hawks,Brisbane Lions,Player Disposals,Josh Ward,Hawthorn Hawks,17.5,1.33,NA,Pointsbet,Brisbane Lions,2886585,115261916,257,NA
Hawthorn Hawks v Brisbane Lions,Hawthorn Hawks,Brisbane Lions,Player Disposals,Josh Ward,Hawthorn Hawks,18.5,1.48,NA,Pointsbet,Brisbane Lions,2886585,115261916,258,NA
Hawthorn Hawks v Brisbane Lions,Hawthorn Hawks,Brisbane Lions,Player Disposals,Josh Ward,Hawthorn Hawks,19.5,1.65,NA,Pointsbet,Brisbane Lions,2886585,115261916,259,NA
Hawthorn Hawks v Brisbane Lions,Hawthorn Hawks,Brisbane Lions,Player Disposals,Josh Ward,Hawthorn Hawks,20.5,1.88,NA,Pointsbet,Brisbane Lions,2886585,115261916,260,NA
Hawthorn Hawks v Brisbane Lions,Hawthorn Hawks,Brisbane Lions,Player Disposals,Josh Ward,Hawthorn Hawks,21.5,2.15,NA,Pointsbet,Brisbane Lions,2886585,115261916,261,NA
Hawthorn Hawks v Brisbane Lions,Hawthorn Hawks,Brisbane Lions,Player Disposals,Josh Ward,Hawthorn Hawks,22.5,2.55,NA,Pointsbet,Brisbane Lions,2886585,115261916,262,NA
Hawthorn Hawks v Brisbane Lions,Hawthorn Hawks,Brisbane Lions,Player Disposals,Josh Ward,Hawthorn Hawks,23.5,3,NA,Pointsbet,Brisbane Lions,2886585,115261916,263,NA
Hawthorn Hawks v Brisbane Lions,Hawthorn Hawks,Brisbane Lions,Player Disposals,Josh Ward,Hawthorn Hawks,24.5,3.6,NA,Pointsbet,Brisbane Lions,2886585,115261916,264,NA
Hawthorn Hawks v Brisbane Lions,Hawthorn Hawks,Brisbane Lions,Player Disposals,Josh Ward,Hawthorn Hawks,25.5,4.2,NA,Pointsbet,Brisbane Lions,2886585,115261916,265,NA
Hawthorn Hawks v Brisbane Lions,Hawthorn Hawks,Brisbane Lions,Player Disposals,Josh Ward,Hawthorn Hawks,26.5,5,NA,Pointsbet,Brisbane Lions,2886585,115261916,266,NA
Hawthorn Hawks v Brisbane Lions,Hawthorn Hawks,Brisbane Lions,Player Disposals,Josh Ward,Hawthorn Hawks,27.5,6,NA,Pointsbet,Brisbane Lions,2886585,115261916,267,NA
Hawthorn Hawks v Brisbane Lions,Hawthorn Hawks,Brisbane Lions,Player Disposals,Josh Ward,Hawthorn Hawks,28.5,7.5,NA,Pointsbet,Brisbane Lions,2886585,115261916,268,NA
Hawthorn Hawks v Brisbane Lions,Hawthorn Hawks,Brisbane Lions,Player Disposals,Josh Ward,Hawthorn Hawks,29.5,9.5,NA,Pointsbet,Brisbane Lions,2886585,115261916,269,NA
Hawthorn Hawks v Brisbane Lions,Hawthorn Hawks,Brisbane Lions,Player Disposals,Josh Ward,Hawthorn Hawks,30.5,12,NA,Pointsbet,Brisbane Lions,2886585,115261916,270,NA
Hawthorn Hawks v Brisbane Lions,Hawthorn Hawks,Brisbane Lions,Player Disposals,Josh Ward,Hawthorn Hawks,31.5,15,NA,Pointsbet,Brisbane Lions,2886585,115261916,271,NA
Hawthorn Hawks v Brisbane Lions,Hawthorn Hawks,Brisbane Lions,Player Disposals,Josh Ward,Hawthorn Hawks,32.5,19,NA,Pointsbet,Brisbane Lions,2886585,115261916,272,NA
Hawthorn Hawks v Brisbane Lions,Hawthorn Hawks,Brisbane Lions,Player Disposals,Josh Ward,Hawthorn Hawks,33.5,26,NA,Pointsbet,Brisbane Lions,2886585,115261916,273,NA
Hawthorn Hawks v Brisbane Lions,Hawthorn Hawks,Brisbane Lions,Player Disposals,Jai Newcombe,Hawthorn Hawks,16.5,1.06,NA,Pointsbet,Brisbane Lions,2886585,115261916,287,NA
Hawthorn Hawks v Brisbane Lions,Hawthorn Hawks,Brisbane Lions,Player Disposals,Jai Newcombe,Hawthorn Hawks,17.5,1.1,NA,Pointsbet,Brisbane Lions,2886585,115261916,288,NA
Hawthorn Hawks v Brisbane Lions,Hawthorn Hawks,Brisbane Lions,Player Disposals,Jai Newcombe,Hawthorn Hawks,18.5,1.16,NA,Pointsbet,Brisbane Lions,2886585,115261916,289,NA
Hawthorn Hawks v Brisbane Lions,Hawthorn Hawks,Brisbane Lions,Player Disposals,Jai Newcombe,Hawthorn Hawks,19.5,1.24,NA,Pointsbet,Brisbane Lions,2886585,115261916,290,NA
Hawthorn Hawks v Brisbane Lions,Hawthorn Hawks,Brisbane Lions,Player Disposals,Jai Newcombe,Hawthorn Hawks,20.5,1.33,NA,Pointsbet,Brisbane Lions,2886585,115261916,291,NA
Hawthorn Hawks v Brisbane Lions,Hawthorn Hawks,Brisbane Lions,Player Disposals,Jai Newcombe,Hawthorn Hawks,21.5,1.48,NA,Pointsbet,Brisbane Lions,2886585,115261916,292,NA
Hawthorn Hawks v Brisbane Lions,Hawthorn Hawks,Brisbane Lions,Player Disposals,Jai Newcombe,Hawthorn Hawks,22.5,1.65,NA,Pointsbet,Brisbane Lions,2886585,115261916,293,NA
Hawthorn Hawks v Brisbane Lions,Hawthorn Hawks,Brisbane Lions,Player Disposals,Jai Newcombe,Hawthorn Hawks,23.5,1.83,NA,Pointsbet,Brisbane Lions,2886585,115261916,294,NA
Hawthorn Hawks v Brisbane Lions,Hawthorn Hawks,Brisbane Lions,Player Disposals,Jai Newcombe,Hawthorn Hawks,24.5,2.1,NA,Pointsbet,Brisbane Lions,2886585,115261916,295,NA
Hawthorn Hawks v Brisbane Lions,Hawthorn Hawks,Brisbane Lions,Player Disposals,Jai Newcombe,Hawthorn Hawks,25.5,2.5,NA,Pointsbet,Brisbane Lions,2886585,115261916,296,NA
Hawthorn Hawks v Brisbane Lions,Hawthorn Hawks,Brisbane Lions,Player Disposals,Jai Newcombe,Hawthorn Hawks,26.5,2.85,NA,Pointsbet,Brisbane Lions,2886585,115261916,297,NA
Hawthorn Hawks v Brisbane Lions,Hawthorn Hawks,Brisbane Lions,Player Disposals,Jai Newcombe,Hawthorn Hawks,27.5,3.4,NA,Pointsbet,Brisbane Lions,2886585,115261916,298,NA
Hawthorn Hawks v Brisbane Lions,Hawthorn Hawks,Brisbane Lions,Player Disposals,Jai Newcombe,Hawthorn Hawks,28.5,4,NA,Pointsbet,Brisbane Lions,2886585,115261916,299,NA
Hawthorn Hawks v Brisbane Lions,Hawthorn Hawks,Brisbane Lions,Player Disposals,Jai Newcombe,Hawthorn Hawks,29.5,4.75,NA,Pointsbet,Brisbane Lions,2886585,115261916,300,NA
Hawthorn Hawks v Brisbane Lions,Hawthorn Hawks,Brisbane Lions,Player Disposals,Jai Newcombe,Hawthorn Hawks,30.5,5.75,NA,Pointsbet,Brisbane Lions,2886585,115261916,301,NA
Hawthorn Hawks v Brisbane Lions,Hawthorn Hawks,Brisbane Lions,Player Disposals,Jai Newcombe,Hawthorn Hawks,31.5,7,NA,Pointsbet,Brisbane Lions,2886585,115261916,302,NA
Hawthorn Hawks v Brisbane Lions,Hawthorn Hawks,Brisbane Lions,Player Disposals,Jai Newcombe,Hawthorn Hawks,32.5,8.5,NA,Pointsbet,Brisbane Lions,2886585,115261916,303,NA
Hawthorn Hawks v Brisbane Lions,Hawthorn Hawks,Brisbane Lions,Player Disposals,Jai Newcombe,Hawthorn Hawks,33.5,10,NA,Pointsbet,Brisbane Lions,2886585,115261916,304,NA
Hawthorn Hawks v Brisbane Lions,Hawthorn Hawks,Brisbane Lions,Player Disposals,Jai Newcombe,Hawthorn Hawks,34.5,12,NA,Pointsbet,Brisbane Lions,2886585,115261916,305,NA
Hawthorn Hawks v Brisbane Lions,Hawthorn Hawks,Brisbane Lions,Player Disposals,Jai Newcombe,Hawthorn Hawks,35.5,16,NA,Pointsbet,Brisbane Lions,2886585,115261916,306,NA
Hawthorn Hawks v Brisbane Lions,Hawthorn Hawks,Brisbane Lions,Player Disposals,Jai Newcombe,Hawthorn Hawks,36.5,20,NA,Pointsbet,Brisbane Lions,2886585,115261916,307,NA
Hawthorn Hawks v Brisbane Lions,Hawthorn Hawks,Brisbane Lions,Player Disposals,Jai Newcombe,Hawthorn Hawks,37.5,26,NA,Pointsbet,Brisbane Lions,2886585,115261916,308,NA
Hawthorn Hawks v Brisbane Lions,Hawthorn Hawks,Brisbane Lions,Player Disposals,Jai Newcombe,Hawthorn Hawks,38.5,31,NA,Pointsbet,Brisbane Lions,2886585,115261916,309,NA
Hawthorn Hawks v Brisbane Lions,Hawthorn Hawks,Brisbane Lions,Player Disposals,Nick Watson,Hawthorn Hawks,9.5,1.11,NA,Pointsbet,Brisbane Lions,2886585,115261916,311,NA
Hawthorn Hawks v Brisbane Lions,Hawthorn Hawks,Brisbane Lions,Player Disposals,Nick Watson,Hawthorn Hawks,10.5,1.22,NA,Pointsbet,Brisbane Lions,2886585,115261916,312,NA
Hawthorn Hawks v Brisbane Lions,Hawthorn Hawks,Brisbane Lions,Player Disposals,Nick Watson,Hawthorn Hawks,11.5,1.4,NA,Pointsbet,Brisbane Lions,2886585,115261916,313,NA
Hawthorn Hawks v Brisbane Lions,Hawthorn Hawks,Brisbane Lions,Player Disposals,Nick Watson,Hawthorn Hawks,12.5,1.59,NA,Pointsbet,Brisbane Lions,2886585,115261916,314,NA
Hawthorn Hawks v Brisbane Lions,Hawthorn Hawks,Brisbane Lions,Player Disposals,Nick Watson,Hawthorn Hawks,13.5,1.88,NA,Pointsbet,Brisbane Lions,2886585,115261916,315,NA
Hawthorn Hawks v Brisbane Lions,Hawthorn Hawks,Brisbane Lions,Player Disposals,Nick Watson,Hawthorn Hawks,14.5,2.2,NA,Pointsbet,Brisbane Lions,2886585,115261916,316,NA
Hawthorn Hawks v Brisbane Lions,Hawthorn Hawks,Brisbane Lions,Player Disposals,Nick Watson,Hawthorn Hawks,15.5,2.7,NA,Pointsbet,Brisbane Lions,2886585,115261916,317,NA
Hawthorn Hawks v Brisbane Lions,Hawthorn Hawks,Brisbane Lions,Player Disposals,Nick Watson,Hawthorn Hawks,16.5,3.25,NA,Pointsbet,Brisbane Lions,2886585,115261916,318,NA
Hawthorn Hawks v Brisbane Lions,Hawthorn Hawks,Brisbane Lions,Player Disposals,Nick Watson,Hawthorn Hawks,17.5,4,NA,Pointsbet,Brisbane Lions,2886585,115261916,319,NA
Hawthorn Hawks v Brisbane Lions,Hawthorn Hawks,Brisbane Lions,Player Disposals,Nick Watson,Hawthorn Hawks,18.5,4.75,NA,Pointsbet,Brisbane Lions,2886585,115261916,320,NA
Hawthorn Hawks v Brisbane Lions,Hawthorn Hawks,Brisbane Lions,Player Disposals,Nick Watson,Hawthorn Hawks,19.5,6,NA,Pointsbet,Brisbane Lions,2886585,115261916,321,NA
Hawthorn Hawks v Brisbane Lions,Hawthorn Hawks,Brisbane Lions,Player Disposals,Nick Watson,Hawthorn Hawks,20.5,7.5,NA,Pointsbet,Brisbane Lions,2886585,115261916,322,NA
Hawthorn Hawks v Brisbane Lions,Hawthorn Hawks,Brisbane Lions,Player Disposals,Nick Watson,Hawthorn Hawks,21.5,9.5,NA,Pointsbet,Brisbane Lions,2886585,115261916,323,NA
Hawthorn Hawks v Brisbane Lions,Hawthorn Hawks,Brisbane Lions,Player Disposals,Nick Watson,Hawthorn Hawks,22.5,13,NA,Pointsbet,Brisbane Lions,2886585,115261916,324,NA
Hawthorn Hawks v Brisbane Lions,Hawthorn Hawks,Brisbane Lions,Player Disposals,Nick Watson,Hawthorn Hawks,23.5,17,NA,Pointsbet,Brisbane Lions,2886585,115261916,325,NA
Hawthorn Hawks v Brisbane Lions,Hawthorn Hawks,Brisbane Lions,Player Disposals,Nick Watson,Hawthorn Hawks,24.5,23,NA,Pointsbet,Brisbane Lions,2886585,115261916,326,NA
Hawthorn Hawks v Brisbane Lions,Hawthorn Hawks,Brisbane Lions,Player Disposals,Nick Watson,Hawthorn Hawks,25.5,31,NA,Pointsbet,Brisbane Lions,2886585,115261916,327,NA
Hawthorn Hawks v Brisbane Lions,Hawthorn Hawks,Brisbane Lions,Player Disposals,Cam Mackenzie,Hawthorn Hawks,12.5,1.05,NA,Pointsbet,Brisbane Lions,2886585,115261916,345,NA
Hawthorn Hawks v Brisbane Lions,Hawthorn Hawks,Brisbane Lions,Player Disposals,Cam Mackenzie,Hawthorn Hawks,13.5,1.11,NA,Pointsbet,Brisbane Lions,2886585,115261916,346,NA
Hawthorn Hawks v Brisbane Lions,Hawthorn Hawks,Brisbane Lions,Player Disposals,Cam Mackenzie,Hawthorn Hawks,14.5,1.19,NA,Pointsbet,Brisbane Lions,2886585,115261916,347,NA
Hawthorn Hawks v Brisbane Lions,Hawthorn Hawks,Brisbane Lions,Player Disposals,Cam Mackenzie,Hawthorn Hawks,15.5,1.29,NA,Pointsbet,Brisbane Lions,2886585,115261916,348,NA
Hawthorn Hawks v Brisbane Lions,Hawthorn Hawks,Brisbane Lions,Player Disposals,Cam Mackenzie,Hawthorn Hawks,16.5,1.44,NA,Pointsbet,Brisbane Lions,2886585,115261916,349,NA
Hawthorn Hawks v Brisbane Lions,Hawthorn Hawks,Brisbane Lions,Player Disposals,Cam Mackenzie,Hawthorn Hawks,17.5,1.63,NA,Pointsbet,Brisbane Lions,2886585,115261916,350,NA
Hawthorn Hawks v Brisbane Lions,Hawthorn Hawks,Brisbane Lions,Player Disposals,Cam Mackenzie,Hawthorn Hawks,18.5,1.88,NA,Pointsbet,Brisbane Lions,2886585,115261916,351,NA
Hawthorn Hawks v Brisbane Lions,Hawthorn Hawks,Brisbane Lions,Player Disposals,Cam Mackenzie,Hawthorn Hawks,19.5,2.2,NA,Pointsbet,Brisbane Lions,2886585,115261916,352,NA
Hawthorn Hawks v Brisbane Lions,Hawthorn Hawks,Brisbane Lions,Player Disposals,Cam Mackenzie,Hawthorn Hawks,20.5,2.55,NA,Pointsbet,Brisbane Lions,2886585,115261916,353,NA
Hawthorn Hawks v Brisbane Lions,Hawthorn Hawks,Brisbane Lions,Player Disposals,Cam Mackenzie,Hawthorn Hawks,21.5,3,NA,Pointsbet,Brisbane Lions,2886585,115261916,354,NA
Hawthorn Hawks v Brisbane Lions,Hawthorn Hawks,Brisbane Lions,Player Disposals,Cam Mackenzie,Hawthorn Hawks,22.5,3.6,NA,Pointsbet,Brisbane Lions,2886585,115261916,355,NA
Hawthorn Hawks v Brisbane Lions,Hawthorn Hawks,Brisbane Lions,Player Disposals,Cam Mackenzie,Hawthorn Hawks,23.5,4.2,NA,Pointsbet,Brisbane Lions,2886585,115261916,356,NA
Hawthorn Hawks v Brisbane Lions,Hawthorn Hawks,Brisbane Lions,Player Disposals,Cam Mackenzie,Hawthorn Hawks,24.5,5,NA,Pointsbet,Brisbane Lions,2886585,115261916,357,NA
Hawthorn Hawks v Brisbane Lions,Hawthorn Hawks,Brisbane Lions,Player Disposals,Cam Mackenzie,Hawthorn Hawks,25.5,6,NA,Pointsbet,Brisbane Lions,2886585,115261916,358,NA
Hawthorn Hawks v Brisbane Lions,Hawthorn Hawks,Brisbane Lions,Player Disposals,Cam Mackenzie,Hawthorn Hawks,26.5,7,NA,Pointsbet,Brisbane Lions,2886585,115261916,359,NA
Hawthorn Hawks v Brisbane Lions,Hawthorn Hawks,Brisbane Lions,Player Disposals,Cam Mackenzie,Hawthorn Hawks,27.5,9,NA,Pointsbet,Brisbane Lions,2886585,115261916,360,NA
Hawthorn Hawks v Brisbane Lions,Hawthorn Hawks,Brisbane Lions,Player Disposals,Cam Mackenzie,Hawthorn Hawks,28.5,11,NA,Pointsbet,Brisbane Lions,2886585,115261916,361,NA
Hawthorn Hawks v Brisbane Lions,Hawthorn Hawks,Brisbane Lions,Player Disposals,Cam Mackenzie,Hawthorn Hawks,29.5,15,NA,Pointsbet,Brisbane Lions,2886585,115261916,362,NA
Hawthorn Hawks v Brisbane Lions,Hawthorn Hawks,Brisbane Lions,Player Disposals,Cam Mackenzie,Hawthorn Hawks,30.5,19,NA,Pointsbet,Brisbane Lions,2886585,115261916,363,NA
Hawthorn Hawks v Brisbane Lions,Hawthorn Hawks,Brisbane Lions,Player Disposals,Cam Mackenzie,Hawthorn Hawks,31.5,23,NA,Pointsbet,Brisbane Lions,2886585,115261916,364,NA
Hawthorn Hawks v Brisbane Lions,Hawthorn Hawks,Brisbane Lions,Player Disposals,Josh Weddle,Hawthorn Hawks,9.5,1.05,NA,Pointsbet,Brisbane Lions,2886585,115261916,373,NA
Hawthorn Hawks v Brisbane Lions,Hawthorn Hawks,Brisbane Lions,Player Disposals,Josh Weddle,Hawthorn Hawks,10.5,1.13,NA,Pointsbet,Brisbane Lions,2886585,115261916,374,NA
Hawthorn Hawks v Brisbane Lions,Hawthorn Hawks,Brisbane Lions,Player Disposals,Josh Weddle,Hawthorn Hawks,11.5,1.24,NA,Pointsbet,Brisbane Lions,2886585,115261916,375,NA
Hawthorn Hawks v Brisbane Lions,Hawthorn Hawks,Brisbane Lions,Player Disposals,Josh Weddle,Hawthorn Hawks,12.5,1.4,NA,Pointsbet,Brisbane Lions,2886585,115261916,376,NA
Hawthorn Hawks v Brisbane Lions,Hawthorn Hawks,Brisbane Lions,Player Disposals,Josh Weddle,Hawthorn Hawks,13.5,1.59,NA,Pointsbet,Brisbane Lions,2886585,115261916,377,NA
Hawthorn Hawks v Brisbane Lions,Hawthorn Hawks,Brisbane Lions,Player Disposals,Josh Weddle,Hawthorn Hawks,14.5,1.88,NA,Pointsbet,Brisbane Lions,2886585,115261916,378,NA
Hawthorn Hawks v Brisbane Lions,Hawthorn Hawks,Brisbane Lions,Player Disposals,Josh Weddle,Hawthorn Hawks,15.5,2.2,NA,Pointsbet,Brisbane Lions,2886585,115261916,379,NA
Hawthorn Hawks v Brisbane Lions,Hawthorn Hawks,Brisbane Lions,Player Disposals,Josh Weddle,Hawthorn Hawks,16.5,2.6,NA,Pointsbet,Brisbane Lions,2886585,115261916,380,NA
Hawthorn Hawks v Brisbane Lions,Hawthorn Hawks,Brisbane Lions,Player Disposals,Josh Weddle,Hawthorn Hawks,17.5,3.1,NA,Pointsbet,Brisbane Lions,2886585,115261916,381,NA
Hawthorn Hawks v Brisbane Lions,Hawthorn Hawks,Brisbane Lions,Player Disposals,Josh Weddle,Hawthorn Hawks,18.5,3.7,NA,Pointsbet,Brisbane Lions,2886585,115261916,382,NA
Hawthorn Hawks v Brisbane Lions,Hawthorn Hawks,Brisbane Lions,Player Disposals,Josh Weddle,Hawthorn Hawks,19.5,4.5,NA,Pointsbet,Brisbane Lions,2886585,115261916,383,NA
Hawthorn Hawks v Brisbane Lions,Hawthorn Hawks,Brisbane Lions,Player Disposals,Josh Weddle,Hawthorn Hawks,20.5,5.75,NA,Pointsbet,Brisbane Lions,2886585,115261916,384,NA
Hawthorn Hawks v Brisbane Lions,Hawthorn Hawks,Brisbane Lions,Player Disposals,Josh Weddle,Hawthorn Hawks,21.5,7,NA,Pointsbet,Brisbane Lions,2886585,115261916,385,NA
Hawthorn Hawks v Brisbane Lions,Hawthorn Hawks,Brisbane Lions,Player Disposals,Josh Weddle,Hawthorn Hawks,22.5,9,NA,Pointsbet,Brisbane Lions,2886585,115261916,386,NA
Hawthorn Hawks v Brisbane Lions,Hawthorn Hawks,Brisbane Lions,Player Disposals,Josh Weddle,Hawthorn Hawks,23.5,11,NA,Pointsbet,Brisbane Lions,2886585,115261916,387,NA
Hawthorn Hawks v Brisbane Lions,Hawthorn Hawks,Brisbane Lions,Player Disposals,Josh Weddle,Hawthorn Hawks,24.5,15,NA,Pointsbet,Brisbane Lions,2886585,115261916,388,NA
Hawthorn Hawks v Brisbane Lions,Hawthorn Hawks,Brisbane Lions,Player Disposals,Josh Weddle,Hawthorn Hawks,25.5,20,NA,Pointsbet,Brisbane Lions,2886585,115261916,389,NA
Hawthorn Hawks v Brisbane Lions,Hawthorn Hawks,Brisbane Lions,Player Disposals,Josh Weddle,Hawthorn Hawks,26.5,29,NA,Pointsbet,Brisbane Lions,2886585,115261916,390,NA
Hawthorn Hawks v Brisbane Lions,Hawthorn Hawks,Brisbane Lions,Player Disposals,Bailey Macdonald,Hawthorn Hawks,9.5,1.53,NA,Pointsbet,Brisbane Lions,2886585,115261916,404,NA
Hawthorn Hawks v Brisbane Lions,Hawthorn Hawks,Brisbane Lions,Player Disposals,Bailey Macdonald,Hawthorn Hawks,10.5,1.83,NA,Pointsbet,Brisbane Lions,2886585,115261916,405,NA
Hawthorn Hawks v Brisbane Lions,Hawthorn Hawks,Brisbane Lions,Player Disposals,Bailey Macdonald,Hawthorn Hawks,11.5,2.25,NA,Pointsbet,Brisbane Lions,2886585,115261916,406,NA
Hawthorn Hawks v Brisbane Lions,Hawthorn Hawks,Brisbane Lions,Player Disposals,Bailey Macdonald,Hawthorn Hawks,12.5,2.85,NA,Pointsbet,Brisbane Lions,2886585,115261916,407,NA
Hawthorn Hawks v Brisbane Lions,Hawthorn Hawks,Brisbane Lions,Player Disposals,Bailey Macdonald,Hawthorn Hawks,13.5,3.6,NA,Pointsbet,Brisbane Lions,2886585,115261916,408,NA
Hawthorn Hawks v Brisbane Lions,Hawthorn Hawks,Brisbane Lions,Player Disposals,Bailey Macdonald,Hawthorn Hawks,14.5,4.5,NA,Pointsbet,Brisbane Lions,2886585,115261916,409,NA
Hawthorn Hawks v Brisbane Lions,Hawthorn Hawks,Brisbane Lions,Player Disposals,Bailey Macdonald,Hawthorn Hawks,15.5,5.75,NA,Pointsbet,Brisbane Lions,2886585,115261916,410,NA
Hawthorn Hawks v Brisbane Lions,Hawthorn Hawks,Brisbane Lions,Player Disposals,Bailey Macdonald,Hawthorn Hawks,16.5,7.5,NA,Pointsbet,Brisbane Lions,2886585,115261916,411,NA
Hawthorn Hawks v Brisbane Lions,Hawthorn Hawks,Brisbane Lions,Player Disposals,Bailey Macdonald,Hawthorn Hawks,17.5,10,NA,Pointsbet,Brisbane Lions,2886585,115261916,412,NA
Hawthorn Hawks v Brisbane Lions,Hawthorn Hawks,Brisbane Lions,Player Disposals,Bailey Macdonald,Hawthorn Hawks,18.5,15,NA,Pointsbet,Brisbane Lions,2886585,115261916,413,NA
Hawthorn Hawks v Brisbane Lions,Hawthorn Hawks,Brisbane Lions,Player Disposals,Bailey Macdonald,Hawthorn Hawks,19.5,21,NA,Pointsbet,Brisbane Lions,2886585,115261916,414,NA
Hawthorn Hawks v Brisbane Lions,Hawthorn Hawks,Brisbane Lions,Player Disposals,Bailey Macdonald,Hawthorn Hawks,20.5,29,NA,Pointsbet,Brisbane Lions,2886585,115261916,415,NA
Hawthorn Hawks v Brisbane Lions,Hawthorn Hawks,Brisbane Lions,Player Disposals,Jack Gunston,Hawthorn Hawks,9.5,1.83,NA,Pointsbet,Brisbane Lions,2886585,115261916,435,NA
Hawthorn Hawks v Brisbane Lions,Hawthorn Hawks,Brisbane Lions,Player Disposals,Jack Gunston,Hawthorn Hawks,10.5,2.3,NA,Pointsbet,Brisbane Lions,2886585,115261916,436,NA
Hawthorn Hawks v Brisbane Lions,Hawthorn Hawks,Brisbane Lions,Player Disposals,Jack Gunston,Hawthorn Hawks,11.5,2.9,NA,Pointsbet,Brisbane Lions,2886585,115261916,437,NA
Hawthorn Hawks v Brisbane Lions,Hawthorn Hawks,Brisbane Lions,Player Disposals,Jack Gunston,Hawthorn Hawks,12.5,3.7,NA,Pointsbet,Brisbane Lions,2886585,115261916,438,NA
Hawthorn Hawks v Brisbane Lions,Hawthorn Hawks,Brisbane Lions,Player Disposals,Jack Gunston,Hawthorn Hawks,13.5,4.75,NA,Pointsbet,Brisbane Lions,2886585,115261916,439,NA
Hawthorn Hawks v Brisbane Lions,Hawthorn Hawks,Brisbane Lions,Player Disposals,Jack Gunston,Hawthorn Hawks,14.5,6,NA,Pointsbet,Brisbane Lions,2886585,115261916,440,NA
Hawthorn Hawks v Brisbane Lions,Hawthorn Hawks,Brisbane Lions,Player Disposals,Jack Gunston,Hawthorn Hawks,15.5,8,NA,Pointsbet,Brisbane Lions,2886585,115261916,441,NA
Hawthorn Hawks v Brisbane Lions,Hawthorn Hawks,Brisbane Lions,Player Disposals,Jack Gunston,Hawthorn Hawks,16.5,12,NA,Pointsbet,Brisbane Lions,2886585,115261916,442,NA
Hawthorn Hawks v Brisbane Lions,Hawthorn Hawks,Brisbane Lions,Player Disposals,Jack Gunston,Hawthorn Hawks,17.5,16,NA,Pointsbet,Brisbane Lions,2886585,115261916,443,NA
Hawthorn Hawks v Brisbane Lions,Hawthorn Hawks,Brisbane Lions,Player Disposals,Jack Gunston,Hawthorn Hawks,18.5,23,NA,Pointsbet,Brisbane Lions,2886585,115261916,444,NA
Hawthorn Hawks v Brisbane Lions,Hawthorn Hawks,Brisbane Lions,Player Disposals,Jarman Impey,Hawthorn Hawks,13.5,1.06,NA,Pointsbet,Brisbane Lions,2886585,115261916,470,NA
Hawthorn Hawks v Brisbane Lions,Hawthorn Hawks,Brisbane Lions,Player Disposals,Jarman Impey,Hawthorn Hawks,14.5,1.11,NA,Pointsbet,Brisbane Lions,2886585,115261916,471,NA
Hawthorn Hawks v Brisbane Lions,Hawthorn Hawks,Brisbane Lions,Player Disposals,Jarman Impey,Hawthorn Hawks,15.5,1.19,NA,Pointsbet,Brisbane Lions,2886585,115261916,472,NA
Hawthorn Hawks v Brisbane Lions,Hawthorn Hawks,Brisbane Lions,Player Disposals,Jarman Impey,Hawthorn Hawks,16.5,1.29,NA,Pointsbet,Brisbane Lions,2886585,115261916,473,NA
Hawthorn Hawks v Brisbane Lions,Hawthorn Hawks,Brisbane Lions,Player Disposals,Jarman Impey,Hawthorn Hawks,17.5,1.44,NA,Pointsbet,Brisbane Lions,2886585,115261916,474,NA
Hawthorn Hawks v Brisbane Lions,Hawthorn Hawks,Brisbane Lions,Player Disposals,Jarman Impey,Hawthorn Hawks,18.5,1.63,NA,Pointsbet,Brisbane Lions,2886585,115261916,475,NA
Hawthorn Hawks v Brisbane Lions,Hawthorn Hawks,Brisbane Lions,Player Disposals,Jarman Impey,Hawthorn Hawks,19.5,1.88,NA,Pointsbet,Brisbane Lions,2886585,115261916,476,NA
Hawthorn Hawks v Brisbane Lions,Hawthorn Hawks,Brisbane Lions,Player Disposals,Jarman Impey,Hawthorn Hawks,20.5,2.15,NA,Pointsbet,Brisbane Lions,2886585,115261916,477,NA
Hawthorn Hawks v Brisbane Lions,Hawthorn Hawks,Brisbane Lions,Player Disposals,Jarman Impey,Hawthorn Hawks,21.5,2.5,NA,Pointsbet,Brisbane Lions,2886585,115261916,478,NA
Hawthorn Hawks v Brisbane Lions,Hawthorn Hawks,Brisbane Lions,Player Disposals,Jarman Impey,Hawthorn Hawks,22.5,3,NA,Pointsbet,Brisbane Lions,2886585,115261916,479,NA
Hawthorn Hawks v Brisbane Lions,Hawthorn Hawks,Brisbane Lions,Player Disposals,Jarman Impey,Hawthorn Hawks,23.5,3.6,NA,Pointsbet,Brisbane Lions,2886585,115261916,480,NA
Hawthorn Hawks v Brisbane Lions,Hawthorn Hawks,Brisbane Lions,Player Disposals,Jarman Impey,Hawthorn Hawks,24.5,4.2,NA,Pointsbet,Brisbane Lions,2886585,115261916,481,NA
Hawthorn Hawks v Brisbane Lions,Hawthorn Hawks,Brisbane Lions,Player Disposals,Jarman Impey,Hawthorn Hawks,25.5,5,NA,Pointsbet,Brisbane Lions,2886585,115261916,482,NA
Hawthorn Hawks v Brisbane Lions,Hawthorn Hawks,Brisbane Lions,Player Disposals,Jarman Impey,Hawthorn Hawks,26.5,6,NA,Pointsbet,Brisbane Lions,2886585,115261916,483,NA
Hawthorn Hawks v Brisbane Lions,Hawthorn Hawks,Brisbane Lions,Player Disposals,Jarman Impey,Hawthorn Hawks,27.5,7.5,NA,Pointsbet,Brisbane Lions,2886585,115261916,484,NA
Hawthorn Hawks v Brisbane Lions,Hawthorn Hawks,Brisbane Lions,Player Disposals,Jarman Impey,Hawthorn Hawks,28.5,9.5,NA,Pointsbet,Brisbane Lions,2886585,115261916,485,NA
Hawthorn Hawks v Brisbane Lions,Hawthorn Hawks,Brisbane Lions,Player Disposals,Jarman Impey,Hawthorn Hawks,29.5,12,NA,Pointsbet,Brisbane Lions,2886585,115261916,486,NA
Hawthorn Hawks v Brisbane Lions,Hawthorn Hawks,Brisbane Lions,Player Disposals,Jarman Impey,Hawthorn Hawks,30.5,16,NA,Pointsbet,Brisbane Lions,2886585,115261916,487,NA
Hawthorn Hawks v Brisbane Lions,Hawthorn Hawks,Brisbane Lions,Player Disposals,Jarman Impey,Hawthorn Hawks,31.5,21,NA,Pointsbet,Brisbane Lions,2886585,115261916,488,NA
Hawthorn Hawks v Brisbane Lions,Hawthorn Hawks,Brisbane Lions,Player Disposals,Jarman Impey,Hawthorn Hawks,32.5,26,NA,Pointsbet,Brisbane Lions,2886585,115261916,489,NA
Hawthorn Hawks v Brisbane Lions,Hawthorn Hawks,Brisbane Lions,Player Disposals,Karl Amon,Hawthorn Hawks,11.5,1.06,NA,Pointsbet,Brisbane Lions,2886585,115261916,499,NA
Hawthorn Hawks v Brisbane Lions,Hawthorn Hawks,Brisbane Lions,Player Disposals,Karl Amon,Hawthorn Hawks,12.5,1.11,NA,Pointsbet,Brisbane Lions,2886585,115261916,500,NA
Hawthorn Hawks v Brisbane Lions,Hawthorn Hawks,Brisbane Lions,Player Disposals,Karl Amon,Hawthorn Hawks,13.5,1.21,NA,Pointsbet,Brisbane Lions,2886585,115261916,501,NA
Hawthorn Hawks v Brisbane Lions,Hawthorn Hawks,Brisbane Lions,Player Disposals,Karl Amon,Hawthorn Hawks,14.5,1.33,NA,Pointsbet,Brisbane Lions,2886585,115261916,502,NA
Hawthorn Hawks v Brisbane Lions,Hawthorn Hawks,Brisbane Lions,Player Disposals,Karl Amon,Hawthorn Hawks,15.5,1.48,NA,Pointsbet,Brisbane Lions,2886585,115261916,503,NA
Hawthorn Hawks v Brisbane Lions,Hawthorn Hawks,Brisbane Lions,Player Disposals,Karl Amon,Hawthorn Hawks,16.5,1.69,NA,Pointsbet,Brisbane Lions,2886585,115261916,504,NA
Hawthorn Hawks v Brisbane Lions,Hawthorn Hawks,Brisbane Lions,Player Disposals,Karl Amon,Hawthorn Hawks,17.5,1.95,NA,Pointsbet,Brisbane Lions,2886585,115261916,505,NA
Hawthorn Hawks v Brisbane Lions,Hawthorn Hawks,Brisbane Lions,Player Disposals,Karl Amon,Hawthorn Hawks,18.5,2.3,NA,Pointsbet,Brisbane Lions,2886585,115261916,506,NA
Hawthorn Hawks v Brisbane Lions,Hawthorn Hawks,Brisbane Lions,Player Disposals,Karl Amon,Hawthorn Hawks,19.5,2.7,NA,Pointsbet,Brisbane Lions,2886585,115261916,507,NA
Hawthorn Hawks v Brisbane Lions,Hawthorn Hawks,Brisbane Lions,Player Disposals,Karl Amon,Hawthorn Hawks,20.5,3.1,NA,Pointsbet,Brisbane Lions,2886585,115261916,508,NA
Hawthorn Hawks v Brisbane Lions,Hawthorn Hawks,Brisbane Lions,Player Disposals,Karl Amon,Hawthorn Hawks,21.5,3.9,NA,Pointsbet,Brisbane Lions,2886585,115261916,509,NA
Hawthorn Hawks v Brisbane Lions,Hawthorn Hawks,Brisbane Lions,Player Disposals,Karl Amon,Hawthorn Hawks,22.5,4.5,NA,Pointsbet,Brisbane Lions,2886585,115261916,510,NA
Hawthorn Hawks v Brisbane Lions,Hawthorn Hawks,Brisbane Lions,Player Disposals,Karl Amon,Hawthorn Hawks,23.5,5.5,NA,Pointsbet,Brisbane Lions,2886585,115261916,511,NA
Hawthorn Hawks v Brisbane Lions,Hawthorn Hawks,Brisbane Lions,Player Disposals,Karl Amon,Hawthorn Hawks,24.5,6.5,NA,Pointsbet,Brisbane Lions,2886585,115261916,512,NA
Hawthorn Hawks v Brisbane Lions,Hawthorn Hawks,Brisbane Lions,Player Disposals,Karl Amon,Hawthorn Hawks,25.5,8.5,NA,Pointsbet,Brisbane Lions,2886585,115261916,513,NA
Hawthorn Hawks v Brisbane Lions,Hawthorn Hawks,Brisbane Lions,Player Disposals,Karl Amon,Hawthorn Hawks,26.5,10.5,NA,Pointsbet,Brisbane Lions,2886585,115261916,514,NA
Hawthorn Hawks v Brisbane Lions,Hawthorn Hawks,Brisbane Lions,Player Disposals,Karl Amon,Hawthorn Hawks,27.5,13,NA,Pointsbet,Brisbane Lions,2886585,115261916,515,NA
Hawthorn Hawks v Brisbane Lions,Hawthorn Hawks,Brisbane Lions,Player Disposals,Karl Amon,Hawthorn Hawks,28.5,17,NA,Pointsbet,Brisbane Lions,2886585,115261916,516,NA
Hawthorn Hawks v Brisbane Lions,Hawthorn Hawks,Brisbane Lions,Player Disposals,Karl Amon,Hawthorn Hawks,29.5,23,NA,Pointsbet,Brisbane Lions,2886585,115261916,517,NA
Hawthorn Hawks v Brisbane Lions,Hawthorn Hawks,Brisbane Lions,Player Disposals,Karl Amon,Hawthorn Hawks,30.5,31,NA,Pointsbet,Brisbane Lions,2886585,115261916,518,NA
Hawthorn Hawks v Brisbane Lions,Hawthorn Hawks,Brisbane Lions,Player Disposals,James Sicily,Hawthorn Hawks,12.5,1.03,NA,Pointsbet,Brisbane Lions,2886585,115261916,531,NA
Hawthorn Hawks v Brisbane Lions,Hawthorn Hawks,Brisbane Lions,Player Disposals,James Sicily,Hawthorn Hawks,13.5,1.07,NA,Pointsbet,Brisbane Lions,2886585,115261916,532,NA
Hawthorn Hawks v Brisbane Lions,Hawthorn Hawks,Brisbane Lions,Player Disposals,James Sicily,Hawthorn Hawks,14.5,1.13,NA,Pointsbet,Brisbane Lions,2886585,115261916,533,NA
Hawthorn Hawks v Brisbane Lions,Hawthorn Hawks,Brisbane Lions,Player Disposals,James Sicily,Hawthorn Hawks,15.5,1.21,NA,Pointsbet,Brisbane Lions,2886585,115261916,534,NA
Hawthorn Hawks v Brisbane Lions,Hawthorn Hawks,Brisbane Lions,Player Disposals,James Sicily,Hawthorn Hawks,16.5,1.31,NA,Pointsbet,Brisbane Lions,2886585,115261916,535,NA
Hawthorn Hawks v Brisbane Lions,Hawthorn Hawks,Brisbane Lions,Player Disposals,James Sicily,Hawthorn Hawks,17.5,1.48,NA,Pointsbet,Brisbane Lions,2886585,115261916,536,NA
Hawthorn Hawks v Brisbane Lions,Hawthorn Hawks,Brisbane Lions,Player Disposals,James Sicily,Hawthorn Hawks,18.5,1.65,NA,Pointsbet,Brisbane Lions,2886585,115261916,537,NA
Hawthorn Hawks v Brisbane Lions,Hawthorn Hawks,Brisbane Lions,Player Disposals,James Sicily,Hawthorn Hawks,19.5,1.88,NA,Pointsbet,Brisbane Lions,2886585,115261916,538,NA
Hawthorn Hawks v Brisbane Lions,Hawthorn Hawks,Brisbane Lions,Player Disposals,James Sicily,Hawthorn Hawks,20.5,2.15,NA,Pointsbet,Brisbane Lions,2886585,115261916,539,NA
Hawthorn Hawks v Brisbane Lions,Hawthorn Hawks,Brisbane Lions,Player Disposals,James Sicily,Hawthorn Hawks,21.5,2.55,NA,Pointsbet,Brisbane Lions,2886585,115261916,540,NA
Hawthorn Hawks v Brisbane Lions,Hawthorn Hawks,Brisbane Lions,Player Disposals,James Sicily,Hawthorn Hawks,22.5,3,NA,Pointsbet,Brisbane Lions,2886585,115261916,541,NA
Hawthorn Hawks v Brisbane Lions,Hawthorn Hawks,Brisbane Lions,Player Disposals,James Sicily,Hawthorn Hawks,23.5,3.6,NA,Pointsbet,Brisbane Lions,2886585,115261916,542,NA
Hawthorn Hawks v Brisbane Lions,Hawthorn Hawks,Brisbane Lions,Player Disposals,James Sicily,Hawthorn Hawks,24.5,4.2,NA,Pointsbet,Brisbane Lions,2886585,115261916,543,NA
Hawthorn Hawks v Brisbane Lions,Hawthorn Hawks,Brisbane Lions,Player Disposals,James Sicily,Hawthorn Hawks,25.5,5,NA,Pointsbet,Brisbane Lions,2886585,115261916,544,NA
Hawthorn Hawks v Brisbane Lions,Hawthorn Hawks,Brisbane Lions,Player Disposals,James Sicily,Hawthorn Hawks,26.5,6,NA,Pointsbet,Brisbane Lions,2886585,115261916,545,NA
Hawthorn Hawks v Brisbane Lions,Hawthorn Hawks,Brisbane Lions,Player Disposals,James Sicily,Hawthorn Hawks,27.5,7.5,NA,Pointsbet,Brisbane Lions,2886585,115261916,546,NA
Hawthorn Hawks v Brisbane Lions,Hawthorn Hawks,Brisbane Lions,Player Disposals,James Sicily,Hawthorn Hawks,28.5,9,NA,Pointsbet,Brisbane Lions,2886585,115261916,547,NA
Hawthorn Hawks v Brisbane Lions,Hawthorn Hawks,Brisbane Lions,Player Disposals,James Sicily,Hawthorn Hawks,29.5,12,NA,Pointsbet,Brisbane Lions,2886585,115261916,548,NA
Hawthorn Hawks v Brisbane Lions,Hawthorn Hawks,Brisbane Lions,Player Disposals,James Sicily,Hawthorn Hawks,30.5,15,NA,Pointsbet,Brisbane Lions,2886585,115261916,549,NA
Hawthorn Hawks v Brisbane Lions,Hawthorn Hawks,Brisbane Lions,Player Disposals,James Sicily,Hawthorn Hawks,31.5,19,NA,Pointsbet,Brisbane Lions,2886585,115261916,550,NA
Hawthorn Hawks v Brisbane Lions,Hawthorn Hawks,Brisbane Lions,Player Disposals,James Sicily,Hawthorn Hawks,32.5,26,NA,Pointsbet,Brisbane Lions,2886585,115261916,551,NA
Hawthorn Hawks v Brisbane Lions,Hawthorn Hawks,Brisbane Lions,Player Disposals,Tom Barrass,Hawthorn Hawks,9.5,1.88,NA,Pointsbet,Brisbane Lions,2886585,115261916,559,NA
Hawthorn Hawks v Brisbane Lions,Hawthorn Hawks,Brisbane Lions,Player Disposals,Tom Barrass,Hawthorn Hawks,10.5,2.3,NA,Pointsbet,Brisbane Lions,2886585,115261916,560,NA
Hawthorn Hawks v Brisbane Lions,Hawthorn Hawks,Brisbane Lions,Player Disposals,Tom Barrass,Hawthorn Hawks,11.5,2.9,NA,Pointsbet,Brisbane Lions,2886585,115261916,561,NA
Hawthorn Hawks v Brisbane Lions,Hawthorn Hawks,Brisbane Lions,Player Disposals,Tom Barrass,Hawthorn Hawks,12.5,3.7,NA,Pointsbet,Brisbane Lions,2886585,115261916,562,NA
Hawthorn Hawks v Brisbane Lions,Hawthorn Hawks,Brisbane Lions,Player Disposals,Tom Barrass,Hawthorn Hawks,13.5,4.75,NA,Pointsbet,Brisbane Lions,2886585,115261916,563,NA
Hawthorn Hawks v Brisbane Lions,Hawthorn Hawks,Brisbane Lions,Player Disposals,Tom Barrass,Hawthorn Hawks,14.5,6,NA,Pointsbet,Brisbane Lions,2886585,115261916,564,NA
Hawthorn Hawks v Brisbane Lions,Hawthorn Hawks,Brisbane Lions,Player Disposals,Tom Barrass,Hawthorn Hawks,15.5,8,NA,Pointsbet,Brisbane Lions,2886585,115261916,565,NA
Hawthorn Hawks v Brisbane Lions,Hawthorn Hawks,Brisbane Lions,Player Disposals,Tom Barrass,Hawthorn Hawks,16.5,11,NA,Pointsbet,Brisbane Lions,2886585,115261916,566,NA
Hawthorn Hawks v Brisbane Lions,Hawthorn Hawks,Brisbane Lions,Player Disposals,Tom Barrass,Hawthorn Hawks,17.5,16,NA,Pointsbet,Brisbane Lions,2886585,115261916,567,NA
Hawthorn Hawks v Brisbane Lions,Hawthorn Hawks,Brisbane Lions,Player Disposals,Tom Barrass,Hawthorn Hawks,18.5,23,NA,Pointsbet,Brisbane Lions,2886585,115261916,568,NA
Hawthorn Hawks v Brisbane Lions,Hawthorn Hawks,Brisbane Lions,Player Disposals,Blake Hardwick,Hawthorn Hawks,10.5,1.07,NA,Pointsbet,Brisbane Lions,2886585,115261916,591,NA
Hawthorn Hawks v Brisbane Lions,Hawthorn Hawks,Brisbane Lions,Player Disposals,Blake Hardwick,Hawthorn Hawks,11.5,1.14,NA,Pointsbet,Brisbane Lions,2886585,115261916,592,NA
Hawthorn Hawks v Brisbane Lions,Hawthorn Hawks,Brisbane Lions,Player Disposals,Blake Hardwick,Hawthorn Hawks,12.5,1.27,NA,Pointsbet,Brisbane Lions,2886585,115261916,593,NA
Hawthorn Hawks v Brisbane Lions,Hawthorn Hawks,Brisbane Lions,Player Disposals,Blake Hardwick,Hawthorn Hawks,13.5,1.42,NA,Pointsbet,Brisbane Lions,2886585,115261916,594,NA
Hawthorn Hawks v Brisbane Lions,Hawthorn Hawks,Brisbane Lions,Player Disposals,Blake Hardwick,Hawthorn Hawks,14.5,1.63,NA,Pointsbet,Brisbane Lions,2886585,115261916,595,NA
Hawthorn Hawks v Brisbane Lions,Hawthorn Hawks,Brisbane Lions,Player Disposals,Blake Hardwick,Hawthorn Hawks,15.5,1.88,NA,Pointsbet,Brisbane Lions,2886585,115261916,596,NA
Hawthorn Hawks v Brisbane Lions,Hawthorn Hawks,Brisbane Lions,Player Disposals,Blake Hardwick,Hawthorn Hawks,16.5,2.15,NA,Pointsbet,Brisbane Lions,2886585,115261916,597,NA
Hawthorn Hawks v Brisbane Lions,Hawthorn Hawks,Brisbane Lions,Player Disposals,Blake Hardwick,Hawthorn Hawks,17.5,2.6,NA,Pointsbet,Brisbane Lions,2886585,115261916,598,NA
Hawthorn Hawks v Brisbane Lions,Hawthorn Hawks,Brisbane Lions,Player Disposals,Blake Hardwick,Hawthorn Hawks,18.5,3.1,NA,Pointsbet,Brisbane Lions,2886585,115261916,599,NA
Hawthorn Hawks v Brisbane Lions,Hawthorn Hawks,Brisbane Lions,Player Disposals,Blake Hardwick,Hawthorn Hawks,19.5,3.7,NA,Pointsbet,Brisbane Lions,2886585,115261916,600,NA
Hawthorn Hawks v Brisbane Lions,Hawthorn Hawks,Brisbane Lions,Player Disposals,Blake Hardwick,Hawthorn Hawks,20.5,4.5,NA,Pointsbet,Brisbane Lions,2886585,115261916,601,NA
Hawthorn Hawks v Brisbane Lions,Hawthorn Hawks,Brisbane Lions,Player Disposals,Blake Hardwick,Hawthorn Hawks,21.5,5.5,NA,Pointsbet,Brisbane Lions,2886585,115261916,602,NA
Hawthorn Hawks v Brisbane Lions,Hawthorn Hawks,Brisbane Lions,Player Disposals,Blake Hardwick,Hawthorn Hawks,22.5,7,NA,Pointsbet,Brisbane Lions,2886585,115261916,603,NA
Hawthorn Hawks v Brisbane Lions,Hawthorn Hawks,Brisbane Lions,Player Disposals,Blake Hardwick,Hawthorn Hawks,23.5,8.5,NA,Pointsbet,Brisbane Lions,2886585,115261916,604,NA
Hawthorn Hawks v Brisbane Lions,Hawthorn Hawks,Brisbane Lions,Player Disposals,Blake Hardwick,Hawthorn Hawks,24.5,11,NA,Pointsbet,Brisbane Lions,2886585,115261916,605,NA
Hawthorn Hawks v Brisbane Lions,Hawthorn Hawks,Brisbane Lions,Player Disposals,Blake Hardwick,Hawthorn Hawks,25.5,15,NA,Pointsbet,Brisbane Lions,2886585,115261916,606,NA
Hawthorn Hawks v Brisbane Lions,Hawthorn Hawks,Brisbane Lions,Player Disposals,Blake Hardwick,Hawthorn Hawks,26.5,20,NA,Pointsbet,Brisbane Lions,2886585,115261916,607,NA
Hawthorn Hawks v Brisbane Lions,Hawthorn Hawks,Brisbane Lions,Player Disposals,Blake Hardwick,Hawthorn Hawks,27.5,26,NA,Pointsbet,Brisbane Lions,2886585,115261916,608,NA
Hawthorn Hawks v Brisbane Lions,Hawthorn Hawks,Brisbane Lions,Player Disposals,Mabior Chol,Hawthorn Hawks,9.5,1.83,NA,Pointsbet,Brisbane Lions,2886585,115261916,621,NA
Hawthorn Hawks v Brisbane Lions,Hawthorn Hawks,Brisbane Lions,Player Disposals,Mabior Chol,Hawthorn Hawks,10.5,2.3,NA,Pointsbet,Brisbane Lions,2886585,115261916,622,NA
Hawthorn Hawks v Brisbane Lions,Hawthorn Hawks,Brisbane Lions,Player Disposals,Mabior Chol,Hawthorn Hawks,11.5,2.85,NA,Pointsbet,Brisbane Lions,2886585,115261916,623,NA
Hawthorn Hawks v Brisbane Lions,Hawthorn Hawks,Brisbane Lions,Player Disposals,Mabior Chol,Hawthorn Hawks,12.5,3.7,NA,Pointsbet,Brisbane Lions,2886585,115261916,624,NA
Hawthorn Hawks v Brisbane Lions,Hawthorn Hawks,Brisbane Lions,Player Disposals,Mabior Chol,Hawthorn Hawks,13.5,4.5,NA,Pointsbet,Brisbane Lions,2886585,115261916,625,NA
Hawthorn Hawks v Brisbane Lions,Hawthorn Hawks,Brisbane Lions,Player Disposals,Mabior Chol,Hawthorn Hawks,14.5,6,NA,Pointsbet,Brisbane Lions,2886585,115261916,626,NA
Hawthorn Hawks v Brisbane Lions,Hawthorn Hawks,Brisbane Lions,Player Disposals,Mabior Chol,Hawthorn Hawks,15.5,8,NA,Pointsbet,Brisbane Lions,2886585,115261916,627,NA
Hawthorn Hawks v Brisbane Lions,Hawthorn Hawks,Brisbane Lions,Player Disposals,Mabior Chol,Hawthorn Hawks,16.5,10.5,NA,Pointsbet,Brisbane Lions,2886585,115261916,628,NA
Hawthorn Hawks v Brisbane Lions,Hawthorn Hawks,Brisbane Lions,Player Disposals,Mabior Chol,Hawthorn Hawks,17.5,15,NA,Pointsbet,Brisbane Lions,2886585,115261916,629,NA
Hawthorn Hawks v Brisbane Lions,Hawthorn Hawks,Brisbane Lions,Player Disposals,Mabior Chol,Hawthorn Hawks,18.5,23,NA,Pointsbet,Brisbane Lions,2886585,115261916,630,NA
Hawthorn Hawks v Brisbane Lions,Hawthorn Hawks,Brisbane Lions,Player Disposals,Mabior Chol,Hawthorn Hawks,19.5,31,NA,Pointsbet,Brisbane Lions,2886585,115261916,631,NA
Hawthorn Hawks v Brisbane Lions,Hawthorn Hawks,Brisbane Lions,Player Disposals,Josh Battle,Hawthorn Hawks,11.5,1.05,NA,Pointsbet,Brisbane Lions,2886585,115261916,654,NA
Hawthorn Hawks v Brisbane Lions,Hawthorn Hawks,Brisbane Lions,Player Disposals,Josh Battle,Hawthorn Hawks,12.5,1.1,NA,Pointsbet,Brisbane Lions,2886585,115261916,655,NA
Hawthorn Hawks v Brisbane Lions,Hawthorn Hawks,Brisbane Lions,Player Disposals,Josh Battle,Hawthorn Hawks,13.5,1.18,NA,Pointsbet,Brisbane Lions,2886585,115261916,656,NA
Hawthorn Hawks v Brisbane Lions,Hawthorn Hawks,Brisbane Lions,Player Disposals,Josh Battle,Hawthorn Hawks,14.5,1.29,NA,Pointsbet,Brisbane Lions,2886585,115261916,657,NA
Hawthorn Hawks v Brisbane Lions,Hawthorn Hawks,Brisbane Lions,Player Disposals,Josh Battle,Hawthorn Hawks,15.5,1.44,NA,Pointsbet,Brisbane Lions,2886585,115261916,658,NA
Hawthorn Hawks v Brisbane Lions,Hawthorn Hawks,Brisbane Lions,Player Disposals,Josh Battle,Hawthorn Hawks,16.5,1.63,NA,Pointsbet,Brisbane Lions,2886585,115261916,659,NA
Hawthorn Hawks v Brisbane Lions,Hawthorn Hawks,Brisbane Lions,Player Disposals,Josh Battle,Hawthorn Hawks,17.5,1.9,NA,Pointsbet,Brisbane Lions,2886585,115261916,660,NA
Hawthorn Hawks v Brisbane Lions,Hawthorn Hawks,Brisbane Lions,Player Disposals,Josh Battle,Hawthorn Hawks,18.5,2.2,NA,Pointsbet,Brisbane Lions,2886585,115261916,661,NA
Hawthorn Hawks v Brisbane Lions,Hawthorn Hawks,Brisbane Lions,Player Disposals,Josh Battle,Hawthorn Hawks,19.5,2.6,NA,Pointsbet,Brisbane Lions,2886585,115261916,662,NA
Hawthorn Hawks v Brisbane Lions,Hawthorn Hawks,Brisbane Lions,Player Disposals,Josh Battle,Hawthorn Hawks,20.5,3.1,NA,Pointsbet,Brisbane Lions,2886585,115261916,663,NA
Hawthorn Hawks v Brisbane Lions,Hawthorn Hawks,Brisbane Lions,Player Disposals,Josh Battle,Hawthorn Hawks,21.5,3.7,NA,Pointsbet,Brisbane Lions,2886585,115261916,664,NA
Hawthorn Hawks v Brisbane Lions,Hawthorn Hawks,Brisbane Lions,Player Disposals,Josh Battle,Hawthorn Hawks,22.5,4.4,NA,Pointsbet,Brisbane Lions,2886585,115261916,665,NA
Hawthorn Hawks v Brisbane Lions,Hawthorn Hawks,Brisbane Lions,Player Disposals,Josh Battle,Hawthorn Hawks,23.5,5.25,NA,Pointsbet,Brisbane Lions,2886585,115261916,666,NA
Hawthorn Hawks v Brisbane Lions,Hawthorn Hawks,Brisbane Lions,Player Disposals,Josh Battle,Hawthorn Hawks,24.5,6.5,NA,Pointsbet,Brisbane Lions,2886585,115261916,667,NA
Hawthorn Hawks v Brisbane Lions,Hawthorn Hawks,Brisbane Lions,Player Disposals,Josh Battle,Hawthorn Hawks,25.5,8,NA,Pointsbet,Brisbane Lions,2886585,115261916,668,NA
Hawthorn Hawks v Brisbane Lions,Hawthorn Hawks,Brisbane Lions,Player Disposals,Josh Battle,Hawthorn Hawks,26.5,10.5,NA,Pointsbet,Brisbane Lions,2886585,115261916,669,NA
Hawthorn Hawks v Brisbane Lions,Hawthorn Hawks,Brisbane Lions,Player Disposals,Josh Battle,Hawthorn Hawks,27.5,13,NA,Pointsbet,Brisbane Lions,2886585,115261916,670,NA
Hawthorn Hawks v Brisbane Lions,Hawthorn Hawks,Brisbane Lions,Player Disposals,Josh Battle,Hawthorn Hawks,28.5,17,NA,Pointsbet,Brisbane Lions,2886585,115261916,671,NA
Hawthorn Hawks v Brisbane Lions,Hawthorn Hawks,Brisbane Lions,Player Disposals,Josh Battle,Hawthorn Hawks,29.5,23,NA,Pointsbet,Brisbane Lions,2886585,115261916,672,NA
Hawthorn Hawks v Brisbane Lions,Hawthorn Hawks,Brisbane Lions,Player Disposals,Josh Battle,Hawthorn Hawks,30.5,31,NA,Pointsbet,Brisbane Lions,2886585,115261916,673,NA
Hawthorn Hawks v Brisbane Lions,Hawthorn Hawks,Brisbane Lions,Player Disposals,Oscar Allen,Brisbane Lions,9.5,1.88,NA,Pointsbet,Hawthorn Hawks,2886585,115261916,714,NA
Hawthorn Hawks v Brisbane Lions,Hawthorn Hawks,Brisbane Lions,Player Disposals,Oscar Allen,Brisbane Lions,10.5,2.3,NA,Pointsbet,Hawthorn Hawks,2886585,115261916,715,NA
Hawthorn Hawks v Brisbane Lions,Hawthorn Hawks,Brisbane Lions,Player Disposals,Oscar Allen,Brisbane Lions,11.5,2.9,NA,Pointsbet,Hawthorn Hawks,2886585,115261916,716,NA
Hawthorn Hawks v Brisbane Lions,Hawthorn Hawks,Brisbane Lions,Player Disposals,Oscar Allen,Brisbane Lions,12.5,3.7,NA,Pointsbet,Hawthorn Hawks,2886585,115261916,717,NA
Hawthorn Hawks v Brisbane Lions,Hawthorn Hawks,Brisbane Lions,Player Disposals,Oscar Allen,Brisbane Lions,13.5,4.75,NA,Pointsbet,Hawthorn Hawks,2886585,115261916,718,NA
Hawthorn Hawks v Brisbane Lions,Hawthorn Hawks,Brisbane Lions,Player Disposals,Oscar Allen,Brisbane Lions,14.5,6,NA,Pointsbet,Hawthorn Hawks,2886585,115261916,719,NA
Hawthorn Hawks v Brisbane Lions,Hawthorn Hawks,Brisbane Lions,Player Disposals,Oscar Allen,Brisbane Lions,15.5,8,NA,Pointsbet,Hawthorn Hawks,2886585,115261916,720,NA
Hawthorn Hawks v Brisbane Lions,Hawthorn Hawks,Brisbane Lions,Player Disposals,Oscar Allen,Brisbane Lions,16.5,11,NA,Pointsbet,Hawthorn Hawks,2886585,115261916,721,NA
Hawthorn Hawks v Brisbane Lions,Hawthorn Hawks,Brisbane Lions,Player Disposals,Oscar Allen,Brisbane Lions,17.5,15,NA,Pointsbet,Hawthorn Hawks,2886585,115261916,722,NA
Hawthorn Hawks v Brisbane Lions,Hawthorn Hawks,Brisbane Lions,Player Disposals,Oscar Allen,Brisbane Lions,18.5,23,NA,Pointsbet,Hawthorn Hawks,2886585,115261916,723,NA
Hawthorn Hawks v Brisbane Lions,Hawthorn Hawks,Brisbane Lions,Player Disposals,Hugh McCluggage,Brisbane Lions,12.5,1.06,NA,Pointsbet,Hawthorn Hawks,2886585,115261916,748,NA
Hawthorn Hawks v Brisbane Lions,Hawthorn Hawks,Brisbane Lions,Player Disposals,Hugh McCluggage,Brisbane Lions,13.5,1.11,NA,Pointsbet,Hawthorn Hawks,2886585,115261916,749,NA
Hawthorn Hawks v Brisbane Lions,Hawthorn Hawks,Brisbane Lions,Player Disposals,Hugh McCluggage,Brisbane Lions,14.5,1.19,NA,Pointsbet,Hawthorn Hawks,2886585,115261916,750,NA
Hawthorn Hawks v Brisbane Lions,Hawthorn Hawks,Brisbane Lions,Player Disposals,Hugh McCluggage,Brisbane Lions,15.5,1.31,NA,Pointsbet,Hawthorn Hawks,2886585,115261916,751,NA
Hawthorn Hawks v Brisbane Lions,Hawthorn Hawks,Brisbane Lions,Player Disposals,Hugh McCluggage,Brisbane Lions,16.5,1.44,NA,Pointsbet,Hawthorn Hawks,2886585,115261916,752,NA
Hawthorn Hawks v Brisbane Lions,Hawthorn Hawks,Brisbane Lions,Player Disposals,Hugh McCluggage,Brisbane Lions,17.5,1.67,NA,Pointsbet,Hawthorn Hawks,2886585,115261916,753,NA
Hawthorn Hawks v Brisbane Lions,Hawthorn Hawks,Brisbane Lions,Player Disposals,Hugh McCluggage,Brisbane Lions,18.5,1.9,NA,Pointsbet,Hawthorn Hawks,2886585,115261916,754,NA
Hawthorn Hawks v Brisbane Lions,Hawthorn Hawks,Brisbane Lions,Player Disposals,Hugh McCluggage,Brisbane Lions,19.5,2.2,NA,Pointsbet,Hawthorn Hawks,2886585,115261916,755,NA
Hawthorn Hawks v Brisbane Lions,Hawthorn Hawks,Brisbane Lions,Player Disposals,Hugh McCluggage,Brisbane Lions,20.5,2.6,NA,Pointsbet,Hawthorn Hawks,2886585,115261916,756,NA
Hawthorn Hawks v Brisbane Lions,Hawthorn Hawks,Brisbane Lions,Player Disposals,Hugh McCluggage,Brisbane Lions,21.5,3.1,NA,Pointsbet,Hawthorn Hawks,2886585,115261916,757,NA
Hawthorn Hawks v Brisbane Lions,Hawthorn Hawks,Brisbane Lions,Player Disposals,Hugh McCluggage,Brisbane Lions,22.5,3.7,NA,Pointsbet,Hawthorn Hawks,2886585,115261916,758,NA
Hawthorn Hawks v Brisbane Lions,Hawthorn Hawks,Brisbane Lions,Player Disposals,Hugh McCluggage,Brisbane Lions,23.5,4.4,NA,Pointsbet,Hawthorn Hawks,2886585,115261916,759,NA
Hawthorn Hawks v Brisbane Lions,Hawthorn Hawks,Brisbane Lions,Player Disposals,Hugh McCluggage,Brisbane Lions,24.5,5.25,NA,Pointsbet,Hawthorn Hawks,2886585,115261916,760,NA
Hawthorn Hawks v Brisbane Lions,Hawthorn Hawks,Brisbane Lions,Player Disposals,Hugh McCluggage,Brisbane Lions,25.5,6.5,NA,Pointsbet,Hawthorn Hawks,2886585,115261916,761,NA
Hawthorn Hawks v Brisbane Lions,Hawthorn Hawks,Brisbane Lions,Player Disposals,Hugh McCluggage,Brisbane Lions,26.5,8,NA,Pointsbet,Hawthorn Hawks,2886585,115261916,762,NA
Hawthorn Hawks v Brisbane Lions,Hawthorn Hawks,Brisbane Lions,Player Disposals,Hugh McCluggage,Brisbane Lions,27.5,10,NA,Pointsbet,Hawthorn Hawks,2886585,115261916,763,NA
Hawthorn Hawks v Brisbane Lions,Hawthorn Hawks,Brisbane Lions,Player Disposals,Hugh McCluggage,Brisbane Lions,28.5,13,NA,Pointsbet,Hawthorn Hawks,2886585,115261916,764,NA
Hawthorn Hawks v Brisbane Lions,Hawthorn Hawks,Brisbane Lions,Player Disposals,Hugh McCluggage,Brisbane Lions,29.5,16,NA,Pointsbet,Hawthorn Hawks,2886585,115261916,765,NA
Hawthorn Hawks v Brisbane Lions,Hawthorn Hawks,Brisbane Lions,Player Disposals,Hugh McCluggage,Brisbane Lions,30.5,21,NA,Pointsbet,Hawthorn Hawks,2886585,115261916,766,NA
Hawthorn Hawks v Brisbane Lions,Hawthorn Hawks,Brisbane Lions,Player Disposals,Hugh McCluggage,Brisbane Lions,31.5,29,NA,Pointsbet,Hawthorn Hawks,2886585,115261916,767,NA
Hawthorn Hawks v Brisbane Lions,Hawthorn Hawks,Brisbane Lions,Player Disposals,Cam Rayner,Brisbane Lions,10.5,1.07,NA,Pointsbet,Hawthorn Hawks,2886585,115261916,777,NA
Hawthorn Hawks v Brisbane Lions,Hawthorn Hawks,Brisbane Lions,Player Disposals,Cam Rayner,Brisbane Lions,11.5,1.15,NA,Pointsbet,Hawthorn Hawks,2886585,115261916,778,NA
Hawthorn Hawks v Brisbane Lions,Hawthorn Hawks,Brisbane Lions,Player Disposals,Cam Rayner,Brisbane Lions,12.5,1.25,NA,Pointsbet,Hawthorn Hawks,2886585,115261916,779,NA
Hawthorn Hawks v Brisbane Lions,Hawthorn Hawks,Brisbane Lions,Player Disposals,Cam Rayner,Brisbane Lions,13.5,1.4,NA,Pointsbet,Hawthorn Hawks,2886585,115261916,780,NA
Hawthorn Hawks v Brisbane Lions,Hawthorn Hawks,Brisbane Lions,Player Disposals,Cam Rayner,Brisbane Lions,14.5,1.59,NA,Pointsbet,Hawthorn Hawks,2886585,115261916,781,NA
Hawthorn Hawks v Brisbane Lions,Hawthorn Hawks,Brisbane Lions,Player Disposals,Cam Rayner,Brisbane Lions,15.5,1.83,NA,Pointsbet,Hawthorn Hawks,2886585,115261916,782,NA
Hawthorn Hawks v Brisbane Lions,Hawthorn Hawks,Brisbane Lions,Player Disposals,Cam Rayner,Brisbane Lions,16.5,2.2,NA,Pointsbet,Hawthorn Hawks,2886585,115261916,783,NA
Hawthorn Hawks v Brisbane Lions,Hawthorn Hawks,Brisbane Lions,Player Disposals,Cam Rayner,Brisbane Lions,17.5,2.6,NA,Pointsbet,Hawthorn Hawks,2886585,115261916,784,NA
Hawthorn Hawks v Brisbane Lions,Hawthorn Hawks,Brisbane Lions,Player Disposals,Cam Rayner,Brisbane Lions,18.5,3.1,NA,Pointsbet,Hawthorn Hawks,2886585,115261916,785,NA
Hawthorn Hawks v Brisbane Lions,Hawthorn Hawks,Brisbane Lions,Player Disposals,Cam Rayner,Brisbane Lions,19.5,3.9,NA,Pointsbet,Hawthorn Hawks,2886585,115261916,786,NA
Hawthorn Hawks v Brisbane Lions,Hawthorn Hawks,Brisbane Lions,Player Disposals,Cam Rayner,Brisbane Lions,20.5,4.75,NA,Pointsbet,Hawthorn Hawks,2886585,115261916,787,NA
Hawthorn Hawks v Brisbane Lions,Hawthorn Hawks,Brisbane Lions,Player Disposals,Cam Rayner,Brisbane Lions,21.5,5.5,NA,Pointsbet,Hawthorn Hawks,2886585,115261916,788,NA
Hawthorn Hawks v Brisbane Lions,Hawthorn Hawks,Brisbane Lions,Player Disposals,Cam Rayner,Brisbane Lions,22.5,7,NA,Pointsbet,Hawthorn Hawks,2886585,115261916,789,NA
Hawthorn Hawks v Brisbane Lions,Hawthorn Hawks,Brisbane Lions,Player Disposals,Cam Rayner,Brisbane Lions,23.5,8.5,NA,Pointsbet,Hawthorn Hawks,2886585,115261916,790,NA
Hawthorn Hawks v Brisbane Lions,Hawthorn Hawks,Brisbane Lions,Player Disposals,Cam Rayner,Brisbane Lions,24.5,10.5,NA,Pointsbet,Hawthorn Hawks,2886585,115261916,791,NA
Hawthorn Hawks v Brisbane Lions,Hawthorn Hawks,Brisbane Lions,Player Disposals,Cam Rayner,Brisbane Lions,25.5,13,NA,Pointsbet,Hawthorn Hawks,2886585,115261916,792,NA
Hawthorn Hawks v Brisbane Lions,Hawthorn Hawks,Brisbane Lions,Player Disposals,Cam Rayner,Brisbane Lions,26.5,17,NA,Pointsbet,Hawthorn Hawks,2886585,115261916,793,NA
Hawthorn Hawks v Brisbane Lions,Hawthorn Hawks,Brisbane Lions,Player Disposals,Cam Rayner,Brisbane Lions,27.5,23,NA,Pointsbet,Hawthorn Hawks,2886585,115261916,794,NA
Hawthorn Hawks v Brisbane Lions,Hawthorn Hawks,Brisbane Lions,Player Disposals,Zac Bailey,Brisbane Lions,14.5,1.05,NA,Pointsbet,Hawthorn Hawks,2886585,115261916,812,NA
Hawthorn Hawks v Brisbane Lions,Hawthorn Hawks,Brisbane Lions,Player Disposals,Zac Bailey,Brisbane Lions,15.5,1.09,NA,Pointsbet,Hawthorn Hawks,2886585,115261916,813,NA
Hawthorn Hawks v Brisbane Lions,Hawthorn Hawks,Brisbane Lions,Player Disposals,Zac Bailey,Brisbane Lions,16.5,1.14,NA,Pointsbet,Hawthorn Hawks,2886585,115261916,814,NA
Hawthorn Hawks v Brisbane Lions,Hawthorn Hawks,Brisbane Lions,Player Disposals,Zac Bailey,Brisbane Lions,17.5,1.22,NA,Pointsbet,Hawthorn Hawks,2886585,115261916,815,NA
Hawthorn Hawks v Brisbane Lions,Hawthorn Hawks,Brisbane Lions,Player Disposals,Zac Bailey,Brisbane Lions,18.5,1.33,NA,Pointsbet,Hawthorn Hawks,2886585,115261916,816,NA
Hawthorn Hawks v Brisbane Lions,Hawthorn Hawks,Brisbane Lions,Player Disposals,Zac Bailey,Brisbane Lions,19.5,1.48,NA,Pointsbet,Hawthorn Hawks,2886585,115261916,817,NA
Hawthorn Hawks v Brisbane Lions,Hawthorn Hawks,Brisbane Lions,Player Disposals,Zac Bailey,Brisbane Lions,20.5,1.65,NA,Pointsbet,Hawthorn Hawks,2886585,115261916,818,NA
Hawthorn Hawks v Brisbane Lions,Hawthorn Hawks,Brisbane Lions,Player Disposals,Zac Bailey,Brisbane Lions,21.5,1.9,NA,Pointsbet,Hawthorn Hawks,2886585,115261916,819,NA
Hawthorn Hawks v Brisbane Lions,Hawthorn Hawks,Brisbane Lions,Player Disposals,Zac Bailey,Brisbane Lions,22.5,2.15,NA,Pointsbet,Hawthorn Hawks,2886585,115261916,820,NA
Hawthorn Hawks v Brisbane Lions,Hawthorn Hawks,Brisbane Lions,Player Disposals,Zac Bailey,Brisbane Lions,23.5,2.55,NA,Pointsbet,Hawthorn Hawks,2886585,115261916,821,NA
Hawthorn Hawks v Brisbane Lions,Hawthorn Hawks,Brisbane Lions,Player Disposals,Zac Bailey,Brisbane Lions,24.5,3,NA,Pointsbet,Hawthorn Hawks,2886585,115261916,822,NA
Hawthorn Hawks v Brisbane Lions,Hawthorn Hawks,Brisbane Lions,Player Disposals,Zac Bailey,Brisbane Lions,25.5,3.6,NA,Pointsbet,Hawthorn Hawks,2886585,115261916,823,NA
Hawthorn Hawks v Brisbane Lions,Hawthorn Hawks,Brisbane Lions,Player Disposals,Zac Bailey,Brisbane Lions,26.5,4.2,NA,Pointsbet,Hawthorn Hawks,2886585,115261916,824,NA
Hawthorn Hawks v Brisbane Lions,Hawthorn Hawks,Brisbane Lions,Player Disposals,Zac Bailey,Brisbane Lions,27.5,5,NA,Pointsbet,Hawthorn Hawks,2886585,115261916,825,NA
Hawthorn Hawks v Brisbane Lions,Hawthorn Hawks,Brisbane Lions,Player Disposals,Zac Bailey,Brisbane Lions,28.5,6,NA,Pointsbet,Hawthorn Hawks,2886585,115261916,826,NA
Hawthorn Hawks v Brisbane Lions,Hawthorn Hawks,Brisbane Lions,Player Disposals,Zac Bailey,Brisbane Lions,29.5,7.5,NA,Pointsbet,Hawthorn Hawks,2886585,115261916,827,NA
Hawthorn Hawks v Brisbane Lions,Hawthorn Hawks,Brisbane Lions,Player Disposals,Zac Bailey,Brisbane Lions,30.5,9,NA,Pointsbet,Hawthorn Hawks,2886585,115261916,828,NA
Hawthorn Hawks v Brisbane Lions,Hawthorn Hawks,Brisbane Lions,Player Disposals,Zac Bailey,Brisbane Lions,31.5,11,NA,Pointsbet,Hawthorn Hawks,2886585,115261916,829,NA
Hawthorn Hawks v Brisbane Lions,Hawthorn Hawks,Brisbane Lions,Player Disposals,Zac Bailey,Brisbane Lions,32.5,15,NA,Pointsbet,Hawthorn Hawks,2886585,115261916,830,NA
Hawthorn Hawks v Brisbane Lions,Hawthorn Hawks,Brisbane Lions,Player Disposals,Zac Bailey,Brisbane Lions,33.5,19,NA,Pointsbet,Hawthorn Hawks,2886585,115261916,831,NA
Hawthorn Hawks v Brisbane Lions,Hawthorn Hawks,Brisbane Lions,Player Disposals,Zac Bailey,Brisbane Lions,34.5,23,NA,Pointsbet,Hawthorn Hawks,2886585,115261916,832,NA
Hawthorn Hawks v Brisbane Lions,Hawthorn Hawks,Brisbane Lions,Player Disposals,Kai Lohmann,Brisbane Lions,9.5,1.36,NA,Pointsbet,Hawthorn Hawks,2886585,115261916,838,NA
Hawthorn Hawks v Brisbane Lions,Hawthorn Hawks,Brisbane Lions,Player Disposals,Kai Lohmann,Brisbane Lions,10.5,1.59,NA,Pointsbet,Hawthorn Hawks,2886585,115261916,839,NA
Hawthorn Hawks v Brisbane Lions,Hawthorn Hawks,Brisbane Lions,Player Disposals,Kai Lohmann,Brisbane Lions,11.5,1.88,NA,Pointsbet,Hawthorn Hawks,2886585,115261916,840,NA
Hawthorn Hawks v Brisbane Lions,Hawthorn Hawks,Brisbane Lions,Player Disposals,Kai Lohmann,Brisbane Lions,12.5,2.25,NA,Pointsbet,Hawthorn Hawks,2886585,115261916,841,NA
Hawthorn Hawks v Brisbane Lions,Hawthorn Hawks,Brisbane Lions,Player Disposals,Kai Lohmann,Brisbane Lions,13.5,2.75,NA,Pointsbet,Hawthorn Hawks,2886585,115261916,842,NA
Hawthorn Hawks v Brisbane Lions,Hawthorn Hawks,Brisbane Lions,Player Disposals,Kai Lohmann,Brisbane Lions,14.5,3.4,NA,Pointsbet,Hawthorn Hawks,2886585,115261916,843,NA
Hawthorn Hawks v Brisbane Lions,Hawthorn Hawks,Brisbane Lions,Player Disposals,Kai Lohmann,Brisbane Lions,15.5,4.2,NA,Pointsbet,Hawthorn Hawks,2886585,115261916,844,NA
Hawthorn Hawks v Brisbane Lions,Hawthorn Hawks,Brisbane Lions,Player Disposals,Kai Lohmann,Brisbane Lions,16.5,5.25,NA,Pointsbet,Hawthorn Hawks,2886585,115261916,845,NA
Hawthorn Hawks v Brisbane Lions,Hawthorn Hawks,Brisbane Lions,Player Disposals,Kai Lohmann,Brisbane Lions,17.5,6.5,NA,Pointsbet,Hawthorn Hawks,2886585,115261916,846,NA
Hawthorn Hawks v Brisbane Lions,Hawthorn Hawks,Brisbane Lions,Player Disposals,Kai Lohmann,Brisbane Lions,18.5,9,NA,Pointsbet,Hawthorn Hawks,2886585,115261916,847,NA
Hawthorn Hawks v Brisbane Lions,Hawthorn Hawks,Brisbane Lions,Player Disposals,Kai Lohmann,Brisbane Lions,19.5,12,NA,Pointsbet,Hawthorn Hawks,2886585,115261916,848,NA
Hawthorn Hawks v Brisbane Lions,Hawthorn Hawks,Brisbane Lions,Player Disposals,Kai Lohmann,Brisbane Lions,20.5,15,NA,Pointsbet,Hawthorn Hawks,2886585,115261916,849,NA
Hawthorn Hawks v Brisbane Lions,Hawthorn Hawks,Brisbane Lions,Player Disposals,Kai Lohmann,Brisbane Lions,21.5,21,NA,Pointsbet,Hawthorn Hawks,2886585,115261916,850,NA
Hawthorn Hawks v Brisbane Lions,Hawthorn Hawks,Brisbane Lions,Player Disposals,Kai Lohmann,Brisbane Lions,22.5,29,NA,Pointsbet,Hawthorn Hawks,2886585,115261916,851,NA
Hawthorn Hawks v Brisbane Lions,Hawthorn Hawks,Brisbane Lions,Player Disposals,Darcy Wilmot,Brisbane Lions,12.5,1.06,NA,Pointsbet,Hawthorn Hawks,2886585,115261916,872,NA
Hawthorn Hawks v Brisbane Lions,Hawthorn Hawks,Brisbane Lions,Player Disposals,Darcy Wilmot,Brisbane Lions,13.5,1.11,NA,Pointsbet,Hawthorn Hawks,2886585,115261916,873,NA
Hawthorn Hawks v Brisbane Lions,Hawthorn Hawks,Brisbane Lions,Player Disposals,Darcy Wilmot,Brisbane Lions,14.5,1.19,NA,Pointsbet,Hawthorn Hawks,2886585,115261916,874,NA
Hawthorn Hawks v Brisbane Lions,Hawthorn Hawks,Brisbane Lions,Player Disposals,Darcy Wilmot,Brisbane Lions,15.5,1.29,NA,Pointsbet,Hawthorn Hawks,2886585,115261916,875,NA
Hawthorn Hawks v Brisbane Lions,Hawthorn Hawks,Brisbane Lions,Player Disposals,Darcy Wilmot,Brisbane Lions,16.5,1.44,NA,Pointsbet,Hawthorn Hawks,2886585,115261916,876,NA
Hawthorn Hawks v Brisbane Lions,Hawthorn Hawks,Brisbane Lions,Player Disposals,Darcy Wilmot,Brisbane Lions,17.5,1.63,NA,Pointsbet,Hawthorn Hawks,2886585,115261916,877,NA
Hawthorn Hawks v Brisbane Lions,Hawthorn Hawks,Brisbane Lions,Player Disposals,Darcy Wilmot,Brisbane Lions,18.5,1.88,NA,Pointsbet,Hawthorn Hawks,2886585,115261916,878,NA
Hawthorn Hawks v Brisbane Lions,Hawthorn Hawks,Brisbane Lions,Player Disposals,Darcy Wilmot,Brisbane Lions,19.5,2.15,NA,Pointsbet,Hawthorn Hawks,2886585,115261916,879,NA
Hawthorn Hawks v Brisbane Lions,Hawthorn Hawks,Brisbane Lions,Player Disposals,Darcy Wilmot,Brisbane Lions,20.5,2.55,NA,Pointsbet,Hawthorn Hawks,2886585,115261916,880,NA
Hawthorn Hawks v Brisbane Lions,Hawthorn Hawks,Brisbane Lions,Player Disposals,Darcy Wilmot,Brisbane Lions,21.5,3,NA,Pointsbet,Hawthorn Hawks,2886585,115261916,881,NA
Hawthorn Hawks v Brisbane Lions,Hawthorn Hawks,Brisbane Lions,Player Disposals,Darcy Wilmot,Brisbane Lions,22.5,3.6,NA,Pointsbet,Hawthorn Hawks,2886585,115261916,882,NA
Hawthorn Hawks v Brisbane Lions,Hawthorn Hawks,Brisbane Lions,Player Disposals,Darcy Wilmot,Brisbane Lions,23.5,4.2,NA,Pointsbet,Hawthorn Hawks,2886585,115261916,883,NA
Hawthorn Hawks v Brisbane Lions,Hawthorn Hawks,Brisbane Lions,Player Disposals,Darcy Wilmot,Brisbane Lions,24.5,5,NA,Pointsbet,Hawthorn Hawks,2886585,115261916,884,NA
Hawthorn Hawks v Brisbane Lions,Hawthorn Hawks,Brisbane Lions,Player Disposals,Darcy Wilmot,Brisbane Lions,25.5,6,NA,Pointsbet,Hawthorn Hawks,2886585,115261916,885,NA
Hawthorn Hawks v Brisbane Lions,Hawthorn Hawks,Brisbane Lions,Player Disposals,Darcy Wilmot,Brisbane Lions,26.5,7.5,NA,Pointsbet,Hawthorn Hawks,2886585,115261916,886,NA
Hawthorn Hawks v Brisbane Lions,Hawthorn Hawks,Brisbane Lions,Player Disposals,Darcy Wilmot,Brisbane Lions,27.5,9.5,NA,Pointsbet,Hawthorn Hawks,2886585,115261916,887,NA
Hawthorn Hawks v Brisbane Lions,Hawthorn Hawks,Brisbane Lions,Player Disposals,Darcy Wilmot,Brisbane Lions,28.5,12,NA,Pointsbet,Hawthorn Hawks,2886585,115261916,888,NA
Hawthorn Hawks v Brisbane Lions,Hawthorn Hawks,Brisbane Lions,Player Disposals,Darcy Wilmot,Brisbane Lions,29.5,16,NA,Pointsbet,Hawthorn Hawks,2886585,115261916,889,NA
Hawthorn Hawks v Brisbane Lions,Hawthorn Hawks,Brisbane Lions,Player Disposals,Darcy Wilmot,Brisbane Lions,30.5,20,NA,Pointsbet,Hawthorn Hawks,2886585,115261916,890,NA
Hawthorn Hawks v Brisbane Lions,Hawthorn Hawks,Brisbane Lions,Player Disposals,Darcy Wilmot,Brisbane Lions,31.5,29,NA,Pointsbet,Hawthorn Hawks,2886585,115261916,891,NA
Hawthorn Hawks v Brisbane Lions,Hawthorn Hawks,Brisbane Lions,Player Disposals,Will Ashcroft,Brisbane Lions,19.5,1.04,NA,Pointsbet,Hawthorn Hawks,2886585,115261916,910,NA
Hawthorn Hawks v Brisbane Lions,Hawthorn Hawks,Brisbane Lions,Player Disposals,Will Ashcroft,Brisbane Lions,20.5,1.06,NA,Pointsbet,Hawthorn Hawks,2886585,115261916,911,NA
Hawthorn Hawks v Brisbane Lions,Hawthorn Hawks,Brisbane Lions,Player Disposals,Will Ashcroft,Brisbane Lions,21.5,1.1,NA,Pointsbet,Hawthorn Hawks,2886585,115261916,912,NA
Hawthorn Hawks v Brisbane Lions,Hawthorn Hawks,Brisbane Lions,Player Disposals,Will Ashcroft,Brisbane Lions,22.5,1.14,NA,Pointsbet,Hawthorn Hawks,2886585,115261916,913,NA
Hawthorn Hawks v Brisbane Lions,Hawthorn Hawks,Brisbane Lions,Player Disposals,Will Ashcroft,Brisbane Lions,23.5,1.21,NA,Pointsbet,Hawthorn Hawks,2886585,115261916,914,NA
Hawthorn Hawks v Brisbane Lions,Hawthorn Hawks,Brisbane Lions,Player Disposals,Will Ashcroft,Brisbane Lions,24.5,1.29,NA,Pointsbet,Hawthorn Hawks,2886585,115261916,915,NA
Hawthorn Hawks v Brisbane Lions,Hawthorn Hawks,Brisbane Lions,Player Disposals,Will Ashcroft,Brisbane Lions,25.5,1.4,NA,Pointsbet,Hawthorn Hawks,2886585,115261916,916,NA
Hawthorn Hawks v Brisbane Lions,Hawthorn Hawks,Brisbane Lions,Player Disposals,Will Ashcroft,Brisbane Lions,26.5,1.53,NA,Pointsbet,Hawthorn Hawks,2886585,115261916,917,NA
Hawthorn Hawks v Brisbane Lions,Hawthorn Hawks,Brisbane Lions,Player Disposals,Will Ashcroft,Brisbane Lions,27.5,1.69,NA,Pointsbet,Hawthorn Hawks,2886585,115261916,918,NA
Hawthorn Hawks v Brisbane Lions,Hawthorn Hawks,Brisbane Lions,Player Disposals,Will Ashcroft,Brisbane Lions,28.5,1.9,NA,Pointsbet,Hawthorn Hawks,2886585,115261916,919,NA
Hawthorn Hawks v Brisbane Lions,Hawthorn Hawks,Brisbane Lions,Player Disposals,Will Ashcroft,Brisbane Lions,29.5,2.15,NA,Pointsbet,Hawthorn Hawks,2886585,115261916,920,NA
Hawthorn Hawks v Brisbane Lions,Hawthorn Hawks,Brisbane Lions,Player Disposals,Will Ashcroft,Brisbane Lions,30.5,2.5,NA,Pointsbet,Hawthorn Hawks,2886585,115261916,921,NA
Hawthorn Hawks v Brisbane Lions,Hawthorn Hawks,Brisbane Lions,Player Disposals,Will Ashcroft,Brisbane Lions,31.5,2.9,NA,Pointsbet,Hawthorn Hawks,2886585,115261916,922,NA
Hawthorn Hawks v Brisbane Lions,Hawthorn Hawks,Brisbane Lions,Player Disposals,Will Ashcroft,Brisbane Lions,32.5,3.4,NA,Pointsbet,Hawthorn Hawks,2886585,115261916,923,NA
Hawthorn Hawks v Brisbane Lions,Hawthorn Hawks,Brisbane Lions,Player Disposals,Will Ashcroft,Brisbane Lions,33.5,3.9,NA,Pointsbet,Hawthorn Hawks,2886585,115261916,924,NA
Hawthorn Hawks v Brisbane Lions,Hawthorn Hawks,Brisbane Lions,Player Disposals,Will Ashcroft,Brisbane Lions,34.5,4.5,NA,Pointsbet,Hawthorn Hawks,2886585,115261916,925,NA
Hawthorn Hawks v Brisbane Lions,Hawthorn Hawks,Brisbane Lions,Player Disposals,Will Ashcroft,Brisbane Lions,35.5,5.5,NA,Pointsbet,Hawthorn Hawks,2886585,115261916,926,NA
Hawthorn Hawks v Brisbane Lions,Hawthorn Hawks,Brisbane Lions,Player Disposals,Will Ashcroft,Brisbane Lions,36.5,6.5,NA,Pointsbet,Hawthorn Hawks,2886585,115261916,927,NA
Hawthorn Hawks v Brisbane Lions,Hawthorn Hawks,Brisbane Lions,Player Disposals,Will Ashcroft,Brisbane Lions,37.5,8,NA,Pointsbet,Hawthorn Hawks,2886585,115261916,928,NA
Hawthorn Hawks v Brisbane Lions,Hawthorn Hawks,Brisbane Lions,Player Disposals,Will Ashcroft,Brisbane Lions,38.5,10,NA,Pointsbet,Hawthorn Hawks,2886585,115261916,929,NA
Hawthorn Hawks v Brisbane Lions,Hawthorn Hawks,Brisbane Lions,Player Disposals,Will Ashcroft,Brisbane Lions,39.5,12,NA,Pointsbet,Hawthorn Hawks,2886585,115261916,930,NA
Hawthorn Hawks v Brisbane Lions,Hawthorn Hawks,Brisbane Lions,Player Disposals,Jaspa Fletcher,Brisbane Lions,12.5,1.04,NA,Pointsbet,Hawthorn Hawks,2886585,115261916,934,NA
Hawthorn Hawks v Brisbane Lions,Hawthorn Hawks,Brisbane Lions,Player Disposals,Jaspa Fletcher,Brisbane Lions,13.5,1.09,NA,Pointsbet,Hawthorn Hawks,2886585,115261916,935,NA
Hawthorn Hawks v Brisbane Lions,Hawthorn Hawks,Brisbane Lions,Player Disposals,Jaspa Fletcher,Brisbane Lions,14.5,1.16,NA,Pointsbet,Hawthorn Hawks,2886585,115261916,936,NA
Hawthorn Hawks v Brisbane Lions,Hawthorn Hawks,Brisbane Lions,Player Disposals,Jaspa Fletcher,Brisbane Lions,15.5,1.27,NA,Pointsbet,Hawthorn Hawks,2886585,115261916,937,NA
Hawthorn Hawks v Brisbane Lions,Hawthorn Hawks,Brisbane Lions,Player Disposals,Jaspa Fletcher,Brisbane Lions,16.5,1.4,NA,Pointsbet,Hawthorn Hawks,2886585,115261916,938,NA
Hawthorn Hawks v Brisbane Lions,Hawthorn Hawks,Brisbane Lions,Player Disposals,Jaspa Fletcher,Brisbane Lions,17.5,1.56,NA,Pointsbet,Hawthorn Hawks,2886585,115261916,939,NA
Hawthorn Hawks v Brisbane Lions,Hawthorn Hawks,Brisbane Lions,Player Disposals,Jaspa Fletcher,Brisbane Lions,18.5,1.8,NA,Pointsbet,Hawthorn Hawks,2886585,115261916,940,NA
Hawthorn Hawks v Brisbane Lions,Hawthorn Hawks,Brisbane Lions,Player Disposals,Jaspa Fletcher,Brisbane Lions,19.5,2.05,NA,Pointsbet,Hawthorn Hawks,2886585,115261916,941,NA
Hawthorn Hawks v Brisbane Lions,Hawthorn Hawks,Brisbane Lions,Player Disposals,Jaspa Fletcher,Brisbane Lions,20.5,2.4,NA,Pointsbet,Hawthorn Hawks,2886585,115261916,942,NA
Hawthorn Hawks v Brisbane Lions,Hawthorn Hawks,Brisbane Lions,Player Disposals,Jaspa Fletcher,Brisbane Lions,21.5,2.85,NA,Pointsbet,Hawthorn Hawks,2886585,115261916,943,NA
Hawthorn Hawks v Brisbane Lions,Hawthorn Hawks,Brisbane Lions,Player Disposals,Jaspa Fletcher,Brisbane Lions,22.5,3.4,NA,Pointsbet,Hawthorn Hawks,2886585,115261916,944,NA
Hawthorn Hawks v Brisbane Lions,Hawthorn Hawks,Brisbane Lions,Player Disposals,Jaspa Fletcher,Brisbane Lions,23.5,4,NA,Pointsbet,Hawthorn Hawks,2886585,115261916,945,NA
Hawthorn Hawks v Brisbane Lions,Hawthorn Hawks,Brisbane Lions,Player Disposals,Jaspa Fletcher,Brisbane Lions,24.5,4.75,NA,Pointsbet,Hawthorn Hawks,2886585,115261916,946,NA
Hawthorn Hawks v Brisbane Lions,Hawthorn Hawks,Brisbane Lions,Player Disposals,Jaspa Fletcher,Brisbane Lions,25.5,6,NA,Pointsbet,Hawthorn Hawks,2886585,115261916,947,NA
Hawthorn Hawks v Brisbane Lions,Hawthorn Hawks,Brisbane Lions,Player Disposals,Jaspa Fletcher,Brisbane Lions,26.5,7.5,NA,Pointsbet,Hawthorn Hawks,2886585,115261916,948,NA
Hawthorn Hawks v Brisbane Lions,Hawthorn Hawks,Brisbane Lions,Player Disposals,Jaspa Fletcher,Brisbane Lions,27.5,9,NA,Pointsbet,Hawthorn Hawks,2886585,115261916,949,NA
Hawthorn Hawks v Brisbane Lions,Hawthorn Hawks,Brisbane Lions,Player Disposals,Jaspa Fletcher,Brisbane Lions,28.5,12,NA,Pointsbet,Hawthorn Hawks,2886585,115261916,950,NA
Hawthorn Hawks v Brisbane Lions,Hawthorn Hawks,Brisbane Lions,Player Disposals,Jaspa Fletcher,Brisbane Lions,29.5,15,NA,Pointsbet,Hawthorn Hawks,2886585,115261916,951,NA
Hawthorn Hawks v Brisbane Lions,Hawthorn Hawks,Brisbane Lions,Player Disposals,Jaspa Fletcher,Brisbane Lions,30.5,20,NA,Pointsbet,Hawthorn Hawks,2886585,115261916,952,NA
Hawthorn Hawks v Brisbane Lions,Hawthorn Hawks,Brisbane Lions,Player Disposals,Jaspa Fletcher,Brisbane Lions,31.5,26,NA,Pointsbet,Hawthorn Hawks,2886585,115261916,953,NA
Hawthorn Hawks v Brisbane Lions,Hawthorn Hawks,Brisbane Lions,Player Disposals,Logan Morris,Brisbane Lions,9.5,1.56,NA,Pointsbet,Hawthorn Hawks,2886585,115261916,962,NA
Hawthorn Hawks v Brisbane Lions,Hawthorn Hawks,Brisbane Lions,Player Disposals,Logan Morris,Brisbane Lions,10.5,1.88,NA,Pointsbet,Hawthorn Hawks,2886585,115261916,963,NA
Hawthorn Hawks v Brisbane Lions,Hawthorn Hawks,Brisbane Lions,Player Disposals,Logan Morris,Brisbane Lions,11.5,2.3,NA,Pointsbet,Hawthorn Hawks,2886585,115261916,964,NA
Hawthorn Hawks v Brisbane Lions,Hawthorn Hawks,Brisbane Lions,Player Disposals,Logan Morris,Brisbane Lions,12.5,2.85,NA,Pointsbet,Hawthorn Hawks,2886585,115261916,965,NA
Hawthorn Hawks v Brisbane Lions,Hawthorn Hawks,Brisbane Lions,Player Disposals,Logan Morris,Brisbane Lions,13.5,3.6,NA,Pointsbet,Hawthorn Hawks,2886585,115261916,966,NA
Hawthorn Hawks v Brisbane Lions,Hawthorn Hawks,Brisbane Lions,Player Disposals,Logan Morris,Brisbane Lions,14.5,4.4,NA,Pointsbet,Hawthorn Hawks,2886585,115261916,967,NA
Hawthorn Hawks v Brisbane Lions,Hawthorn Hawks,Brisbane Lions,Player Disposals,Logan Morris,Brisbane Lions,15.5,5.5,NA,Pointsbet,Hawthorn Hawks,2886585,115261916,968,NA
Hawthorn Hawks v Brisbane Lions,Hawthorn Hawks,Brisbane Lions,Player Disposals,Logan Morris,Brisbane Lions,16.5,7.5,NA,Pointsbet,Hawthorn Hawks,2886585,115261916,969,NA
Hawthorn Hawks v Brisbane Lions,Hawthorn Hawks,Brisbane Lions,Player Disposals,Logan Morris,Brisbane Lions,17.5,10,NA,Pointsbet,Hawthorn Hawks,2886585,115261916,970,NA
Hawthorn Hawks v Brisbane Lions,Hawthorn Hawks,Brisbane Lions,Player Disposals,Logan Morris,Brisbane Lions,18.5,13,NA,Pointsbet,Hawthorn Hawks,2886585,115261916,971,NA
Hawthorn Hawks v Brisbane Lions,Hawthorn Hawks,Brisbane Lions,Player Disposals,Logan Morris,Brisbane Lions,19.5,19,NA,Pointsbet,Hawthorn Hawks,2886585,115261916,972,NA
Hawthorn Hawks v Brisbane Lions,Hawthorn Hawks,Brisbane Lions,Player Disposals,Logan Morris,Brisbane Lions,20.5,29,NA,Pointsbet,Hawthorn Hawks,2886585,115261916,973,NA
Hawthorn Hawks v Brisbane Lions,Hawthorn Hawks,Brisbane Lions,Player Disposals,Levi Ashcroft,Brisbane Lions,11.5,1.05,NA,Pointsbet,Hawthorn Hawks,2886585,115261916,995,NA
Hawthorn Hawks v Brisbane Lions,Hawthorn Hawks,Brisbane Lions,Player Disposals,Levi Ashcroft,Brisbane Lions,12.5,1.1,NA,Pointsbet,Hawthorn Hawks,2886585,115261916,996,NA
Hawthorn Hawks v Brisbane Lions,Hawthorn Hawks,Brisbane Lions,Player Disposals,Levi Ashcroft,Brisbane Lions,13.5,1.18,NA,Pointsbet,Hawthorn Hawks,2886585,115261916,997,NA
Hawthorn Hawks v Brisbane Lions,Hawthorn Hawks,Brisbane Lions,Player Disposals,Levi Ashcroft,Brisbane Lions,14.5,1.29,NA,Pointsbet,Hawthorn Hawks,2886585,115261916,998,NA
Hawthorn Hawks v Brisbane Lions,Hawthorn Hawks,Brisbane Lions,Player Disposals,Levi Ashcroft,Brisbane Lions,15.5,1.44,NA,Pointsbet,Hawthorn Hawks,2886585,115261916,999,NA
Hawthorn Hawks v Brisbane Lions,Hawthorn Hawks,Brisbane Lions,Player Disposals,Levi Ashcroft,Brisbane Lions,16.5,1.63,NA,Pointsbet,Hawthorn Hawks,2886585,115261916,1000,NA
Hawthorn Hawks v Brisbane Lions,Hawthorn Hawks,Brisbane Lions,Player Disposals,Levi Ashcroft,Brisbane Lions,17.5,1.9,NA,Pointsbet,Hawthorn Hawks,2886585,115261916,1001,NA
Hawthorn Hawks v Brisbane Lions,Hawthorn Hawks,Brisbane Lions,Player Disposals,Levi Ashcroft,Brisbane Lions,18.5,2.2,NA,Pointsbet,Hawthorn Hawks,2886585,115261916,1002,NA
Hawthorn Hawks v Brisbane Lions,Hawthorn Hawks,Brisbane Lions,Player Disposals,Levi Ashcroft,Brisbane Lions,19.5,2.6,NA,Pointsbet,Hawthorn Hawks,2886585,115261916,1003,NA
Hawthorn Hawks v Brisbane Lions,Hawthorn Hawks,Brisbane Lions,Player Disposals,Levi Ashcroft,Brisbane Lions,20.5,3.1,NA,Pointsbet,Hawthorn Hawks,2886585,115261916,1004,NA
Hawthorn Hawks v Brisbane Lions,Hawthorn Hawks,Brisbane Lions,Player Disposals,Levi Ashcroft,Brisbane Lions,21.5,3.7,NA,Pointsbet,Hawthorn Hawks,2886585,115261916,1005,NA
Hawthorn Hawks v Brisbane Lions,Hawthorn Hawks,Brisbane Lions,Player Disposals,Levi Ashcroft,Brisbane Lions,22.5,4.5,NA,Pointsbet,Hawthorn Hawks,2886585,115261916,1006,NA
Hawthorn Hawks v Brisbane Lions,Hawthorn Hawks,Brisbane Lions,Player Disposals,Levi Ashcroft,Brisbane Lions,23.5,5.5,NA,Pointsbet,Hawthorn Hawks,2886585,115261916,1007,NA
Hawthorn Hawks v Brisbane Lions,Hawthorn Hawks,Brisbane Lions,Player Disposals,Levi Ashcroft,Brisbane Lions,24.5,6.5,NA,Pointsbet,Hawthorn Hawks,2886585,115261916,1008,NA
Hawthorn Hawks v Brisbane Lions,Hawthorn Hawks,Brisbane Lions,Player Disposals,Levi Ashcroft,Brisbane Lions,25.5,8,NA,Pointsbet,Hawthorn Hawks,2886585,115261916,1009,NA
Hawthorn Hawks v Brisbane Lions,Hawthorn Hawks,Brisbane Lions,Player Disposals,Levi Ashcroft,Brisbane Lions,26.5,10.5,NA,Pointsbet,Hawthorn Hawks,2886585,115261916,1010,NA
Hawthorn Hawks v Brisbane Lions,Hawthorn Hawks,Brisbane Lions,Player Disposals,Levi Ashcroft,Brisbane Lions,27.5,13,NA,Pointsbet,Hawthorn Hawks,2886585,115261916,1011,NA
Hawthorn Hawks v Brisbane Lions,Hawthorn Hawks,Brisbane Lions,Player Disposals,Levi Ashcroft,Brisbane Lions,28.5,17,NA,Pointsbet,Hawthorn Hawks,2886585,115261916,1012,NA
Hawthorn Hawks v Brisbane Lions,Hawthorn Hawks,Brisbane Lions,Player Disposals,Levi Ashcroft,Brisbane Lions,29.5,23,NA,Pointsbet,Hawthorn Hawks,2886585,115261916,1013,NA
Hawthorn Hawks v Brisbane Lions,Hawthorn Hawks,Brisbane Lions,Player Disposals,Levi Ashcroft,Brisbane Lions,30.5,31,NA,Pointsbet,Hawthorn Hawks,2886585,115261916,1014,NA
Hawthorn Hawks v Brisbane Lions,Hawthorn Hawks,Brisbane Lions,Player Disposals,Ty Gallop,Brisbane Lions,9.5,1.59,NA,Pointsbet,Hawthorn Hawks,2886585,115261916,1024,NA
Hawthorn Hawks v Brisbane Lions,Hawthorn Hawks,Brisbane Lions,Player Disposals,Ty Gallop,Brisbane Lions,10.5,1.9,NA,Pointsbet,Hawthorn Hawks,2886585,115261916,1025,NA
Hawthorn Hawks v Brisbane Lions,Hawthorn Hawks,Brisbane Lions,Player Disposals,Ty Gallop,Brisbane Lions,11.5,2.3,NA,Pointsbet,Hawthorn Hawks,2886585,115261916,1026,NA
Hawthorn Hawks v Brisbane Lions,Hawthorn Hawks,Brisbane Lions,Player Disposals,Ty Gallop,Brisbane Lions,12.5,2.85,NA,Pointsbet,Hawthorn Hawks,2886585,115261916,1027,NA
Hawthorn Hawks v Brisbane Lions,Hawthorn Hawks,Brisbane Lions,Player Disposals,Ty Gallop,Brisbane Lions,13.5,3.6,NA,Pointsbet,Hawthorn Hawks,2886585,115261916,1028,NA
Hawthorn Hawks v Brisbane Lions,Hawthorn Hawks,Brisbane Lions,Player Disposals,Ty Gallop,Brisbane Lions,14.5,4.4,NA,Pointsbet,Hawthorn Hawks,2886585,115261916,1029,NA
Hawthorn Hawks v Brisbane Lions,Hawthorn Hawks,Brisbane Lions,Player Disposals,Ty Gallop,Brisbane Lions,15.5,5.75,NA,Pointsbet,Hawthorn Hawks,2886585,115261916,1030,NA
Hawthorn Hawks v Brisbane Lions,Hawthorn Hawks,Brisbane Lions,Player Disposals,Ty Gallop,Brisbane Lions,16.5,7.5,NA,Pointsbet,Hawthorn Hawks,2886585,115261916,1031,NA
Hawthorn Hawks v Brisbane Lions,Hawthorn Hawks,Brisbane Lions,Player Disposals,Ty Gallop,Brisbane Lions,17.5,10,NA,Pointsbet,Hawthorn Hawks,2886585,115261916,1032,NA
Hawthorn Hawks v Brisbane Lions,Hawthorn Hawks,Brisbane Lions,Player Disposals,Ty Gallop,Brisbane Lions,18.5,13,NA,Pointsbet,Hawthorn Hawks,2886585,115261916,1033,NA
Hawthorn Hawks v Brisbane Lions,Hawthorn Hawks,Brisbane Lions,Player Disposals,Ty Gallop,Brisbane Lions,19.5,19,NA,Pointsbet,Hawthorn Hawks,2886585,115261916,1034,NA
Hawthorn Hawks v Brisbane Lions,Hawthorn Hawks,Brisbane Lions,Player Disposals,Ty Gallop,Brisbane Lions,20.5,26,NA,Pointsbet,Hawthorn Hawks,2886585,115261916,1035,NA
Hawthorn Hawks v Brisbane Lions,Hawthorn Hawks,Brisbane Lions,Player Disposals,Dayne Zorko,Brisbane Lions,17.5,1.04,NA,Pointsbet,Hawthorn Hawks,2886585,115261916,1063,NA
Hawthorn Hawks v Brisbane Lions,Hawthorn Hawks,Brisbane Lions,Player Disposals,Dayne Zorko,Brisbane Lions,18.5,1.07,NA,Pointsbet,Hawthorn Hawks,2886585,115261916,1064,NA
Hawthorn Hawks v Brisbane Lions,Hawthorn Hawks,Brisbane Lions,Player Disposals,Dayne Zorko,Brisbane Lions,19.5,1.13,NA,Pointsbet,Hawthorn Hawks,2886585,115261916,1065,NA
Hawthorn Hawks v Brisbane Lions,Hawthorn Hawks,Brisbane Lions,Player Disposals,Dayne Zorko,Brisbane Lions,20.5,1.18,NA,Pointsbet,Hawthorn Hawks,2886585,115261916,1066,NA
Hawthorn Hawks v Brisbane Lions,Hawthorn Hawks,Brisbane Lions,Player Disposals,Dayne Zorko,Brisbane Lions,21.5,1.27,NA,Pointsbet,Hawthorn Hawks,2886585,115261916,1067,NA
Hawthorn Hawks v Brisbane Lions,Hawthorn Hawks,Brisbane Lions,Player Disposals,Dayne Zorko,Brisbane Lions,22.5,1.36,NA,Pointsbet,Hawthorn Hawks,2886585,115261916,1068,NA
Hawthorn Hawks v Brisbane Lions,Hawthorn Hawks,Brisbane Lions,Player Disposals,Dayne Zorko,Brisbane Lions,23.5,1.5,NA,Pointsbet,Hawthorn Hawks,2886585,115261916,1069,NA
Hawthorn Hawks v Brisbane Lions,Hawthorn Hawks,Brisbane Lions,Player Disposals,Dayne Zorko,Brisbane Lions,24.5,1.67,NA,Pointsbet,Hawthorn Hawks,2886585,115261916,1070,NA
Hawthorn Hawks v Brisbane Lions,Hawthorn Hawks,Brisbane Lions,Player Disposals,Dayne Zorko,Brisbane Lions,25.5,1.88,NA,Pointsbet,Hawthorn Hawks,2886585,115261916,1071,NA
Hawthorn Hawks v Brisbane Lions,Hawthorn Hawks,Brisbane Lions,Player Disposals,Dayne Zorko,Brisbane Lions,26.5,2.15,NA,Pointsbet,Hawthorn Hawks,2886585,115261916,1072,NA
Hawthorn Hawks v Brisbane Lions,Hawthorn Hawks,Brisbane Lions,Player Disposals,Dayne Zorko,Brisbane Lions,27.5,2.5,NA,Pointsbet,Hawthorn Hawks,2886585,115261916,1073,NA
Hawthorn Hawks v Brisbane Lions,Hawthorn Hawks,Brisbane Lions,Player Disposals,Dayne Zorko,Brisbane Lions,28.5,2.9,NA,Pointsbet,Hawthorn Hawks,2886585,115261916,1074,NA
Hawthorn Hawks v Brisbane Lions,Hawthorn Hawks,Brisbane Lions,Player Disposals,Dayne Zorko,Brisbane Lions,29.5,3.4,NA,Pointsbet,Hawthorn Hawks,2886585,115261916,1075,NA
Hawthorn Hawks v Brisbane Lions,Hawthorn Hawks,Brisbane Lions,Player Disposals,Dayne Zorko,Brisbane Lions,30.5,4,NA,Pointsbet,Hawthorn Hawks,2886585,115261916,1076,NA
Hawthorn Hawks v Brisbane Lions,Hawthorn Hawks,Brisbane Lions,Player Disposals,Dayne Zorko,Brisbane Lions,31.5,4.75,NA,Pointsbet,Hawthorn Hawks,2886585,115261916,1077,NA
Hawthorn Hawks v Brisbane Lions,Hawthorn Hawks,Brisbane Lions,Player Disposals,Dayne Zorko,Brisbane Lions,32.5,5.5,NA,Pointsbet,Hawthorn Hawks,2886585,115261916,1078,NA
Hawthorn Hawks v Brisbane Lions,Hawthorn Hawks,Brisbane Lions,Player Disposals,Dayne Zorko,Brisbane Lions,33.5,7,NA,Pointsbet,Hawthorn Hawks,2886585,115261916,1079,NA
Hawthorn Hawks v Brisbane Lions,Hawthorn Hawks,Brisbane Lions,Player Disposals,Dayne Zorko,Brisbane Lions,34.5,8.5,NA,Pointsbet,Hawthorn Hawks,2886585,115261916,1080,NA
Hawthorn Hawks v Brisbane Lions,Hawthorn Hawks,Brisbane Lions,Player Disposals,Dayne Zorko,Brisbane Lions,35.5,10.5,NA,Pointsbet,Hawthorn Hawks,2886585,115261916,1081,NA
Hawthorn Hawks v Brisbane Lions,Hawthorn Hawks,Brisbane Lions,Player Disposals,Dayne Zorko,Brisbane Lions,36.5,13,NA,Pointsbet,Hawthorn Hawks,2886585,115261916,1082,NA
Hawthorn Hawks v Brisbane Lions,Hawthorn Hawks,Brisbane Lions,Player Disposals,Dayne Zorko,Brisbane Lions,37.5,17,NA,Pointsbet,Hawthorn Hawks,2886585,115261916,1083,NA
Hawthorn Hawks v Brisbane Lions,Hawthorn Hawks,Brisbane Lions,Player Disposals,Dayne Zorko,Brisbane Lions,38.5,21,NA,Pointsbet,Hawthorn Hawks,2886585,115261916,1084,NA
Hawthorn Hawks v Brisbane Lions,Hawthorn Hawks,Brisbane Lions,Player Disposals,Dayne Zorko,Brisbane Lions,39.5,29,NA,Pointsbet,Hawthorn Hawks,2886585,115261916,1085,NA
Hawthorn Hawks v Brisbane Lions,Hawthorn Hawks,Brisbane Lions,Player Disposals,Ryan Lester,Brisbane Lions,9.5,1.04,NA,Pointsbet,Hawthorn Hawks,2886585,115261916,1086,NA
Hawthorn Hawks v Brisbane Lions,Hawthorn Hawks,Brisbane Lions,Player Disposals,Ryan Lester,Brisbane Lions,10.5,1.09,NA,Pointsbet,Hawthorn Hawks,2886585,115261916,1087,NA
Hawthorn Hawks v Brisbane Lions,Hawthorn Hawks,Brisbane Lions,Player Disposals,Ryan Lester,Brisbane Lions,11.5,1.19,NA,Pointsbet,Hawthorn Hawks,2886585,115261916,1088,NA
Hawthorn Hawks v Brisbane Lions,Hawthorn Hawks,Brisbane Lions,Player Disposals,Ryan Lester,Brisbane Lions,12.5,1.33,NA,Pointsbet,Hawthorn Hawks,2886585,115261916,1089,NA
Hawthorn Hawks v Brisbane Lions,Hawthorn Hawks,Brisbane Lions,Player Disposals,Ryan Lester,Brisbane Lions,13.5,1.5,NA,Pointsbet,Hawthorn Hawks,2886585,115261916,1090,NA
Hawthorn Hawks v Brisbane Lions,Hawthorn Hawks,Brisbane Lions,Player Disposals,Ryan Lester,Brisbane Lions,14.5,1.74,NA,Pointsbet,Hawthorn Hawks,2886585,115261916,1091,NA
Hawthorn Hawks v Brisbane Lions,Hawthorn Hawks,Brisbane Lions,Player Disposals,Ryan Lester,Brisbane Lions,15.5,2.05,NA,Pointsbet,Hawthorn Hawks,2886585,115261916,1092,NA
Hawthorn Hawks v Brisbane Lions,Hawthorn Hawks,Brisbane Lions,Player Disposals,Ryan Lester,Brisbane Lions,16.5,2.5,NA,Pointsbet,Hawthorn Hawks,2886585,115261916,1093,NA
Hawthorn Hawks v Brisbane Lions,Hawthorn Hawks,Brisbane Lions,Player Disposals,Ryan Lester,Brisbane Lions,17.5,2.9,NA,Pointsbet,Hawthorn Hawks,2886585,115261916,1094,NA
Hawthorn Hawks v Brisbane Lions,Hawthorn Hawks,Brisbane Lions,Player Disposals,Ryan Lester,Brisbane Lions,18.5,3.6,NA,Pointsbet,Hawthorn Hawks,2886585,115261916,1095,NA
Hawthorn Hawks v Brisbane Lions,Hawthorn Hawks,Brisbane Lions,Player Disposals,Ryan Lester,Brisbane Lions,19.5,4.2,NA,Pointsbet,Hawthorn Hawks,2886585,115261916,1096,NA
Hawthorn Hawks v Brisbane Lions,Hawthorn Hawks,Brisbane Lions,Player Disposals,Ryan Lester,Brisbane Lions,20.5,5.25,NA,Pointsbet,Hawthorn Hawks,2886585,115261916,1097,NA
Hawthorn Hawks v Brisbane Lions,Hawthorn Hawks,Brisbane Lions,Player Disposals,Ryan Lester,Brisbane Lions,21.5,6.5,NA,Pointsbet,Hawthorn Hawks,2886585,115261916,1098,NA
Hawthorn Hawks v Brisbane Lions,Hawthorn Hawks,Brisbane Lions,Player Disposals,Ryan Lester,Brisbane Lions,22.5,8,NA,Pointsbet,Hawthorn Hawks,2886585,115261916,1099,NA
Hawthorn Hawks v Brisbane Lions,Hawthorn Hawks,Brisbane Lions,Player Disposals,Ryan Lester,Brisbane Lions,23.5,10.5,NA,Pointsbet,Hawthorn Hawks,2886585,115261916,1100,NA
Hawthorn Hawks v Brisbane Lions,Hawthorn Hawks,Brisbane Lions,Player Disposals,Ryan Lester,Brisbane Lions,24.5,13,NA,Pointsbet,Hawthorn Hawks,2886585,115261916,1101,NA
Hawthorn Hawks v Brisbane Lions,Hawthorn Hawks,Brisbane Lions,Player Disposals,Ryan Lester,Brisbane Lions,25.5,17,NA,Pointsbet,Hawthorn Hawks,2886585,115261916,1102,NA
Hawthorn Hawks v Brisbane Lions,Hawthorn Hawks,Brisbane Lions,Player Disposals,Ryan Lester,Brisbane Lions,26.5,23,NA,Pointsbet,Hawthorn Hawks,2886585,115261916,1103,NA
Hawthorn Hawks v Brisbane Lions,Hawthorn Hawks,Brisbane Lions,Player Disposals,Lachie Neale,Brisbane Lions,18.5,1.05,NA,Pointsbet,Hawthorn Hawks,2886585,115261916,1126,NA
Hawthorn Hawks v Brisbane Lions,Hawthorn Hawks,Brisbane Lions,Player Disposals,Lachie Neale,Brisbane Lions,19.5,1.08,NA,Pointsbet,Hawthorn Hawks,2886585,115261916,1127,NA
Hawthorn Hawks v Brisbane Lions,Hawthorn Hawks,Brisbane Lions,Player Disposals,Lachie Neale,Brisbane Lions,20.5,1.13,NA,Pointsbet,Hawthorn Hawks,2886585,115261916,1128,NA
Hawthorn Hawks v Brisbane Lions,Hawthorn Hawks,Brisbane Lions,Player Disposals,Lachie Neale,Brisbane Lions,21.5,1.19,NA,Pointsbet,Hawthorn Hawks,2886585,115261916,1129,NA
Hawthorn Hawks v Brisbane Lions,Hawthorn Hawks,Brisbane Lions,Player Disposals,Lachie Neale,Brisbane Lions,22.5,1.27,NA,Pointsbet,Hawthorn Hawks,2886585,115261916,1130,NA
Hawthorn Hawks v Brisbane Lions,Hawthorn Hawks,Brisbane Lions,Player Disposals,Lachie Neale,Brisbane Lions,23.5,1.4,NA,Pointsbet,Hawthorn Hawks,2886585,115261916,1131,NA
Hawthorn Hawks v Brisbane Lions,Hawthorn Hawks,Brisbane Lions,Player Disposals,Lachie Neale,Brisbane Lions,24.5,1.5,NA,Pointsbet,Hawthorn Hawks,2886585,115261916,1132,NA
Hawthorn Hawks v Brisbane Lions,Hawthorn Hawks,Brisbane Lions,Player Disposals,Lachie Neale,Brisbane Lions,25.5,1.69,NA,Pointsbet,Hawthorn Hawks,2886585,115261916,1133,NA
Hawthorn Hawks v Brisbane Lions,Hawthorn Hawks,Brisbane Lions,Player Disposals,Lachie Neale,Brisbane Lions,26.5,1.9,NA,Pointsbet,Hawthorn Hawks,2886585,115261916,1134,NA
Hawthorn Hawks v Brisbane Lions,Hawthorn Hawks,Brisbane Lions,Player Disposals,Lachie Neale,Brisbane Lions,27.5,2.15,NA,Pointsbet,Hawthorn Hawks,2886585,115261916,1135,NA
Hawthorn Hawks v Brisbane Lions,Hawthorn Hawks,Brisbane Lions,Player Disposals,Lachie Neale,Brisbane Lions,28.5,2.5,NA,Pointsbet,Hawthorn Hawks,2886585,115261916,1136,NA
Hawthorn Hawks v Brisbane Lions,Hawthorn Hawks,Brisbane Lions,Player Disposals,Lachie Neale,Brisbane Lions,29.5,2.85,NA,Pointsbet,Hawthorn Hawks,2886585,115261916,1137,NA
Hawthorn Hawks v Brisbane Lions,Hawthorn Hawks,Brisbane Lions,Player Disposals,Lachie Neale,Brisbane Lions,30.5,3.3,NA,Pointsbet,Hawthorn Hawks,2886585,115261916,1138,NA
Hawthorn Hawks v Brisbane Lions,Hawthorn Hawks,Brisbane Lions,Player Disposals,Lachie Neale,Brisbane Lions,31.5,4,NA,Pointsbet,Hawthorn Hawks,2886585,115261916,1139,NA
Hawthorn Hawks v Brisbane Lions,Hawthorn Hawks,Brisbane Lions,Player Disposals,Lachie Neale,Brisbane Lions,32.5,4.75,NA,Pointsbet,Hawthorn Hawks,2886585,115261916,1140,NA
Hawthorn Hawks v Brisbane Lions,Hawthorn Hawks,Brisbane Lions,Player Disposals,Lachie Neale,Brisbane Lions,33.5,5.5,NA,Pointsbet,Hawthorn Hawks,2886585,115261916,1141,NA
Hawthorn Hawks v Brisbane Lions,Hawthorn Hawks,Brisbane Lions,Player Disposals,Lachie Neale,Brisbane Lions,34.5,6.5,NA,Pointsbet,Hawthorn Hawks,2886585,115261916,1142,NA
Hawthorn Hawks v Brisbane Lions,Hawthorn Hawks,Brisbane Lions,Player Disposals,Lachie Neale,Brisbane Lions,35.5,8,NA,Pointsbet,Hawthorn Hawks,2886585,115261916,1143,NA
Hawthorn Hawks v Brisbane Lions,Hawthorn Hawks,Brisbane Lions,Player Disposals,Lachie Neale,Brisbane Lions,36.5,10.5,NA,Pointsbet,Hawthorn Hawks,2886585,115261916,1144,NA
Hawthorn Hawks v Brisbane Lions,Hawthorn Hawks,Brisbane Lions,Player Disposals,Lachie Neale,Brisbane Lions,37.5,13,NA,Pointsbet,Hawthorn Hawks,2886585,115261916,1145,NA
Hawthorn Hawks v Brisbane Lions,Hawthorn Hawks,Brisbane Lions,Player Disposals,Lachie Neale,Brisbane Lions,38.5,16,NA,Pointsbet,Hawthorn Hawks,2886585,115261916,1146,NA
Hawthorn Hawks v Brisbane Lions,Hawthorn Hawks,Brisbane Lions,Player Disposals,Lachie Neale,Brisbane Lions,39.5,20,NA,Pointsbet,Hawthorn Hawks,2886585,115261916,1147,NA
Hawthorn Hawks v Brisbane Lions,Hawthorn Hawks,Brisbane Lions,Player Disposals,Darcy Gardiner,Brisbane Lions,9.5,1.56,NA,Pointsbet,Hawthorn Hawks,2886585,115261916,1148,NA
Hawthorn Hawks v Brisbane Lions,Hawthorn Hawks,Brisbane Lions,Player Disposals,Darcy Gardiner,Brisbane Lions,10.5,1.88,NA,Pointsbet,Hawthorn Hawks,2886585,115261916,1149,NA
Hawthorn Hawks v Brisbane Lions,Hawthorn Hawks,Brisbane Lions,Player Disposals,Darcy Gardiner,Brisbane Lions,11.5,2.25,NA,Pointsbet,Hawthorn Hawks,2886585,115261916,1150,NA
Hawthorn Hawks v Brisbane Lions,Hawthorn Hawks,Brisbane Lions,Player Disposals,Darcy Gardiner,Brisbane Lions,12.5,2.85,NA,Pointsbet,Hawthorn Hawks,2886585,115261916,1151,NA
Hawthorn Hawks v Brisbane Lions,Hawthorn Hawks,Brisbane Lions,Player Disposals,Darcy Gardiner,Brisbane Lions,13.5,3.4,NA,Pointsbet,Hawthorn Hawks,2886585,115261916,1152,NA
Hawthorn Hawks v Brisbane Lions,Hawthorn Hawks,Brisbane Lions,Player Disposals,Darcy Gardiner,Brisbane Lions,14.5,4.4,NA,Pointsbet,Hawthorn Hawks,2886585,115261916,1153,NA
Hawthorn Hawks v Brisbane Lions,Hawthorn Hawks,Brisbane Lions,Player Disposals,Darcy Gardiner,Brisbane Lions,15.5,5.5,NA,Pointsbet,Hawthorn Hawks,2886585,115261916,1154,NA
Hawthorn Hawks v Brisbane Lions,Hawthorn Hawks,Brisbane Lions,Player Disposals,Darcy Gardiner,Brisbane Lions,16.5,7.5,NA,Pointsbet,Hawthorn Hawks,2886585,115261916,1155,NA
Hawthorn Hawks v Brisbane Lions,Hawthorn Hawks,Brisbane Lions,Player Disposals,Darcy Gardiner,Brisbane Lions,17.5,10,NA,Pointsbet,Hawthorn Hawks,2886585,115261916,1156,NA
Hawthorn Hawks v Brisbane Lions,Hawthorn Hawks,Brisbane Lions,Player Disposals,Darcy Gardiner,Brisbane Lions,18.5,13,NA,Pointsbet,Hawthorn Hawks,2886585,115261916,1157,NA
Hawthorn Hawks v Brisbane Lions,Hawthorn Hawks,Brisbane Lions,Player Disposals,Darcy Gardiner,Brisbane Lions,19.5,19,NA,Pointsbet,Hawthorn Hawks,2886585,115261916,1158,NA
Hawthorn Hawks v Brisbane Lions,Hawthorn Hawks,Brisbane Lions,Player Disposals,Darcy Gardiner,Brisbane Lions,20.5,26,NA,Pointsbet,Hawthorn Hawks,2886585,115261916,1159,NA
Hawthorn Hawks v Brisbane Lions,Hawthorn Hawks,Brisbane Lions,Player Disposals,Darcy Fort,Brisbane Lions,9.5,1.56,NA,Pointsbet,Hawthorn Hawks,2886585,115261916,1179,NA
Hawthorn Hawks v Brisbane Lions,Hawthorn Hawks,Brisbane Lions,Player Disposals,Darcy Fort,Brisbane Lions,10.5,1.88,NA,Pointsbet,Hawthorn Hawks,2886585,115261916,1180,NA
Hawthorn Hawks v Brisbane Lions,Hawthorn Hawks,Brisbane Lions,Player Disposals,Darcy Fort,Brisbane Lions,11.5,2.3,NA,Pointsbet,Hawthorn Hawks,2886585,115261916,1181,NA
Hawthorn Hawks v Brisbane Lions,Hawthorn Hawks,Brisbane Lions,Player Disposals,Darcy Fort,Brisbane Lions,12.5,2.85,NA,Pointsbet,Hawthorn Hawks,2886585,115261916,1182,NA
Hawthorn Hawks v Brisbane Lions,Hawthorn Hawks,Brisbane Lions,Player Disposals,Darcy Fort,Brisbane Lions,13.5,3.6,NA,Pointsbet,Hawthorn Hawks,2886585,115261916,1183,NA
Hawthorn Hawks v Brisbane Lions,Hawthorn Hawks,Brisbane Lions,Player Disposals,Darcy Fort,Brisbane Lions,14.5,4.5,NA,Pointsbet,Hawthorn Hawks,2886585,115261916,1184,NA
Hawthorn Hawks v Brisbane Lions,Hawthorn Hawks,Brisbane Lions,Player Disposals,Darcy Fort,Brisbane Lions,15.5,6,NA,Pointsbet,Hawthorn Hawks,2886585,115261916,1185,NA
Hawthorn Hawks v Brisbane Lions,Hawthorn Hawks,Brisbane Lions,Player Disposals,Darcy Fort,Brisbane Lions,16.5,8,NA,Pointsbet,Hawthorn Hawks,2886585,115261916,1186,NA
Hawthorn Hawks v Brisbane Lions,Hawthorn Hawks,Brisbane Lions,Player Disposals,Darcy Fort,Brisbane Lions,17.5,10.5,NA,Pointsbet,Hawthorn Hawks,2886585,115261916,1187,NA
Hawthorn Hawks v Brisbane Lions,Hawthorn Hawks,Brisbane Lions,Player Disposals,Darcy Fort,Brisbane Lions,18.5,15,NA,Pointsbet,Hawthorn Hawks,2886585,115261916,1188,NA
Hawthorn Hawks v Brisbane Lions,Hawthorn Hawks,Brisbane Lions,Player Disposals,Darcy Fort,Brisbane Lions,19.5,20,NA,Pointsbet,Hawthorn Hawks,2886585,115261916,1189,NA
Hawthorn Hawks v Brisbane Lions,Hawthorn Hawks,Brisbane Lions,Player Disposals,Darcy Fort,Brisbane Lions,20.5,29,NA,Pointsbet,Hawthorn Hawks,2886585,115261916,1190,NA
Hawthorn Hawks v Brisbane Lions,Hawthorn Hawks,Brisbane Lions,Player Disposals,Charlie Cameron,Brisbane Lions,9.5,1.56,NA,Pointsbet,Hawthorn Hawks,2886585,115261916,1210,NA
Hawthorn Hawks v Brisbane Lions,Hawthorn Hawks,Brisbane Lions,Player Disposals,Charlie Cameron,Brisbane Lions,10.5,1.88,NA,Pointsbet,Hawthorn Hawks,2886585,115261916,1211,NA
Hawthorn Hawks v Brisbane Lions,Hawthorn Hawks,Brisbane Lions,Player Disposals,Charlie Cameron,Brisbane Lions,11.5,2.25,NA,Pointsbet,Hawthorn Hawks,2886585,115261916,1212,NA
Hawthorn Hawks v Brisbane Lions,Hawthorn Hawks,Brisbane Lions,Player Disposals,Charlie Cameron,Brisbane Lions,12.5,2.75,NA,Pointsbet,Hawthorn Hawks,2886585,115261916,1213,NA
Hawthorn Hawks v Brisbane Lions,Hawthorn Hawks,Brisbane Lions,Player Disposals,Charlie Cameron,Brisbane Lions,13.5,3.4,NA,Pointsbet,Hawthorn Hawks,2886585,115261916,1214,NA
Hawthorn Hawks v Brisbane Lions,Hawthorn Hawks,Brisbane Lions,Player Disposals,Charlie Cameron,Brisbane Lions,14.5,4.4,NA,Pointsbet,Hawthorn Hawks,2886585,115261916,1215,NA
Hawthorn Hawks v Brisbane Lions,Hawthorn Hawks,Brisbane Lions,Player Disposals,Charlie Cameron,Brisbane Lions,15.5,5.75,NA,Pointsbet,Hawthorn Hawks,2886585,115261916,1216,NA
Hawthorn Hawks v Brisbane Lions,Hawthorn Hawks,Brisbane Lions,Player Disposals,Charlie Cameron,Brisbane Lions,16.5,7.5,NA,Pointsbet,Hawthorn Hawks,2886585,115261916,1217,NA
Hawthorn Hawks v Brisbane Lions,Hawthorn Hawks,Brisbane Lions,Player Disposals,Charlie Cameron,Brisbane Lions,17.5,10,NA,Pointsbet,Hawthorn Hawks,2886585,115261916,1218,NA
Hawthorn Hawks v Brisbane Lions,Hawthorn Hawks,Brisbane Lions,Player Disposals,Charlie Cameron,Brisbane Lions,18.5,13,NA,Pointsbet,Hawthorn Hawks,2886585,115261916,1219,NA
Hawthorn Hawks v Brisbane Lions,Hawthorn Hawks,Brisbane Lions,Player Disposals,Charlie Cameron,Brisbane Lions,19.5,19,NA,Pointsbet,Hawthorn Hawks,2886585,115261916,1220,NA
Hawthorn Hawks v Brisbane Lions,Hawthorn Hawks,Brisbane Lions,Player Disposals,Charlie Cameron,Brisbane Lions,20.5,26,NA,Pointsbet,Hawthorn Hawks,2886585,115261916,1221,NA
Hawthorn Hawks v Brisbane Lions,Hawthorn Hawks,Brisbane Lions,Player Disposals,Josh Dunkley,Brisbane Lions,15.5,1.06,NA,Pointsbet,Hawthorn Hawks,2886585,115261916,1247,NA
Hawthorn Hawks v Brisbane Lions,Hawthorn Hawks,Brisbane Lions,Player Disposals,Josh Dunkley,Brisbane Lions,16.5,1.1,NA,Pointsbet,Hawthorn Hawks,2886585,115261916,1248,NA
Hawthorn Hawks v Brisbane Lions,Hawthorn Hawks,Brisbane Lions,Player Disposals,Josh Dunkley,Brisbane Lions,17.5,1.16,NA,Pointsbet,Hawthorn Hawks,2886585,115261916,1249,NA
Hawthorn Hawks v Brisbane Lions,Hawthorn Hawks,Brisbane Lions,Player Disposals,Josh Dunkley,Brisbane Lions,18.5,1.24,NA,Pointsbet,Hawthorn Hawks,2886585,115261916,1250,NA
Hawthorn Hawks v Brisbane Lions,Hawthorn Hawks,Brisbane Lions,Player Disposals,Josh Dunkley,Brisbane Lions,19.5,1.36,NA,Pointsbet,Hawthorn Hawks,2886585,115261916,1251,NA
Hawthorn Hawks v Brisbane Lions,Hawthorn Hawks,Brisbane Lions,Player Disposals,Josh Dunkley,Brisbane Lions,20.5,1.48,NA,Pointsbet,Hawthorn Hawks,2886585,115261916,1252,NA
Hawthorn Hawks v Brisbane Lions,Hawthorn Hawks,Brisbane Lions,Player Disposals,Josh Dunkley,Brisbane Lions,21.5,1.65,NA,Pointsbet,Hawthorn Hawks,2886585,115261916,1253,NA
Hawthorn Hawks v Brisbane Lions,Hawthorn Hawks,Brisbane Lions,Player Disposals,Josh Dunkley,Brisbane Lions,22.5,1.88,NA,Pointsbet,Hawthorn Hawks,2886585,115261916,1254,NA
Hawthorn Hawks v Brisbane Lions,Hawthorn Hawks,Brisbane Lions,Player Disposals,Josh Dunkley,Brisbane Lions,23.5,2.15,NA,Pointsbet,Hawthorn Hawks,2886585,115261916,1255,NA
Hawthorn Hawks v Brisbane Lions,Hawthorn Hawks,Brisbane Lions,Player Disposals,Josh Dunkley,Brisbane Lions,24.5,2.5,NA,Pointsbet,Hawthorn Hawks,2886585,115261916,1256,NA
Hawthorn Hawks v Brisbane Lions,Hawthorn Hawks,Brisbane Lions,Player Disposals,Josh Dunkley,Brisbane Lions,25.5,2.9,NA,Pointsbet,Hawthorn Hawks,2886585,115261916,1257,NA
Hawthorn Hawks v Brisbane Lions,Hawthorn Hawks,Brisbane Lions,Player Disposals,Josh Dunkley,Brisbane Lions,26.5,3.4,NA,Pointsbet,Hawthorn Hawks,2886585,115261916,1258,NA
Hawthorn Hawks v Brisbane Lions,Hawthorn Hawks,Brisbane Lions,Player Disposals,Josh Dunkley,Brisbane Lions,27.5,4,NA,Pointsbet,Hawthorn Hawks,2886585,115261916,1259,NA
Hawthorn Hawks v Brisbane Lions,Hawthorn Hawks,Brisbane Lions,Player Disposals,Josh Dunkley,Brisbane Lions,28.5,4.75,NA,Pointsbet,Hawthorn Hawks,2886585,115261916,1260,NA
Hawthorn Hawks v Brisbane Lions,Hawthorn Hawks,Brisbane Lions,Player Disposals,Josh Dunkley,Brisbane Lions,29.5,5.75,NA,Pointsbet,Hawthorn Hawks,2886585,115261916,1261,NA
Hawthorn Hawks v Brisbane Lions,Hawthorn Hawks,Brisbane Lions,Player Disposals,Josh Dunkley,Brisbane Lions,30.5,7,NA,Pointsbet,Hawthorn Hawks,2886585,115261916,1262,NA
Hawthorn Hawks v Brisbane Lions,Hawthorn Hawks,Brisbane Lions,Player Disposals,Josh Dunkley,Brisbane Lions,31.5,8.5,NA,Pointsbet,Hawthorn Hawks,2886585,115261916,1263,NA
Hawthorn Hawks v Brisbane Lions,Hawthorn Hawks,Brisbane Lions,Player Disposals,Josh Dunkley,Brisbane Lions,32.5,11,NA,Pointsbet,Hawthorn Hawks,2886585,115261916,1264,NA
Hawthorn Hawks v Brisbane Lions,Hawthorn Hawks,Brisbane Lions,Player Disposals,Josh Dunkley,Brisbane Lions,33.5,15,NA,Pointsbet,Hawthorn Hawks,2886585,115261916,1265,NA
Hawthorn Hawks v Brisbane Lions,Hawthorn Hawks,Brisbane Lions,Player Disposals,Josh Dunkley,Brisbane Lions,34.5,17,NA,Pointsbet,Hawthorn Hawks,2886585,115261916,1266,NA
Hawthorn Hawks v Brisbane Lions,Hawthorn Hawks,Brisbane Lions,Player Disposals,Josh Dunkley,Brisbane Lions,35.5,23,NA,Pointsbet,Hawthorn Hawks,2886585,115261916,1267,NA
Hawthorn Hawks v Brisbane Lions,Hawthorn Hawks,Brisbane Lions,Player Disposals,Josh Dunkley,Brisbane Lions,36.5,29,NA,Pointsbet,Hawthorn Hawks,2886585,115261916,1268,NA
Hawthorn Hawks v Brisbane Lions,Hawthorn Hawks,Brisbane Lions,Player Disposals,Eric Hipwood,Brisbane Lions,9.5,1.59,NA,Pointsbet,Hawthorn Hawks,2886585,115261916,1272,NA
Hawthorn Hawks v Brisbane Lions,Hawthorn Hawks,Brisbane Lions,Player Disposals,Eric Hipwood,Brisbane Lions,10.5,1.9,NA,Pointsbet,Hawthorn Hawks,2886585,115261916,1273,NA
Hawthorn Hawks v Brisbane Lions,Hawthorn Hawks,Brisbane Lions,Player Disposals,Eric Hipwood,Brisbane Lions,11.5,2.3,NA,Pointsbet,Hawthorn Hawks,2886585,115261916,1274,NA
Hawthorn Hawks v Brisbane Lions,Hawthorn Hawks,Brisbane Lions,Player Disposals,Eric Hipwood,Brisbane Lions,12.5,2.9,NA,Pointsbet,Hawthorn Hawks,2886585,115261916,1275,NA
Hawthorn Hawks v Brisbane Lions,Hawthorn Hawks,Brisbane Lions,Player Disposals,Eric Hipwood,Brisbane Lions,13.5,3.6,NA,Pointsbet,Hawthorn Hawks,2886585,115261916,1276,NA
Hawthorn Hawks v Brisbane Lions,Hawthorn Hawks,Brisbane Lions,Player Disposals,Eric Hipwood,Brisbane Lions,14.5,4.5,NA,Pointsbet,Hawthorn Hawks,2886585,115261916,1277,NA
Hawthorn Hawks v Brisbane Lions,Hawthorn Hawks,Brisbane Lions,Player Disposals,Eric Hipwood,Brisbane Lions,15.5,5.75,NA,Pointsbet,Hawthorn Hawks,2886585,115261916,1278,NA
Hawthorn Hawks v Brisbane Lions,Hawthorn Hawks,Brisbane Lions,Player Disposals,Eric Hipwood,Brisbane Lions,16.5,7.5,NA,Pointsbet,Hawthorn Hawks,2886585,115261916,1279,NA
Hawthorn Hawks v Brisbane Lions,Hawthorn Hawks,Brisbane Lions,Player Disposals,Eric Hipwood,Brisbane Lions,17.5,10,NA,Pointsbet,Hawthorn Hawks,2886585,115261916,1280,NA
Hawthorn Hawks v Brisbane Lions,Hawthorn Hawks,Brisbane Lions,Player Disposals,Eric Hipwood,Brisbane Lions,18.5,13,NA,Pointsbet,Hawthorn Hawks,2886585,115261916,1281,NA
Hawthorn Hawks v Brisbane Lions,Hawthorn Hawks,Brisbane Lions,Player Disposals,Eric Hipwood,Brisbane Lions,19.5,20,NA,Pointsbet,Hawthorn Hawks,2886585,115261916,1282,NA
Hawthorn Hawks v Brisbane Lions,Hawthorn Hawks,Brisbane Lions,Player Disposals,Eric Hipwood,Brisbane Lions,20.5,29,NA,Pointsbet,Hawthorn Hawks,2886585,115261916,1283,NA
Hawthorn Hawks v Brisbane Lions,Hawthorn Hawks,Brisbane Lions,Player Disposals,Harris Andrews,Brisbane Lions,9.5,1.11,NA,Pointsbet,Hawthorn Hawks,2886585,115261916,1303,NA
Hawthorn Hawks v Brisbane Lions,Hawthorn Hawks,Brisbane Lions,Player Disposals,Harris Andrews,Brisbane Lions,10.5,1.24,NA,Pointsbet,Hawthorn Hawks,2886585,115261916,1304,NA
Hawthorn Hawks v Brisbane Lions,Hawthorn Hawks,Brisbane Lions,Player Disposals,Harris Andrews,Brisbane Lions,11.5,1.4,NA,Pointsbet,Hawthorn Hawks,2886585,115261916,1305,NA
Hawthorn Hawks v Brisbane Lions,Hawthorn Hawks,Brisbane Lions,Player Disposals,Harris Andrews,Brisbane Lions,12.5,1.59,NA,Pointsbet,Hawthorn Hawks,2886585,115261916,1306,NA
Hawthorn Hawks v Brisbane Lions,Hawthorn Hawks,Brisbane Lions,Player Disposals,Harris Andrews,Brisbane Lions,13.5,1.88,NA,Pointsbet,Hawthorn Hawks,2886585,115261916,1307,NA
Hawthorn Hawks v Brisbane Lions,Hawthorn Hawks,Brisbane Lions,Player Disposals,Harris Andrews,Brisbane Lions,14.5,2.2,NA,Pointsbet,Hawthorn Hawks,2886585,115261916,1308,NA
Hawthorn Hawks v Brisbane Lions,Hawthorn Hawks,Brisbane Lions,Player Disposals,Harris Andrews,Brisbane Lions,15.5,2.6,NA,Pointsbet,Hawthorn Hawks,2886585,115261916,1309,NA
Hawthorn Hawks v Brisbane Lions,Hawthorn Hawks,Brisbane Lions,Player Disposals,Harris Andrews,Brisbane Lions,16.5,3.25,NA,Pointsbet,Hawthorn Hawks,2886585,115261916,1310,NA
Hawthorn Hawks v Brisbane Lions,Hawthorn Hawks,Brisbane Lions,Player Disposals,Harris Andrews,Brisbane Lions,17.5,4,NA,Pointsbet,Hawthorn Hawks,2886585,115261916,1311,NA
Hawthorn Hawks v Brisbane Lions,Hawthorn Hawks,Brisbane Lions,Player Disposals,Harris Andrews,Brisbane Lions,18.5,5,NA,Pointsbet,Hawthorn Hawks,2886585,115261916,1312,NA
Hawthorn Hawks v Brisbane Lions,Hawthorn Hawks,Brisbane Lions,Player Disposals,Harris Andrews,Brisbane Lions,19.5,6,NA,Pointsbet,Hawthorn Hawks,2886585,115261916,1313,NA
Hawthorn Hawks v Brisbane Lions,Hawthorn Hawks,Brisbane Lions,Player Disposals,Harris Andrews,Brisbane Lions,20.5,7.5,NA,Pointsbet,Hawthorn Hawks,2886585,115261916,1314,NA
Hawthorn Hawks v Brisbane Lions,Hawthorn Hawks,Brisbane Lions,Player Disposals,Harris Andrews,Brisbane Lions,21.5,9.5,NA,Pointsbet,Hawthorn Hawks,2886585,115261916,1315,NA
Hawthorn Hawks v Brisbane Lions,Hawthorn Hawks,Brisbane Lions,Player Disposals,Harris Andrews,Brisbane Lions,22.5,13,NA,Pointsbet,Hawthorn Hawks,2886585,115261916,1316,NA
Hawthorn Hawks v Brisbane Lions,Hawthorn Hawks,Brisbane Lions,Player Disposals,Harris Andrews,Brisbane Lions,23.5,17,NA,Pointsbet,Hawthorn Hawks,2886585,115261916,1317,NA
Hawthorn Hawks v Brisbane Lions,Hawthorn Hawks,Brisbane Lions,Player Disposals,Harris Andrews,Brisbane Lions,24.5,23,NA,Pointsbet,Hawthorn Hawks,2886585,115261916,1318,NA
Hawthorn Hawks v Brisbane Lions,Hawthorn Hawks,Brisbane Lions,Player Disposals,Harris Andrews,Brisbane Lions,25.5,31,NA,Pointsbet,Hawthorn Hawks,2886585,115261916,1319,NA
Hawthorn Hawks v Brisbane Lions,Hawthorn Hawks,Brisbane Lions,Player Disposals,Conor McKenna,Brisbane Lions,9.5,1.18,NA,Pointsbet,Hawthorn Hawks,2886585,115261916,1334,NA
Hawthorn Hawks v Brisbane Lions,Hawthorn Hawks,Brisbane Lions,Player Disposals,Conor McKenna,Brisbane Lions,10.5,1.33,NA,Pointsbet,Hawthorn Hawks,2886585,115261916,1335,NA
Hawthorn Hawks v Brisbane Lions,Hawthorn Hawks,Brisbane Lions,Player Disposals,Conor McKenna,Brisbane Lions,11.5,1.53,NA,Pointsbet,Hawthorn Hawks,2886585,115261916,1336,NA
Hawthorn Hawks v Brisbane Lions,Hawthorn Hawks,Brisbane Lions,Player Disposals,Conor McKenna,Brisbane Lions,12.5,1.8,NA,Pointsbet,Hawthorn Hawks,2886585,115261916,1337,NA
Hawthorn Hawks v Brisbane Lions,Hawthorn Hawks,Brisbane Lions,Player Disposals,Conor McKenna,Brisbane Lions,13.5,2.1,NA,Pointsbet,Hawthorn Hawks,2886585,115261916,1338,NA
Hawthorn Hawks v Brisbane Lions,Hawthorn Hawks,Brisbane Lions,Player Disposals,Conor McKenna,Brisbane Lions,14.5,2.55,NA,Pointsbet,Hawthorn Hawks,2886585,115261916,1339,NA
Hawthorn Hawks v Brisbane Lions,Hawthorn Hawks,Brisbane Lions,Player Disposals,Conor McKenna,Brisbane Lions,15.5,3.1,NA,Pointsbet,Hawthorn Hawks,2886585,115261916,1340,NA
Hawthorn Hawks v Brisbane Lions,Hawthorn Hawks,Brisbane Lions,Player Disposals,Conor McKenna,Brisbane Lions,16.5,3.9,NA,Pointsbet,Hawthorn Hawks,2886585,115261916,1341,NA
Hawthorn Hawks v Brisbane Lions,Hawthorn Hawks,Brisbane Lions,Player Disposals,Conor McKenna,Brisbane Lions,17.5,4.75,NA,Pointsbet,Hawthorn Hawks,2886585,115261916,1342,NA
Hawthorn Hawks v Brisbane Lions,Hawthorn Hawks,Brisbane Lions,Player Disposals,Conor McKenna,Brisbane Lions,18.5,6,NA,Pointsbet,Hawthorn Hawks,2886585,115261916,1343,NA
Hawthorn Hawks v Brisbane Lions,Hawthorn Hawks,Brisbane Lions,Player Disposals,Conor McKenna,Brisbane Lions,19.5,7.5,NA,Pointsbet,Hawthorn Hawks,2886585,115261916,1344,NA
Hawthorn Hawks v Brisbane Lions,Hawthorn Hawks,Brisbane Lions,Player Disposals,Conor McKenna,Brisbane Lions,20.5,9.5,NA,Pointsbet,Hawthorn Hawks,2886585,115261916,1345,NA
Hawthorn Hawks v Brisbane Lions,Hawthorn Hawks,Brisbane Lions,Player Disposals,Conor McKenna,Brisbane Lions,21.5,12,NA,Pointsbet,Hawthorn Hawks,2886585,115261916,1346,NA
Hawthorn Hawks v Brisbane Lions,Hawthorn Hawks,Brisbane Lions,Player Disposals,Conor McKenna,Brisbane Lions,22.5,16,NA,Pointsbet,Hawthorn Hawks,2886585,115261916,1347,NA
Hawthorn Hawks v Brisbane Lions,Hawthorn Hawks,Brisbane Lions,Player Disposals,Conor McKenna,Brisbane Lions,23.5,23,NA,Pointsbet,Hawthorn Hawks,2886585,115261916,1348,NA
Hawthorn Hawks v Brisbane Lions,Hawthorn Hawks,Brisbane Lions,Player Disposals,Conor McKenna,Brisbane Lions,24.5,31,NA,Pointsbet,Hawthorn Hawks,2886585,115261916,1349,NA
Hawthorn Hawks v Brisbane Lions,Hawthorn Hawks,Brisbane Lions,Player Disposals,Jarrod Berry,Brisbane Lions,13.5,1.07,NA,Pointsbet,Hawthorn Hawks,2886585,115261916,1369,NA
Hawthorn Hawks v Brisbane Lions,Hawthorn Hawks,Brisbane Lions,Player Disposals,Jarrod Berry,Brisbane Lions,14.5,1.13,NA,Pointsbet,Hawthorn Hawks,2886585,115261916,1370,NA
Hawthorn Hawks v Brisbane Lions,Hawthorn Hawks,Brisbane Lions,Player Disposals,Jarrod Berry,Brisbane Lions,15.5,1.19,NA,Pointsbet,Hawthorn Hawks,2886585,115261916,1371,NA
Hawthorn Hawks v Brisbane Lions,Hawthorn Hawks,Brisbane Lions,Player Disposals,Jarrod Berry,Brisbane Lions,16.5,1.31,NA,Pointsbet,Hawthorn Hawks,2886585,115261916,1372,NA
Hawthorn Hawks v Brisbane Lions,Hawthorn Hawks,Brisbane Lions,Player Disposals,Jarrod Berry,Brisbane Lions,17.5,1.44,NA,Pointsbet,Hawthorn Hawks,2886585,115261916,1373,NA
Hawthorn Hawks v Brisbane Lions,Hawthorn Hawks,Brisbane Lions,Player Disposals,Jarrod Berry,Brisbane Lions,18.5,1.63,NA,Pointsbet,Hawthorn Hawks,2886585,115261916,1374,NA
Hawthorn Hawks v Brisbane Lions,Hawthorn Hawks,Brisbane Lions,Player Disposals,Jarrod Berry,Brisbane Lions,19.5,1.88,NA,Pointsbet,Hawthorn Hawks,2886585,115261916,1375,NA
Hawthorn Hawks v Brisbane Lions,Hawthorn Hawks,Brisbane Lions,Player Disposals,Jarrod Berry,Brisbane Lions,20.5,2.15,NA,Pointsbet,Hawthorn Hawks,2886585,115261916,1376,NA
Hawthorn Hawks v Brisbane Lions,Hawthorn Hawks,Brisbane Lions,Player Disposals,Jarrod Berry,Brisbane Lions,21.5,2.55,NA,Pointsbet,Hawthorn Hawks,2886585,115261916,1377,NA
Hawthorn Hawks v Brisbane Lions,Hawthorn Hawks,Brisbane Lions,Player Disposals,Jarrod Berry,Brisbane Lions,22.5,3,NA,Pointsbet,Hawthorn Hawks,2886585,115261916,1378,NA
Hawthorn Hawks v Brisbane Lions,Hawthorn Hawks,Brisbane Lions,Player Disposals,Jarrod Berry,Brisbane Lions,23.5,3.6,NA,Pointsbet,Hawthorn Hawks,2886585,115261916,1379,NA
Hawthorn Hawks v Brisbane Lions,Hawthorn Hawks,Brisbane Lions,Player Disposals,Jarrod Berry,Brisbane Lions,24.5,4.2,NA,Pointsbet,Hawthorn Hawks,2886585,115261916,1380,NA
Hawthorn Hawks v Brisbane Lions,Hawthorn Hawks,Brisbane Lions,Player Disposals,Jarrod Berry,Brisbane Lions,25.5,5,NA,Pointsbet,Hawthorn Hawks,2886585,115261916,1381,NA
Hawthorn Hawks v Brisbane Lions,Hawthorn Hawks,Brisbane Lions,Player Disposals,Jarrod Berry,Brisbane Lions,26.5,6.5,NA,Pointsbet,Hawthorn Hawks,2886585,115261916,1382,NA
Hawthorn Hawks v Brisbane Lions,Hawthorn Hawks,Brisbane Lions,Player Disposals,Jarrod Berry,Brisbane Lions,27.5,7.5,NA,Pointsbet,Hawthorn Hawks,2886585,115261916,1383,NA
Hawthorn Hawks v Brisbane Lions,Hawthorn Hawks,Brisbane Lions,Player Disposals,Jarrod Berry,Brisbane Lions,28.5,9.5,NA,Pointsbet,Hawthorn Hawks,2886585,115261916,1384,NA
Hawthorn Hawks v Brisbane Lions,Hawthorn Hawks,Brisbane Lions,Player Disposals,Jarrod Berry,Brisbane Lions,29.5,12,NA,Pointsbet,Hawthorn Hawks,2886585,115261916,1385,NA
Hawthorn Hawks v Brisbane Lions,Hawthorn Hawks,Brisbane Lions,Player Disposals,Jarrod Berry,Brisbane Lions,30.5,16,NA,Pointsbet,Hawthorn Hawks,2886585,115261916,1386,NA
Hawthorn Hawks v Brisbane Lions,Hawthorn Hawks,Brisbane Lions,Player Disposals,Jarrod Berry,Brisbane Lions,31.5,20,NA,Pointsbet,Hawthorn Hawks,2886585,115261916,1387,NA
Hawthorn Hawks v Brisbane Lions,Hawthorn Hawks,Brisbane Lions,Player Disposals,Jarrod Berry,Brisbane Lions,32.5,26,NA,Pointsbet,Hawthorn Hawks,2886585,115261916,1388,NA
Hawthorn Hawks v Brisbane Lions,Hawthorn Hawks,Brisbane Lions,Player Disposals,Sam Draper,Brisbane Lions,9.5,1.88,NA,Pointsbet,Hawthorn Hawks,2886585,115261916,1396,NA
Hawthorn Hawks v Brisbane Lions,Hawthorn Hawks,Brisbane Lions,Player Disposals,Sam Draper,Brisbane Lions,10.5,2.25,NA,Pointsbet,Hawthorn Hawks,2886585,115261916,1397,NA
Hawthorn Hawks v Brisbane Lions,Hawthorn Hawks,Brisbane Lions,Player Disposals,Sam Draper,Brisbane Lions,11.5,2.85,NA,Pointsbet,Hawthorn Hawks,2886585,115261916,1398,NA
Hawthorn Hawks v Brisbane Lions,Hawthorn Hawks,Brisbane Lions,Player Disposals,Sam Draper,Brisbane Lions,12.5,3.6,NA,Pointsbet,Hawthorn Hawks,2886585,115261916,1399,NA
Hawthorn Hawks v Brisbane Lions,Hawthorn Hawks,Brisbane Lions,Player Disposals,Sam Draper,Brisbane Lions,13.5,4.5,NA,Pointsbet,Hawthorn Hawks,2886585,115261916,1400,NA
Hawthorn Hawks v Brisbane Lions,Hawthorn Hawks,Brisbane Lions,Player Disposals,Sam Draper,Brisbane Lions,14.5,6,NA,Pointsbet,Hawthorn Hawks,2886585,115261916,1401,NA
Hawthorn Hawks v Brisbane Lions,Hawthorn Hawks,Brisbane Lions,Player Disposals,Sam Draper,Brisbane Lions,15.5,8,NA,Pointsbet,Hawthorn Hawks,2886585,115261916,1402,NA
Hawthorn Hawks v Brisbane Lions,Hawthorn Hawks,Brisbane Lions,Player Disposals,Sam Draper,Brisbane Lions,16.5,11,NA,Pointsbet,Hawthorn Hawks,2886585,115261916,1403,NA
Hawthorn Hawks v Brisbane Lions,Hawthorn Hawks,Brisbane Lions,Player Disposals,Sam Draper,Brisbane Lions,17.5,16,NA,Pointsbet,Hawthorn Hawks,2886585,115261916,1404,NA
Hawthorn Hawks v Brisbane Lions,Hawthorn Hawks,Brisbane Lions,Player Disposals,Sam Draper,Brisbane Lions,18.5,21,NA,Pointsbet,Hawthorn Hawks,2886585,115261916,1405,NA
Hawthorn Hawks v Brisbane Lions,Hawthorn Hawks,Brisbane Lions,Player Disposals,Dayne Zorko,Brisbane Lions,25.5,1.87,1.87,Pointsbet,Hawthorn Hawks,2886585,115286338,93,94
Hawthorn Hawks v Brisbane Lions,Hawthorn Hawks,Brisbane Lions,Player Disposals,Jai Newcombe,Hawthorn Hawks,23.5,1.87,1.87,Pointsbet,Brisbane Lions,2886585,115286338,10,54
Hawthorn Hawks v Brisbane Lions,Hawthorn Hawks,Brisbane Lions,Player Disposals,James Sicily,Hawthorn Hawks,19.5,1.87,1.87,Pointsbet,Brisbane Lions,2886585,115286338,18,62
Hawthorn Hawks v Brisbane Lions,Hawthorn Hawks,Brisbane Lions,Player Disposals,Jarman Impey,Hawthorn Hawks,19.5,1.87,1.87,Pointsbet,Brisbane Lions,2886585,115286338,16,60
Hawthorn Hawks v Brisbane Lions,Hawthorn Hawks,Brisbane Lions,Player Disposals,Jarrod Berry,Brisbane Lions,19.5,1.87,1.87,Pointsbet,Hawthorn Hawks,2886585,115286338,43,87
Hawthorn Hawks v Brisbane Lions,Hawthorn Hawks,Brisbane Lions,Player Disposals,Josh Dunkley,Brisbane Lions,22.5,1.87,1.87,Pointsbet,Hawthorn Hawks,2886585,115286338,39,83
Hawthorn Hawks v Brisbane Lions,Hawthorn Hawks,Brisbane Lions,Player Disposals,Josh Ward,Hawthorn Hawks,20.5,1.87,1.87,Pointsbet,Brisbane Lions,2886585,115286338,9,53
Hawthorn Hawks v Brisbane Lions,Hawthorn Hawks,Brisbane Lions,Player Disposals,Karl Amon,Hawthorn Hawks,17.5,1.9,1.83,Pointsbet,Brisbane Lions,2886585,115286338,101,102
Hawthorn Hawks v Brisbane Lions,Hawthorn Hawks,Brisbane Lions,Player Disposals,Lachie Neale,Brisbane Lions,26.5,1.87,1.87,Pointsbet,Hawthorn Hawks,2886585,115286338,36,80
Hawthorn Hawks v Brisbane Lions,Hawthorn Hawks,Brisbane Lions,Player Disposals,Will Ashcroft,Brisbane Lions,28.5,1.87,1.87,Pointsbet,Hawthorn Hawks,2886585,115286338,29,73
Hawthorn Hawks v Brisbane Lions,Hawthorn Hawks,Brisbane Lions,Player Disposals,Will Day,Hawthorn Hawks,22.5,1.87,1.87,Pointsbet,Brisbane Lions,2886585,115286338,6,50
Hawthorn Hawks v Brisbane Lions,Hawthorn Hawks,Brisbane Lions,Player Disposals,Zac Bailey,Brisbane Lions,21.5,1.87,1.87,Pointsbet,Hawthorn Hawks,2886585,115286338,26,70
