match,home_team,away_team,market_name,player_name,player_team,line,over_price,agency,opposition_team,class_external_id,competition_external_id,event_external_id,market_id,player_id
Sydney Swans v Fremantle Dockers,Sydney Swans,Fremantle Dockers,Player Marks,Angus Sheldrick,Sydney Swans,1.5,1.18,Sportsbet,Fremantle Dockers,103,17131,16498873,608005075,2897850622
Sydney Swans v Fremantle Dockers,Sydney Swans,Fremantle Dockers,Player Marks,Billy Cootee,Sydney Swans,1.5,1.12,Sportsbet,Fremantle Dockers,103,17131,16498873,608005075,2897850611
Sydney Swans v Fremantle Dockers,Sydney Swans,Fremantle Dockers,Player Marks,Braeden Campbell,Sydney Swans,1.5,1.24,Sportsbet,Fremantle Dockers,103,17131,16498873,608005075,2897850584
Sydney Swans v Fremantle Dockers,Sydney Swans,Fremantle Dockers,Player Marks,Brodie Grundy,Sydney Swans,1.5,1.33,Sportsbet,Fremantle Dockers,103,17131,16498873,608005075,2897850612
Sydney Swans v Fremantle Dockers,Sydney Swans,Fremantle Dockers,Player Marks,Caiden Cleary,Sydney Swans,1.5,1.14,Sportsbet,Fremantle Dockers,103,17131,16498873,608005075,2897850604
Sydney Swans v Fremantle Dockers,Sydney Swans,Fremantle Dockers,Player Marks,Dane Rampe,Sydney Swans,1.5,1.08,Sportsbet,Fremantle Dockers,103,17131,16498873,608005075,2897850606
Sydney Swans v Fremantle Dockers,Sydney Swans,Fremantle Dockers,Player Marks,Errol Gulden,Sydney Swans,1.5,1.08,Sportsbet,Fremantle Dockers,103,17131,16498873,608005075,2897850591
Sydney Swans v Fremantle Dockers,Sydney Swans,Fremantle Dockers,Player Marks,Harry Kyle,Sydney Swans,1.5,1.2,Sportsbet,Fremantle Dockers,103,17131,16498873,608005075,2897850627
Sydney Swans v Fremantle Dockers,Sydney Swans,Fremantle Dockers,Player Marks,Hayden McLean,Sydney Swans,1.5,1.07,Sportsbet,Fremantle Dockers,103,17131,16498873,608005075,2897850599
Sydney Swans v Fremantle Dockers,Sydney Swans,Fremantle Dockers,Player Marks,Jai Serong,Sydney Swans,1.5,1.06,Sportsbet,Fremantle Dockers,103,17131,16498873,608005075,2897850609
Sydney Swans v Fremantle Dockers,Sydney Swans,Fremantle Dockers,Player Marks,James Rowbottom,Sydney Swans,1.5,1.54,Sportsbet,Fremantle Dockers,103,17131,16498873,608005075,2897850589
Sydney Swans v Fremantle Dockers,Sydney Swans,Fremantle Dockers,Player Marks,Joel Amartey,Sydney Swans,1.5,1.14,Sportsbet,Fremantle Dockers,103,17131,16498873,608005075,2897850585
Sydney Swans v Fremantle Dockers,Sydney Swans,Fremantle Dockers,Player Marks,Joel Hamling,Sydney Swans,1.5,1.06,Sportsbet,Fremantle Dockers,103,17131,16498873,608005075,2897850617
Sydney Swans v Fremantle Dockers,Sydney Swans,Fremantle Dockers,Player Marks,Matt Roberts,Sydney Swans,1.5,1.06,Sportsbet,Fremantle Dockers,103,17131,16498873,608005075,2897850628
Sydney Swans v Fremantle Dockers,Sydney Swans,Fremantle Dockers,Player Marks,Sam Wicks,Sydney Swans,1.5,1.1,Sportsbet,Fremantle Dockers,103,17131,16498873,608005075,2897850596
Sydney Swans v Fremantle Dockers,Sydney Swans,Fremantle Dockers,Player Marks,Tom Papley,Sydney Swans,1.5,1.25,Sportsbet,Fremantle Dockers,103,17131,16498873,608005075,2897850608
Sydney Swans v Fremantle Dockers,Sydney Swans,Fremantle Dockers,Player Marks,Alex Pearce,Fremantle Dockers,1.5,1.08,Sportsbet,Sydney Swans,103,17131,16498873,608005075,2897850588
Sydney Swans v Fremantle Dockers,Sydney Swans,Fremantle Dockers,Player Marks,Andrew Brayshaw,Fremantle Dockers,1.5,1.1,Sportsbet,Sydney Swans,103,17131,16498873,608005075,2897850623
Sydney Swans v Fremantle Dockers,Sydney Swans,Fremantle Dockers,Player Marks,Caleb Serong,Fremantle Dockers,1.5,1.33,Sportsbet,Sydney Swans,103,17131,16498873,608005075,2897850598
Sydney Swans v Fremantle Dockers,Sydney Swans,Fremantle Dockers,Player Marks,Corey Wagner,Fremantle Dockers,1.5,1.18,Sportsbet,Sydney Swans,103,17131,16498873,608005075,2897850583
Sydney Swans v Fremantle Dockers,Sydney Swans,Fremantle Dockers,Player Marks,Hayden Young,Fremantle Dockers,1.5,1.06,Sportsbet,Sydney Swans,103,17131,16498873,608005075,2897850624
Sydney Swans v Fremantle Dockers,Sydney Swans,Fremantle Dockers,Player Marks,Isaiah Dudley,Fremantle Dockers,1.5,1.34,Sportsbet,Sydney Swans,103,17131,16498873,608005075,2897850607
Sydney Swans v Fremantle Dockers,Sydney Swans,Fremantle Dockers,Player Marks,Judd McVee,Fremantle Dockers,1.5,1.08,Sportsbet,Sydney Swans,103,17131,16498873,608005075,2897850621
Sydney Swans v Fremantle Dockers,Sydney Swans,Fremantle Dockers,Player Marks,Luke Jackson,Fremantle Dockers,1.5,1.08,Sportsbet,Sydney Swans,103,17131,16498873,608005075,2897850610
Sydney Swans v Fremantle Dockers,Sydney Swans,Fremantle Dockers,Player Marks,Mason Cox,Fremantle Dockers,1.5,1.59,Sportsbet,Sydney Swans,103,17131,16498873,608005075,2897850602
Sydney Swans v Fremantle Dockers,Sydney Swans,Fremantle Dockers,Player Marks,Matthew Johnson,Fremantle Dockers,1.5,1.1,Sportsbet,Sydney Swans,103,17131,16498873,608005075,2897850625
Sydney Swans v Fremantle Dockers,Sydney Swans,Fremantle Dockers,Player Marks,Michael Frederick,Fremantle Dockers,1.5,1.1,Sportsbet,Sydney Swans,103,17131,16498873,608005075,2897850603
Sydney Swans v Fremantle Dockers,Sydney Swans,Fremantle Dockers,Player Marks,Murphy Reid,Fremantle Dockers,1.5,1.32,Sportsbet,Sydney Swans,103,17131,16498873,608005075,2897850614
Sydney Swans v Fremantle Dockers,Sydney Swans,Fremantle Dockers,Player Marks,Patrick Voss,Fremantle Dockers,1.5,1.1,Sportsbet,Sydney Swans,103,17131,16498873,608005075,2897850593
Sydney Swans v Fremantle Dockers,Sydney Swans,Fremantle Dockers,Player Marks,Sam Switkowski,Fremantle Dockers,1.5,1.18,Sportsbet,Sydney Swans,103,17131,16498873,608005075,2897850618
Sydney Swans v Fremantle Dockers,Sydney Swans,Fremantle Dockers,Player Marks,Shai Bolton,Fremantle Dockers,1.5,1.24,Sportsbet,Sydney Swans,103,17131,16498873,608005075,2897850592
Sydney Swans v Fremantle Dockers,Sydney Swans,Fremantle Dockers,Player Marks,Angus Sheldrick,Sydney Swans,2.5,1.63,Sportsbet,Fremantle Dockers,103,17131,16498873,608005072,2897850477
Sydney Swans v Fremantle Dockers,Sydney Swans,Fremantle Dockers,Player Marks,Billy Cootee,Sydney Swans,2.5,1.46,Sportsbet,Fremantle Dockers,103,17131,16498873,608005072,2897850486
Sydney Swans v Fremantle Dockers,Sydney Swans,Fremantle Dockers,Player Marks,Braeden Campbell,Sydney Swans,2.5,1.81,Sportsbet,Fremantle Dockers,103,17131,16498873,608005072,2897850474
Sydney Swans v Fremantle Dockers,Sydney Swans,Fremantle Dockers,Player Marks,Caiden Cleary,Sydney Swans,2.5,1.49,Sportsbet,Fremantle Dockers,103,17131,16498873,608005072,2897850449
Sydney Swans v Fremantle Dockers,Sydney Swans,Fremantle Dockers,Player Marks,Charlie Curnow,Sydney Swans,2.5,1.09,Sportsbet,Fremantle Dockers,103,17131,16498873,608005072,2897850465
Sydney Swans v Fremantle Dockers,Sydney Swans,Fremantle Dockers,Player Marks,Dane Rampe,Sydney Swans,2.5,1.31,Sportsbet,Fremantle Dockers,103,17131,16498873,608005072,2897850459
Sydney Swans v Fremantle Dockers,Sydney Swans,Fremantle Dockers,Player Marks,Errol Gulden,Sydney Swans,2.5,1.31,Sportsbet,Fremantle Dockers,103,17131,16498873,608005072,2897850478
Sydney Swans v Fremantle Dockers,Sydney Swans,Fremantle Dockers,Player Marks,Harry Kyle,Sydney Swans,2.5,1.68,Sportsbet,Fremantle Dockers,103,17131,16498873,608005072,2897850453
Sydney Swans v Fremantle Dockers,Sydney Swans,Fremantle Dockers,Player Marks,Hayden McLean,Sydney Swans,2.5,1.27,Sportsbet,Fremantle Dockers,103,17131,16498873,608005072,2897850473
Sydney Swans v Fremantle Dockers,Sydney Swans,Fremantle Dockers,Player Marks,Jai Serong,Sydney Swans,2.5,1.25,Sportsbet,Fremantle Dockers,103,17131,16498873,608005072,2897850445
Sydney Swans v Fremantle Dockers,Sydney Swans,Fremantle Dockers,Player Marks,Jesse Dattoli,Sydney Swans,2.5,1.18,Sportsbet,Fremantle Dockers,103,17131,16498873,608005072,2897850460
Sydney Swans v Fremantle Dockers,Sydney Swans,Fremantle Dockers,Player Marks,Joel Amartey,Sydney Swans,2.5,1.49,Sportsbet,Fremantle Dockers,103,17131,16498873,608005072,2897850457
Sydney Swans v Fremantle Dockers,Sydney Swans,Fremantle Dockers,Player Marks,Joel Hamling,Sydney Swans,2.5,1.24,Sportsbet,Fremantle Dockers,103,17131,16498873,608005072,2897850451
Sydney Swans v Fremantle Dockers,Sydney Swans,Fremantle Dockers,Player Marks,Justin McInerney,Sydney Swans,2.5,1.17,Sportsbet,Fremantle Dockers,103,17131,16498873,608005072,2897850472
Sydney Swans v Fremantle Dockers,Sydney Swans,Fremantle Dockers,Player Marks,Logan McDonald,Sydney Swans,2.5,1.1,Sportsbet,Fremantle Dockers,103,17131,16498873,608005072,2897850452
Sydney Swans v Fremantle Dockers,Sydney Swans,Fremantle Dockers,Player Marks,Matt Roberts,Sydney Swans,2.5,1.24,Sportsbet,Fremantle Dockers,103,17131,16498873,608005072,2897850456
Sydney Swans v Fremantle Dockers,Sydney Swans,Fremantle Dockers,Player Marks,Sam Wicks,Sydney Swans,2.5,1.39,Sportsbet,Fremantle Dockers,103,17131,16498873,608005072,2897850482
Sydney Swans v Fremantle Dockers,Sydney Swans,Fremantle Dockers,Player Marks,Tom McCartin,Sydney Swans,2.5,1.1,Sportsbet,Fremantle Dockers,103,17131,16498873,608005072,2897850489
Sydney Swans v Fremantle Dockers,Sydney Swans,Fremantle Dockers,Player Marks,Tom Papley,Sydney Swans,2.5,1.83,Sportsbet,Fremantle Dockers,103,17131,16498873,608005072,2897850462
Sydney Swans v Fremantle Dockers,Sydney Swans,Fremantle Dockers,Player Marks,Brodie Grundy,Sydney Swans,2.5,2.03,Sportsbet,Fremantle Dockers,103,17131,16498873,608005072,2897850484
Sydney Swans v Fremantle Dockers,Sydney Swans,Fremantle Dockers,Player Marks,James Rowbottom,Sydney Swans,2.5,2.65,Sportsbet,Fremantle Dockers,103,17131,16498873,608005072,2897850450
Sydney Swans v Fremantle Dockers,Sydney Swans,Fremantle Dockers,Player Marks,Alex Pearce,Fremantle Dockers,2.5,1.31,Sportsbet,Sydney Swans,103,17131,16498873,608005072,2897850464
Sydney Swans v Fremantle Dockers,Sydney Swans,Fremantle Dockers,Player Marks,Andrew Brayshaw,Fremantle Dockers,2.5,1.39,Sportsbet,Sydney Swans,103,17131,16498873,608005072,2897850480
Sydney Swans v Fremantle Dockers,Sydney Swans,Fremantle Dockers,Player Marks,Corey Wagner,Fremantle Dockers,2.5,1.63,Sportsbet,Sydney Swans,103,17131,16498873,608005072,2897850475
Sydney Swans v Fremantle Dockers,Sydney Swans,Fremantle Dockers,Player Marks,Hayden Young,Fremantle Dockers,2.5,1.25,Sportsbet,Sydney Swans,103,17131,16498873,608005072,2897850487
Sydney Swans v Fremantle Dockers,Sydney Swans,Fremantle Dockers,Player Marks,Heath Chapman,Fremantle Dockers,2.5,1.08,Sportsbet,Sydney Swans,103,17131,16498873,608005072,2897850471
Sydney Swans v Fremantle Dockers,Sydney Swans,Fremantle Dockers,Player Marks,Judd McVee,Fremantle Dockers,2.5,1.33,Sportsbet,Sydney Swans,103,17131,16498873,608005072,2897850469
Sydney Swans v Fremantle Dockers,Sydney Swans,Fremantle Dockers,Player Marks,Jye Amiss,Fremantle Dockers,2.5,1.19,Sportsbet,Sydney Swans,103,17131,16498873,608005072,2897850466
Sydney Swans v Fremantle Dockers,Sydney Swans,Fremantle Dockers,Player Marks,Luke Jackson,Fremantle Dockers,2.5,1.32,Sportsbet,Sydney Swans,103,17131,16498873,608005072,2897850476
Sydney Swans v Fremantle Dockers,Sydney Swans,Fremantle Dockers,Player Marks,Matthew Johnson,Fremantle Dockers,2.5,1.39,Sportsbet,Sydney Swans,103,17131,16498873,608005072,2897850485
Sydney Swans v Fremantle Dockers,Sydney Swans,Fremantle Dockers,Player Marks,Michael Frederick,Fremantle Dockers,2.5,1.39,Sportsbet,Sydney Swans,103,17131,16498873,608005072,2897850481
Sydney Swans v Fremantle Dockers,Sydney Swans,Fremantle Dockers,Player Marks,Neil Erasmus,Fremantle Dockers,2.5,1.15,Sportsbet,Sydney Swans,103,17131,16498873,608005072,2897850463
Sydney Swans v Fremantle Dockers,Sydney Swans,Fremantle Dockers,Player Marks,Patrick Voss,Fremantle Dockers,2.5,1.39,Sportsbet,Sydney Swans,103,17131,16498873,608005072,2897850483
Sydney Swans v Fremantle Dockers,Sydney Swans,Fremantle Dockers,Player Marks,Sam Switkowski,Fremantle Dockers,2.5,1.64,Sportsbet,Sydney Swans,103,17131,16498873,608005072,2897850470
Sydney Swans v Fremantle Dockers,Sydney Swans,Fremantle Dockers,Player Marks,Shai Bolton,Fremantle Dockers,2.5,1.81,Sportsbet,Sydney Swans,103,17131,16498873,608005072,2897850461
Sydney Swans v Fremantle Dockers,Sydney Swans,Fremantle Dockers,Player Marks,Caleb Serong,Fremantle Dockers,2.5,2.05,Sportsbet,Sydney Swans,103,17131,16498873,608005072,2897850447
Sydney Swans v Fremantle Dockers,Sydney Swans,Fremantle Dockers,Player Marks,Isaiah Dudley,Fremantle Dockers,2.5,2.05,Sportsbet,Sydney Swans,103,17131,16498873,608005072,2897850448
Sydney Swans v Fremantle Dockers,Sydney Swans,Fremantle Dockers,Player Marks,Mason Cox,Fremantle Dockers,2.5,2.85,Sportsbet,Sydney Swans,103,17131,16498873,608005072,2897850458
Sydney Swans v Fremantle Dockers,Sydney Swans,Fremantle Dockers,Player Marks,Murphy Reid,Fremantle Dockers,2.5,2.03,Sportsbet,Sydney Swans,103,17131,16498873,608005072,2897850446
Sydney Swans v Fremantle Dockers,Sydney Swans,Fremantle Dockers,Player Marks,Charlie Curnow,Sydney Swans,3.5,1.29,Sportsbet,Fremantle Dockers,103,17131,16498873,608005074,2897850560
Sydney Swans v Fremantle Dockers,Sydney Swans,Fremantle Dockers,Player Marks,Dane Rampe,Sydney Swans,3.5,1.82,Sportsbet,Fremantle Dockers,103,17131,16498873,608005074,2897850559
Sydney Swans v Fremantle Dockers,Sydney Swans,Fremantle Dockers,Player Marks,Errol Gulden,Sydney Swans,3.5,1.84,Sportsbet,Fremantle Dockers,103,17131,16498873,608005074,2897850572
Sydney Swans v Fremantle Dockers,Sydney Swans,Fremantle Dockers,Player Marks,Harry Cunningham,Sydney Swans,3.5,1.08,Sportsbet,Fremantle Dockers,103,17131,16498873,608005074,2897850576
Sydney Swans v Fremantle Dockers,Sydney Swans,Fremantle Dockers,Player Marks,Hayden McLean,Sydney Swans,3.5,1.73,Sportsbet,Fremantle Dockers,103,17131,16498873,608005074,2897850558
Sydney Swans v Fremantle Dockers,Sydney Swans,Fremantle Dockers,Player Marks,Jai Serong,Sydney Swans,3.5,1.68,Sportsbet,Fremantle Dockers,103,17131,16498873,608005074,2897850554
Sydney Swans v Fremantle Dockers,Sydney Swans,Fremantle Dockers,Player Marks,Jesse Dattoli,Sydney Swans,3.5,1.54,Sportsbet,Fremantle Dockers,103,17131,16498873,608005074,2897850566
Sydney Swans v Fremantle Dockers,Sydney Swans,Fremantle Dockers,Player Marks,Joel Hamling,Sydney Swans,3.5,1.67,Sportsbet,Fremantle Dockers,103,17131,16498873,608005074,2897850553
Sydney Swans v Fremantle Dockers,Sydney Swans,Fremantle Dockers,Player Marks,Justin McInerney,Sydney Swans,3.5,1.49,Sportsbet,Fremantle Dockers,103,17131,16498873,608005074,2897850557
Sydney Swans v Fremantle Dockers,Sydney Swans,Fremantle Dockers,Player Marks,Logan McDonald,Sydney Swans,3.5,1.29,Sportsbet,Fremantle Dockers,103,17131,16498873,608005074,2897850567
Sydney Swans v Fremantle Dockers,Sydney Swans,Fremantle Dockers,Player Marks,Matt Roberts,Sydney Swans,3.5,1.67,Sportsbet,Fremantle Dockers,103,17131,16498873,608005074,2897850562
Sydney Swans v Fremantle Dockers,Sydney Swans,Fremantle Dockers,Player Marks,Tom McCartin,Sydney Swans,3.5,1.32,Sportsbet,Fremantle Dockers,103,17131,16498873,608005074,2897850552
Sydney Swans v Fremantle Dockers,Sydney Swans,Fremantle Dockers,Player Marks,Angus Sheldrick,Sydney Swans,3.5,2.55,Sportsbet,Fremantle Dockers,103,17131,16498873,608005074,2897850541
Sydney Swans v Fremantle Dockers,Sydney Swans,Fremantle Dockers,Player Marks,Billy Cootee,Sydney Swans,3.5,2.15,Sportsbet,Fremantle Dockers,103,17131,16498873,608005074,2897850579
Sydney Swans v Fremantle Dockers,Sydney Swans,Fremantle Dockers,Player Marks,Caiden Cleary,Sydney Swans,3.5,2.25,Sportsbet,Fremantle Dockers,103,17131,16498873,608005074,2897850549
Sydney Swans v Fremantle Dockers,Sydney Swans,Fremantle Dockers,Player Marks,Harry Kyle,Sydney Swans,3.5,2.75,Sportsbet,Fremantle Dockers,103,17131,16498873,608005074,2897850556
Sydney Swans v Fremantle Dockers,Sydney Swans,Fremantle Dockers,Player Marks,Joel Amartey,Sydney Swans,3.5,2.3,Sportsbet,Fremantle Dockers,103,17131,16498873,608005074,2897850555
Sydney Swans v Fremantle Dockers,Sydney Swans,Fremantle Dockers,Player Marks,Sam Wicks,Sydney Swans,3.5,2.02,Sportsbet,Fremantle Dockers,103,17131,16498873,608005074,2897850538
Sydney Swans v Fremantle Dockers,Sydney Swans,Fremantle Dockers,Player Marks,Braeden Campbell,Sydney Swans,3.5,3.1,Sportsbet,Fremantle Dockers,103,17131,16498873,608005074,2897850564
Sydney Swans v Fremantle Dockers,Sydney Swans,Fremantle Dockers,Player Marks,Brodie Grundy,Sydney Swans,3.5,3.6,Sportsbet,Fremantle Dockers,103,17131,16498873,608005074,2897850561
Sydney Swans v Fremantle Dockers,Sydney Swans,Fremantle Dockers,Player Marks,Tom Papley,Sydney Swans,3.5,3.1,Sportsbet,Fremantle Dockers,103,17131,16498873,608005074,2897850573
Sydney Swans v Fremantle Dockers,Sydney Swans,Fremantle Dockers,Player Marks,James Rowbottom,Sydney Swans,3.5,5.5,Sportsbet,Fremantle Dockers,103,17131,16498873,608005074,2897850580
Sydney Swans v Fremantle Dockers,Sydney Swans,Fremantle Dockers,Player Marks,Alex Pearce,Fremantle Dockers,3.5,1.82,Sportsbet,Sydney Swans,103,17131,16498873,608005074,2897850548
Sydney Swans v Fremantle Dockers,Sydney Swans,Fremantle Dockers,Player Marks,Hayden Young,Fremantle Dockers,3.5,1.69,Sportsbet,Sydney Swans,103,17131,16498873,608005074,2897850581
Sydney Swans v Fremantle Dockers,Sydney Swans,Fremantle Dockers,Player Marks,Heath Chapman,Fremantle Dockers,3.5,1.23,Sportsbet,Sydney Swans,103,17131,16498873,608005074,2897850546
Sydney Swans v Fremantle Dockers,Sydney Swans,Fremantle Dockers,Player Marks,Jordan Clark,Fremantle Dockers,3.5,1.13,Sportsbet,Sydney Swans,103,17131,16498873,608005074,2897850570
Sydney Swans v Fremantle Dockers,Sydney Swans,Fremantle Dockers,Player Marks,Josh Treacy,Fremantle Dockers,3.5,1.17,Sportsbet,Sydney Swans,103,17131,16498873,608005074,2897850571
Sydney Swans v Fremantle Dockers,Sydney Swans,Fremantle Dockers,Player Marks,Judd McVee,Fremantle Dockers,3.5,1.79,Sportsbet,Sydney Swans,103,17131,16498873,608005074,2897850578
Sydney Swans v Fremantle Dockers,Sydney Swans,Fremantle Dockers,Player Marks,Jye Amiss,Fremantle Dockers,3.5,1.54,Sportsbet,Sydney Swans,103,17131,16498873,608005074,2897850582
Sydney Swans v Fremantle Dockers,Sydney Swans,Fremantle Dockers,Player Marks,Karl Worner,Fremantle Dockers,3.5,1.15,Sportsbet,Sydney Swans,103,17131,16498873,608005074,2897850551
Sydney Swans v Fremantle Dockers,Sydney Swans,Fremantle Dockers,Player Marks,Luke Jackson,Fremantle Dockers,3.5,1.85,Sportsbet,Sydney Swans,103,17131,16498873,608005074,2897850547
Sydney Swans v Fremantle Dockers,Sydney Swans,Fremantle Dockers,Player Marks,Luke Ryan,Fremantle Dockers,3.5,1.06,Sportsbet,Sydney Swans,103,17131,16498873,608005074,2897850545
Sydney Swans v Fremantle Dockers,Sydney Swans,Fremantle Dockers,Player Marks,Neil Erasmus,Fremantle Dockers,3.5,1.44,Sportsbet,Sydney Swans,103,17131,16498873,608005074,2897850544
Sydney Swans v Fremantle Dockers,Sydney Swans,Fremantle Dockers,Player Marks,Oscar McDonald,Fremantle Dockers,3.5,1.12,Sportsbet,Sydney Swans,103,17131,16498873,608005074,2897850543
Sydney Swans v Fremantle Dockers,Sydney Swans,Fremantle Dockers,Player Marks,Andrew Brayshaw,Fremantle Dockers,3.5,2.03,Sportsbet,Sydney Swans,103,17131,16498873,608005074,2897850539
Sydney Swans v Fremantle Dockers,Sydney Swans,Fremantle Dockers,Player Marks,Corey Wagner,Fremantle Dockers,3.5,2.55,Sportsbet,Sydney Swans,103,17131,16498873,608005074,2897850550
Sydney Swans v Fremantle Dockers,Sydney Swans,Fremantle Dockers,Player Marks,Matthew Johnson,Fremantle Dockers,3.5,2.03,Sportsbet,Sydney Swans,103,17131,16498873,608005074,2897850575
Sydney Swans v Fremantle Dockers,Sydney Swans,Fremantle Dockers,Player Marks,Michael Frederick,Fremantle Dockers,3.5,2.02,Sportsbet,Sydney Swans,103,17131,16498873,608005074,2897850540
Sydney Swans v Fremantle Dockers,Sydney Swans,Fremantle Dockers,Player Marks,Patrick Voss,Fremantle Dockers,3.5,2.05,Sportsbet,Sydney Swans,103,17131,16498873,608005074,2897850542
Sydney Swans v Fremantle Dockers,Sydney Swans,Fremantle Dockers,Player Marks,Sam Switkowski,Fremantle Dockers,3.5,2.6,Sportsbet,Sydney Swans,103,17131,16498873,608005074,2897850568
Sydney Swans v Fremantle Dockers,Sydney Swans,Fremantle Dockers,Player Marks,Caleb Serong,Fremantle Dockers,3.5,3.7,Sportsbet,Sydney Swans,103,17131,16498873,608005074,2897850563
Sydney Swans v Fremantle Dockers,Sydney Swans,Fremantle Dockers,Player Marks,Isaiah Dudley,Fremantle Dockers,3.5,3.8,Sportsbet,Sydney Swans,103,17131,16498873,608005074,2897850565
Sydney Swans v Fremantle Dockers,Sydney Swans,Fremantle Dockers,Player Marks,Murphy Reid,Fremantle Dockers,3.5,3.7,Sportsbet,Sydney Swans,103,17131,16498873,608005074,2897850537
Sydney Swans v Fremantle Dockers,Sydney Swans,Fremantle Dockers,Player Marks,Shai Bolton,Fremantle Dockers,3.5,3.05,Sportsbet,Sydney Swans,103,17131,16498873,608005074,2897850577
Sydney Swans v Fremantle Dockers,Sydney Swans,Fremantle Dockers,Player Marks,Mason Cox,Fremantle Dockers,3.5,6,Sportsbet,Sydney Swans,103,17131,16498873,608005074,2897850569
Sydney Swans v Fremantle Dockers,Sydney Swans,Fremantle Dockers,Player Marks,Charlie Curnow,Sydney Swans,4.5,1.69,Sportsbet,Fremantle Dockers,103,17131,16498873,608005066,2897850176
Sydney Swans v Fremantle Dockers,Sydney Swans,Fremantle Dockers,Player Marks,Harry Cunningham,Sydney Swans,4.5,1.22,Sportsbet,Fremantle Dockers,103,17131,16498873,608005066,2897850187
Sydney Swans v Fremantle Dockers,Sydney Swans,Fremantle Dockers,Player Marks,Jake Lloyd,Sydney Swans,4.5,1.16,Sportsbet,Fremantle Dockers,103,17131,16498873,608005066,2897850188
Sydney Swans v Fremantle Dockers,Sydney Swans,Fremantle Dockers,Player Marks,Logan McDonald,Sydney Swans,4.5,1.69,Sportsbet,Fremantle Dockers,103,17131,16498873,608005066,2897850186
Sydney Swans v Fremantle Dockers,Sydney Swans,Fremantle Dockers,Player Marks,Tom McCartin,Sydney Swans,4.5,1.69,Sportsbet,Fremantle Dockers,103,17131,16498873,608005066,2897850210
Sydney Swans v Fremantle Dockers,Sydney Swans,Fremantle Dockers,Player Marks,Dane Rampe,Sydney Swans,4.5,2.85,Sportsbet,Fremantle Dockers,103,17131,16498873,608005066,2897850199
Sydney Swans v Fremantle Dockers,Sydney Swans,Fremantle Dockers,Player Marks,Errol Gulden,Sydney Swans,4.5,2.85,Sportsbet,Fremantle Dockers,103,17131,16498873,608005066,2897850211
Sydney Swans v Fremantle Dockers,Sydney Swans,Fremantle Dockers,Player Marks,Hayden McLean,Sydney Swans,4.5,2.6,Sportsbet,Fremantle Dockers,103,17131,16498873,608005066,2897850208
Sydney Swans v Fremantle Dockers,Sydney Swans,Fremantle Dockers,Player Marks,Jai Serong,Sydney Swans,4.5,2.45,Sportsbet,Fremantle Dockers,103,17131,16498873,608005066,2897850181
Sydney Swans v Fremantle Dockers,Sydney Swans,Fremantle Dockers,Player Marks,Jesse Dattoli,Sydney Swans,4.5,2.2,Sportsbet,Fremantle Dockers,103,17131,16498873,608005066,2897850180
Sydney Swans v Fremantle Dockers,Sydney Swans,Fremantle Dockers,Player Marks,Joel Hamling,Sydney Swans,4.5,2.45,Sportsbet,Fremantle Dockers,103,17131,16498873,608005066,2897850182
Sydney Swans v Fremantle Dockers,Sydney Swans,Fremantle Dockers,Player Marks,Justin McInerney,Sydney Swans,4.5,2.1,Sportsbet,Fremantle Dockers,103,17131,16498873,608005066,2897850212
Sydney Swans v Fremantle Dockers,Sydney Swans,Fremantle Dockers,Player Marks,Matt Roberts,Sydney Swans,4.5,2.5,Sportsbet,Fremantle Dockers,103,17131,16498873,608005066,2897850172
Sydney Swans v Fremantle Dockers,Sydney Swans,Fremantle Dockers,Player Marks,Billy Cootee,Sydney Swans,4.5,3.75,Sportsbet,Fremantle Dockers,103,17131,16498873,608005066,2897850200
Sydney Swans v Fremantle Dockers,Sydney Swans,Fremantle Dockers,Player Marks,Caiden Cleary,Sydney Swans,4.5,3.9,Sportsbet,Fremantle Dockers,103,17131,16498873,608005066,2897850197
Sydney Swans v Fremantle Dockers,Sydney Swans,Fremantle Dockers,Player Marks,Joel Amartey,Sydney Swans,4.5,3.9,Sportsbet,Fremantle Dockers,103,17131,16498873,608005066,2897850204
Sydney Swans v Fremantle Dockers,Sydney Swans,Fremantle Dockers,Player Marks,Sam Wicks,Sydney Swans,4.5,3.35,Sportsbet,Fremantle Dockers,103,17131,16498873,608005066,2897850194
Sydney Swans v Fremantle Dockers,Sydney Swans,Fremantle Dockers,Player Marks,Angus Sheldrick,Sydney Swans,4.5,4.8,Sportsbet,Fremantle Dockers,103,17131,16498873,608005066,2897850214
Sydney Swans v Fremantle Dockers,Sydney Swans,Fremantle Dockers,Player Marks,Harry Kyle,Sydney Swans,4.5,5.2,Sportsbet,Fremantle Dockers,103,17131,16498873,608005066,2897850203
Sydney Swans v Fremantle Dockers,Sydney Swans,Fremantle Dockers,Player Marks,Braeden Campbell,Sydney Swans,4.5,6,Sportsbet,Fremantle Dockers,103,17131,16498873,608005066,2897850183
Sydney Swans v Fremantle Dockers,Sydney Swans,Fremantle Dockers,Player Marks,Tom Papley,Sydney Swans,4.5,6,Sportsbet,Fremantle Dockers,103,17131,16498873,608005066,2897850206
Sydney Swans v Fremantle Dockers,Sydney Swans,Fremantle Dockers,Player Marks,Brodie Grundy,Sydney Swans,4.5,7.5,Sportsbet,Fremantle Dockers,103,17131,16498873,608005066,2897850170
Sydney Swans v Fremantle Dockers,Sydney Swans,Fremantle Dockers,Player Marks,James Rowbottom,Sydney Swans,4.5,12.5,Sportsbet,Fremantle Dockers,103,17131,16498873,608005066,2897850178
Sydney Swans v Fremantle Dockers,Sydney Swans,Fremantle Dockers,Player Marks,Heath Chapman,Fremantle Dockers,4.5,1.58,Sportsbet,Sydney Swans,103,17131,16498873,608005066,2897850191
Sydney Swans v Fremantle Dockers,Sydney Swans,Fremantle Dockers,Player Marks,Jordan Clark,Fremantle Dockers,4.5,1.33,Sportsbet,Sydney Swans,103,17131,16498873,608005066,2897850190
Sydney Swans v Fremantle Dockers,Sydney Swans,Fremantle Dockers,Player Marks,Josh Treacy,Fremantle Dockers,4.5,1.4,Sportsbet,Sydney Swans,103,17131,16498873,608005066,2897850202
Sydney Swans v Fremantle Dockers,Sydney Swans,Fremantle Dockers,Player Marks,Karl Worner,Fremantle Dockers,4.5,1.39,Sportsbet,Sydney Swans,103,17131,16498873,608005066,2897850174
Sydney Swans v Fremantle Dockers,Sydney Swans,Fremantle Dockers,Player Marks,Luke Ryan,Fremantle Dockers,4.5,1.18,Sportsbet,Sydney Swans,103,17131,16498873,608005066,2897850189
Sydney Swans v Fremantle Dockers,Sydney Swans,Fremantle Dockers,Player Marks,Oscar McDonald,Fremantle Dockers,4.5,1.33,Sportsbet,Sydney Swans,103,17131,16498873,608005066,2897850177
Sydney Swans v Fremantle Dockers,Sydney Swans,Fremantle Dockers,Player Marks,Alex Pearce,Fremantle Dockers,4.5,2.8,Sportsbet,Sydney Swans,103,17131,16498873,608005066,2897850205
Sydney Swans v Fremantle Dockers,Sydney Swans,Fremantle Dockers,Player Marks,Hayden Young,Fremantle Dockers,4.5,2.5,Sportsbet,Sydney Swans,103,17131,16498873,608005066,2897850192
Sydney Swans v Fremantle Dockers,Sydney Swans,Fremantle Dockers,Player Marks,Judd McVee,Fremantle Dockers,4.5,2.85,Sportsbet,Sydney Swans,103,17131,16498873,608005066,2897850173
Sydney Swans v Fremantle Dockers,Sydney Swans,Fremantle Dockers,Player Marks,Jye Amiss,Fremantle Dockers,4.5,2.2,Sportsbet,Sydney Swans,103,17131,16498873,608005066,2897850193
Sydney Swans v Fremantle Dockers,Sydney Swans,Fremantle Dockers,Player Marks,Luke Jackson,Fremantle Dockers,4.5,2.9,Sportsbet,Sydney Swans,103,17131,16498873,608005066,2897850196
Sydney Swans v Fremantle Dockers,Sydney Swans,Fremantle Dockers,Player Marks,Neil Erasmus,Fremantle Dockers,4.5,2,Sportsbet,Sydney Swans,103,17131,16498873,608005066,2897850185
Sydney Swans v Fremantle Dockers,Sydney Swans,Fremantle Dockers,Player Marks,Andrew Brayshaw,Fremantle Dockers,4.5,3.35,Sportsbet,Sydney Swans,103,17131,16498873,608005066,2897850207
Sydney Swans v Fremantle Dockers,Sydney Swans,Fremantle Dockers,Player Marks,Matthew Johnson,Fremantle Dockers,4.5,3.3,Sportsbet,Sydney Swans,103,17131,16498873,608005066,2897850184
Sydney Swans v Fremantle Dockers,Sydney Swans,Fremantle Dockers,Player Marks,Michael Frederick,Fremantle Dockers,4.5,3.3,Sportsbet,Sydney Swans,103,17131,16498873,608005066,2897850171
Sydney Swans v Fremantle Dockers,Sydney Swans,Fremantle Dockers,Player Marks,Patrick Voss,Fremantle Dockers,4.5,3.4,Sportsbet,Sydney Swans,103,17131,16498873,608005066,2897850195
Sydney Swans v Fremantle Dockers,Sydney Swans,Fremantle Dockers,Player Marks,Corey Wagner,Fremantle Dockers,4.5,4.7,Sportsbet,Sydney Swans,103,17131,16498873,608005066,2897850179
Sydney Swans v Fremantle Dockers,Sydney Swans,Fremantle Dockers,Player Marks,Sam Switkowski,Fremantle Dockers,4.5,4.75,Sportsbet,Sydney Swans,103,17131,16498873,608005066,2897850209
Sydney Swans v Fremantle Dockers,Sydney Swans,Fremantle Dockers,Player Marks,Shai Bolton,Fremantle Dockers,4.5,6,Sportsbet,Sydney Swans,103,17131,16498873,608005066,2897850201
Sydney Swans v Fremantle Dockers,Sydney Swans,Fremantle Dockers,Player Marks,Caleb Serong,Fremantle Dockers,4.5,7.75,Sportsbet,Sydney Swans,103,17131,16498873,608005066,2897850213
Sydney Swans v Fremantle Dockers,Sydney Swans,Fremantle Dockers,Player Marks,Isaiah Dudley,Fremantle Dockers,4.5,7.75,Sportsbet,Sydney Swans,103,17131,16498873,608005066,2897850198
Sydney Swans v Fremantle Dockers,Sydney Swans,Fremantle Dockers,Player Marks,Murphy Reid,Fremantle Dockers,4.5,7.5,Sportsbet,Sydney Swans,103,17131,16498873,608005066,2897850169
Sydney Swans v Fremantle Dockers,Sydney Swans,Fremantle Dockers,Player Marks,Harry Cunningham,Sydney Swans,5.5,1.5,Sportsbet,Fremantle Dockers,103,17131,16498873,608005067,2897850222
Sydney Swans v Fremantle Dockers,Sydney Swans,Fremantle Dockers,Player Marks,Jake Lloyd,Sydney Swans,5.5,1.35,Sportsbet,Fremantle Dockers,103,17131,16498873,608005067,2897850231
Sydney Swans v Fremantle Dockers,Sydney Swans,Fremantle Dockers,Player Marks,Charlie Curnow,Sydney Swans,5.5,2.4,Sportsbet,Fremantle Dockers,103,17131,16498873,608005067,2897850253
Sydney Swans v Fremantle Dockers,Sydney Swans,Fremantle Dockers,Player Marks,Logan McDonald,Sydney Swans,5.5,2.4,Sportsbet,Fremantle Dockers,103,17131,16498873,608005067,2897850240
Sydney Swans v Fremantle Dockers,Sydney Swans,Fremantle Dockers,Player Marks,Tom McCartin,Sydney Swans,5.5,2.4,Sportsbet,Fremantle Dockers,103,17131,16498873,608005067,2897850236
Sydney Swans v Fremantle Dockers,Sydney Swans,Fremantle Dockers,Player Marks,Jesse Dattoli,Sydney Swans,5.5,3.6,Sportsbet,Fremantle Dockers,103,17131,16498873,608005067,2897850221
Sydney Swans v Fremantle Dockers,Sydney Swans,Fremantle Dockers,Player Marks,Justin McInerney,Sydney Swans,5.5,3.3,Sportsbet,Fremantle Dockers,103,17131,16498873,608005067,2897850225
Sydney Swans v Fremantle Dockers,Sydney Swans,Fremantle Dockers,Player Marks,Dane Rampe,Sydney Swans,5.5,4.9,Sportsbet,Fremantle Dockers,103,17131,16498873,608005067,2897850252
Sydney Swans v Fremantle Dockers,Sydney Swans,Fremantle Dockers,Player Marks,Hayden McLean,Sydney Swans,5.5,4.6,Sportsbet,Fremantle Dockers,103,17131,16498873,608005067,2897850245
Sydney Swans v Fremantle Dockers,Sydney Swans,Fremantle Dockers,Player Marks,Jai Serong,Sydney Swans,5.5,4.1,Sportsbet,Fremantle Dockers,103,17131,16498873,608005067,2897850216
Sydney Swans v Fremantle Dockers,Sydney Swans,Fremantle Dockers,Player Marks,Joel Hamling,Sydney Swans,5.5,4.1,Sportsbet,Fremantle Dockers,103,17131,16498873,608005067,2897850220
Sydney Swans v Fremantle Dockers,Sydney Swans,Fremantle Dockers,Player Marks,Matt Roberts,Sydney Swans,5.5,4.2,Sportsbet,Fremantle Dockers,103,17131,16498873,608005067,2897850235
Sydney Swans v Fremantle Dockers,Sydney Swans,Fremantle Dockers,Player Marks,Errol Gulden,Sydney Swans,5.5,5.1,Sportsbet,Fremantle Dockers,103,17131,16498873,608005067,2897850232
Sydney Swans v Fremantle Dockers,Sydney Swans,Fremantle Dockers,Player Marks,Billy Cootee,Sydney Swans,5.5,6.75,Sportsbet,Fremantle Dockers,103,17131,16498873,608005067,2897850242
Sydney Swans v Fremantle Dockers,Sydney Swans,Fremantle Dockers,Player Marks,Sam Wicks,Sydney Swans,5.5,6,Sportsbet,Fremantle Dockers,103,17131,16498873,608005067,2897850249
Sydney Swans v Fremantle Dockers,Sydney Swans,Fremantle Dockers,Player Marks,Caiden Cleary,Sydney Swans,5.5,7.5,Sportsbet,Fremantle Dockers,103,17131,16498873,608005067,2897850219
Sydney Swans v Fremantle Dockers,Sydney Swans,Fremantle Dockers,Player Marks,Joel Amartey,Sydney Swans,5.5,7.5,Sportsbet,Fremantle Dockers,103,17131,16498873,608005067,2897850223
Sydney Swans v Fremantle Dockers,Sydney Swans,Fremantle Dockers,Player Marks,Angus Sheldrick,Sydney Swans,5.5,9.75,Sportsbet,Fremantle Dockers,103,17131,16498873,608005067,2897850226
Sydney Swans v Fremantle Dockers,Sydney Swans,Fremantle Dockers,Player Marks,Harry Kyle,Sydney Swans,5.5,11,Sportsbet,Fremantle Dockers,103,17131,16498873,608005067,2897850255
Sydney Swans v Fremantle Dockers,Sydney Swans,Fremantle Dockers,Player Marks,Tom Papley,Sydney Swans,5.5,12.5,Sportsbet,Fremantle Dockers,103,17131,16498873,608005067,2897850243
Sydney Swans v Fremantle Dockers,Sydney Swans,Fremantle Dockers,Player Marks,Braeden Campbell,Sydney Swans,5.5,13,Sportsbet,Fremantle Dockers,103,17131,16498873,608005067,2897850259
Sydney Swans v Fremantle Dockers,Sydney Swans,Fremantle Dockers,Player Marks,Jordan Clark,Fremantle Dockers,5.5,1.7,Sportsbet,Sydney Swans,103,17131,16498873,608005067,2897850237
Sydney Swans v Fremantle Dockers,Sydney Swans,Fremantle Dockers,Player Marks,Josh Treacy,Fremantle Dockers,5.5,1.84,Sportsbet,Sydney Swans,103,17131,16498873,608005067,2897850254
Sydney Swans v Fremantle Dockers,Sydney Swans,Fremantle Dockers,Player Marks,Karl Worner,Fremantle Dockers,5.5,1.83,Sportsbet,Sydney Swans,103,17131,16498873,608005067,2897850260
Sydney Swans v Fremantle Dockers,Sydney Swans,Fremantle Dockers,Player Marks,Luke Ryan,Fremantle Dockers,5.5,1.41,Sportsbet,Sydney Swans,103,17131,16498873,608005067,2897850238
Sydney Swans v Fremantle Dockers,Sydney Swans,Fremantle Dockers,Player Marks,Oscar McDonald,Fremantle Dockers,5.5,1.71,Sportsbet,Sydney Swans,103,17131,16498873,608005067,2897850234
Sydney Swans v Fremantle Dockers,Sydney Swans,Fremantle Dockers,Player Marks,Heath Chapman,Fremantle Dockers,5.5,2.2,Sportsbet,Sydney Swans,103,17131,16498873,608005067,2897850246
Sydney Swans v Fremantle Dockers,Sydney Swans,Fremantle Dockers,Player Marks,Jye Amiss,Fremantle Dockers,5.5,3.7,Sportsbet,Sydney Swans,103,17131,16498873,608005067,2897850257
Sydney Swans v Fremantle Dockers,Sydney Swans,Fremantle Dockers,Player Marks,Neil Erasmus,Fremantle Dockers,5.5,3.05,Sportsbet,Sydney Swans,103,17131,16498873,608005067,2897850218
Sydney Swans v Fremantle Dockers,Sydney Swans,Fremantle Dockers,Player Marks,Alex Pearce,Fremantle Dockers,5.5,4.8,Sportsbet,Sydney Swans,103,17131,16498873,608005067,2897850248
Sydney Swans v Fremantle Dockers,Sydney Swans,Fremantle Dockers,Player Marks,Hayden Young,Fremantle Dockers,5.5,4.25,Sportsbet,Sydney Swans,103,17131,16498873,608005067,2897850228
Sydney Swans v Fremantle Dockers,Sydney Swans,Fremantle Dockers,Player Marks,Judd McVee,Fremantle Dockers,5.5,4.9,Sportsbet,Sydney Swans,103,17131,16498873,608005067,2897850247
Sydney Swans v Fremantle Dockers,Sydney Swans,Fremantle Dockers,Player Marks,Luke Jackson,Fremantle Dockers,5.5,5.2,Sportsbet,Sydney Swans,103,17131,16498873,608005067,2897850239
Sydney Swans v Fremantle Dockers,Sydney Swans,Fremantle Dockers,Player Marks,Matthew Johnson,Fremantle Dockers,5.5,5.9,Sportsbet,Sydney Swans,103,17131,16498873,608005067,2897850256
Sydney Swans v Fremantle Dockers,Sydney Swans,Fremantle Dockers,Player Marks,Andrew Brayshaw,Fremantle Dockers,5.5,6,Sportsbet,Sydney Swans,103,17131,16498873,608005067,2897850227
Sydney Swans v Fremantle Dockers,Sydney Swans,Fremantle Dockers,Player Marks,Michael Frederick,Fremantle Dockers,5.5,6,Sportsbet,Sydney Swans,103,17131,16498873,608005067,2897850229
Sydney Swans v Fremantle Dockers,Sydney Swans,Fremantle Dockers,Player Marks,Patrick Voss,Fremantle Dockers,5.5,6.25,Sportsbet,Sydney Swans,103,17131,16498873,608005067,2897850217
Sydney Swans v Fremantle Dockers,Sydney Swans,Fremantle Dockers,Player Marks,Corey Wagner,Fremantle Dockers,5.5,9.5,Sportsbet,Sydney Swans,103,17131,16498873,608005067,2897850230
Sydney Swans v Fremantle Dockers,Sydney Swans,Fremantle Dockers,Player Marks,Sam Switkowski,Fremantle Dockers,5.5,9.5,Sportsbet,Sydney Swans,103,17131,16498873,608005067,2897850258
Sydney Swans v Fremantle Dockers,Sydney Swans,Fremantle Dockers,Player Marks,Shai Bolton,Fremantle Dockers,5.5,12.5,Sportsbet,Sydney Swans,103,17131,16498873,608005067,2897850215
Sydney Swans v Fremantle Dockers,Sydney Swans,Fremantle Dockers,Player Marks,Harry Cunningham,Sydney Swans,6.5,1.98,Sportsbet,Fremantle Dockers,103,17131,16498873,608005064,2897850088
Sydney Swans v Fremantle Dockers,Sydney Swans,Fremantle Dockers,Player Marks,Jake Lloyd,Sydney Swans,6.5,1.71,Sportsbet,Fremantle Dockers,103,17131,16498873,608005064,2897850086
Sydney Swans v Fremantle Dockers,Sydney Swans,Fremantle Dockers,Player Marks,Charlie Curnow,Sydney Swans,6.5,3.8,Sportsbet,Fremantle Dockers,103,17131,16498873,608005064,2897850101
Sydney Swans v Fremantle Dockers,Sydney Swans,Fremantle Dockers,Player Marks,Logan McDonald,Sydney Swans,6.5,3.75,Sportsbet,Fremantle Dockers,103,17131,16498873,608005064,2897850103
Sydney Swans v Fremantle Dockers,Sydney Swans,Fremantle Dockers,Player Marks,Tom McCartin,Sydney Swans,6.5,3.7,Sportsbet,Fremantle Dockers,103,17131,16498873,608005064,2897850090
Sydney Swans v Fremantle Dockers,Sydney Swans,Fremantle Dockers,Player Marks,Justin McInerney,Sydney Swans,6.5,5.5,Sportsbet,Fremantle Dockers,103,17131,16498873,608005064,2897850097
Sydney Swans v Fremantle Dockers,Sydney Swans,Fremantle Dockers,Player Marks,Jesse Dattoli,Sydney Swans,6.5,6.25,Sportsbet,Fremantle Dockers,103,17131,16498873,608005064,2897850108
Sydney Swans v Fremantle Dockers,Sydney Swans,Fremantle Dockers,Player Marks,Jai Serong,Sydney Swans,6.5,7.25,Sportsbet,Fremantle Dockers,103,17131,16498873,608005064,2897850093
Sydney Swans v Fremantle Dockers,Sydney Swans,Fremantle Dockers,Player Marks,Joel Hamling,Sydney Swans,6.5,7.5,Sportsbet,Fremantle Dockers,103,17131,16498873,608005064,2897850079
Sydney Swans v Fremantle Dockers,Sydney Swans,Fremantle Dockers,Player Marks,Matt Roberts,Sydney Swans,6.5,7.75,Sportsbet,Fremantle Dockers,103,17131,16498873,608005064,2897850105
Sydney Swans v Fremantle Dockers,Sydney Swans,Fremantle Dockers,Player Marks,Hayden McLean,Sydney Swans,6.5,8.5,Sportsbet,Fremantle Dockers,103,17131,16498873,608005064,2897850077
Sydney Swans v Fremantle Dockers,Sydney Swans,Fremantle Dockers,Player Marks,Dane Rampe,Sydney Swans,6.5,9,Sportsbet,Fremantle Dockers,103,17131,16498873,608005064,2897850107
Sydney Swans v Fremantle Dockers,Sydney Swans,Fremantle Dockers,Player Marks,Errol Gulden,Sydney Swans,6.5,9.75,Sportsbet,Fremantle Dockers,103,17131,16498873,608005064,2897850082
Sydney Swans v Fremantle Dockers,Sydney Swans,Fremantle Dockers,Player Marks,Sam Wicks,Sydney Swans,6.5,12.5,Sportsbet,Fremantle Dockers,103,17131,16498873,608005064,2897850085
Sydney Swans v Fremantle Dockers,Sydney Swans,Fremantle Dockers,Player Marks,Billy Cootee,Sydney Swans,6.5,13,Sportsbet,Fremantle Dockers,103,17131,16498873,608005064,2897850104
Sydney Swans v Fremantle Dockers,Sydney Swans,Fremantle Dockers,Player Marks,Caiden Cleary,Sydney Swans,6.5,15,Sportsbet,Fremantle Dockers,103,17131,16498873,608005064,2897850113
Sydney Swans v Fremantle Dockers,Sydney Swans,Fremantle Dockers,Player Marks,Joel Amartey,Sydney Swans,6.5,15,Sportsbet,Fremantle Dockers,103,17131,16498873,608005064,2897850115
Sydney Swans v Fremantle Dockers,Sydney Swans,Fremantle Dockers,Player Marks,Luke Ryan,Fremantle Dockers,6.5,1.82,Sportsbet,Sydney Swans,103,17131,16498873,608005064,2897850122
Sydney Swans v Fremantle Dockers,Sydney Swans,Fremantle Dockers,Player Marks,Jordan Clark,Fremantle Dockers,6.5,2.35,Sportsbet,Sydney Swans,103,17131,16498873,608005064,2897850106
Sydney Swans v Fremantle Dockers,Sydney Swans,Fremantle Dockers,Player Marks,Josh Treacy,Fremantle Dockers,6.5,2.6,Sportsbet,Sydney Swans,103,17131,16498873,608005064,2897850120
Sydney Swans v Fremantle Dockers,Sydney Swans,Fremantle Dockers,Player Marks,Karl Worner,Fremantle Dockers,6.5,2.6,Sportsbet,Sydney Swans,103,17131,16498873,608005064,2897850083
Sydney Swans v Fremantle Dockers,Sydney Swans,Fremantle Dockers,Player Marks,Oscar McDonald,Fremantle Dockers,6.5,2.3,Sportsbet,Sydney Swans,103,17131,16498873,608005064,2897850092
Sydney Swans v Fremantle Dockers,Sydney Swans,Fremantle Dockers,Player Marks,Heath Chapman,Fremantle Dockers,6.5,3.35,Sportsbet,Sydney Swans,103,17131,16498873,608005064,2897850102
Sydney Swans v Fremantle Dockers,Sydney Swans,Fremantle Dockers,Player Marks,Neil Erasmus,Fremantle Dockers,6.5,5.1,Sportsbet,Sydney Swans,103,17131,16498873,608005064,2897850095
Sydney Swans v Fremantle Dockers,Sydney Swans,Fremantle Dockers,Player Marks,Jye Amiss,Fremantle Dockers,6.5,6.25,Sportsbet,Sydney Swans,103,17131,16498873,608005064,2897850118
Sydney Swans v Fremantle Dockers,Sydney Swans,Fremantle Dockers,Player Marks,Hayden Young,Fremantle Dockers,6.5,7.5,Sportsbet,Sydney Swans,103,17131,16498873,608005064,2897850100
Sydney Swans v Fremantle Dockers,Sydney Swans,Fremantle Dockers,Player Marks,Alex Pearce,Fremantle Dockers,6.5,9.25,Sportsbet,Sydney Swans,103,17131,16498873,608005064,2897850114
Sydney Swans v Fremantle Dockers,Sydney Swans,Fremantle Dockers,Player Marks,Judd McVee,Fremantle Dockers,6.5,9.25,Sportsbet,Sydney Swans,103,17131,16498873,608005064,2897850111
Sydney Swans v Fremantle Dockers,Sydney Swans,Fremantle Dockers,Player Marks,Luke Jackson,Fremantle Dockers,6.5,9.5,Sportsbet,Sydney Swans,103,17131,16498873,608005064,2897850098
Sydney Swans v Fremantle Dockers,Sydney Swans,Fremantle Dockers,Player Marks,Matthew Johnson,Fremantle Dockers,6.5,11,Sportsbet,Sydney Swans,103,17131,16498873,608005064,2897850099
Sydney Swans v Fremantle Dockers,Sydney Swans,Fremantle Dockers,Player Marks,Andrew Brayshaw,Fremantle Dockers,6.5,12,Sportsbet,Sydney Swans,103,17131,16498873,608005064,2897850116
Sydney Swans v Fremantle Dockers,Sydney Swans,Fremantle Dockers,Player Marks,Michael Frederick,Fremantle Dockers,6.5,12,Sportsbet,Sydney Swans,103,17131,16498873,608005064,2897850080
Sydney Swans v Fremantle Dockers,Sydney Swans,Fremantle Dockers,Player Marks,Patrick Voss,Fremantle Dockers,6.5,12.5,Sportsbet,Sydney Swans,103,17131,16498873,608005064,2897850091
Sydney Swans v Fremantle Dockers,Sydney Swans,Fremantle Dockers,Player Marks,Harry Cunningham,Sydney Swans,7.5,2.8,Sportsbet,Fremantle Dockers,103,17131,16498873,608005045,2897849998
Sydney Swans v Fremantle Dockers,Sydney Swans,Fremantle Dockers,Player Marks,Jake Lloyd,Sydney Swans,7.5,2.3,Sportsbet,Fremantle Dockers,103,17131,16498873,608005045,2897850018
Sydney Swans v Fremantle Dockers,Sydney Swans,Fremantle Dockers,Player Marks,Charlie Curnow,Sydney Swans,7.5,6.5,Sportsbet,Fremantle Dockers,103,17131,16498873,608005045,2897850024
Sydney Swans v Fremantle Dockers,Sydney Swans,Fremantle Dockers,Player Marks,Logan McDonald,Sydney Swans,7.5,6.25,Sportsbet,Fremantle Dockers,103,17131,16498873,608005045,2897850008
Sydney Swans v Fremantle Dockers,Sydney Swans,Fremantle Dockers,Player Marks,Tom McCartin,Sydney Swans,7.5,6.25,Sportsbet,Fremantle Dockers,103,17131,16498873,608005045,2897849986
Sydney Swans v Fremantle Dockers,Sydney Swans,Fremantle Dockers,Player Marks,Justin McInerney,Sydney Swans,7.5,10,Sportsbet,Fremantle Dockers,103,17131,16498873,608005045,2897850006
Sydney Swans v Fremantle Dockers,Sydney Swans,Fremantle Dockers,Player Marks,Jesse Dattoli,Sydney Swans,7.5,11.5,Sportsbet,Fremantle Dockers,103,17131,16498873,608005045,2897849996
Sydney Swans v Fremantle Dockers,Sydney Swans,Fremantle Dockers,Player Marks,Jai Serong,Sydney Swans,7.5,14,Sportsbet,Fremantle Dockers,103,17131,16498873,608005045,2897849993
Sydney Swans v Fremantle Dockers,Sydney Swans,Fremantle Dockers,Player Marks,Joel Hamling,Sydney Swans,7.5,14,Sportsbet,Fremantle Dockers,103,17131,16498873,608005045,2897849994
Sydney Swans v Fremantle Dockers,Sydney Swans,Fremantle Dockers,Player Marks,Matt Roberts,Sydney Swans,7.5,14,Sportsbet,Fremantle Dockers,103,17131,16498873,608005045,2897850028
Sydney Swans v Fremantle Dockers,Sydney Swans,Fremantle Dockers,Player Marks,Hayden McLean,Sydney Swans,7.5,15,Sportsbet,Fremantle Dockers,103,17131,16498873,608005045,2897850002
Sydney Swans v Fremantle Dockers,Sydney Swans,Fremantle Dockers,Player Marks,Dane Rampe,Sydney Swans,7.5,17,Sportsbet,Fremantle Dockers,103,17131,16498873,608005045,2897849989
Sydney Swans v Fremantle Dockers,Sydney Swans,Fremantle Dockers,Player Marks,Errol Gulden,Sydney Swans,7.5,18,Sportsbet,Fremantle Dockers,103,17131,16498873,608005045,2897850004
Sydney Swans v Fremantle Dockers,Sydney Swans,Fremantle Dockers,Player Marks,Luke Ryan,Fremantle Dockers,7.5,2.5,Sportsbet,Sydney Swans,103,17131,16498873,608005045,2897850023
Sydney Swans v Fremantle Dockers,Sydney Swans,Fremantle Dockers,Player Marks,Jordan Clark,Fremantle Dockers,7.5,3.6,Sportsbet,Sydney Swans,103,17131,16498873,608005045,2897850010
Sydney Swans v Fremantle Dockers,Sydney Swans,Fremantle Dockers,Player Marks,Karl Worner,Fremantle Dockers,7.5,3.9,Sportsbet,Sydney Swans,103,17131,16498873,608005045,2897850005
Sydney Swans v Fremantle Dockers,Sydney Swans,Fremantle Dockers,Player Marks,Oscar McDonald,Fremantle Dockers,7.5,3.45,Sportsbet,Sydney Swans,103,17131,16498873,608005045,2897849997
Sydney Swans v Fremantle Dockers,Sydney Swans,Fremantle Dockers,Player Marks,Josh Treacy,Fremantle Dockers,7.5,4,Sportsbet,Sydney Swans,103,17131,16498873,608005045,2897850009
Sydney Swans v Fremantle Dockers,Sydney Swans,Fremantle Dockers,Player Marks,Heath Chapman,Fremantle Dockers,7.5,5.5,Sportsbet,Sydney Swans,103,17131,16498873,608005045,2897850029
Sydney Swans v Fremantle Dockers,Sydney Swans,Fremantle Dockers,Player Marks,Neil Erasmus,Fremantle Dockers,7.5,9.25,Sportsbet,Sydney Swans,103,17131,16498873,608005045,2897850025
Sydney Swans v Fremantle Dockers,Sydney Swans,Fremantle Dockers,Player Marks,Jye Amiss,Fremantle Dockers,7.5,11.5,Sportsbet,Sydney Swans,103,17131,16498873,608005045,2897850012
Sydney Swans v Fremantle Dockers,Sydney Swans,Fremantle Dockers,Player Marks,Hayden Young,Fremantle Dockers,7.5,14,Sportsbet,Sydney Swans,103,17131,16498873,608005045,2897850017
Sydney Swans v Fremantle Dockers,Sydney Swans,Fremantle Dockers,Player Marks,Alex Pearce,Fremantle Dockers,7.5,18,Sportsbet,Sydney Swans,103,17131,16498873,608005045,2897849995
Sydney Swans v Fremantle Dockers,Sydney Swans,Fremantle Dockers,Player Marks,Judd McVee,Fremantle Dockers,7.5,18,Sportsbet,Sydney Swans,103,17131,16498873,608005045,2897850022
Sydney Swans v Fremantle Dockers,Sydney Swans,Fremantle Dockers,Player Marks,Luke Jackson,Fremantle Dockers,7.5,18,Sportsbet,Sydney Swans,103,17131,16498873,608005045,2897849987
Sydney Swans v Fremantle Dockers,Sydney Swans,Fremantle Dockers,Player Marks,Jake Lloyd,Sydney Swans,8.5,3.25,Sportsbet,Fremantle Dockers,103,17131,16498873,608005076,2897850629
Sydney Swans v Fremantle Dockers,Sydney Swans,Fremantle Dockers,Player Marks,Harry Cunningham,Sydney Swans,8.5,4.25,Sportsbet,Fremantle Dockers,103,17131,16498873,608005076,2897850652
Sydney Swans v Fremantle Dockers,Sydney Swans,Fremantle Dockers,Player Marks,Logan McDonald,Sydney Swans,8.5,11,Sportsbet,Fremantle Dockers,103,17131,16498873,608005076,2897850659
Sydney Swans v Fremantle Dockers,Sydney Swans,Fremantle Dockers,Player Marks,Tom McCartin,Sydney Swans,8.5,11.5,Sportsbet,Fremantle Dockers,103,17131,16498873,608005076,2897850673
Sydney Swans v Fremantle Dockers,Sydney Swans,Fremantle Dockers,Player Marks,Charlie Curnow,Sydney Swans,8.5,12,Sportsbet,Fremantle Dockers,103,17131,16498873,608005076,2897850662
Sydney Swans v Fremantle Dockers,Sydney Swans,Fremantle Dockers,Player Marks,Justin McInerney,Sydney Swans,8.5,19,Sportsbet,Fremantle Dockers,103,17131,16498873,608005076,2897850655
Sydney Swans v Fremantle Dockers,Sydney Swans,Fremantle Dockers,Player Marks,Jesse Dattoli,Sydney Swans,8.5,21,Sportsbet,Fremantle Dockers,103,17131,16498873,608005076,2897850666
Sydney Swans v Fremantle Dockers,Sydney Swans,Fremantle Dockers,Player Marks,Jai Serong,Sydney Swans,8.5,26,Sportsbet,Fremantle Dockers,103,17131,16498873,608005076,2897850661
Sydney Swans v Fremantle Dockers,Sydney Swans,Fremantle Dockers,Player Marks,Joel Hamling,Sydney Swans,8.5,26,Sportsbet,Fremantle Dockers,103,17131,16498873,608005076,2897850647
Sydney Swans v Fremantle Dockers,Sydney Swans,Fremantle Dockers,Player Marks,Luke Ryan,Fremantle Dockers,8.5,3.7,Sportsbet,Sydney Swans,103,17131,16498873,608005076,2897850664
Sydney Swans v Fremantle Dockers,Sydney Swans,Fremantle Dockers,Player Marks,Jordan Clark,Fremantle Dockers,8.5,5.6,Sportsbet,Sydney Swans,103,17131,16498873,608005076,2897850636
Sydney Swans v Fremantle Dockers,Sydney Swans,Fremantle Dockers,Player Marks,Oscar McDonald,Fremantle Dockers,8.5,5.5,Sportsbet,Sydney Swans,103,17131,16498873,608005076,2897850635
Sydney Swans v Fremantle Dockers,Sydney Swans,Fremantle Dockers,Player Marks,Josh Treacy,Fremantle Dockers,8.5,6.5,Sportsbet,Sydney Swans,103,17131,16498873,608005076,2897850632
Sydney Swans v Fremantle Dockers,Sydney Swans,Fremantle Dockers,Player Marks,Karl Worner,Fremantle Dockers,8.5,6.5,Sportsbet,Sydney Swans,103,17131,16498873,608005076,2897850633
Sydney Swans v Fremantle Dockers,Sydney Swans,Fremantle Dockers,Player Marks,Heath Chapman,Fremantle Dockers,8.5,9.25,Sportsbet,Sydney Swans,103,17131,16498873,608005076,2897850648
Sydney Swans v Fremantle Dockers,Sydney Swans,Fremantle Dockers,Player Marks,Neil Erasmus,Fremantle Dockers,8.5,17,Sportsbet,Sydney Swans,103,17131,16498873,608005076,2897850651
Sydney Swans v Fremantle Dockers,Sydney Swans,Fremantle Dockers,Player Marks,Jye Amiss,Fremantle Dockers,8.5,21,Sportsbet,Sydney Swans,103,17131,16498873,608005076,2897850654
Sydney Swans v Fremantle Dockers,Sydney Swans,Fremantle Dockers,Player Marks,Jake Lloyd,Sydney Swans,9.5,5,Sportsbet,Fremantle Dockers,103,17131,16498873,608005041,2897849710
Sydney Swans v Fremantle Dockers,Sydney Swans,Fremantle Dockers,Player Marks,Harry Cunningham,Sydney Swans,9.5,6.75,Sportsbet,Fremantle Dockers,103,17131,16498873,608005041,2897849816
Sydney Swans v Fremantle Dockers,Sydney Swans,Fremantle Dockers,Player Marks,Logan McDonald,Sydney Swans,9.5,19,Sportsbet,Fremantle Dockers,103,17131,16498873,608005041,2897849820
Sydney Swans v Fremantle Dockers,Sydney Swans,Fremantle Dockers,Player Marks,Tom McCartin,Sydney Swans,9.5,19,Sportsbet,Fremantle Dockers,103,17131,16498873,608005041,2897849716
Sydney Swans v Fremantle Dockers,Sydney Swans,Fremantle Dockers,Player Marks,Charlie Curnow,Sydney Swans,9.5,21,Sportsbet,Fremantle Dockers,103,17131,16498873,608005041,2897849835
Sydney Swans v Fremantle Dockers,Sydney Swans,Fremantle Dockers,Player Marks,Luke Ryan,Fremantle Dockers,9.5,5.75,Sportsbet,Sydney Swans,103,17131,16498873,608005041,2897849837
Sydney Swans v Fremantle Dockers,Sydney Swans,Fremantle Dockers,Player Marks,Jordan Clark,Fremantle Dockers,9.5,9.25,Sportsbet,Sydney Swans,103,17131,16498873,608005041,2897849834
Sydney Swans v Fremantle Dockers,Sydney Swans,Fremantle Dockers,Player Marks,Oscar McDonald,Fremantle Dockers,9.5,9,Sportsbet,Sydney Swans,103,17131,16498873,608005041,2897849712
Sydney Swans v Fremantle Dockers,Sydney Swans,Fremantle Dockers,Player Marks,Josh Treacy,Fremantle Dockers,9.5,11.5,Sportsbet,Sydney Swans,103,17131,16498873,608005041,2897849714
Sydney Swans v Fremantle Dockers,Sydney Swans,Fremantle Dockers,Player Marks,Karl Worner,Fremantle Dockers,9.5,11,Sportsbet,Sydney Swans,103,17131,16498873,608005041,2897849832
Sydney Swans v Fremantle Dockers,Sydney Swans,Fremantle Dockers,Player Marks,Heath Chapman,Fremantle Dockers,9.5,16,Sportsbet,Sydney Swans,103,17131,16498873,608005041,2897849842
Sydney Swans v Fremantle Dockers,Sydney Swans,Fremantle Dockers,Player Marks,Neil Erasmus,Fremantle Dockers,9.5,34,Sportsbet,Sydney Swans,103,17131,16498873,608005041,2897849819
Sydney Swans v Fremantle Dockers,Sydney Swans,Fremantle Dockers,Player Marks,Jake Lloyd,Sydney Swans,10.5,8,Sportsbet,Fremantle Dockers,103,17131,16498873,608005044,2897849949
Sydney Swans v Fremantle Dockers,Sydney Swans,Fremantle Dockers,Player Marks,Harry Cunningham,Sydney Swans,10.5,11,Sportsbet,Fremantle Dockers,103,17131,16498873,608005044,2897849980
Sydney Swans v Fremantle Dockers,Sydney Swans,Fremantle Dockers,Player Marks,Logan McDonald,Sydney Swans,10.5,41,Sportsbet,Fremantle Dockers,103,17131,16498873,608005044,2897849963
Sydney Swans v Fremantle Dockers,Sydney Swans,Fremantle Dockers,Player Marks,Luke Ryan,Fremantle Dockers,10.5,9.25,Sportsbet,Sydney Swans,103,17131,16498873,608005044,2897849976
Sydney Swans v Fremantle Dockers,Sydney Swans,Fremantle Dockers,Player Marks,Jordan Clark,Fremantle Dockers,10.5,15,Sportsbet,Sydney Swans,103,17131,16498873,608005044,2897849953
Sydney Swans v Fremantle Dockers,Sydney Swans,Fremantle Dockers,Player Marks,Oscar McDonald,Fremantle Dockers,10.5,15,Sportsbet,Sydney Swans,103,17131,16498873,608005044,2897849945
Sydney Swans v Fremantle Dockers,Sydney Swans,Fremantle Dockers,Player Marks,Josh Treacy,Fremantle Dockers,10.5,19,Sportsbet,Sydney Swans,103,17131,16498873,608005044,2897849944
Sydney Swans v Fremantle Dockers,Sydney Swans,Fremantle Dockers,Player Marks,Karl Worner,Fremantle Dockers,10.5,19,Sportsbet,Sydney Swans,103,17131,16498873,608005044,2897849961
Sydney Swans v Fremantle Dockers,Sydney Swans,Fremantle Dockers,Player Marks,Heath Chapman,Fremantle Dockers,10.5,29,Sportsbet,Sydney Swans,103,17131,16498873,608005044,2897849943
Sydney Swans v Fremantle Dockers,Sydney Swans,Fremantle Dockers,Player Marks,Jake Lloyd,Sydney Swans,11.5,13,Sportsbet,Fremantle Dockers,103,17131,16498873,608005065,2897850162
Sydney Swans v Fremantle Dockers,Sydney Swans,Fremantle Dockers,Player Marks,Harry Cunningham,Sydney Swans,11.5,18,Sportsbet,Fremantle Dockers,103,17131,16498873,608005065,2897850136
Sydney Swans v Fremantle Dockers,Sydney Swans,Fremantle Dockers,Player Marks,Luke Ryan,Fremantle Dockers,11.5,15,Sportsbet,Sydney Swans,103,17131,16498873,608005065,2897850166
Sydney Swans v Fremantle Dockers,Sydney Swans,Fremantle Dockers,Player Marks,Jordan Clark,Fremantle Dockers,11.5,26,Sportsbet,Sydney Swans,103,17131,16498873,608005065,2897850146
Sydney Swans v Fremantle Dockers,Sydney Swans,Fremantle Dockers,Player Marks,Oscar McDonald,Fremantle Dockers,11.5,29,Sportsbet,Sydney Swans,103,17131,16498873,608005065,2897850141
Sydney Swans v Fremantle Dockers,Sydney Swans,Fremantle Dockers,Player Marks,Karl Worner,Fremantle Dockers,11.5,34,Sportsbet,Sydney Swans,103,17131,16498873,608005065,2897850131
Sydney Swans v Fremantle Dockers,Sydney Swans,Fremantle Dockers,Player Marks,Josh Treacy,Fremantle Dockers,11.5,41,Sportsbet,Sydney Swans,103,17131,16498873,608005065,2897850149
Hawthorn Hawks v Brisbane Lions,Hawthorn Hawks,Brisbane Lions,Player Marks,Bailey Macdonald,Hawthorn Hawks,1.5,1.45,Sportsbet,Brisbane Lions,103,17131,16501018,608011302,2897885864
Hawthorn Hawks v Brisbane Lions,Hawthorn Hawks,Brisbane Lions,Player Marks,Cam Mackenzie,Hawthorn Hawks,1.5,1.83,Sportsbet,Brisbane Lions,103,17131,16501018,608011302,2897885911
Hawthorn Hawks v Brisbane Lions,Hawthorn Hawks,Brisbane Lions,Player Marks,Connor Macdonald,Hawthorn Hawks,1.5,1.1,Sportsbet,Brisbane Lions,103,17131,16501018,608011302,2897885909
Hawthorn Hawks v Brisbane Lions,Hawthorn Hawks,Brisbane Lions,Player Marks,Jai Newcombe,Hawthorn Hawks,1.5,1.1,Sportsbet,Brisbane Lions,103,17131,16501018,608011302,2897885871
Hawthorn Hawks v Brisbane Lions,Hawthorn Hawks,Brisbane Lions,Player Marks,Josh Ward,Hawthorn Hawks,1.5,1.1,Sportsbet,Brisbane Lions,103,17131,16501018,608011302,2897885870
Hawthorn Hawks v Brisbane Lions,Hawthorn Hawks,Brisbane Lions,Player Marks,Lloyd Meek,Hawthorn Hawks,1.5,1.61,Sportsbet,Brisbane Lions,103,17131,16501018,608011302,2897885869
Hawthorn Hawks v Brisbane Lions,Hawthorn Hawks,Brisbane Lions,Player Marks,Mabior Chol,Hawthorn Hawks,1.5,1.1,Sportsbet,Brisbane Lions,103,17131,16501018,608011302,2897885708
Hawthorn Hawks v Brisbane Lions,Hawthorn Hawks,Brisbane Lions,Player Marks,Nick Watson,Hawthorn Hawks,1.5,1.41,Sportsbet,Brisbane Lions,103,17131,16501018,608011302,2897885872
Hawthorn Hawks v Brisbane Lions,Hawthorn Hawks,Brisbane Lions,Player Marks,Noah Mraz,Hawthorn Hawks,1.5,1.08,Sportsbet,Brisbane Lions,103,17131,16501018,608011302,2897885707
Hawthorn Hawks v Brisbane Lions,Hawthorn Hawks,Brisbane Lions,Player Marks,Tom Barrass,Hawthorn Hawks,1.5,1.08,Sportsbet,Brisbane Lions,103,17131,16501018,608011302,2897885890
Hawthorn Hawks v Brisbane Lions,Hawthorn Hawks,Brisbane Lions,Player Marks,Will Day,Hawthorn Hawks,1.5,1.13,Sportsbet,Brisbane Lions,103,17131,16501018,608011302,2897885858
Hawthorn Hawks v Brisbane Lions,Hawthorn Hawks,Brisbane Lions,Player Marks,Conor McKenna,Brisbane Lions,1.5,1.33,Sportsbet,Hawthorn Hawks,103,17131,16501018,608011302,2897885891
Hawthorn Hawks v Brisbane Lions,Hawthorn Hawks,Brisbane Lions,Player Marks,Darcy Fort,Brisbane Lions,1.5,1.24,Sportsbet,Hawthorn Hawks,103,17131,16501018,608011302,2897885854
Hawthorn Hawks v Brisbane Lions,Hawthorn Hawks,Brisbane Lions,Player Marks,Darcy Gardiner,Brisbane Lions,1.5,1.06,Sportsbet,Hawthorn Hawks,103,17131,16501018,608011302,2897885877
Hawthorn Hawks v Brisbane Lions,Hawthorn Hawks,Brisbane Lions,Player Marks,Kai Lohmann,Brisbane Lions,1.5,1.1,Sportsbet,Hawthorn Hawks,103,17131,16501018,608011302,2897885881
Hawthorn Hawks v Brisbane Lions,Hawthorn Hawks,Brisbane Lions,Player Marks,Oscar Allen,Brisbane Lions,1.5,1.1,Sportsbet,Hawthorn Hawks,103,17131,16501018,608011302,2897885876
Hawthorn Hawks v Brisbane Lions,Hawthorn Hawks,Brisbane Lions,Player Marks,Sam Draper,Brisbane Lions,1.5,1.18,Sportsbet,Hawthorn Hawks,103,17131,16501018,608011302,2897885892
Hawthorn Hawks v Brisbane Lions,Hawthorn Hawks,Brisbane Lions,Player Marks,Blake Hardwick,Hawthorn Hawks,2.5,1.17,Sportsbet,Brisbane Lions,103,17131,16501018,608011327,2897886376
Hawthorn Hawks v Brisbane Lions,Hawthorn Hawks,Brisbane Lions,Player Marks,Connor Macdonald,Hawthorn Hawks,2.5,1.39,Sportsbet,Brisbane Lions,103,17131,16501018,608011327,2897886356
Hawthorn Hawks v Brisbane Lions,Hawthorn Hawks,Brisbane Lions,Player Marks,Dylan Moore,Hawthorn Hawks,2.5,1.17,Sportsbet,Brisbane Lions,103,17131,16501018,608011327,2897886354
Hawthorn Hawks v Brisbane Lions,Hawthorn Hawks,Brisbane Lions,Player Marks,Harry Morrison,Hawthorn Hawks,2.5,1.12,Sportsbet,Brisbane Lions,103,17131,16501018,608011327,2897886369
Hawthorn Hawks v Brisbane Lions,Hawthorn Hawks,Brisbane Lions,Player Marks,Jack Ginnivan,Hawthorn Hawks,2.5,1.15,Sportsbet,Brisbane Lions,103,17131,16501018,608011327,2897886350
Hawthorn Hawks v Brisbane Lions,Hawthorn Hawks,Brisbane Lions,Player Marks,Jack Gunston,Hawthorn Hawks,2.5,1.12,Sportsbet,Brisbane Lions,103,17131,16501018,608011327,2897886375
Hawthorn Hawks v Brisbane Lions,Hawthorn Hawks,Brisbane Lions,Player Marks,Jai Newcombe,Hawthorn Hawks,2.5,1.4,Sportsbet,Brisbane Lions,103,17131,16501018,608011327,2897886338
Hawthorn Hawks v Brisbane Lions,Hawthorn Hawks,Brisbane Lions,Player Marks,Jarman Impey,Hawthorn Hawks,2.5,1.15,Sportsbet,Brisbane Lions,103,17131,16501018,608011327,2897886352
Hawthorn Hawks v Brisbane Lions,Hawthorn Hawks,Brisbane Lions,Player Marks,Josh Battle,Hawthorn Hawks,2.5,1.06,Sportsbet,Brisbane Lions,103,17131,16501018,608011327,2897886378
Hawthorn Hawks v Brisbane Lions,Hawthorn Hawks,Brisbane Lions,Player Marks,Josh Ward,Hawthorn Hawks,2.5,1.41,Sportsbet,Brisbane Lions,103,17131,16501018,608011327,2897886348
Hawthorn Hawks v Brisbane Lions,Hawthorn Hawks,Brisbane Lions,Player Marks,Josh Weddle,Hawthorn Hawks,2.5,1.1,Sportsbet,Brisbane Lions,103,17131,16501018,608011327,2897886371
Hawthorn Hawks v Brisbane Lions,Hawthorn Hawks,Brisbane Lions,Player Marks,Karl Amon,Hawthorn Hawks,2.5,1.12,Sportsbet,Brisbane Lions,103,17131,16501018,608011327,2897886346
Hawthorn Hawks v Brisbane Lions,Hawthorn Hawks,Brisbane Lions,Player Marks,Mabior Chol,Hawthorn Hawks,2.5,1.39,Sportsbet,Brisbane Lions,103,17131,16501018,608011327,2897886368
Hawthorn Hawks v Brisbane Lions,Hawthorn Hawks,Brisbane Lions,Player Marks,Massimo D'Ambrosio,Hawthorn Hawks,2.5,1.1,Sportsbet,Brisbane Lions,103,17131,16501018,608011327,2897886359
Hawthorn Hawks v Brisbane Lions,Hawthorn Hawks,Brisbane Lions,Player Marks,Mitch Lewis,Hawthorn Hawks,2.5,1.12,Sportsbet,Brisbane Lions,103,17131,16501018,608011327,2897886335
Hawthorn Hawks v Brisbane Lions,Hawthorn Hawks,Brisbane Lions,Player Marks,Noah Mraz,Hawthorn Hawks,2.5,1.32,Sportsbet,Brisbane Lions,103,17131,16501018,608011327,2897886342
Hawthorn Hawks v Brisbane Lions,Hawthorn Hawks,Brisbane Lions,Player Marks,Tom Barrass,Hawthorn Hawks,2.5,1.31,Sportsbet,Brisbane Lions,103,17131,16501018,608011327,2897886353
Hawthorn Hawks v Brisbane Lions,Hawthorn Hawks,Brisbane Lions,Player Marks,Will Day,Hawthorn Hawks,2.5,1.5,Sportsbet,Brisbane Lions,103,17131,16501018,608011327,2897886373
Hawthorn Hawks v Brisbane Lions,Hawthorn Hawks,Brisbane Lions,Player Marks,Bailey Macdonald,Hawthorn Hawks,2.5,2.4,Sportsbet,Brisbane Lions,103,17131,16501018,608011327,2897886337
Hawthorn Hawks v Brisbane Lions,Hawthorn Hawks,Brisbane Lions,Player Marks,Lloyd Meek,Hawthorn Hawks,2.5,2.9,Sportsbet,Brisbane Lions,103,17131,16501018,608011327,2897886349
Hawthorn Hawks v Brisbane Lions,Hawthorn Hawks,Brisbane Lions,Player Marks,Nick Watson,Hawthorn Hawks,2.5,2.3,Sportsbet,Brisbane Lions,103,17131,16501018,608011327,2897886340
Hawthorn Hawks v Brisbane Lions,Hawthorn Hawks,Brisbane Lions,Player Marks,Cam Mackenzie,Hawthorn Hawks,2.5,3.6,Sportsbet,Brisbane Lions,103,17131,16501018,608011327,2897886344
Hawthorn Hawks v Brisbane Lions,Hawthorn Hawks,Brisbane Lions,Player Marks,Cam Rayner,Brisbane Lions,2.5,1.09,Sportsbet,Hawthorn Hawks,103,17131,16501018,608011327,2897886380
Hawthorn Hawks v Brisbane Lions,Hawthorn Hawks,Brisbane Lions,Player Marks,Charlie Cameron,Brisbane Lions,2.5,1.24,Sportsbet,Hawthorn Hawks,103,17131,16501018,608011327,2897886345
Hawthorn Hawks v Brisbane Lions,Hawthorn Hawks,Brisbane Lions,Player Marks,Darcy Fort,Brisbane Lions,2.5,1.81,Sportsbet,Hawthorn Hawks,103,17131,16501018,608011327,2897886366
Hawthorn Hawks v Brisbane Lions,Hawthorn Hawks,Brisbane Lions,Player Marks,Darcy Gardiner,Brisbane Lions,2.5,1.25,Sportsbet,Hawthorn Hawks,103,17131,16501018,608011327,2897886363
Hawthorn Hawks v Brisbane Lions,Hawthorn Hawks,Brisbane Lions,Player Marks,Darcy Wilmot,Brisbane Lions,2.5,1.07,Sportsbet,Hawthorn Hawks,103,17131,16501018,608011327,2897886367
Hawthorn Hawks v Brisbane Lions,Hawthorn Hawks,Brisbane Lions,Player Marks,Hugh McCluggage,Brisbane Lions,2.5,1.14,Sportsbet,Hawthorn Hawks,103,17131,16501018,608011327,2897886358
Hawthorn Hawks v Brisbane Lions,Hawthorn Hawks,Brisbane Lions,Player Marks,Josh Dunkley,Brisbane Lions,2.5,1.12,Sportsbet,Hawthorn Hawks,103,17131,16501018,608011327,2897886364
Hawthorn Hawks v Brisbane Lions,Hawthorn Hawks,Brisbane Lions,Player Marks,Kai Lohmann,Brisbane Lions,2.5,1.4,Sportsbet,Hawthorn Hawks,103,17131,16501018,608011327,2897886362
Hawthorn Hawks v Brisbane Lions,Hawthorn Hawks,Brisbane Lions,Player Marks,Lachie Neale,Brisbane Lions,2.5,1.1,Sportsbet,Hawthorn Hawks,103,17131,16501018,608011327,2897886365
Hawthorn Hawks v Brisbane Lions,Hawthorn Hawks,Brisbane Lions,Player Marks,Logan Morris,Brisbane Lions,2.5,1.12,Sportsbet,Hawthorn Hawks,103,17131,16501018,608011327,2897886343
Hawthorn Hawks v Brisbane Lions,Hawthorn Hawks,Brisbane Lions,Player Marks,Noah Answerth,Brisbane Lions,2.5,1.2,Sportsbet,Hawthorn Hawks,103,17131,16501018,608011327,2897886339
Hawthorn Hawks v Brisbane Lions,Hawthorn Hawks,Brisbane Lions,Player Marks,Oscar Allen,Brisbane Lions,2.5,1.39,Sportsbet,Hawthorn Hawks,103,17131,16501018,608011327,2897886360
Hawthorn Hawks v Brisbane Lions,Hawthorn Hawks,Brisbane Lions,Player Marks,Sam Draper,Brisbane Lions,2.5,1.63,Sportsbet,Hawthorn Hawks,103,17131,16501018,608011327,2897886341
Hawthorn Hawks v Brisbane Lions,Hawthorn Hawks,Brisbane Lions,Player Marks,Ty Gallop,Brisbane Lions,2.5,1.06,Sportsbet,Hawthorn Hawks,103,17131,16501018,608011327,2897886361
Hawthorn Hawks v Brisbane Lions,Hawthorn Hawks,Brisbane Lions,Player Marks,Will Ashcroft,Brisbane Lions,2.5,1.06,Sportsbet,Hawthorn Hawks,103,17131,16501018,608011327,2897886357
Hawthorn Hawks v Brisbane Lions,Hawthorn Hawks,Brisbane Lions,Player Marks,Conor McKenna,Brisbane Lions,2.5,2.05,Sportsbet,Hawthorn Hawks,103,17131,16501018,608011327,2897886374
Hawthorn Hawks v Brisbane Lions,Hawthorn Hawks,Brisbane Lions,Player Marks,Blake Hardwick,Hawthorn Hawks,3.5,1.45,Sportsbet,Brisbane Lions,103,17131,16501018,608011323,2897886170
Hawthorn Hawks v Brisbane Lions,Hawthorn Hawks,Brisbane Lions,Player Marks,Dylan Moore,Hawthorn Hawks,3.5,1.45,Sportsbet,Brisbane Lions,103,17131,16501018,608011323,2897886167
Hawthorn Hawks v Brisbane Lions,Hawthorn Hawks,Brisbane Lions,Player Marks,Harry Morrison,Hawthorn Hawks,3.5,1.37,Sportsbet,Brisbane Lions,103,17131,16501018,608011323,2897886154
Hawthorn Hawks v Brisbane Lions,Hawthorn Hawks,Brisbane Lions,Player Marks,Jack Ginnivan,Hawthorn Hawks,3.5,1.45,Sportsbet,Brisbane Lions,103,17131,16501018,608011323,2897886158
Hawthorn Hawks v Brisbane Lions,Hawthorn Hawks,Brisbane Lions,Player Marks,Jack Gunston,Hawthorn Hawks,3.5,1.35,Sportsbet,Brisbane Lions,103,17131,16501018,608011323,2897886148
Hawthorn Hawks v Brisbane Lions,Hawthorn Hawks,Brisbane Lions,Player Marks,James Sicily,Hawthorn Hawks,3.5,1.07,Sportsbet,Brisbane Lions,103,17131,16501018,608011323,2897886179
Hawthorn Hawks v Brisbane Lions,Hawthorn Hawks,Brisbane Lions,Player Marks,Jarman Impey,Hawthorn Hawks,3.5,1.45,Sportsbet,Brisbane Lions,103,17131,16501018,608011323,2897886157
Hawthorn Hawks v Brisbane Lions,Hawthorn Hawks,Brisbane Lions,Player Marks,Josh Battle,Hawthorn Hawks,3.5,1.2,Sportsbet,Brisbane Lions,103,17131,16501018,608011323,2897886165
Hawthorn Hawks v Brisbane Lions,Hawthorn Hawks,Brisbane Lions,Player Marks,Josh Weddle,Hawthorn Hawks,3.5,1.3,Sportsbet,Brisbane Lions,103,17131,16501018,608011323,2897886168
Hawthorn Hawks v Brisbane Lions,Hawthorn Hawks,Brisbane Lions,Player Marks,Karl Amon,Hawthorn Hawks,3.5,1.36,Sportsbet,Brisbane Lions,103,17131,16501018,608011323,2897886175
Hawthorn Hawks v Brisbane Lions,Hawthorn Hawks,Brisbane Lions,Player Marks,Massimo D'Ambrosio,Hawthorn Hawks,3.5,1.29,Sportsbet,Brisbane Lions,103,17131,16501018,608011323,2897886147
Hawthorn Hawks v Brisbane Lions,Hawthorn Hawks,Brisbane Lions,Player Marks,Mitch Lewis,Hawthorn Hawks,3.5,1.36,Sportsbet,Brisbane Lions,103,17131,16501018,608011323,2897886192
Hawthorn Hawks v Brisbane Lions,Hawthorn Hawks,Brisbane Lions,Player Marks,Noah Mraz,Hawthorn Hawks,3.5,1.84,Sportsbet,Brisbane Lions,103,17131,16501018,608011323,2897886180
Hawthorn Hawks v Brisbane Lions,Hawthorn Hawks,Brisbane Lions,Player Marks,Tom Barrass,Hawthorn Hawks,3.5,1.83,Sportsbet,Brisbane Lions,103,17131,16501018,608011323,2897886150
Hawthorn Hawks v Brisbane Lions,Hawthorn Hawks,Brisbane Lions,Player Marks,Connor Macdonald,Hawthorn Hawks,3.5,2.03,Sportsbet,Brisbane Lions,103,17131,16501018,608011323,2897886178
Hawthorn Hawks v Brisbane Lions,Hawthorn Hawks,Brisbane Lions,Player Marks,Jai Newcombe,Hawthorn Hawks,3.5,2.02,Sportsbet,Brisbane Lions,103,17131,16501018,608011323,2897886155
Hawthorn Hawks v Brisbane Lions,Hawthorn Hawks,Brisbane Lions,Player Marks,Josh Ward,Hawthorn Hawks,3.5,2.05,Sportsbet,Brisbane Lions,103,17131,16501018,608011323,2897886164
Hawthorn Hawks v Brisbane Lions,Hawthorn Hawks,Brisbane Lions,Player Marks,Mabior Chol,Hawthorn Hawks,3.5,2.03,Sportsbet,Brisbane Lions,103,17131,16501018,608011323,2897886187
Hawthorn Hawks v Brisbane Lions,Hawthorn Hawks,Brisbane Lions,Player Marks,Will Day,Hawthorn Hawks,3.5,2.25,Sportsbet,Brisbane Lions,103,17131,16501018,608011323,2897886173
Hawthorn Hawks v Brisbane Lions,Hawthorn Hawks,Brisbane Lions,Player Marks,Bailey Macdonald,Hawthorn Hawks,3.5,4.8,Sportsbet,Brisbane Lions,103,17131,16501018,608011323,2897886151
Hawthorn Hawks v Brisbane Lions,Hawthorn Hawks,Brisbane Lions,Player Marks,Nick Watson,Hawthorn Hawks,3.5,4.6,Sportsbet,Brisbane Lions,103,17131,16501018,608011323,2897886189
Hawthorn Hawks v Brisbane Lions,Hawthorn Hawks,Brisbane Lions,Player Marks,Lloyd Meek,Hawthorn Hawks,3.5,6,Sportsbet,Brisbane Lions,103,17131,16501018,608011323,2897886188
Hawthorn Hawks v Brisbane Lions,Hawthorn Hawks,Brisbane Lions,Player Marks,Cam Mackenzie,Hawthorn Hawks,3.5,8.5,Sportsbet,Brisbane Lions,103,17131,16501018,608011323,2897886163
Hawthorn Hawks v Brisbane Lions,Hawthorn Hawks,Brisbane Lions,Player Marks,Cam Rayner,Brisbane Lions,3.5,1.3,Sportsbet,Hawthorn Hawks,103,17131,16501018,608011323,2897886184
Hawthorn Hawks v Brisbane Lions,Hawthorn Hawks,Brisbane Lions,Player Marks,Charlie Cameron,Brisbane Lions,3.5,1.67,Sportsbet,Hawthorn Hawks,103,17131,16501018,608011323,2897886156
Hawthorn Hawks v Brisbane Lions,Hawthorn Hawks,Brisbane Lions,Player Marks,Darcy Gardiner,Brisbane Lions,3.5,1.67,Sportsbet,Hawthorn Hawks,103,17131,16501018,608011323,2897886182
Hawthorn Hawks v Brisbane Lions,Hawthorn Hawks,Brisbane Lions,Player Marks,Darcy Wilmot,Brisbane Lions,3.5,1.24,Sportsbet,Hawthorn Hawks,103,17131,16501018,608011323,2897886177
Hawthorn Hawks v Brisbane Lions,Hawthorn Hawks,Brisbane Lions,Player Marks,Dayne Zorko,Brisbane Lions,3.5,1.08,Sportsbet,Hawthorn Hawks,103,17131,16501018,608011323,2897886159
Hawthorn Hawks v Brisbane Lions,Hawthorn Hawks,Brisbane Lions,Player Marks,Eric Hipwood,Brisbane Lions,3.5,1.18,Sportsbet,Hawthorn Hawks,103,17131,16501018,608011323,2897886153
Hawthorn Hawks v Brisbane Lions,Hawthorn Hawks,Brisbane Lions,Player Marks,Hugh McCluggage,Brisbane Lions,3.5,1.43,Sportsbet,Hawthorn Hawks,103,17131,16501018,608011323,2897886161
Hawthorn Hawks v Brisbane Lions,Hawthorn Hawks,Brisbane Lions,Player Marks,Jarrod Berry,Brisbane Lions,3.5,1.15,Sportsbet,Hawthorn Hawks,103,17131,16501018,608011323,2897886193
Hawthorn Hawks v Brisbane Lions,Hawthorn Hawks,Brisbane Lions,Player Marks,Jaspa Fletcher,Brisbane Lions,3.5,1.08,Sportsbet,Hawthorn Hawks,103,17131,16501018,608011323,2897886152
Hawthorn Hawks v Brisbane Lions,Hawthorn Hawks,Brisbane Lions,Player Marks,Josh Dunkley,Brisbane Lions,3.5,1.37,Sportsbet,Hawthorn Hawks,103,17131,16501018,608011323,2897886172
Hawthorn Hawks v Brisbane Lions,Hawthorn Hawks,Brisbane Lions,Player Marks,Lachie Neale,Brisbane Lions,3.5,1.32,Sportsbet,Hawthorn Hawks,103,17131,16501018,608011323,2897886162
Hawthorn Hawks v Brisbane Lions,Hawthorn Hawks,Brisbane Lions,Player Marks,Levi Ashcroft,Brisbane Lions,3.5,1.1,Sportsbet,Hawthorn Hawks,103,17131,16501018,608011323,2897886171
Hawthorn Hawks v Brisbane Lions,Hawthorn Hawks,Brisbane Lions,Player Marks,Logan Morris,Brisbane Lions,3.5,1.36,Sportsbet,Hawthorn Hawks,103,17131,16501018,608011323,2897886149
Hawthorn Hawks v Brisbane Lions,Hawthorn Hawks,Brisbane Lions,Player Marks,Noah Answerth,Brisbane Lions,3.5,1.55,Sportsbet,Hawthorn Hawks,103,17131,16501018,608011323,2897886174
Hawthorn Hawks v Brisbane Lions,Hawthorn Hawks,Brisbane Lions,Player Marks,Ryan Lester,Brisbane Lions,3.5,1.1,Sportsbet,Hawthorn Hawks,103,17131,16501018,608011323,2897886186
Hawthorn Hawks v Brisbane Lions,Hawthorn Hawks,Brisbane Lions,Player Marks,Ty Gallop,Brisbane Lions,3.5,1.19,Sportsbet,Hawthorn Hawks,103,17131,16501018,608011323,2897886183
Hawthorn Hawks v Brisbane Lions,Hawthorn Hawks,Brisbane Lions,Player Marks,Will Ashcroft,Brisbane Lions,3.5,1.19,Sportsbet,Hawthorn Hawks,103,17131,16501018,608011323,2897886185
Hawthorn Hawks v Brisbane Lions,Hawthorn Hawks,Brisbane Lions,Player Marks,Zac Bailey,Brisbane Lions,3.5,1.16,Sportsbet,Hawthorn Hawks,103,17131,16501018,608011323,2897886160
Hawthorn Hawks v Brisbane Lions,Hawthorn Hawks,Brisbane Lions,Player Marks,Kai Lohmann,Brisbane Lions,3.5,2.05,Sportsbet,Hawthorn Hawks,103,17131,16501018,608011323,2897886166
Hawthorn Hawks v Brisbane Lions,Hawthorn Hawks,Brisbane Lions,Player Marks,Oscar Allen,Brisbane Lions,3.5,2.02,Sportsbet,Hawthorn Hawks,103,17131,16501018,608011323,2897886181
Hawthorn Hawks v Brisbane Lions,Hawthorn Hawks,Brisbane Lions,Player Marks,Sam Draper,Brisbane Lions,3.5,2.65,Sportsbet,Hawthorn Hawks,103,17131,16501018,608011323,2897886190
Hawthorn Hawks v Brisbane Lions,Hawthorn Hawks,Brisbane Lions,Player Marks,Conor McKenna,Brisbane Lions,3.5,3.8,Sportsbet,Hawthorn Hawks,103,17131,16501018,608011323,2897886169
Hawthorn Hawks v Brisbane Lions,Hawthorn Hawks,Brisbane Lions,Player Marks,Darcy Fort,Brisbane Lions,3.5,3.1,Sportsbet,Hawthorn Hawks,103,17131,16501018,608011323,2897886191
Hawthorn Hawks v Brisbane Lions,Hawthorn Hawks,Brisbane Lions,Player Marks,Harry Morrison,Hawthorn Hawks,4.5,1.86,Sportsbet,Brisbane Lions,103,17131,16501018,608011304,2897885987
Hawthorn Hawks v Brisbane Lions,Hawthorn Hawks,Brisbane Lions,Player Marks,Jack Gunston,Hawthorn Hawks,4.5,1.82,Sportsbet,Brisbane Lions,103,17131,16501018,608011304,2897885976
Hawthorn Hawks v Brisbane Lions,Hawthorn Hawks,Brisbane Lions,Player Marks,James Sicily,Hawthorn Hawks,4.5,1.2,Sportsbet,Brisbane Lions,103,17131,16501018,608011304,2897885960
Hawthorn Hawks v Brisbane Lions,Hawthorn Hawks,Brisbane Lions,Player Marks,Josh Battle,Hawthorn Hawks,4.5,1.5,Sportsbet,Brisbane Lions,103,17131,16501018,608011304,2897885982
Hawthorn Hawks v Brisbane Lions,Hawthorn Hawks,Brisbane Lions,Player Marks,Josh Weddle,Hawthorn Hawks,4.5,1.7,Sportsbet,Brisbane Lions,103,17131,16501018,608011304,2897885964
Hawthorn Hawks v Brisbane Lions,Hawthorn Hawks,Brisbane Lions,Player Marks,Karl Amon,Hawthorn Hawks,4.5,1.85,Sportsbet,Brisbane Lions,103,17131,16501018,608011304,2897886001
Hawthorn Hawks v Brisbane Lions,Hawthorn Hawks,Brisbane Lions,Player Marks,Massimo D'Ambrosio,Hawthorn Hawks,4.5,1.7,Sportsbet,Brisbane Lions,103,17131,16501018,608011304,2897885995
Hawthorn Hawks v Brisbane Lions,Hawthorn Hawks,Brisbane Lions,Player Marks,Mitch Lewis,Hawthorn Hawks,4.5,1.83,Sportsbet,Brisbane Lions,103,17131,16501018,608011304,2897885972
Hawthorn Hawks v Brisbane Lions,Hawthorn Hawks,Brisbane Lions,Player Marks,Blake Hardwick,Hawthorn Hawks,4.5,2.03,Sportsbet,Brisbane Lions,103,17131,16501018,608011304,2897886002
Hawthorn Hawks v Brisbane Lions,Hawthorn Hawks,Brisbane Lions,Player Marks,Dylan Moore,Hawthorn Hawks,4.5,2.03,Sportsbet,Brisbane Lions,103,17131,16501018,608011304,2897886003
Hawthorn Hawks v Brisbane Lions,Hawthorn Hawks,Brisbane Lions,Player Marks,Jack Ginnivan,Hawthorn Hawks,4.5,2.02,Sportsbet,Brisbane Lions,103,17131,16501018,608011304,2897885979
Hawthorn Hawks v Brisbane Lions,Hawthorn Hawks,Brisbane Lions,Player Marks,Jarman Impey,Hawthorn Hawks,4.5,2.02,Sportsbet,Brisbane Lions,103,17131,16501018,608011304,2897885959
Hawthorn Hawks v Brisbane Lions,Hawthorn Hawks,Brisbane Lions,Player Marks,Noah Mraz,Hawthorn Hawks,4.5,2.9,Sportsbet,Brisbane Lions,103,17131,16501018,608011304,2897885971
Hawthorn Hawks v Brisbane Lions,Hawthorn Hawks,Brisbane Lions,Player Marks,Tom Barrass,Hawthorn Hawks,4.5,2.85,Sportsbet,Brisbane Lions,103,17131,16501018,608011304,2897885991
Hawthorn Hawks v Brisbane Lions,Hawthorn Hawks,Brisbane Lions,Player Marks,Connor Macdonald,Hawthorn Hawks,4.5,3.35,Sportsbet,Brisbane Lions,103,17131,16501018,608011304,2897885962
Hawthorn Hawks v Brisbane Lions,Hawthorn Hawks,Brisbane Lions,Player Marks,Jai Newcombe,Hawthorn Hawks,4.5,3.3,Sportsbet,Brisbane Lions,103,17131,16501018,608011304,2897885980
Hawthorn Hawks v Brisbane Lions,Hawthorn Hawks,Brisbane Lions,Player Marks,Josh Ward,Hawthorn Hawks,4.5,3.4,Sportsbet,Brisbane Lions,103,17131,16501018,608011304,2897885985
Hawthorn Hawks v Brisbane Lions,Hawthorn Hawks,Brisbane Lions,Player Marks,Mabior Chol,Hawthorn Hawks,4.5,3.35,Sportsbet,Brisbane Lions,103,17131,16501018,608011304,2897885998
Hawthorn Hawks v Brisbane Lions,Hawthorn Hawks,Brisbane Lions,Player Marks,Will Day,Hawthorn Hawks,4.5,4,Sportsbet,Brisbane Lions,103,17131,16501018,608011304,2897885988
Hawthorn Hawks v Brisbane Lions,Hawthorn Hawks,Brisbane Lions,Player Marks,Bailey Macdonald,Hawthorn Hawks,4.5,10.5,Sportsbet,Brisbane Lions,103,17131,16501018,608011304,2897886004
Hawthorn Hawks v Brisbane Lions,Hawthorn Hawks,Brisbane Lions,Player Marks,Nick Watson,Hawthorn Hawks,4.5,10,Sportsbet,Brisbane Lions,103,17131,16501018,608011304,2897885986
Hawthorn Hawks v Brisbane Lions,Hawthorn Hawks,Brisbane Lions,Player Marks,Cam Rayner,Brisbane Lions,4.5,1.71,Sportsbet,Hawthorn Hawks,103,17131,16501018,608011304,2897885993
Hawthorn Hawks v Brisbane Lions,Hawthorn Hawks,Brisbane Lions,Player Marks,Darcy Wilmot,Brisbane Lions,4.5,1.59,Sportsbet,Hawthorn Hawks,103,17131,16501018,608011304,2897885981
Hawthorn Hawks v Brisbane Lions,Hawthorn Hawks,Brisbane Lions,Player Marks,Dayne Zorko,Brisbane Lions,4.5,1.23,Sportsbet,Hawthorn Hawks,103,17131,16501018,608011304,2897885970
Hawthorn Hawks v Brisbane Lions,Hawthorn Hawks,Brisbane Lions,Player Marks,Eric Hipwood,Brisbane Lions,4.5,1.47,Sportsbet,Hawthorn Hawks,103,17131,16501018,608011304,2897885967
Hawthorn Hawks v Brisbane Lions,Hawthorn Hawks,Brisbane Lions,Player Marks,Harris Andrews,Brisbane Lions,4.5,1.1,Sportsbet,Hawthorn Hawks,103,17131,16501018,608011304,2897885983
Hawthorn Hawks v Brisbane Lions,Hawthorn Hawks,Brisbane Lions,Player Marks,Hugh McCluggage,Brisbane Lions,4.5,1.99,Sportsbet,Hawthorn Hawks,103,17131,16501018,608011304,2897885977
Hawthorn Hawks v Brisbane Lions,Hawthorn Hawks,Brisbane Lions,Player Marks,Jarrod Berry,Brisbane Lions,4.5,1.39,Sportsbet,Hawthorn Hawks,103,17131,16501018,608011304,2897885961
Hawthorn Hawks v Brisbane Lions,Hawthorn Hawks,Brisbane Lions,Player Marks,Jaspa Fletcher,Brisbane Lions,4.5,1.22,Sportsbet,Hawthorn Hawks,103,17131,16501018,608011304,2897885975
Hawthorn Hawks v Brisbane Lions,Hawthorn Hawks,Brisbane Lions,Player Marks,Josh Dunkley,Brisbane Lions,4.5,1.84,Sportsbet,Hawthorn Hawks,103,17131,16501018,608011304,2897885973
Hawthorn Hawks v Brisbane Lions,Hawthorn Hawks,Brisbane Lions,Player Marks,Lachie Neale,Brisbane Lions,4.5,1.71,Sportsbet,Hawthorn Hawks,103,17131,16501018,608011304,2897885989
Hawthorn Hawks v Brisbane Lions,Hawthorn Hawks,Brisbane Lions,Player Marks,Levi Ashcroft,Brisbane Lions,4.5,1.29,Sportsbet,Hawthorn Hawks,103,17131,16501018,608011304,2897885992
Hawthorn Hawks v Brisbane Lions,Hawthorn Hawks,Brisbane Lions,Player Marks,Logan Morris,Brisbane Lions,4.5,1.86,Sportsbet,Hawthorn Hawks,103,17131,16501018,608011304,2897885969
Hawthorn Hawks v Brisbane Lions,Hawthorn Hawks,Brisbane Lions,Player Marks,Ryan Lester,Brisbane Lions,4.5,1.27,Sportsbet,Hawthorn Hawks,103,17131,16501018,608011304,2897885963
Hawthorn Hawks v Brisbane Lions,Hawthorn Hawks,Brisbane Lions,Player Marks,Ty Gallop,Brisbane Lions,4.5,1.48,Sportsbet,Hawthorn Hawks,103,17131,16501018,608011304,2897885978
Hawthorn Hawks v Brisbane Lions,Hawthorn Hawks,Brisbane Lions,Player Marks,Will Ashcroft,Brisbane Lions,4.5,1.48,Sportsbet,Hawthorn Hawks,103,17131,16501018,608011304,2897885966
Hawthorn Hawks v Brisbane Lions,Hawthorn Hawks,Brisbane Lions,Player Marks,Zac Bailey,Brisbane Lions,4.5,1.4,Sportsbet,Hawthorn Hawks,103,17131,16501018,608011304,2897885996
Hawthorn Hawks v Brisbane Lions,Hawthorn Hawks,Brisbane Lions,Player Marks,Charlie Cameron,Brisbane Lions,4.5,2.5,Sportsbet,Hawthorn Hawks,103,17131,16501018,608011304,2897885984
Hawthorn Hawks v Brisbane Lions,Hawthorn Hawks,Brisbane Lions,Player Marks,Darcy Gardiner,Brisbane Lions,4.5,2.45,Sportsbet,Hawthorn Hawks,103,17131,16501018,608011304,2897885965
Hawthorn Hawks v Brisbane Lions,Hawthorn Hawks,Brisbane Lions,Player Marks,Noah Answerth,Brisbane Lions,4.5,2.2,Sportsbet,Hawthorn Hawks,103,17131,16501018,608011304,2897885974
Hawthorn Hawks v Brisbane Lions,Hawthorn Hawks,Brisbane Lions,Player Marks,Kai Lohmann,Brisbane Lions,4.5,3.35,Sportsbet,Hawthorn Hawks,103,17131,16501018,608011304,2897886005
Hawthorn Hawks v Brisbane Lions,Hawthorn Hawks,Brisbane Lions,Player Marks,Oscar Allen,Brisbane Lions,4.5,3.3,Sportsbet,Hawthorn Hawks,103,17131,16501018,608011304,2897885990
Hawthorn Hawks v Brisbane Lions,Hawthorn Hawks,Brisbane Lions,Player Marks,Sam Draper,Brisbane Lions,4.5,4.9,Sportsbet,Hawthorn Hawks,103,17131,16501018,608011304,2897885997
Hawthorn Hawks v Brisbane Lions,Hawthorn Hawks,Brisbane Lions,Player Marks,Darcy Fort,Brisbane Lions,4.5,6,Sportsbet,Hawthorn Hawks,103,17131,16501018,608011304,2897886000
Hawthorn Hawks v Brisbane Lions,Hawthorn Hawks,Brisbane Lions,Player Marks,Conor McKenna,Brisbane Lions,4.5,7.75,Sportsbet,Hawthorn Hawks,103,17131,16501018,608011304,2897885994
Hawthorn Hawks v Brisbane Lions,Hawthorn Hawks,Brisbane Lions,Player Marks,James Sicily,Hawthorn Hawks,5.5,1.45,Sportsbet,Brisbane Lions,103,17131,16501018,608011326,2897886307
Hawthorn Hawks v Brisbane Lions,Hawthorn Hawks,Brisbane Lions,Player Marks,Harry Morrison,Hawthorn Hawks,5.5,2.7,Sportsbet,Brisbane Lions,103,17131,16501018,608011326,2897886332
Hawthorn Hawks v Brisbane Lions,Hawthorn Hawks,Brisbane Lions,Player Marks,Jack Gunston,Hawthorn Hawks,5.5,2.65,Sportsbet,Brisbane Lions,103,17131,16501018,608011326,2897886294
Hawthorn Hawks v Brisbane Lions,Hawthorn Hawks,Brisbane Lions,Player Marks,Josh Battle,Hawthorn Hawks,5.5,2.02,Sportsbet,Brisbane Lions,103,17131,16501018,608011326,2897886325
Hawthorn Hawks v Brisbane Lions,Hawthorn Hawks,Brisbane Lions,Player Marks,Josh Weddle,Hawthorn Hawks,5.5,2.5,Sportsbet,Brisbane Lions,103,17131,16501018,608011326,2897886323
Hawthorn Hawks v Brisbane Lions,Hawthorn Hawks,Brisbane Lions,Player Marks,Karl Amon,Hawthorn Hawks,5.5,2.75,Sportsbet,Brisbane Lions,103,17131,16501018,608011326,2897886302
Hawthorn Hawks v Brisbane Lions,Hawthorn Hawks,Brisbane Lions,Player Marks,Massimo D'Ambrosio,Hawthorn Hawks,5.5,2.4,Sportsbet,Brisbane Lions,103,17131,16501018,608011326,2897886292
Hawthorn Hawks v Brisbane Lions,Hawthorn Hawks,Brisbane Lions,Player Marks,Mitch Lewis,Hawthorn Hawks,5.5,2.7,Sportsbet,Brisbane Lions,103,17131,16501018,608011326,2897886289
Hawthorn Hawks v Brisbane Lions,Hawthorn Hawks,Brisbane Lions,Player Marks,Blake Hardwick,Hawthorn Hawks,5.5,3.1,Sportsbet,Brisbane Lions,103,17131,16501018,608011326,2897886313
Hawthorn Hawks v Brisbane Lions,Hawthorn Hawks,Brisbane Lions,Player Marks,Dylan Moore,Hawthorn Hawks,5.5,3.1,Sportsbet,Brisbane Lions,103,17131,16501018,608011326,2897886330
Hawthorn Hawks v Brisbane Lions,Hawthorn Hawks,Brisbane Lions,Player Marks,Jack Ginnivan,Hawthorn Hawks,5.5,3.1,Sportsbet,Brisbane Lions,103,17131,16501018,608011326,2897886296
Hawthorn Hawks v Brisbane Lions,Hawthorn Hawks,Brisbane Lions,Player Marks,Jarman Impey,Hawthorn Hawks,5.5,3.05,Sportsbet,Brisbane Lions,103,17131,16501018,608011326,2897886311
Hawthorn Hawks v Brisbane Lions,Hawthorn Hawks,Brisbane Lions,Player Marks,Noah Mraz,Hawthorn Hawks,5.5,5.1,Sportsbet,Brisbane Lions,103,17131,16501018,608011326,2897886333
Hawthorn Hawks v Brisbane Lions,Hawthorn Hawks,Brisbane Lions,Player Marks,Tom Barrass,Hawthorn Hawks,5.5,5,Sportsbet,Brisbane Lions,103,17131,16501018,608011326,2897886328
Hawthorn Hawks v Brisbane Lions,Hawthorn Hawks,Brisbane Lions,Player Marks,Connor Macdonald,Hawthorn Hawks,5.5,6.25,Sportsbet,Brisbane Lions,103,17131,16501018,608011326,2897886317
Hawthorn Hawks v Brisbane Lions,Hawthorn Hawks,Brisbane Lions,Player Marks,Jai Newcombe,Hawthorn Hawks,5.5,6,Sportsbet,Brisbane Lions,103,17131,16501018,608011326,2897886310
Hawthorn Hawks v Brisbane Lions,Hawthorn Hawks,Brisbane Lions,Player Marks,Josh Ward,Hawthorn Hawks,5.5,6.25,Sportsbet,Brisbane Lions,103,17131,16501018,608011326,2897886334
Hawthorn Hawks v Brisbane Lions,Hawthorn Hawks,Brisbane Lions,Player Marks,Mabior Chol,Hawthorn Hawks,5.5,6,Sportsbet,Brisbane Lions,103,17131,16501018,608011326,2897886312
Hawthorn Hawks v Brisbane Lions,Hawthorn Hawks,Brisbane Lions,Player Marks,Will Day,Hawthorn Hawks,5.5,7.5,Sportsbet,Brisbane Lions,103,17131,16501018,608011326,2897886304
Hawthorn Hawks v Brisbane Lions,Hawthorn Hawks,Brisbane Lions,Player Marks,Dayne Zorko,Brisbane Lions,5.5,1.51,Sportsbet,Hawthorn Hawks,103,17131,16501018,608011326,2897886315
Hawthorn Hawks v Brisbane Lions,Hawthorn Hawks,Brisbane Lions,Player Marks,Eric Hipwood,Brisbane Lions,5.5,1.97,Sportsbet,Hawthorn Hawks,103,17131,16501018,608011326,2897886300
Hawthorn Hawks v Brisbane Lions,Hawthorn Hawks,Brisbane Lions,Player Marks,Harris Andrews,Brisbane Lions,5.5,1.26,Sportsbet,Hawthorn Hawks,103,17131,16501018,608011326,2897886301
Hawthorn Hawks v Brisbane Lions,Hawthorn Hawks,Brisbane Lions,Player Marks,Jarrod Berry,Brisbane Lions,5.5,1.83,Sportsbet,Hawthorn Hawks,103,17131,16501018,608011326,2897886303
Hawthorn Hawks v Brisbane Lions,Hawthorn Hawks,Brisbane Lions,Player Marks,Jaspa Fletcher,Brisbane Lions,5.5,1.5,Sportsbet,Hawthorn Hawks,103,17131,16501018,608011326,2897886295
Hawthorn Hawks v Brisbane Lions,Hawthorn Hawks,Brisbane Lions,Player Marks,Levi Ashcroft,Brisbane Lions,5.5,1.59,Sportsbet,Hawthorn Hawks,103,17131,16501018,608011326,2897886331
Hawthorn Hawks v Brisbane Lions,Hawthorn Hawks,Brisbane Lions,Player Marks,Ryan Lester,Brisbane Lions,5.5,1.6,Sportsbet,Hawthorn Hawks,103,17131,16501018,608011326,2897886299
Hawthorn Hawks v Brisbane Lions,Hawthorn Hawks,Brisbane Lions,Player Marks,Zac Bailey,Brisbane Lions,5.5,1.83,Sportsbet,Hawthorn Hawks,103,17131,16501018,608011326,2897886291
Hawthorn Hawks v Brisbane Lions,Hawthorn Hawks,Brisbane Lions,Player Marks,Cam Rayner,Brisbane Lions,5.5,2.45,Sportsbet,Hawthorn Hawks,103,17131,16501018,608011326,2897886314
Hawthorn Hawks v Brisbane Lions,Hawthorn Hawks,Brisbane Lions,Player Marks,Darcy Wilmot,Brisbane Lions,5.5,2.2,Sportsbet,Hawthorn Hawks,103,17131,16501018,608011326,2897886293
Hawthorn Hawks v Brisbane Lions,Hawthorn Hawks,Brisbane Lions,Player Marks,Josh Dunkley,Brisbane Lions,5.5,2.7,Sportsbet,Hawthorn Hawks,103,17131,16501018,608011326,2897886324
Hawthorn Hawks v Brisbane Lions,Hawthorn Hawks,Brisbane Lions,Player Marks,Lachie Neale,Brisbane Lions,5.5,2.5,Sportsbet,Hawthorn Hawks,103,17131,16501018,608011326,2897886306
Hawthorn Hawks v Brisbane Lions,Hawthorn Hawks,Brisbane Lions,Player Marks,Logan Morris,Brisbane Lions,5.5,2.75,Sportsbet,Hawthorn Hawks,103,17131,16501018,608011326,2897886288
Hawthorn Hawks v Brisbane Lions,Hawthorn Hawks,Brisbane Lions,Player Marks,Ty Gallop,Brisbane Lions,5.5,2.02,Sportsbet,Hawthorn Hawks,103,17131,16501018,608011326,2897886320
Hawthorn Hawks v Brisbane Lions,Hawthorn Hawks,Brisbane Lions,Player Marks,Will Ashcroft,Brisbane Lions,5.5,2,Sportsbet,Hawthorn Hawks,103,17131,16501018,608011326,2897886308
Hawthorn Hawks v Brisbane Lions,Hawthorn Hawks,Brisbane Lions,Player Marks,Hugh McCluggage,Brisbane Lions,5.5,3.05,Sportsbet,Hawthorn Hawks,103,17131,16501018,608011326,2897886321
Hawthorn Hawks v Brisbane Lions,Hawthorn Hawks,Brisbane Lions,Player Marks,Noah Answerth,Brisbane Lions,5.5,3.6,Sportsbet,Hawthorn Hawks,103,17131,16501018,608011326,2897886298
Hawthorn Hawks v Brisbane Lions,Hawthorn Hawks,Brisbane Lions,Player Marks,Charlie Cameron,Brisbane Lions,5.5,4.25,Sportsbet,Hawthorn Hawks,103,17131,16501018,608011326,2897886318
Hawthorn Hawks v Brisbane Lions,Hawthorn Hawks,Brisbane Lions,Player Marks,Darcy Gardiner,Brisbane Lions,5.5,4.1,Sportsbet,Hawthorn Hawks,103,17131,16501018,608011326,2897886305
Hawthorn Hawks v Brisbane Lions,Hawthorn Hawks,Brisbane Lions,Player Marks,Kai Lohmann,Brisbane Lions,5.5,6,Sportsbet,Hawthorn Hawks,103,17131,16501018,608011326,2897886322
Hawthorn Hawks v Brisbane Lions,Hawthorn Hawks,Brisbane Lions,Player Marks,Oscar Allen,Brisbane Lions,5.5,6.25,Sportsbet,Hawthorn Hawks,103,17131,16501018,608011326,2897886309
Hawthorn Hawks v Brisbane Lions,Hawthorn Hawks,Brisbane Lions,Player Marks,Sam Draper,Brisbane Lions,5.5,9.75,Sportsbet,Hawthorn Hawks,103,17131,16501018,608011326,2897886329
Hawthorn Hawks v Brisbane Lions,Hawthorn Hawks,Brisbane Lions,Player Marks,Darcy Fort,Brisbane Lions,5.5,13,Sportsbet,Hawthorn Hawks,103,17131,16501018,608011326,2897886327
Hawthorn Hawks v Brisbane Lions,Hawthorn Hawks,Brisbane Lions,Player Marks,James Sicily,Hawthorn Hawks,6.5,1.88,Sportsbet,Brisbane Lions,103,17131,16501018,608011325,2897886272
Hawthorn Hawks v Brisbane Lions,Hawthorn Hawks,Brisbane Lions,Player Marks,Josh Battle,Hawthorn Hawks,6.5,2.95,Sportsbet,Brisbane Lions,103,17131,16501018,608011325,2897886252
Hawthorn Hawks v Brisbane Lions,Hawthorn Hawks,Brisbane Lions,Player Marks,Josh Weddle,Hawthorn Hawks,6.5,3.8,Sportsbet,Brisbane Lions,103,17131,16501018,608011325,2897886242
Hawthorn Hawks v Brisbane Lions,Hawthorn Hawks,Brisbane Lions,Player Marks,Massimo D'Ambrosio,Hawthorn Hawks,6.5,3.8,Sportsbet,Brisbane Lions,103,17131,16501018,608011325,2897886267
Hawthorn Hawks v Brisbane Lions,Hawthorn Hawks,Brisbane Lions,Player Marks,Harry Morrison,Hawthorn Hawks,6.5,4.4,Sportsbet,Brisbane Lions,103,17131,16501018,608011325,2897886241
Hawthorn Hawks v Brisbane Lions,Hawthorn Hawks,Brisbane Lions,Player Marks,Jack Gunston,Hawthorn Hawks,6.5,4.4,Sportsbet,Brisbane Lions,103,17131,16501018,608011325,2897886285
Hawthorn Hawks v Brisbane Lions,Hawthorn Hawks,Brisbane Lions,Player Marks,Karl Amon,Hawthorn Hawks,6.5,4.5,Sportsbet,Brisbane Lions,103,17131,16501018,608011325,2897886270
Hawthorn Hawks v Brisbane Lions,Hawthorn Hawks,Brisbane Lions,Player Marks,Mitch Lewis,Hawthorn Hawks,6.5,4.4,Sportsbet,Brisbane Lions,103,17131,16501018,608011325,2897886250
Hawthorn Hawks v Brisbane Lions,Hawthorn Hawks,Brisbane Lions,Player Marks,Blake Hardwick,Hawthorn Hawks,6.5,5.3,Sportsbet,Brisbane Lions,103,17131,16501018,608011325,2897886287
Hawthorn Hawks v Brisbane Lions,Hawthorn Hawks,Brisbane Lions,Player Marks,Dylan Moore,Hawthorn Hawks,6.5,5.25,Sportsbet,Brisbane Lions,103,17131,16501018,608011325,2897886277
Hawthorn Hawks v Brisbane Lions,Hawthorn Hawks,Brisbane Lions,Player Marks,Jack Ginnivan,Hawthorn Hawks,6.5,5.2,Sportsbet,Brisbane Lions,103,17131,16501018,608011325,2897886279
Hawthorn Hawks v Brisbane Lions,Hawthorn Hawks,Brisbane Lions,Player Marks,Jarman Impey,Hawthorn Hawks,6.5,5.2,Sportsbet,Brisbane Lions,103,17131,16501018,608011325,2897886247
Hawthorn Hawks v Brisbane Lions,Hawthorn Hawks,Brisbane Lions,Player Marks,Noah Mraz,Hawthorn Hawks,6.5,9.75,Sportsbet,Brisbane Lions,103,17131,16501018,608011325,2897886243
Hawthorn Hawks v Brisbane Lions,Hawthorn Hawks,Brisbane Lions,Player Marks,Tom Barrass,Hawthorn Hawks,6.5,9.5,Sportsbet,Brisbane Lions,103,17131,16501018,608011325,2897886286
Hawthorn Hawks v Brisbane Lions,Hawthorn Hawks,Brisbane Lions,Player Marks,Connor Macdonald,Hawthorn Hawks,6.5,12.5,Sportsbet,Brisbane Lions,103,17131,16501018,608011325,2897886256
Hawthorn Hawks v Brisbane Lions,Hawthorn Hawks,Brisbane Lions,Player Marks,Jai Newcombe,Hawthorn Hawks,6.5,12,Sportsbet,Brisbane Lions,103,17131,16501018,608011325,2897886254
Hawthorn Hawks v Brisbane Lions,Hawthorn Hawks,Brisbane Lions,Player Marks,Josh Ward,Hawthorn Hawks,6.5,12,Sportsbet,Brisbane Lions,103,17131,16501018,608011325,2897886274
Hawthorn Hawks v Brisbane Lions,Hawthorn Hawks,Brisbane Lions,Player Marks,Mabior Chol,Hawthorn Hawks,6.5,12,Sportsbet,Brisbane Lions,103,17131,16501018,608011325,2897886264
Hawthorn Hawks v Brisbane Lions,Hawthorn Hawks,Brisbane Lions,Player Marks,Will Day,Hawthorn Hawks,6.5,15,Sportsbet,Brisbane Lions,103,17131,16501018,608011325,2897886268
Hawthorn Hawks v Brisbane Lions,Hawthorn Hawks,Brisbane Lions,Player Marks,Harris Andrews,Brisbane Lions,6.5,1.54,Sportsbet,Hawthorn Hawks,103,17131,16501018,608011325,2897886260
Hawthorn Hawks v Brisbane Lions,Hawthorn Hawks,Brisbane Lions,Player Marks,Jaspa Fletcher,Brisbane Lions,6.5,1.99,Sportsbet,Hawthorn Hawks,103,17131,16501018,608011325,2897886271
Hawthorn Hawks v Brisbane Lions,Hawthorn Hawks,Brisbane Lions,Player Marks,Dayne Zorko,Brisbane Lions,6.5,2,Sportsbet,Hawthorn Hawks,103,17131,16501018,608011325,2897886255
Hawthorn Hawks v Brisbane Lions,Hawthorn Hawks,Brisbane Lions,Player Marks,Eric Hipwood,Brisbane Lions,6.5,2.85,Sportsbet,Hawthorn Hawks,103,17131,16501018,608011325,2897886281
Hawthorn Hawks v Brisbane Lions,Hawthorn Hawks,Brisbane Lions,Player Marks,Jarrod Berry,Brisbane Lions,6.5,2.6,Sportsbet,Hawthorn Hawks,103,17131,16501018,608011325,2897886253
Hawthorn Hawks v Brisbane Lions,Hawthorn Hawks,Brisbane Lions,Player Marks,Levi Ashcroft,Brisbane Lions,6.5,2.12,Sportsbet,Hawthorn Hawks,103,17131,16501018,608011325,2897886263
Hawthorn Hawks v Brisbane Lions,Hawthorn Hawks,Brisbane Lions,Player Marks,Ryan Lester,Brisbane Lions,6.5,2.15,Sportsbet,Hawthorn Hawks,103,17131,16501018,608011325,2897886261
Hawthorn Hawks v Brisbane Lions,Hawthorn Hawks,Brisbane Lions,Player Marks,Ty Gallop,Brisbane Lions,6.5,2.95,Sportsbet,Hawthorn Hawks,103,17131,16501018,608011325,2897886244
Hawthorn Hawks v Brisbane Lions,Hawthorn Hawks,Brisbane Lions,Player Marks,Will Ashcroft,Brisbane Lions,6.5,2.95,Sportsbet,Hawthorn Hawks,103,17131,16501018,608011325,2897886276
Hawthorn Hawks v Brisbane Lions,Hawthorn Hawks,Brisbane Lions,Player Marks,Zac Bailey,Brisbane Lions,6.5,2.65,Sportsbet,Hawthorn Hawks,103,17131,16501018,608011325,2897886249
Hawthorn Hawks v Brisbane Lions,Hawthorn Hawks,Brisbane Lions,Player Marks,Cam Rayner,Brisbane Lions,6.5,3.8,Sportsbet,Hawthorn Hawks,103,17131,16501018,608011325,2897886266
Hawthorn Hawks v Brisbane Lions,Hawthorn Hawks,Brisbane Lions,Player Marks,Darcy Wilmot,Brisbane Lions,6.5,3.35,Sportsbet,Hawthorn Hawks,103,17131,16501018,608011325,2897886282
Hawthorn Hawks v Brisbane Lions,Hawthorn Hawks,Brisbane Lions,Player Marks,Lachie Neale,Brisbane Lions,6.5,3.8,Sportsbet,Hawthorn Hawks,103,17131,16501018,608011325,2897886251
Hawthorn Hawks v Brisbane Lions,Hawthorn Hawks,Brisbane Lions,Player Marks,Josh Dunkley,Brisbane Lions,6.5,4.4,Sportsbet,Hawthorn Hawks,103,17131,16501018,608011325,2897886257
Hawthorn Hawks v Brisbane Lions,Hawthorn Hawks,Brisbane Lions,Player Marks,Logan Morris,Brisbane Lions,6.5,4.4,Sportsbet,Hawthorn Hawks,103,17131,16501018,608011325,2897886273
Hawthorn Hawks v Brisbane Lions,Hawthorn Hawks,Brisbane Lions,Player Marks,Hugh McCluggage,Brisbane Lions,6.5,5,Sportsbet,Hawthorn Hawks,103,17131,16501018,608011325,2897886284
Hawthorn Hawks v Brisbane Lions,Hawthorn Hawks,Brisbane Lions,Player Marks,Noah Answerth,Brisbane Lions,6.5,6.25,Sportsbet,Hawthorn Hawks,103,17131,16501018,608011325,2897886248
Hawthorn Hawks v Brisbane Lions,Hawthorn Hawks,Brisbane Lions,Player Marks,Darcy Gardiner,Brisbane Lions,6.5,7.5,Sportsbet,Hawthorn Hawks,103,17131,16501018,608011325,2897886269
Hawthorn Hawks v Brisbane Lions,Hawthorn Hawks,Brisbane Lions,Player Marks,Charlie Cameron,Brisbane Lions,6.5,8,Sportsbet,Hawthorn Hawks,103,17131,16501018,608011325,2897886278
Hawthorn Hawks v Brisbane Lions,Hawthorn Hawks,Brisbane Lions,Player Marks,Kai Lohmann,Brisbane Lions,6.5,12.5,Sportsbet,Hawthorn Hawks,103,17131,16501018,608011325,2897886262
Hawthorn Hawks v Brisbane Lions,Hawthorn Hawks,Brisbane Lions,Player Marks,Oscar Allen,Brisbane Lions,6.5,12,Sportsbet,Hawthorn Hawks,103,17131,16501018,608011325,2897886280
Hawthorn Hawks v Brisbane Lions,Hawthorn Hawks,Brisbane Lions,Player Marks,James Sicily,Hawthorn Hawks,7.5,2.6,Sportsbet,Brisbane Lions,103,17131,16501018,608011303,2897885914
Hawthorn Hawks v Brisbane Lions,Hawthorn Hawks,Brisbane Lions,Player Marks,Josh Battle,Hawthorn Hawks,7.5,4.75,Sportsbet,Brisbane Lions,103,17131,16501018,608011303,2897885915
Hawthorn Hawks v Brisbane Lions,Hawthorn Hawks,Brisbane Lions,Player Marks,Josh Weddle,Hawthorn Hawks,7.5,6.5,Sportsbet,Brisbane Lions,103,17131,16501018,608011303,2897885936
Hawthorn Hawks v Brisbane Lions,Hawthorn Hawks,Brisbane Lions,Player Marks,Massimo D'Ambrosio,Hawthorn Hawks,7.5,6.25,Sportsbet,Brisbane Lions,103,17131,16501018,608011303,2897885957
Hawthorn Hawks v Brisbane Lions,Hawthorn Hawks,Brisbane Lions,Player Marks,Harry Morrison,Hawthorn Hawks,7.5,7.75,Sportsbet,Brisbane Lions,103,17131,16501018,608011303,2897885953
Hawthorn Hawks v Brisbane Lions,Hawthorn Hawks,Brisbane Lions,Player Marks,Jack Gunston,Hawthorn Hawks,7.5,7.25,Sportsbet,Brisbane Lions,103,17131,16501018,608011303,2897885955
Hawthorn Hawks v Brisbane Lions,Hawthorn Hawks,Brisbane Lions,Player Marks,Karl Amon,Hawthorn Hawks,7.5,7.75,Sportsbet,Brisbane Lions,103,17131,16501018,608011303,2897885925
Hawthorn Hawks v Brisbane Lions,Hawthorn Hawks,Brisbane Lions,Player Marks,Mitch Lewis,Hawthorn Hawks,7.5,7.75,Sportsbet,Brisbane Lions,103,17131,16501018,608011303,2897885949
Hawthorn Hawks v Brisbane Lions,Hawthorn Hawks,Brisbane Lions,Player Marks,Blake Hardwick,Hawthorn Hawks,7.5,9.5,Sportsbet,Brisbane Lions,103,17131,16501018,608011303,2897885921
Hawthorn Hawks v Brisbane Lions,Hawthorn Hawks,Brisbane Lions,Player Marks,Dylan Moore,Hawthorn Hawks,7.5,9.25,Sportsbet,Brisbane Lions,103,17131,16501018,608011303,2897885941
Hawthorn Hawks v Brisbane Lions,Hawthorn Hawks,Brisbane Lions,Player Marks,Jack Ginnivan,Hawthorn Hawks,7.5,9.25,Sportsbet,Brisbane Lions,103,17131,16501018,608011303,2897885919
Hawthorn Hawks v Brisbane Lions,Hawthorn Hawks,Brisbane Lions,Player Marks,Jarman Impey,Hawthorn Hawks,7.5,9,Sportsbet,Brisbane Lions,103,17131,16501018,608011303,2897885938
Hawthorn Hawks v Brisbane Lions,Hawthorn Hawks,Brisbane Lions,Player Marks,Tom Barrass,Hawthorn Hawks,7.5,18,Sportsbet,Brisbane Lions,103,17131,16501018,608011303,2897885948
Hawthorn Hawks v Brisbane Lions,Hawthorn Hawks,Brisbane Lions,Player Marks,Noah Mraz,Hawthorn Hawks,7.5,19,Sportsbet,Brisbane Lions,103,17131,16501018,608011303,2897885956
Hawthorn Hawks v Brisbane Lions,Hawthorn Hawks,Brisbane Lions,Player Marks,Harris Andrews,Brisbane Lions,7.5,1.99,Sportsbet,Hawthorn Hawks,103,17131,16501018,608011303,2897885940
Hawthorn Hawks v Brisbane Lions,Hawthorn Hawks,Brisbane Lions,Player Marks,Dayne Zorko,Brisbane Lions,7.5,2.8,Sportsbet,Hawthorn Hawks,103,17131,16501018,608011303,2897885929
Hawthorn Hawks v Brisbane Lions,Hawthorn Hawks,Brisbane Lions,Player Marks,Jaspa Fletcher,Brisbane Lions,7.5,2.8,Sportsbet,Hawthorn Hawks,103,17131,16501018,608011303,2897885946
Hawthorn Hawks v Brisbane Lions,Hawthorn Hawks,Brisbane Lions,Player Marks,Levi Ashcroft,Brisbane Lions,7.5,3.1,Sportsbet,Hawthorn Hawks,103,17131,16501018,608011303,2897885932
Hawthorn Hawks v Brisbane Lions,Hawthorn Hawks,Brisbane Lions,Player Marks,Ryan Lester,Brisbane Lions,7.5,3.15,Sportsbet,Hawthorn Hawks,103,17131,16501018,608011303,2897885951
Hawthorn Hawks v Brisbane Lions,Hawthorn Hawks,Brisbane Lions,Player Marks,Eric Hipwood,Brisbane Lions,7.5,4.6,Sportsbet,Hawthorn Hawks,103,17131,16501018,608011303,2897885912
Hawthorn Hawks v Brisbane Lions,Hawthorn Hawks,Brisbane Lions,Player Marks,Jarrod Berry,Brisbane Lions,7.5,4,Sportsbet,Hawthorn Hawks,103,17131,16501018,608011303,2897885939
Hawthorn Hawks v Brisbane Lions,Hawthorn Hawks,Brisbane Lions,Player Marks,Ty Gallop,Brisbane Lions,7.5,4.7,Sportsbet,Hawthorn Hawks,103,17131,16501018,608011303,2897885934
Hawthorn Hawks v Brisbane Lions,Hawthorn Hawks,Brisbane Lions,Player Marks,Will Ashcroft,Brisbane Lions,7.5,4.75,Sportsbet,Hawthorn Hawks,103,17131,16501018,608011303,2897885944
Hawthorn Hawks v Brisbane Lions,Hawthorn Hawks,Brisbane Lions,Player Marks,Zac Bailey,Brisbane Lions,7.5,4.1,Sportsbet,Hawthorn Hawks,103,17131,16501018,608011303,2897885923
Hawthorn Hawks v Brisbane Lions,Hawthorn Hawks,Brisbane Lions,Player Marks,Darcy Wilmot,Brisbane Lions,7.5,5.5,Sportsbet,Hawthorn Hawks,103,17131,16501018,608011303,2897885928
Hawthorn Hawks v Brisbane Lions,Hawthorn Hawks,Brisbane Lions,Player Marks,Cam Rayner,Brisbane Lions,7.5,6.5,Sportsbet,Hawthorn Hawks,103,17131,16501018,608011303,2897885945
Hawthorn Hawks v Brisbane Lions,Hawthorn Hawks,Brisbane Lions,Player Marks,Lachie Neale,Brisbane Lions,7.5,6.25,Sportsbet,Hawthorn Hawks,103,17131,16501018,608011303,2897885918
Hawthorn Hawks v Brisbane Lions,Hawthorn Hawks,Brisbane Lions,Player Marks,Josh Dunkley,Brisbane Lions,7.5,7.5,Sportsbet,Hawthorn Hawks,103,17131,16501018,608011303,2897885947
Hawthorn Hawks v Brisbane Lions,Hawthorn Hawks,Brisbane Lions,Player Marks,Logan Morris,Brisbane Lions,7.5,7.75,Sportsbet,Hawthorn Hawks,103,17131,16501018,608011303,2897885935
Hawthorn Hawks v Brisbane Lions,Hawthorn Hawks,Brisbane Lions,Player Marks,Hugh McCluggage,Brisbane Lions,7.5,9.25,Sportsbet,Hawthorn Hawks,103,17131,16501018,608011303,2897885958
Hawthorn Hawks v Brisbane Lions,Hawthorn Hawks,Brisbane Lions,Player Marks,Noah Answerth,Brisbane Lions,7.5,11.5,Sportsbet,Hawthorn Hawks,103,17131,16501018,608011303,2897885931
Hawthorn Hawks v Brisbane Lions,Hawthorn Hawks,Brisbane Lions,Player Marks,Charlie Cameron,Brisbane Lions,7.5,14,Sportsbet,Hawthorn Hawks,103,17131,16501018,608011303,2897885913
Hawthorn Hawks v Brisbane Lions,Hawthorn Hawks,Brisbane Lions,Player Marks,Darcy Gardiner,Brisbane Lions,7.5,14,Sportsbet,Hawthorn Hawks,103,17131,16501018,608011303,2897885950
Hawthorn Hawks v Brisbane Lions,Hawthorn Hawks,Brisbane Lions,Player Marks,James Sicily,Hawthorn Hawks,8.5,3.8,Sportsbet,Brisbane Lions,103,17131,16501018,608011322,2897886103
Hawthorn Hawks v Brisbane Lions,Hawthorn Hawks,Brisbane Lions,Player Marks,Josh Battle,Hawthorn Hawks,8.5,8,Sportsbet,Brisbane Lions,103,17131,16501018,608011322,2897886115
Hawthorn Hawks v Brisbane Lions,Hawthorn Hawks,Brisbane Lions,Player Marks,Josh Weddle,Hawthorn Hawks,8.5,11.5,Sportsbet,Brisbane Lions,103,17131,16501018,608011322,2897886125
Hawthorn Hawks v Brisbane Lions,Hawthorn Hawks,Brisbane Lions,Player Marks,Massimo D'Ambrosio,Hawthorn Hawks,8.5,11.5,Sportsbet,Brisbane Lions,103,17131,16501018,608011322,2897886144
Hawthorn Hawks v Brisbane Lions,Hawthorn Hawks,Brisbane Lions,Player Marks,Harry Morrison,Hawthorn Hawks,8.5,14,Sportsbet,Brisbane Lions,103,17131,16501018,608011322,2897886126
Hawthorn Hawks v Brisbane Lions,Hawthorn Hawks,Brisbane Lions,Player Marks,Jack Gunston,Hawthorn Hawks,8.5,14,Sportsbet,Brisbane Lions,103,17131,16501018,608011322,2897886112
Hawthorn Hawks v Brisbane Lions,Hawthorn Hawks,Brisbane Lions,Player Marks,Karl Amon,Hawthorn Hawks,8.5,14,Sportsbet,Brisbane Lions,103,17131,16501018,608011322,2897886134
Hawthorn Hawks v Brisbane Lions,Hawthorn Hawks,Brisbane Lions,Player Marks,Mitch Lewis,Hawthorn Hawks,8.5,14,Sportsbet,Brisbane Lions,103,17131,16501018,608011322,2897886146
Hawthorn Hawks v Brisbane Lions,Hawthorn Hawks,Brisbane Lions,Player Marks,Jarman Impey,Hawthorn Hawks,8.5,16,Sportsbet,Brisbane Lions,103,17131,16501018,608011322,2897886104
Hawthorn Hawks v Brisbane Lions,Hawthorn Hawks,Brisbane Lions,Player Marks,Blake Hardwick,Hawthorn Hawks,8.5,17,Sportsbet,Brisbane Lions,103,17131,16501018,608011322,2897886145
Hawthorn Hawks v Brisbane Lions,Hawthorn Hawks,Brisbane Lions,Player Marks,Dylan Moore,Hawthorn Hawks,8.5,17,Sportsbet,Brisbane Lions,103,17131,16501018,608011322,2897886114
Hawthorn Hawks v Brisbane Lions,Hawthorn Hawks,Brisbane Lions,Player Marks,Jack Ginnivan,Hawthorn Hawks,8.5,17,Sportsbet,Brisbane Lions,103,17131,16501018,608011322,2897886110
Hawthorn Hawks v Brisbane Lions,Hawthorn Hawks,Brisbane Lions,Player Marks,Harris Andrews,Brisbane Lions,8.5,2.75,Sportsbet,Hawthorn Hawks,103,17131,16501018,608011322,2897886100
Hawthorn Hawks v Brisbane Lions,Hawthorn Hawks,Brisbane Lions,Player Marks,Dayne Zorko,Brisbane Lions,8.5,4.3,Sportsbet,Hawthorn Hawks,103,17131,16501018,608011322,2897886133
Hawthorn Hawks v Brisbane Lions,Hawthorn Hawks,Brisbane Lions,Player Marks,Jaspa Fletcher,Brisbane Lions,8.5,4.25,Sportsbet,Hawthorn Hawks,103,17131,16501018,608011322,2897886101
Hawthorn Hawks v Brisbane Lions,Hawthorn Hawks,Brisbane Lions,Player Marks,Levi Ashcroft,Brisbane Lions,8.5,4.9,Sportsbet,Hawthorn Hawks,103,17131,16501018,608011322,2897886111
Hawthorn Hawks v Brisbane Lions,Hawthorn Hawks,Brisbane Lions,Player Marks,Ryan Lester,Brisbane Lions,8.5,4.9,Sportsbet,Hawthorn Hawks,103,17131,16501018,608011322,2897886120
Hawthorn Hawks v Brisbane Lions,Hawthorn Hawks,Brisbane Lions,Player Marks,Jarrod Berry,Brisbane Lions,8.5,6.5,Sportsbet,Hawthorn Hawks,103,17131,16501018,608011322,2897886117
Hawthorn Hawks v Brisbane Lions,Hawthorn Hawks,Brisbane Lions,Player Marks,Zac Bailey,Brisbane Lions,8.5,6.75,Sportsbet,Hawthorn Hawks,103,17131,16501018,608011322,2897886139
Hawthorn Hawks v Brisbane Lions,Hawthorn Hawks,Brisbane Lions,Player Marks,Eric Hipwood,Brisbane Lions,8.5,7.25,Sportsbet,Hawthorn Hawks,103,17131,16501018,608011322,2897886124
Hawthorn Hawks v Brisbane Lions,Hawthorn Hawks,Brisbane Lions,Player Marks,Ty Gallop,Brisbane Lions,8.5,8,Sportsbet,Hawthorn Hawks,103,17131,16501018,608011322,2897886132
Hawthorn Hawks v Brisbane Lions,Hawthorn Hawks,Brisbane Lions,Player Marks,Will Ashcroft,Brisbane Lions,8.5,8,Sportsbet,Hawthorn Hawks,103,17131,16501018,608011322,2897886107
Hawthorn Hawks v Brisbane Lions,Hawthorn Hawks,Brisbane Lions,Player Marks,Darcy Wilmot,Brisbane Lions,8.5,9.5,Sportsbet,Hawthorn Hawks,103,17131,16501018,608011322,2897886118
Hawthorn Hawks v Brisbane Lions,Hawthorn Hawks,Brisbane Lions,Player Marks,Cam Rayner,Brisbane Lions,8.5,11.5,Sportsbet,Hawthorn Hawks,103,17131,16501018,608011322,2897886129
Hawthorn Hawks v Brisbane Lions,Hawthorn Hawks,Brisbane Lions,Player Marks,Lachie Neale,Brisbane Lions,8.5,11,Sportsbet,Hawthorn Hawks,103,17131,16501018,608011322,2897886108
Hawthorn Hawks v Brisbane Lions,Hawthorn Hawks,Brisbane Lions,Player Marks,Josh Dunkley,Brisbane Lions,8.5,14,Sportsbet,Hawthorn Hawks,103,17131,16501018,608011322,2897886128
Hawthorn Hawks v Brisbane Lions,Hawthorn Hawks,Brisbane Lions,Player Marks,Logan Morris,Brisbane Lions,8.5,14,Sportsbet,Hawthorn Hawks,103,17131,16501018,608011322,2897886143
Hawthorn Hawks v Brisbane Lions,Hawthorn Hawks,Brisbane Lions,Player Marks,Hugh McCluggage,Brisbane Lions,8.5,18,Sportsbet,Hawthorn Hawks,103,17131,16501018,608011322,2897886106
Hawthorn Hawks v Brisbane Lions,Hawthorn Hawks,Brisbane Lions,Player Marks,Noah Answerth,Brisbane Lions,8.5,21,Sportsbet,Hawthorn Hawks,103,17131,16501018,608011322,2897886121
Hawthorn Hawks v Brisbane Lions,Hawthorn Hawks,Brisbane Lions,Player Marks,James Sicily,Hawthorn Hawks,9.5,6,Sportsbet,Brisbane Lions,103,17131,16501018,608011324,2897886200
Hawthorn Hawks v Brisbane Lions,Hawthorn Hawks,Brisbane Lions,Player Marks,Josh Battle,Hawthorn Hawks,9.5,14,Sportsbet,Brisbane Lions,103,17131,16501018,608011324,2897886212
Hawthorn Hawks v Brisbane Lions,Hawthorn Hawks,Brisbane Lions,Player Marks,Josh Weddle,Hawthorn Hawks,9.5,19,Sportsbet,Brisbane Lions,103,17131,16501018,608011324,2897886229
Hawthorn Hawks v Brisbane Lions,Hawthorn Hawks,Brisbane Lions,Player Marks,Massimo D'Ambrosio,Hawthorn Hawks,9.5,19,Sportsbet,Brisbane Lions,103,17131,16501018,608011324,2897886233
Hawthorn Hawks v Brisbane Lions,Hawthorn Hawks,Brisbane Lions,Player Marks,Mitch Lewis,Hawthorn Hawks,9.5,23,Sportsbet,Brisbane Lions,103,17131,16501018,608011324,2897886213
Hawthorn Hawks v Brisbane Lions,Hawthorn Hawks,Brisbane Lions,Player Marks,Harry Morrison,Hawthorn Hawks,9.5,26,Sportsbet,Brisbane Lions,103,17131,16501018,608011324,2897886209
Hawthorn Hawks v Brisbane Lions,Hawthorn Hawks,Brisbane Lions,Player Marks,Jack Gunston,Hawthorn Hawks,9.5,26,Sportsbet,Brisbane Lions,103,17131,16501018,608011324,2897886240
Hawthorn Hawks v Brisbane Lions,Hawthorn Hawks,Brisbane Lions,Player Marks,Karl Amon,Hawthorn Hawks,9.5,26,Sportsbet,Brisbane Lions,103,17131,16501018,608011324,2897886239
Hawthorn Hawks v Brisbane Lions,Hawthorn Hawks,Brisbane Lions,Player Marks,Jack Ginnivan,Hawthorn Hawks,9.5,31,Sportsbet,Brisbane Lions,103,17131,16501018,608011324,2897886218
Hawthorn Hawks v Brisbane Lions,Hawthorn Hawks,Brisbane Lions,Player Marks,Jarman Impey,Hawthorn Hawks,9.5,31,Sportsbet,Brisbane Lions,103,17131,16501018,608011324,2897886222
Hawthorn Hawks v Brisbane Lions,Hawthorn Hawks,Brisbane Lions,Player Marks,Blake Hardwick,Hawthorn Hawks,9.5,34,Sportsbet,Brisbane Lions,103,17131,16501018,608011324,2897886221
Hawthorn Hawks v Brisbane Lions,Hawthorn Hawks,Brisbane Lions,Player Marks,Dylan Moore,Hawthorn Hawks,9.5,34,Sportsbet,Brisbane Lions,103,17131,16501018,608011324,2897886217
Hawthorn Hawks v Brisbane Lions,Hawthorn Hawks,Brisbane Lions,Player Marks,Harris Andrews,Brisbane Lions,9.5,3.9,Sportsbet,Hawthorn Hawks,103,17131,16501018,608011324,2897886238
Hawthorn Hawks v Brisbane Lions,Hawthorn Hawks,Brisbane Lions,Player Marks,Dayne Zorko,Brisbane Lions,9.5,6.75,Sportsbet,Hawthorn Hawks,103,17131,16501018,608011324,2897886224
Hawthorn Hawks v Brisbane Lions,Hawthorn Hawks,Brisbane Lions,Player Marks,Jaspa Fletcher,Brisbane Lions,9.5,6.75,Sportsbet,Hawthorn Hawks,103,17131,16501018,608011324,2897886235
Hawthorn Hawks v Brisbane Lions,Hawthorn Hawks,Brisbane Lions,Player Marks,Levi Ashcroft,Brisbane Lions,9.5,8,Sportsbet,Hawthorn Hawks,103,17131,16501018,608011324,2897886198
Hawthorn Hawks v Brisbane Lions,Hawthorn Hawks,Brisbane Lions,Player Marks,Ryan Lester,Brisbane Lions,9.5,8,Sportsbet,Hawthorn Hawks,103,17131,16501018,608011324,2897886211
Hawthorn Hawks v Brisbane Lions,Hawthorn Hawks,Brisbane Lions,Player Marks,Jarrod Berry,Brisbane Lions,9.5,11,Sportsbet,Hawthorn Hawks,103,17131,16501018,608011324,2897886230
Hawthorn Hawks v Brisbane Lions,Hawthorn Hawks,Brisbane Lions,Player Marks,Zac Bailey,Brisbane Lions,9.5,11.5,Sportsbet,Hawthorn Hawks,103,17131,16501018,608011324,2897886225
Hawthorn Hawks v Brisbane Lions,Hawthorn Hawks,Brisbane Lions,Player Marks,Eric Hipwood,Brisbane Lions,9.5,13,Sportsbet,Hawthorn Hawks,103,17131,16501018,608011324,2897886207
Hawthorn Hawks v Brisbane Lions,Hawthorn Hawks,Brisbane Lions,Player Marks,Ty Gallop,Brisbane Lions,9.5,13,Sportsbet,Hawthorn Hawks,103,17131,16501018,608011324,2897886232
Hawthorn Hawks v Brisbane Lions,Hawthorn Hawks,Brisbane Lions,Player Marks,Will Ashcroft,Brisbane Lions,9.5,14,Sportsbet,Hawthorn Hawks,103,17131,16501018,608011324,2897886199
Hawthorn Hawks v Brisbane Lions,Hawthorn Hawks,Brisbane Lions,Player Marks,Darcy Wilmot,Brisbane Lions,9.5,17,Sportsbet,Hawthorn Hawks,103,17131,16501018,608011324,2897886236
Hawthorn Hawks v Brisbane Lions,Hawthorn Hawks,Brisbane Lions,Player Marks,Cam Rayner,Brisbane Lions,9.5,19,Sportsbet,Hawthorn Hawks,103,17131,16501018,608011324,2897886215
Hawthorn Hawks v Brisbane Lions,Hawthorn Hawks,Brisbane Lions,Player Marks,Lachie Neale,Brisbane Lions,9.5,19,Sportsbet,Hawthorn Hawks,103,17131,16501018,608011324,2897886219
Hawthorn Hawks v Brisbane Lions,Hawthorn Hawks,Brisbane Lions,Player Marks,Josh Dunkley,Brisbane Lions,9.5,26,Sportsbet,Hawthorn Hawks,103,17131,16501018,608011324,2897886203
Hawthorn Hawks v Brisbane Lions,Hawthorn Hawks,Brisbane Lions,Player Marks,Logan Morris,Brisbane Lions,9.5,26,Sportsbet,Hawthorn Hawks,103,17131,16501018,608011324,2897886208
Hawthorn Hawks v Brisbane Lions,Hawthorn Hawks,Brisbane Lions,Player Marks,Hugh McCluggage,Brisbane Lions,9.5,34,Sportsbet,Hawthorn Hawks,103,17131,16501018,608011324,2897886197
Hawthorn Hawks v Brisbane Lions,Hawthorn Hawks,Brisbane Lions,Player Marks,James Sicily,Hawthorn Hawks,10.5,10,Sportsbet,Brisbane Lions,103,17131,16501018,608011306,2897886075
Hawthorn Hawks v Brisbane Lions,Hawthorn Hawks,Brisbane Lions,Player Marks,Josh Battle,Hawthorn Hawks,10.5,23,Sportsbet,Brisbane Lions,103,17131,16501018,608011306,2897886083
Hawthorn Hawks v Brisbane Lions,Hawthorn Hawks,Brisbane Lions,Player Marks,Josh Weddle,Hawthorn Hawks,10.5,41,Sportsbet,Brisbane Lions,103,17131,16501018,608011306,2897886072
Hawthorn Hawks v Brisbane Lions,Hawthorn Hawks,Brisbane Lions,Player Marks,Massimo D'Ambrosio,Hawthorn Hawks,10.5,41,Sportsbet,Brisbane Lions,103,17131,16501018,608011306,2897886059
Hawthorn Hawks v Brisbane Lions,Hawthorn Hawks,Brisbane Lions,Player Marks,Harris Andrews,Brisbane Lions,10.5,6,Sportsbet,Hawthorn Hawks,103,17131,16501018,608011306,2897886096
Hawthorn Hawks v Brisbane Lions,Hawthorn Hawks,Brisbane Lions,Player Marks,Dayne Zorko,Brisbane Lions,10.5,11,Sportsbet,Hawthorn Hawks,103,17131,16501018,608011306,2897886092
Hawthorn Hawks v Brisbane Lions,Hawthorn Hawks,Brisbane Lions,Player Marks,Jaspa Fletcher,Brisbane Lions,10.5,11,Sportsbet,Hawthorn Hawks,103,17131,16501018,608011306,2897886088
Hawthorn Hawks v Brisbane Lions,Hawthorn Hawks,Brisbane Lions,Player Marks,Ryan Lester,Brisbane Lions,10.5,13,Sportsbet,Hawthorn Hawks,103,17131,16501018,608011306,2897886081
Hawthorn Hawks v Brisbane Lions,Hawthorn Hawks,Brisbane Lions,Player Marks,Levi Ashcroft,Brisbane Lions,10.5,14,Sportsbet,Hawthorn Hawks,103,17131,16501018,608011306,2897886070
Hawthorn Hawks v Brisbane Lions,Hawthorn Hawks,Brisbane Lions,Player Marks,Jarrod Berry,Brisbane Lions,10.5,19,Sportsbet,Hawthorn Hawks,103,17131,16501018,608011306,2897886060
Hawthorn Hawks v Brisbane Lions,Hawthorn Hawks,Brisbane Lions,Player Marks,Zac Bailey,Brisbane Lions,10.5,19,Sportsbet,Hawthorn Hawks,103,17131,16501018,608011306,2897886087
Hawthorn Hawks v Brisbane Lions,Hawthorn Hawks,Brisbane Lions,Player Marks,Eric Hipwood,Brisbane Lions,10.5,23,Sportsbet,Hawthorn Hawks,103,17131,16501018,608011306,2897886080
Hawthorn Hawks v Brisbane Lions,Hawthorn Hawks,Brisbane Lions,Player Marks,Ty Gallop,Brisbane Lions,10.5,23,Sportsbet,Hawthorn Hawks,103,17131,16501018,608011306,2897886099
Hawthorn Hawks v Brisbane Lions,Hawthorn Hawks,Brisbane Lions,Player Marks,Will Ashcroft,Brisbane Lions,10.5,23,Sportsbet,Hawthorn Hawks,103,17131,16501018,608011306,2897886093
Hawthorn Hawks v Brisbane Lions,Hawthorn Hawks,Brisbane Lions,Player Marks,Darcy Wilmot,Brisbane Lions,10.5,31,Sportsbet,Hawthorn Hawks,103,17131,16501018,608011306,2897886097
Hawthorn Hawks v Brisbane Lions,Hawthorn Hawks,Brisbane Lions,Player Marks,Lachie Neale,Brisbane Lions,10.5,41,Sportsbet,Hawthorn Hawks,103,17131,16501018,608011306,2897886057
Hawthorn Hawks v Brisbane Lions,Hawthorn Hawks,Brisbane Lions,Player Marks,James Sicily,Hawthorn Hawks,11.5,16,Sportsbet,Brisbane Lions,103,17131,16501018,608011305,2897886045
Hawthorn Hawks v Brisbane Lions,Hawthorn Hawks,Brisbane Lions,Player Marks,Josh Battle,Hawthorn Hawks,11.5,51,Sportsbet,Brisbane Lions,103,17131,16501018,608011305,2897886014
Hawthorn Hawks v Brisbane Lions,Hawthorn Hawks,Brisbane Lions,Player Marks,Harris Andrews,Brisbane Lions,11.5,9.75,Sportsbet,Hawthorn Hawks,103,17131,16501018,608011305,2897886043
Hawthorn Hawks v Brisbane Lions,Hawthorn Hawks,Brisbane Lions,Player Marks,Dayne Zorko,Brisbane Lions,11.5,18,Sportsbet,Hawthorn Hawks,103,17131,16501018,608011305,2897886022
Hawthorn Hawks v Brisbane Lions,Hawthorn Hawks,Brisbane Lions,Player Marks,Jaspa Fletcher,Brisbane Lions,11.5,18,Sportsbet,Hawthorn Hawks,103,17131,16501018,608011305,2897886021
Hawthorn Hawks v Brisbane Lions,Hawthorn Hawks,Brisbane Lions,Player Marks,Levi Ashcroft,Brisbane Lions,11.5,23,Sportsbet,Hawthorn Hawks,103,17131,16501018,608011305,2897886015
Hawthorn Hawks v Brisbane Lions,Hawthorn Hawks,Brisbane Lions,Player Marks,Ryan Lester,Brisbane Lions,11.5,23,Sportsbet,Hawthorn Hawks,103,17131,16501018,608011305,2897886023
Hawthorn Hawks v Brisbane Lions,Hawthorn Hawks,Brisbane Lions,Player Marks,Jarrod Berry,Brisbane Lions,11.5,34,Sportsbet,Hawthorn Hawks,103,17131,16501018,608011305,2897886037
Hawthorn Hawks v Brisbane Lions,Hawthorn Hawks,Brisbane Lions,Player Marks,Zac Bailey,Brisbane Lions,11.5,34,Sportsbet,Hawthorn Hawks,103,17131,16501018,608011305,2897886029
Hawthorn Hawks v Brisbane Lions,Hawthorn Hawks,Brisbane Lions,Player Marks,Eric Hipwood,Brisbane Lions,11.5,46,Sportsbet,Hawthorn Hawks,103,17131,16501018,608011305,2897886035
Hawthorn Hawks v Brisbane Lions,Hawthorn Hawks,Brisbane Lions,Player Marks,Ty Gallop,Brisbane Lions,11.5,51,Sportsbet,Hawthorn Hawks,103,17131,16501018,608011305,2897886019
Hawthorn Hawks v Brisbane Lions,Hawthorn Hawks,Brisbane Lions,Player Marks,Will Ashcroft,Brisbane Lions,11.5,51,Sportsbet,Hawthorn Hawks,103,17131,16501018,608011305,2897886016
