match,home_team,away_team,market_name,player_name,player_team,line,over_price,under_price,agency,opposition_team,class_external_id,competition_external_id,event_external_id,market_id,player_id,player_id_unders
Fremantle Dockers v Brisbane Lions,Fremantle Dockers,Brisbane Lions,Player Disposals,Alex Pearce,Fremantle Dockers,9.5,1.9,NA,Sportsbet,Brisbane Lions,103,17131,16550830,609371494,2904380214,NA
Fremantle Dockers v Brisbane Lions,Fremantle Dockers,Brisbane Lions,Player Disposals,Brandon Walker,Fremantle Dockers,9.5,1.39,NA,Sportsbet,Brisbane Lions,103,17131,16550830,609371494,2904663418,NA
Fremantle Dockers v Brisbane Lions,Fremantle Dockers,Brisbane Lions,Player Disposals,Brennan Cox,Fremantle Dockers,9.5,1.67,NA,Sportsbet,Brisbane Lions,103,17131,16550830,609371494,2904380199,NA
Fremantle Dockers v Brisbane Lions,Fremantle Dockers,Brisbane Lions,Player Disposals,Isaiah Dudley,Fremantle Dockers,9.5,1.59,NA,Sportsbet,Brisbane Lions,103,17131,16550830,609371494,2904380196,NA
Fremantle Dockers v Brisbane Lions,Fremantle Dockers,Brisbane Lions,Player Disposals,Josh Treacy,Fremantle Dockers,9.5,1.64,NA,Sportsbet,Brisbane Lions,103,17131,16550830,609371494,2904380225,NA
Fremantle Dockers v Brisbane Lions,Fremantle Dockers,Brisbane Lions,Player Disposals,Judd McVee,Fremantle Dockers,9.5,1.11,NA,Sportsbet,Brisbane Lions,103,17131,16550830,609371494,2904380200,NA
Fremantle Dockers v Brisbane Lions,Fremantle Dockers,Brisbane Lions,Player Disposals,Michael Frederick,Fremantle Dockers,9.5,1.59,NA,Sportsbet,Brisbane Lions,103,17131,16550830,609371494,2904380220,NA
Fremantle Dockers v Brisbane Lions,Fremantle Dockers,Brisbane Lions,Player Disposals,Oscar McDonald,Fremantle Dockers,9.5,1.53,NA,Sportsbet,Brisbane Lions,103,17131,16550830,609371494,2904380232,NA
Fremantle Dockers v Brisbane Lions,Fremantle Dockers,Brisbane Lions,Player Disposals,Patrick Voss,Fremantle Dockers,9.5,1.47,NA,Sportsbet,Brisbane Lions,103,17131,16550830,609371494,2904380223,NA
Fremantle Dockers v Brisbane Lions,Fremantle Dockers,Brisbane Lions,Player Disposals,Sam Switkowski,Fremantle Dockers,9.5,1.2,NA,Sportsbet,Brisbane Lions,103,17131,16550830,609371494,2904380206,NA
Fremantle Dockers v Brisbane Lions,Fremantle Dockers,Brisbane Lions,Player Disposals,Jye Amiss,Fremantle Dockers,9.5,2.37,NA,Sportsbet,Brisbane Lions,103,17131,16550830,609371494,2904380202,NA
Fremantle Dockers v Brisbane Lions,Fremantle Dockers,Brisbane Lions,Player Disposals,Bruce Reville,Brisbane Lions,9.5,1.17,NA,Sportsbet,Fremantle Dockers,103,17131,16550830,609371494,2904663419,NA
Fremantle Dockers v Brisbane Lions,Fremantle Dockers,Brisbane Lions,Player Disposals,Cam Rayner,Brisbane Lions,9.5,1.11,NA,Sportsbet,Fremantle Dockers,103,17131,16550830,609371494,2904380235,NA
Fremantle Dockers v Brisbane Lions,Fremantle Dockers,Brisbane Lions,Player Disposals,Charlie Cameron,Brisbane Lions,9.5,1.6,NA,Sportsbet,Fremantle Dockers,103,17131,16550830,609371494,2904380238,NA
Fremantle Dockers v Brisbane Lions,Fremantle Dockers,Brisbane Lions,Player Disposals,Conor McKenna,Brisbane Lions,9.5,1.25,NA,Sportsbet,Fremantle Dockers,103,17131,16550830,609371494,2904380227,NA
Fremantle Dockers v Brisbane Lions,Fremantle Dockers,Brisbane Lions,Player Disposals,Eric Hipwood,Brisbane Lions,9.5,1.54,NA,Sportsbet,Fremantle Dockers,103,17131,16550830,609371494,2904380208,NA
Fremantle Dockers v Brisbane Lions,Fremantle Dockers,Brisbane Lions,Player Disposals,Harris Andrews,Brisbane Lions,9.5,1.31,NA,Sportsbet,Fremantle Dockers,103,17131,16550830,609371494,2904380233,NA
Fremantle Dockers v Brisbane Lions,Fremantle Dockers,Brisbane Lions,Player Disposals,Kai Lohmann,Brisbane Lions,9.5,1.33,NA,Sportsbet,Fremantle Dockers,103,17131,16550830,609371494,2904380228,NA
Fremantle Dockers v Brisbane Lions,Fremantle Dockers,Brisbane Lions,Player Disposals,Logan Morris,Brisbane Lions,9.5,1.95,NA,Sportsbet,Fremantle Dockers,103,17131,16550830,609371494,2904380224,NA
Fremantle Dockers v Brisbane Lions,Fremantle Dockers,Brisbane Lions,Player Disposals,Noah Answerth,Brisbane Lions,9.5,1.53,NA,Sportsbet,Fremantle Dockers,103,17131,16550830,609371494,2904380219,NA
Fremantle Dockers v Brisbane Lions,Fremantle Dockers,Brisbane Lions,Player Disposals,Darcy Fort,Brisbane Lions,9.5,2.37,NA,Sportsbet,Fremantle Dockers,103,17131,16550830,609371494,2904380221,NA
Fremantle Dockers v Brisbane Lions,Fremantle Dockers,Brisbane Lions,Player Disposals,Sam Draper,Brisbane Lions,9.5,2.37,NA,Sportsbet,Fremantle Dockers,103,17131,16550830,609371494,2904380216,NA
Fremantle Dockers v Brisbane Lions,Fremantle Dockers,Brisbane Lions,Player Disposals,Ty Gallop,Brisbane Lions,9.5,2.37,NA,Sportsbet,Fremantle Dockers,103,17131,16550830,609371494,2904380207,NA
Fremantle Dockers v Brisbane Lions,Fremantle Dockers,Brisbane Lions,Player Disposals,Darcy Gardiner,Brisbane Lions,9.5,3.04,NA,Sportsbet,Fremantle Dockers,103,17131,16550830,609371494,2904380204,NA
Fremantle Dockers v Brisbane Lions,Fremantle Dockers,Brisbane Lions,Player Disposals,Oscar Allen,Brisbane Lions,9.5,4.65,NA,Sportsbet,Fremantle Dockers,103,17131,16550830,609371494,2904380230,NA
Fremantle Dockers v Brisbane Lions,Fremantle Dockers,Brisbane Lions,Player Disposals,Brandon Walker,Fremantle Dockers,10.5,1.6,NA,Sportsbet,Brisbane Lions,103,17131,16550830,609371486,2904663404,NA
Fremantle Dockers v Brisbane Lions,Fremantle Dockers,Brisbane Lions,Player Disposals,Brennan Cox,Fremantle Dockers,10.5,1.93,NA,Sportsbet,Brisbane Lions,103,17131,16550830,609371486,2904379895,NA
Fremantle Dockers v Brisbane Lions,Fremantle Dockers,Brisbane Lions,Player Disposals,Corey Wagner,Fremantle Dockers,10.5,1.06,NA,Sportsbet,Brisbane Lions,103,17131,16550830,609371486,2904379878,NA
Fremantle Dockers v Brisbane Lions,Fremantle Dockers,Brisbane Lions,Player Disposals,Heath Chapman,Fremantle Dockers,10.5,1.1,NA,Sportsbet,Brisbane Lions,103,17131,16550830,609371486,2904379902,NA
Fremantle Dockers v Brisbane Lions,Fremantle Dockers,Brisbane Lions,Player Disposals,Isaiah Dudley,Fremantle Dockers,10.5,1.88,NA,Sportsbet,Brisbane Lions,103,17131,16550830,609371486,2904379861,NA
Fremantle Dockers v Brisbane Lions,Fremantle Dockers,Brisbane Lions,Player Disposals,Josh Treacy,Fremantle Dockers,10.5,1.89,NA,Sportsbet,Brisbane Lions,103,17131,16550830,609371486,2904379859,NA
Fremantle Dockers v Brisbane Lions,Fremantle Dockers,Brisbane Lions,Player Disposals,Judd McVee,Fremantle Dockers,10.5,1.17,NA,Sportsbet,Brisbane Lions,103,17131,16550830,609371486,2904379899,NA
Fremantle Dockers v Brisbane Lions,Fremantle Dockers,Brisbane Lions,Player Disposals,Michael Frederick,Fremantle Dockers,10.5,1.89,NA,Sportsbet,Brisbane Lions,103,17131,16550830,609371486,2904379862,NA
Fremantle Dockers v Brisbane Lions,Fremantle Dockers,Brisbane Lions,Player Disposals,Oscar McDonald,Fremantle Dockers,10.5,1.83,NA,Sportsbet,Brisbane Lions,103,17131,16550830,609371486,2904379905,NA
Fremantle Dockers v Brisbane Lions,Fremantle Dockers,Brisbane Lions,Player Disposals,Patrick Voss,Fremantle Dockers,10.5,1.79,NA,Sportsbet,Brisbane Lions,103,17131,16550830,609371486,2904379879,NA
Fremantle Dockers v Brisbane Lions,Fremantle Dockers,Brisbane Lions,Player Disposals,Sam Switkowski,Fremantle Dockers,10.5,1.33,NA,Sportsbet,Brisbane Lions,103,17131,16550830,609371486,2904379886,NA
Fremantle Dockers v Brisbane Lions,Fremantle Dockers,Brisbane Lions,Player Disposals,Alex Pearce,Fremantle Dockers,10.5,2.34,NA,Sportsbet,Brisbane Lions,103,17131,16550830,609371486,2904379874,NA
Fremantle Dockers v Brisbane Lions,Fremantle Dockers,Brisbane Lions,Player Disposals,Jye Amiss,Fremantle Dockers,10.5,3.05,NA,Sportsbet,Brisbane Lions,103,17131,16550830,609371486,2904379867,NA
Fremantle Dockers v Brisbane Lions,Fremantle Dockers,Brisbane Lions,Player Disposals,Bruce Reville,Brisbane Lions,10.5,1.28,NA,Sportsbet,Fremantle Dockers,103,17131,16550830,609371486,2904663405,NA
Fremantle Dockers v Brisbane Lions,Fremantle Dockers,Brisbane Lions,Player Disposals,Cam Rayner,Brisbane Lions,10.5,1.17,NA,Sportsbet,Fremantle Dockers,103,17131,16550830,609371486,2904379865,NA
Fremantle Dockers v Brisbane Lions,Fremantle Dockers,Brisbane Lions,Player Disposals,Charlie Cameron,Brisbane Lions,10.5,1.9,NA,Sportsbet,Fremantle Dockers,103,17131,16550830,609371486,2904379894,NA
Fremantle Dockers v Brisbane Lions,Fremantle Dockers,Brisbane Lions,Player Disposals,Conor McKenna,Brisbane Lions,10.5,1.4,NA,Sportsbet,Fremantle Dockers,103,17131,16550830,609371486,2904379893,NA
Fremantle Dockers v Brisbane Lions,Fremantle Dockers,Brisbane Lions,Player Disposals,Eric Hipwood,Brisbane Lions,10.5,1.86,NA,Sportsbet,Fremantle Dockers,103,17131,16550830,609371486,2904379872,NA
Fremantle Dockers v Brisbane Lions,Fremantle Dockers,Brisbane Lions,Player Disposals,Harris Andrews,Brisbane Lions,10.5,1.53,NA,Sportsbet,Fremantle Dockers,103,17131,16550830,609371486,2904379870,NA
Fremantle Dockers v Brisbane Lions,Fremantle Dockers,Brisbane Lions,Player Disposals,Kai Lohmann,Brisbane Lions,10.5,1.54,NA,Sportsbet,Fremantle Dockers,103,17131,16550830,609371486,2904379885,NA
Fremantle Dockers v Brisbane Lions,Fremantle Dockers,Brisbane Lions,Player Disposals,Noah Answerth,Brisbane Lions,10.5,1.87,NA,Sportsbet,Fremantle Dockers,103,17131,16550830,609371486,2904379900,NA
Fremantle Dockers v Brisbane Lions,Fremantle Dockers,Brisbane Lions,Player Disposals,Ryan Lester,Brisbane Lions,10.5,1.08,NA,Sportsbet,Fremantle Dockers,103,17131,16550830,609371486,2904379906,NA
Fremantle Dockers v Brisbane Lions,Fremantle Dockers,Brisbane Lions,Player Disposals,Logan Morris,Brisbane Lions,10.5,2.34,NA,Sportsbet,Fremantle Dockers,103,17131,16550830,609371486,2904379888,NA
Fremantle Dockers v Brisbane Lions,Fremantle Dockers,Brisbane Lions,Player Disposals,Darcy Fort,Brisbane Lions,10.5,3.16,NA,Sportsbet,Fremantle Dockers,103,17131,16550830,609371486,2904379863,NA
Fremantle Dockers v Brisbane Lions,Fremantle Dockers,Brisbane Lions,Player Disposals,Sam Draper,Brisbane Lions,10.5,3.22,NA,Sportsbet,Fremantle Dockers,103,17131,16550830,609371486,2904379883,NA
Fremantle Dockers v Brisbane Lions,Fremantle Dockers,Brisbane Lions,Player Disposals,Ty Gallop,Brisbane Lions,10.5,3.08,NA,Sportsbet,Fremantle Dockers,103,17131,16550830,609371486,2904379881,NA
Fremantle Dockers v Brisbane Lions,Fremantle Dockers,Brisbane Lions,Player Disposals,Darcy Gardiner,Brisbane Lions,10.5,4,NA,Sportsbet,Fremantle Dockers,103,17131,16550830,609371486,2904379876,NA
Fremantle Dockers v Brisbane Lions,Fremantle Dockers,Brisbane Lions,Player Disposals,Brandon Walker,Fremantle Dockers,11.5,1.88,NA,Sportsbet,Brisbane Lions,103,17131,16550830,609371508,2904663458,NA
Fremantle Dockers v Brisbane Lions,Fremantle Dockers,Brisbane Lions,Player Disposals,Corey Wagner,Fremantle Dockers,11.5,1.13,NA,Sportsbet,Brisbane Lions,103,17131,16550830,609371508,2904380870,NA
Fremantle Dockers v Brisbane Lions,Fremantle Dockers,Brisbane Lions,Player Disposals,Heath Chapman,Fremantle Dockers,11.5,1.16,NA,Sportsbet,Brisbane Lions,103,17131,16550830,609371508,2904380901,NA
Fremantle Dockers v Brisbane Lions,Fremantle Dockers,Brisbane Lions,Player Disposals,Judd McVee,Fremantle Dockers,11.5,1.33,NA,Sportsbet,Brisbane Lions,103,17131,16550830,609371508,2904380881,NA
Fremantle Dockers v Brisbane Lions,Fremantle Dockers,Brisbane Lions,Player Disposals,Karl Worner,Fremantle Dockers,11.5,1.07,NA,Sportsbet,Brisbane Lions,103,17131,16550830,609371508,2904380897,NA
Fremantle Dockers v Brisbane Lions,Fremantle Dockers,Brisbane Lions,Player Disposals,Matthew Johnson,Fremantle Dockers,11.5,1.1,NA,Sportsbet,Brisbane Lions,103,17131,16550830,609371508,2904380883,NA
Fremantle Dockers v Brisbane Lions,Fremantle Dockers,Brisbane Lions,Player Disposals,Neil Erasmus,Fremantle Dockers,11.5,1.09,NA,Sportsbet,Brisbane Lions,103,17131,16550830,609371508,2904380895,NA
Fremantle Dockers v Brisbane Lions,Fremantle Dockers,Brisbane Lions,Player Disposals,Sam Switkowski,Fremantle Dockers,11.5,1.54,NA,Sportsbet,Brisbane Lions,103,17131,16550830,609371508,2904380891,NA
Fremantle Dockers v Brisbane Lions,Fremantle Dockers,Brisbane Lions,Player Disposals,Alex Pearce,Fremantle Dockers,11.5,2.95,NA,Sportsbet,Brisbane Lions,103,17131,16550830,609371508,2904380867,NA
Fremantle Dockers v Brisbane Lions,Fremantle Dockers,Brisbane Lions,Player Disposals,Brennan Cox,Fremantle Dockers,11.5,2.25,NA,Sportsbet,Brisbane Lions,103,17131,16550830,609371508,2904380910,NA
Fremantle Dockers v Brisbane Lions,Fremantle Dockers,Brisbane Lions,Player Disposals,Isaiah Dudley,Fremantle Dockers,11.5,2.3,NA,Sportsbet,Brisbane Lions,103,17131,16550830,609371508,2904380889,NA
Fremantle Dockers v Brisbane Lions,Fremantle Dockers,Brisbane Lions,Player Disposals,Josh Treacy,Fremantle Dockers,11.5,2.28,NA,Sportsbet,Brisbane Lions,103,17131,16550830,609371508,2904380906,NA
Fremantle Dockers v Brisbane Lions,Fremantle Dockers,Brisbane Lions,Player Disposals,Michael Frederick,Fremantle Dockers,11.5,2.3,NA,Sportsbet,Brisbane Lions,103,17131,16550830,609371508,2904380878,NA
Fremantle Dockers v Brisbane Lions,Fremantle Dockers,Brisbane Lions,Player Disposals,Oscar McDonald,Fremantle Dockers,11.5,2.3,NA,Sportsbet,Brisbane Lions,103,17131,16550830,609371508,2904380904,NA
Fremantle Dockers v Brisbane Lions,Fremantle Dockers,Brisbane Lions,Player Disposals,Patrick Voss,Fremantle Dockers,11.5,2.3,NA,Sportsbet,Brisbane Lions,103,17131,16550830,609371508,2904380903,NA
Fremantle Dockers v Brisbane Lions,Fremantle Dockers,Brisbane Lions,Player Disposals,Jye Amiss,Fremantle Dockers,11.5,4,NA,Sportsbet,Brisbane Lions,103,17131,16550830,609371508,2904380900,NA
Fremantle Dockers v Brisbane Lions,Fremantle Dockers,Brisbane Lions,Player Disposals,Bruce Reville,Brisbane Lions,11.5,1.41,NA,Sportsbet,Fremantle Dockers,103,17131,16550830,609371508,2904663459,NA
Fremantle Dockers v Brisbane Lions,Fremantle Dockers,Brisbane Lions,Player Disposals,Cam Rayner,Brisbane Lions,11.5,1.28,NA,Sportsbet,Fremantle Dockers,103,17131,16550830,609371508,2904380880,NA
Fremantle Dockers v Brisbane Lions,Fremantle Dockers,Brisbane Lions,Player Disposals,Conor McKenna,Brisbane Lions,11.5,1.61,NA,Sportsbet,Fremantle Dockers,103,17131,16550830,609371508,2904380905,NA
Fremantle Dockers v Brisbane Lions,Fremantle Dockers,Brisbane Lions,Player Disposals,Harris Andrews,Brisbane Lions,11.5,1.82,NA,Sportsbet,Fremantle Dockers,103,17131,16550830,609371508,2904380902,NA
Fremantle Dockers v Brisbane Lions,Fremantle Dockers,Brisbane Lions,Player Disposals,Jaspa Fletcher,Brisbane Lions,11.5,1.08,NA,Sportsbet,Fremantle Dockers,103,17131,16550830,609371508,2904380882,NA
Fremantle Dockers v Brisbane Lions,Fremantle Dockers,Brisbane Lions,Player Disposals,Kai Lohmann,Brisbane Lions,11.5,1.85,NA,Sportsbet,Fremantle Dockers,103,17131,16550830,609371508,2904380890,NA
Fremantle Dockers v Brisbane Lions,Fremantle Dockers,Brisbane Lions,Player Disposals,Levi Ashcroft,Brisbane Lions,11.5,1.09,NA,Sportsbet,Fremantle Dockers,103,17131,16550830,609371508,2904380898,NA
Fremantle Dockers v Brisbane Lions,Fremantle Dockers,Brisbane Lions,Player Disposals,Ryan Lester,Brisbane Lions,11.5,1.14,NA,Sportsbet,Fremantle Dockers,103,17131,16550830,609371508,2904380907,NA
Fremantle Dockers v Brisbane Lions,Fremantle Dockers,Brisbane Lions,Player Disposals,Charlie Cameron,Brisbane Lions,11.5,2.35,NA,Sportsbet,Fremantle Dockers,103,17131,16550830,609371508,2904380909,NA
Fremantle Dockers v Brisbane Lions,Fremantle Dockers,Brisbane Lions,Player Disposals,Eric Hipwood,Brisbane Lions,11.5,2.35,NA,Sportsbet,Fremantle Dockers,103,17131,16550830,609371508,2904380871,NA
Fremantle Dockers v Brisbane Lions,Fremantle Dockers,Brisbane Lions,Player Disposals,Logan Morris,Brisbane Lions,11.5,2.88,NA,Sportsbet,Fremantle Dockers,103,17131,16550830,609371508,2904380913,NA
Fremantle Dockers v Brisbane Lions,Fremantle Dockers,Brisbane Lions,Player Disposals,Noah Answerth,Brisbane Lions,11.5,2.37,NA,Sportsbet,Fremantle Dockers,103,17131,16550830,609371508,2904380879,NA
Fremantle Dockers v Brisbane Lions,Fremantle Dockers,Brisbane Lions,Player Disposals,Darcy Fort,Brisbane Lions,11.5,4.25,NA,Sportsbet,Fremantle Dockers,103,17131,16550830,609371508,2904380911,NA
Fremantle Dockers v Brisbane Lions,Fremantle Dockers,Brisbane Lions,Player Disposals,Sam Draper,Brisbane Lions,11.5,4.25,NA,Sportsbet,Fremantle Dockers,103,17131,16550830,609371508,2904380914,NA
Fremantle Dockers v Brisbane Lions,Fremantle Dockers,Brisbane Lions,Player Disposals,Ty Gallop,Brisbane Lions,11.5,4,NA,Sportsbet,Fremantle Dockers,103,17131,16550830,609371508,2904380885,NA
Fremantle Dockers v Brisbane Lions,Fremantle Dockers,Brisbane Lions,Player Disposals,Darcy Gardiner,Brisbane Lions,11.5,5.2,NA,Sportsbet,Fremantle Dockers,103,17131,16550830,609371508,2904380892,NA
Fremantle Dockers v Brisbane Lions,Fremantle Dockers,Brisbane Lions,Player Disposals,Corey Wagner,Fremantle Dockers,12.5,1.22,NA,Sportsbet,Brisbane Lions,103,17131,16550830,609371492,2904380104,NA
Fremantle Dockers v Brisbane Lions,Fremantle Dockers,Brisbane Lions,Player Disposals,Heath Chapman,Fremantle Dockers,12.5,1.25,NA,Sportsbet,Brisbane Lions,103,17131,16550830,609371492,2904380139,NA
Fremantle Dockers v Brisbane Lions,Fremantle Dockers,Brisbane Lions,Player Disposals,Judd McVee,Fremantle Dockers,12.5,1.53,NA,Sportsbet,Brisbane Lions,103,17131,16550830,609371492,2904380134,NA
Fremantle Dockers v Brisbane Lions,Fremantle Dockers,Brisbane Lions,Player Disposals,Karl Worner,Fremantle Dockers,12.5,1.14,NA,Sportsbet,Brisbane Lions,103,17131,16550830,609371492,2904380101,NA
Fremantle Dockers v Brisbane Lions,Fremantle Dockers,Brisbane Lions,Player Disposals,Luke Jackson,Fremantle Dockers,12.5,1.06,NA,Sportsbet,Brisbane Lions,103,17131,16550830,609371492,2904380135,NA
Fremantle Dockers v Brisbane Lions,Fremantle Dockers,Brisbane Lions,Player Disposals,Luke Ryan,Fremantle Dockers,12.5,1.05,NA,Sportsbet,Brisbane Lions,103,17131,16550830,609371492,2904380129,NA
Fremantle Dockers v Brisbane Lions,Fremantle Dockers,Brisbane Lions,Player Disposals,Matthew Johnson,Fremantle Dockers,12.5,1.17,NA,Sportsbet,Brisbane Lions,103,17131,16550830,609371492,2904380133,NA
Fremantle Dockers v Brisbane Lions,Fremantle Dockers,Brisbane Lions,Player Disposals,Neil Erasmus,Fremantle Dockers,12.5,1.14,NA,Sportsbet,Brisbane Lions,103,17131,16550830,609371492,2904380143,NA
Fremantle Dockers v Brisbane Lions,Fremantle Dockers,Brisbane Lions,Player Disposals,Sam Switkowski,Fremantle Dockers,12.5,1.83,NA,Sportsbet,Brisbane Lions,103,17131,16550830,609371492,2904380105,NA
Fremantle Dockers v Brisbane Lions,Fremantle Dockers,Brisbane Lions,Player Disposals,Brandon Walker,Fremantle Dockers,12.5,2.27,NA,Sportsbet,Brisbane Lions,103,17131,16550830,609371492,2904663414,NA
Fremantle Dockers v Brisbane Lions,Fremantle Dockers,Brisbane Lions,Player Disposals,Brennan Cox,Fremantle Dockers,12.5,2.69,NA,Sportsbet,Brisbane Lions,103,17131,16550830,609371492,2904380145,NA
Fremantle Dockers v Brisbane Lions,Fremantle Dockers,Brisbane Lions,Player Disposals,Isaiah Dudley,Fremantle Dockers,12.5,2.88,NA,Sportsbet,Brisbane Lions,103,17131,16550830,609371492,2904380102,NA
Fremantle Dockers v Brisbane Lions,Fremantle Dockers,Brisbane Lions,Player Disposals,Josh Treacy,Fremantle Dockers,12.5,2.78,NA,Sportsbet,Brisbane Lions,103,17131,16550830,609371492,2904380106,NA
Fremantle Dockers v Brisbane Lions,Fremantle Dockers,Brisbane Lions,Player Disposals,Michael Frederick,Fremantle Dockers,12.5,2.89,NA,Sportsbet,Brisbane Lions,103,17131,16550830,609371492,2904380137,NA
Fremantle Dockers v Brisbane Lions,Fremantle Dockers,Brisbane Lions,Player Disposals,Alex Pearce,Fremantle Dockers,12.5,3.7,NA,Sportsbet,Brisbane Lions,103,17131,16550830,609371492,2904380121,NA
Fremantle Dockers v Brisbane Lions,Fremantle Dockers,Brisbane Lions,Player Disposals,Oscar McDonald,Fremantle Dockers,12.5,3.02,NA,Sportsbet,Brisbane Lions,103,17131,16550830,609371492,2904380132,NA
Fremantle Dockers v Brisbane Lions,Fremantle Dockers,Brisbane Lions,Player Disposals,Patrick Voss,Fremantle Dockers,12.5,3.07,NA,Sportsbet,Brisbane Lions,103,17131,16550830,609371492,2904380144,NA
Fremantle Dockers v Brisbane Lions,Fremantle Dockers,Brisbane Lions,Player Disposals,Jye Amiss,Fremantle Dockers,12.5,5.2,NA,Sportsbet,Brisbane Lions,103,17131,16550830,609371492,2904380123,NA
Fremantle Dockers v Brisbane Lions,Fremantle Dockers,Brisbane Lions,Player Disposals,Bruce Reville,Brisbane Lions,12.5,1.62,NA,Sportsbet,Fremantle Dockers,103,17131,16550830,609371492,2904663415,NA
Fremantle Dockers v Brisbane Lions,Fremantle Dockers,Brisbane Lions,Player Disposals,Cam Rayner,Brisbane Lions,12.5,1.42,NA,Sportsbet,Fremantle Dockers,103,17131,16550830,609371492,2904380127,NA
Fremantle Dockers v Brisbane Lions,Fremantle Dockers,Brisbane Lions,Player Disposals,Conor McKenna,Brisbane Lions,12.5,1.89,NA,Sportsbet,Fremantle Dockers,103,17131,16550830,609371492,2904380100,NA
Fremantle Dockers v Brisbane Lions,Fremantle Dockers,Brisbane Lions,Player Disposals,Darcy Wilmot,Brisbane Lions,12.5,1.1,NA,Sportsbet,Fremantle Dockers,103,17131,16550830,609371492,2904380110,NA
Fremantle Dockers v Brisbane Lions,Fremantle Dockers,Brisbane Lions,Player Disposals,Jaspa Fletcher,Brisbane Lions,12.5,1.14,NA,Sportsbet,Fremantle Dockers,103,17131,16550830,609371492,2904380130,NA
Fremantle Dockers v Brisbane Lions,Fremantle Dockers,Brisbane Lions,Player Disposals,Levi Ashcroft,Brisbane Lions,12.5,1.14,NA,Sportsbet,Fremantle Dockers,103,17131,16550830,609371492,2904380116,NA
Fremantle Dockers v Brisbane Lions,Fremantle Dockers,Brisbane Lions,Player Disposals,Ryan Lester,Brisbane Lions,12.5,1.25,NA,Sportsbet,Fremantle Dockers,103,17131,16550830,609371492,2904380111,NA
Fremantle Dockers v Brisbane Lions,Fremantle Dockers,Brisbane Lions,Player Disposals,Charlie Cameron,Brisbane Lions,12.5,2.96,NA,Sportsbet,Fremantle Dockers,103,17131,16550830,609371492,2904380109,NA
Fremantle Dockers v Brisbane Lions,Fremantle Dockers,Brisbane Lions,Player Disposals,Harris Andrews,Brisbane Lions,12.5,2.26,NA,Sportsbet,Fremantle Dockers,103,17131,16550830,609371492,2904380115,NA
Fremantle Dockers v Brisbane Lions,Fremantle Dockers,Brisbane Lions,Player Disposals,Kai Lohmann,Brisbane Lions,12.5,2.31,NA,Sportsbet,Fremantle Dockers,103,17131,16550830,609371492,2904380113,NA
Fremantle Dockers v Brisbane Lions,Fremantle Dockers,Brisbane Lions,Player Disposals,Eric Hipwood,Brisbane Lions,12.5,3.04,NA,Sportsbet,Fremantle Dockers,103,17131,16550830,609371492,2904380114,NA
Fremantle Dockers v Brisbane Lions,Fremantle Dockers,Brisbane Lions,Player Disposals,Logan Morris,Brisbane Lions,12.5,3.45,NA,Sportsbet,Fremantle Dockers,103,17131,16550830,609371492,2904380099,NA
Fremantle Dockers v Brisbane Lions,Fremantle Dockers,Brisbane Lions,Player Disposals,Noah Answerth,Brisbane Lions,12.5,3.09,NA,Sportsbet,Fremantle Dockers,103,17131,16550830,609371492,2904380120,NA
Fremantle Dockers v Brisbane Lions,Fremantle Dockers,Brisbane Lions,Player Disposals,Darcy Fort,Brisbane Lions,12.5,5.7,NA,Sportsbet,Fremantle Dockers,103,17131,16550830,609371492,2904380122,NA
Fremantle Dockers v Brisbane Lions,Fremantle Dockers,Brisbane Lions,Player Disposals,Sam Draper,Brisbane Lions,12.5,5.9,NA,Sportsbet,Fremantle Dockers,103,17131,16550830,609371492,2904380131,NA
Fremantle Dockers v Brisbane Lions,Fremantle Dockers,Brisbane Lions,Player Disposals,Ty Gallop,Brisbane Lions,12.5,5.2,NA,Sportsbet,Fremantle Dockers,103,17131,16550830,609371492,2904380118,NA
Fremantle Dockers v Brisbane Lions,Fremantle Dockers,Brisbane Lions,Player Disposals,Darcy Gardiner,Brisbane Lions,12.5,6,NA,Sportsbet,Fremantle Dockers,103,17131,16550830,609371492,2904380141,NA
Fremantle Dockers v Brisbane Lions,Fremantle Dockers,Brisbane Lions,Player Disposals,Corey Wagner,Fremantle Dockers,13.5,1.35,NA,Sportsbet,Brisbane Lions,103,17131,16550830,609371490,2904380028,NA
Fremantle Dockers v Brisbane Lions,Fremantle Dockers,Brisbane Lions,Player Disposals,Heath Chapman,Fremantle Dockers,13.5,1.39,NA,Sportsbet,Brisbane Lions,103,17131,16550830,609371490,2904380023,NA
Fremantle Dockers v Brisbane Lions,Fremantle Dockers,Brisbane Lions,Player Disposals,Judd McVee,Fremantle Dockers,13.5,1.82,NA,Sportsbet,Brisbane Lions,103,17131,16550830,609371490,2904380047,NA
Fremantle Dockers v Brisbane Lions,Fremantle Dockers,Brisbane Lions,Player Disposals,Karl Worner,Fremantle Dockers,13.5,1.22,NA,Sportsbet,Brisbane Lions,103,17131,16550830,609371490,2904380038,NA
Fremantle Dockers v Brisbane Lions,Fremantle Dockers,Brisbane Lions,Player Disposals,Luke Jackson,Fremantle Dockers,13.5,1.11,NA,Sportsbet,Brisbane Lions,103,17131,16550830,609371490,2904380018,NA
Fremantle Dockers v Brisbane Lions,Fremantle Dockers,Brisbane Lions,Player Disposals,Luke Ryan,Fremantle Dockers,13.5,1.1,NA,Sportsbet,Brisbane Lions,103,17131,16550830,609371490,2904380014,NA
Fremantle Dockers v Brisbane Lions,Fremantle Dockers,Brisbane Lions,Player Disposals,Matthew Johnson,Fremantle Dockers,13.5,1.25,NA,Sportsbet,Brisbane Lions,103,17131,16550830,609371490,2904380031,NA
Fremantle Dockers v Brisbane Lions,Fremantle Dockers,Brisbane Lions,Player Disposals,Neil Erasmus,Fremantle Dockers,13.5,1.25,NA,Sportsbet,Brisbane Lions,103,17131,16550830,609371490,2904380045,NA
Fremantle Dockers v Brisbane Lions,Fremantle Dockers,Brisbane Lions,Player Disposals,Brandon Walker,Fremantle Dockers,13.5,2.82,NA,Sportsbet,Brisbane Lions,103,17131,16550830,609371490,2904663410,NA
Fremantle Dockers v Brisbane Lions,Fremantle Dockers,Brisbane Lions,Player Disposals,Sam Switkowski,Fremantle Dockers,13.5,2.26,NA,Sportsbet,Brisbane Lions,103,17131,16550830,609371490,2904380012,NA
Fremantle Dockers v Brisbane Lions,Fremantle Dockers,Brisbane Lions,Player Disposals,Brennan Cox,Fremantle Dockers,13.5,3.3,NA,Sportsbet,Brisbane Lions,103,17131,16550830,609371490,2904380017,NA
Fremantle Dockers v Brisbane Lions,Fremantle Dockers,Brisbane Lions,Player Disposals,Isaiah Dudley,Fremantle Dockers,13.5,3.69,NA,Sportsbet,Brisbane Lions,103,17131,16550830,609371490,2904380015,NA
Fremantle Dockers v Brisbane Lions,Fremantle Dockers,Brisbane Lions,Player Disposals,Josh Treacy,Fremantle Dockers,13.5,3.4,NA,Sportsbet,Brisbane Lions,103,17131,16550830,609371490,2904380041,NA
Fremantle Dockers v Brisbane Lions,Fremantle Dockers,Brisbane Lions,Player Disposals,Michael Frederick,Fremantle Dockers,13.5,3.7,NA,Sportsbet,Brisbane Lions,103,17131,16550830,609371490,2904380024,NA
Fremantle Dockers v Brisbane Lions,Fremantle Dockers,Brisbane Lions,Player Disposals,Alex Pearce,Fremantle Dockers,13.5,4.65,NA,Sportsbet,Brisbane Lions,103,17131,16550830,609371490,2904380016,NA
Fremantle Dockers v Brisbane Lions,Fremantle Dockers,Brisbane Lions,Player Disposals,Oscar McDonald,Fremantle Dockers,13.5,4,NA,Sportsbet,Brisbane Lions,103,17131,16550830,609371490,2904380027,NA
Fremantle Dockers v Brisbane Lions,Fremantle Dockers,Brisbane Lions,Player Disposals,Patrick Voss,Fremantle Dockers,13.5,4.25,NA,Sportsbet,Brisbane Lions,103,17131,16550830,609371490,2904380007,NA
Fremantle Dockers v Brisbane Lions,Fremantle Dockers,Brisbane Lions,Player Disposals,Jye Amiss,Fremantle Dockers,13.5,6,NA,Sportsbet,Brisbane Lions,103,17131,16550830,609371490,2904380029,NA
Fremantle Dockers v Brisbane Lions,Fremantle Dockers,Brisbane Lions,Player Disposals,Bruce Reville,Brisbane Lions,13.5,1.87,NA,Sportsbet,Fremantle Dockers,103,17131,16550830,609371490,2904663411,NA
Fremantle Dockers v Brisbane Lions,Fremantle Dockers,Brisbane Lions,Player Disposals,Cam Rayner,Brisbane Lions,13.5,1.63,NA,Sportsbet,Fremantle Dockers,103,17131,16550830,609371490,2904380004,NA
Fremantle Dockers v Brisbane Lions,Fremantle Dockers,Brisbane Lions,Player Disposals,Darcy Wilmot,Brisbane Lions,13.5,1.15,NA,Sportsbet,Fremantle Dockers,103,17131,16550830,609371490,2904380035,NA
Fremantle Dockers v Brisbane Lions,Fremantle Dockers,Brisbane Lions,Player Disposals,Hugh McCluggage,Brisbane Lions,13.5,1.06,NA,Sportsbet,Fremantle Dockers,103,17131,16550830,609371490,2904380042,NA
Fremantle Dockers v Brisbane Lions,Fremantle Dockers,Brisbane Lions,Player Disposals,Jarrod Berry,Brisbane Lions,13.5,1.06,NA,Sportsbet,Fremantle Dockers,103,17131,16550830,609371490,2904380036,NA
Fremantle Dockers v Brisbane Lions,Fremantle Dockers,Brisbane Lions,Player Disposals,Jaspa Fletcher,Brisbane Lions,13.5,1.25,NA,Sportsbet,Fremantle Dockers,103,17131,16550830,609371490,2904380009,NA
Fremantle Dockers v Brisbane Lions,Fremantle Dockers,Brisbane Lions,Player Disposals,Levi Ashcroft,Brisbane Lions,13.5,1.25,NA,Sportsbet,Fremantle Dockers,103,17131,16550830,609371490,2904380020,NA
Fremantle Dockers v Brisbane Lions,Fremantle Dockers,Brisbane Lions,Player Disposals,Ryan Lester,Brisbane Lions,13.5,1.38,NA,Sportsbet,Fremantle Dockers,103,17131,16550830,609371490,2904380021,NA
Fremantle Dockers v Brisbane Lions,Fremantle Dockers,Brisbane Lions,Player Disposals,Conor McKenna,Brisbane Lions,13.5,2.3,NA,Sportsbet,Fremantle Dockers,103,17131,16550830,609371490,2904380043,NA
Fremantle Dockers v Brisbane Lions,Fremantle Dockers,Brisbane Lions,Player Disposals,Harris Andrews,Brisbane Lions,13.5,2.94,NA,Sportsbet,Fremantle Dockers,103,17131,16550830,609371490,2904380011,NA
Fremantle Dockers v Brisbane Lions,Fremantle Dockers,Brisbane Lions,Player Disposals,Kai Lohmann,Brisbane Lions,13.5,2.99,NA,Sportsbet,Fremantle Dockers,103,17131,16550830,609371490,2904380013,NA
Fremantle Dockers v Brisbane Lions,Fremantle Dockers,Brisbane Lions,Player Disposals,Charlie Cameron,Brisbane Lions,13.5,3.78,NA,Sportsbet,Fremantle Dockers,103,17131,16550830,609371490,2904380044,NA
Fremantle Dockers v Brisbane Lions,Fremantle Dockers,Brisbane Lions,Player Disposals,Eric Hipwood,Brisbane Lions,13.5,4,NA,Sportsbet,Fremantle Dockers,103,17131,16550830,609371490,2904380026,NA
Fremantle Dockers v Brisbane Lions,Fremantle Dockers,Brisbane Lions,Player Disposals,Logan Morris,Brisbane Lions,13.5,4.6,NA,Sportsbet,Fremantle Dockers,103,17131,16550830,609371490,2904380034,NA
Fremantle Dockers v Brisbane Lions,Fremantle Dockers,Brisbane Lions,Player Disposals,Noah Answerth,Brisbane Lions,13.5,4,NA,Sportsbet,Fremantle Dockers,103,17131,16550830,609371490,2904380022,NA
Fremantle Dockers v Brisbane Lions,Fremantle Dockers,Brisbane Lions,Player Disposals,Ty Gallop,Brisbane Lions,13.5,6.5,NA,Sportsbet,Fremantle Dockers,103,17131,16550830,609371490,2904380030,NA
Fremantle Dockers v Brisbane Lions,Fremantle Dockers,Brisbane Lions,Player Disposals,Darcy Fort,Brisbane Lions,13.5,8,NA,Sportsbet,Fremantle Dockers,103,17131,16550830,609371490,2904380040,NA
Fremantle Dockers v Brisbane Lions,Fremantle Dockers,Brisbane Lions,Player Disposals,Darcy Gardiner,Brisbane Lions,13.5,8.5,NA,Sportsbet,Fremantle Dockers,103,17131,16550830,609371490,2904380006,NA
Fremantle Dockers v Brisbane Lions,Fremantle Dockers,Brisbane Lions,Player Disposals,Sam Draper,Brisbane Lions,13.5,8,NA,Sportsbet,Fremantle Dockers,103,17131,16550830,609371490,2904380033,NA
Fremantle Dockers v Brisbane Lions,Fremantle Dockers,Brisbane Lions,Player Disposals,Corey Wagner,Fremantle Dockers,14.5,1.54,NA,Sportsbet,Brisbane Lions,103,17131,16550830,609371483,2904379721,NA
Fremantle Dockers v Brisbane Lions,Fremantle Dockers,Brisbane Lions,Player Disposals,Hayden Young,Fremantle Dockers,14.5,1.07,NA,Sportsbet,Brisbane Lions,103,17131,16550830,609371483,2904379717,NA
Fremantle Dockers v Brisbane Lions,Fremantle Dockers,Brisbane Lions,Player Disposals,Heath Chapman,Fremantle Dockers,14.5,1.59,NA,Sportsbet,Brisbane Lions,103,17131,16550830,609371483,2904379748,NA
Fremantle Dockers v Brisbane Lions,Fremantle Dockers,Brisbane Lions,Player Disposals,Karl Worner,Fremantle Dockers,14.5,1.37,NA,Sportsbet,Brisbane Lions,103,17131,16550830,609371483,2904379734,NA
Fremantle Dockers v Brisbane Lions,Fremantle Dockers,Brisbane Lions,Player Disposals,Luke Jackson,Fremantle Dockers,14.5,1.2,NA,Sportsbet,Brisbane Lions,103,17131,16550830,609371483,2904379737,NA
Fremantle Dockers v Brisbane Lions,Fremantle Dockers,Brisbane Lions,Player Disposals,Luke Ryan,Fremantle Dockers,14.5,1.17,NA,Sportsbet,Brisbane Lions,103,17131,16550830,609371483,2904379757,NA
Fremantle Dockers v Brisbane Lions,Fremantle Dockers,Brisbane Lions,Player Disposals,Matthew Johnson,Fremantle Dockers,14.5,1.39,NA,Sportsbet,Brisbane Lions,103,17131,16550830,609371483,2904379751,NA
Fremantle Dockers v Brisbane Lions,Fremantle Dockers,Brisbane Lions,Player Disposals,Neil Erasmus,Fremantle Dockers,14.5,1.37,NA,Sportsbet,Brisbane Lions,103,17131,16550830,609371483,2904379739,NA
Fremantle Dockers v Brisbane Lions,Fremantle Dockers,Brisbane Lions,Player Disposals,Shai Bolton,Fremantle Dockers,14.5,1.07,NA,Sportsbet,Brisbane Lions,103,17131,16550830,609371483,2904379753,NA
Fremantle Dockers v Brisbane Lions,Fremantle Dockers,Brisbane Lions,Player Disposals,Judd McVee,Fremantle Dockers,14.5,2.25,NA,Sportsbet,Brisbane Lions,103,17131,16550830,609371483,2904379760,NA
Fremantle Dockers v Brisbane Lions,Fremantle Dockers,Brisbane Lions,Player Disposals,Sam Switkowski,Fremantle Dockers,14.5,2.92,NA,Sportsbet,Brisbane Lions,103,17131,16550830,609371483,2904379727,NA
Fremantle Dockers v Brisbane Lions,Fremantle Dockers,Brisbane Lions,Player Disposals,Brandon Walker,Fremantle Dockers,14.5,3.45,NA,Sportsbet,Brisbane Lions,103,17131,16550830,609371483,2904663398,NA
Fremantle Dockers v Brisbane Lions,Fremantle Dockers,Brisbane Lions,Player Disposals,Brennan Cox,Fremantle Dockers,14.5,4,NA,Sportsbet,Brisbane Lions,103,17131,16550830,609371483,2904379729,NA
Fremantle Dockers v Brisbane Lions,Fremantle Dockers,Brisbane Lions,Player Disposals,Isaiah Dudley,Fremantle Dockers,14.5,4.65,NA,Sportsbet,Brisbane Lions,103,17131,16550830,609371483,2904379744,NA
Fremantle Dockers v Brisbane Lions,Fremantle Dockers,Brisbane Lions,Player Disposals,Josh Treacy,Fremantle Dockers,14.5,4.25,NA,Sportsbet,Brisbane Lions,103,17131,16550830,609371483,2904379726,NA
Fremantle Dockers v Brisbane Lions,Fremantle Dockers,Brisbane Lions,Player Disposals,Michael Frederick,Fremantle Dockers,14.5,4.65,NA,Sportsbet,Brisbane Lions,103,17131,16550830,609371483,2904379740,NA
Fremantle Dockers v Brisbane Lions,Fremantle Dockers,Brisbane Lions,Player Disposals,Oscar McDonald,Fremantle Dockers,14.5,5.2,NA,Sportsbet,Brisbane Lions,103,17131,16550830,609371483,2904379719,NA
Fremantle Dockers v Brisbane Lions,Fremantle Dockers,Brisbane Lions,Player Disposals,Patrick Voss,Fremantle Dockers,14.5,5.5,NA,Sportsbet,Brisbane Lions,103,17131,16550830,609371483,2904379728,NA
Fremantle Dockers v Brisbane Lions,Fremantle Dockers,Brisbane Lions,Player Disposals,Alex Pearce,Fremantle Dockers,14.5,6,NA,Sportsbet,Brisbane Lions,103,17131,16550830,609371483,2904379722,NA
Fremantle Dockers v Brisbane Lions,Fremantle Dockers,Brisbane Lions,Player Disposals,Jye Amiss,Fremantle Dockers,14.5,8.5,NA,Sportsbet,Brisbane Lions,103,17131,16550830,609371483,2904379755,NA
Fremantle Dockers v Brisbane Lions,Fremantle Dockers,Brisbane Lions,Player Disposals,Cam Rayner,Brisbane Lions,14.5,1.89,NA,Sportsbet,Fremantle Dockers,103,17131,16550830,609371483,2904379741,NA
Fremantle Dockers v Brisbane Lions,Fremantle Dockers,Brisbane Lions,Player Disposals,Darcy Wilmot,Brisbane Lions,14.5,1.25,NA,Sportsbet,Fremantle Dockers,103,17131,16550830,609371483,2904379761,NA
Fremantle Dockers v Brisbane Lions,Fremantle Dockers,Brisbane Lions,Player Disposals,Hugh McCluggage,Brisbane Lions,14.5,1.13,NA,Sportsbet,Fremantle Dockers,103,17131,16550830,609371483,2904379738,NA
Fremantle Dockers v Brisbane Lions,Fremantle Dockers,Brisbane Lions,Player Disposals,Jarrod Berry,Brisbane Lions,14.5,1.13,NA,Sportsbet,Fremantle Dockers,103,17131,16550830,609371483,2904379733,NA
Fremantle Dockers v Brisbane Lions,Fremantle Dockers,Brisbane Lions,Player Disposals,Jaspa Fletcher,Brisbane Lions,14.5,1.37,NA,Sportsbet,Fremantle Dockers,103,17131,16550830,609371483,2904379720,NA
Fremantle Dockers v Brisbane Lions,Fremantle Dockers,Brisbane Lions,Player Disposals,Levi Ashcroft,Brisbane Lions,14.5,1.38,NA,Sportsbet,Fremantle Dockers,103,17131,16550830,609371483,2904379752,NA
Fremantle Dockers v Brisbane Lions,Fremantle Dockers,Brisbane Lions,Player Disposals,Ryan Lester,Brisbane Lions,14.5,1.58,NA,Sportsbet,Fremantle Dockers,103,17131,16550830,609371483,2904379716,NA
Fremantle Dockers v Brisbane Lions,Fremantle Dockers,Brisbane Lions,Player Disposals,Bruce Reville,Brisbane Lions,14.5,2.25,NA,Sportsbet,Fremantle Dockers,103,17131,16550830,609371483,2904663399,NA
Fremantle Dockers v Brisbane Lions,Fremantle Dockers,Brisbane Lions,Player Disposals,Conor McKenna,Brisbane Lions,14.5,2.84,NA,Sportsbet,Fremantle Dockers,103,17131,16550830,609371483,2904379735,NA
Fremantle Dockers v Brisbane Lions,Fremantle Dockers,Brisbane Lions,Player Disposals,Harris Andrews,Brisbane Lions,14.5,3.98,NA,Sportsbet,Fremantle Dockers,103,17131,16550830,609371483,2904379754,NA
Fremantle Dockers v Brisbane Lions,Fremantle Dockers,Brisbane Lions,Player Disposals,Charlie Cameron,Brisbane Lions,14.5,4.65,NA,Sportsbet,Fremantle Dockers,103,17131,16550830,609371483,2904379718,NA
Fremantle Dockers v Brisbane Lions,Fremantle Dockers,Brisbane Lions,Player Disposals,Kai Lohmann,Brisbane Lions,14.5,4,NA,Sportsbet,Fremantle Dockers,103,17131,16550830,609371483,2904379759,NA
Fremantle Dockers v Brisbane Lions,Fremantle Dockers,Brisbane Lions,Player Disposals,Eric Hipwood,Brisbane Lions,14.5,5.2,NA,Sportsbet,Fremantle Dockers,103,17131,16550830,609371483,2904379731,NA
Fremantle Dockers v Brisbane Lions,Fremantle Dockers,Brisbane Lions,Player Disposals,Logan Morris,Brisbane Lions,14.5,5.4,NA,Sportsbet,Fremantle Dockers,103,17131,16550830,609371483,2904379758,NA
Fremantle Dockers v Brisbane Lions,Fremantle Dockers,Brisbane Lions,Player Disposals,Noah Answerth,Brisbane Lions,14.5,5.2,NA,Sportsbet,Fremantle Dockers,103,17131,16550830,609371483,2904379756,NA
Fremantle Dockers v Brisbane Lions,Fremantle Dockers,Brisbane Lions,Player Disposals,Ty Gallop,Brisbane Lions,14.5,8.5,NA,Sportsbet,Fremantle Dockers,103,17131,16550830,609371483,2904379725,NA
Fremantle Dockers v Brisbane Lions,Fremantle Dockers,Brisbane Lions,Player Disposals,Corey Wagner,Fremantle Dockers,15.5,1.83,NA,Sportsbet,Brisbane Lions,103,17131,16550830,609371493,2904380187,NA
Fremantle Dockers v Brisbane Lions,Fremantle Dockers,Brisbane Lions,Player Disposals,Hayden Young,Fremantle Dockers,15.5,1.13,NA,Sportsbet,Brisbane Lions,103,17131,16550830,609371493,2904380172,NA
Fremantle Dockers v Brisbane Lions,Fremantle Dockers,Brisbane Lions,Player Disposals,Heath Chapman,Fremantle Dockers,15.5,1.88,NA,Sportsbet,Brisbane Lions,103,17131,16550830,609371493,2904380194,NA
Fremantle Dockers v Brisbane Lions,Fremantle Dockers,Brisbane Lions,Player Disposals,Karl Worner,Fremantle Dockers,15.5,1.56,NA,Sportsbet,Brisbane Lions,103,17131,16550830,609371493,2904380151,NA
Fremantle Dockers v Brisbane Lions,Fremantle Dockers,Brisbane Lions,Player Disposals,Luke Jackson,Fremantle Dockers,15.5,1.33,NA,Sportsbet,Brisbane Lions,103,17131,16550830,609371493,2904380181,NA
Fremantle Dockers v Brisbane Lions,Fremantle Dockers,Brisbane Lions,Player Disposals,Luke Ryan,Fremantle Dockers,15.5,1.25,NA,Sportsbet,Brisbane Lions,103,17131,16550830,609371493,2904380180,NA
Fremantle Dockers v Brisbane Lions,Fremantle Dockers,Brisbane Lions,Player Disposals,Matthew Johnson,Fremantle Dockers,15.5,1.59,NA,Sportsbet,Brisbane Lions,103,17131,16550830,609371493,2904380177,NA
Fremantle Dockers v Brisbane Lions,Fremantle Dockers,Brisbane Lions,Player Disposals,Neil Erasmus,Fremantle Dockers,15.5,1.57,NA,Sportsbet,Brisbane Lions,103,17131,16550830,609371493,2904380173,NA
Fremantle Dockers v Brisbane Lions,Fremantle Dockers,Brisbane Lions,Player Disposals,Shai Bolton,Fremantle Dockers,15.5,1.13,NA,Sportsbet,Brisbane Lions,103,17131,16550830,609371493,2904380176,NA
Fremantle Dockers v Brisbane Lions,Fremantle Dockers,Brisbane Lions,Player Disposals,Judd McVee,Fremantle Dockers,15.5,2.86,NA,Sportsbet,Brisbane Lions,103,17131,16550830,609371493,2904380191,NA
Fremantle Dockers v Brisbane Lions,Fremantle Dockers,Brisbane Lions,Player Disposals,Sam Switkowski,Fremantle Dockers,15.5,3.78,NA,Sportsbet,Brisbane Lions,103,17131,16550830,609371493,2904380156,NA
Fremantle Dockers v Brisbane Lions,Fremantle Dockers,Brisbane Lions,Player Disposals,Brandon Walker,Fremantle Dockers,15.5,4.5,NA,Sportsbet,Brisbane Lions,103,17131,16550830,609371493,2904663416,NA
Fremantle Dockers v Brisbane Lions,Fremantle Dockers,Brisbane Lions,Player Disposals,Brennan Cox,Fremantle Dockers,15.5,5.2,NA,Sportsbet,Brisbane Lions,103,17131,16550830,609371493,2904380182,NA
Fremantle Dockers v Brisbane Lions,Fremantle Dockers,Brisbane Lions,Player Disposals,Josh Treacy,Fremantle Dockers,15.5,5.2,NA,Sportsbet,Brisbane Lions,103,17131,16550830,609371493,2904380152,NA
Fremantle Dockers v Brisbane Lions,Fremantle Dockers,Brisbane Lions,Player Disposals,Michael Frederick,Fremantle Dockers,15.5,5.9,NA,Sportsbet,Brisbane Lions,103,17131,16550830,609371493,2904380162,NA
Fremantle Dockers v Brisbane Lions,Fremantle Dockers,Brisbane Lions,Player Disposals,Isaiah Dudley,Fremantle Dockers,15.5,6,NA,Sportsbet,Brisbane Lions,103,17131,16550830,609371493,2904380189,NA
Fremantle Dockers v Brisbane Lions,Fremantle Dockers,Brisbane Lions,Player Disposals,Oscar McDonald,Fremantle Dockers,15.5,6.5,NA,Sportsbet,Brisbane Lions,103,17131,16550830,609371493,2904380178,NA
Fremantle Dockers v Brisbane Lions,Fremantle Dockers,Brisbane Lions,Player Disposals,Patrick Voss,Fremantle Dockers,15.5,7.75,NA,Sportsbet,Brisbane Lions,103,17131,16550830,609371493,2904380167,NA
Fremantle Dockers v Brisbane Lions,Fremantle Dockers,Brisbane Lions,Player Disposals,Alex Pearce,Fremantle Dockers,15.5,8,NA,Sportsbet,Brisbane Lions,103,17131,16550830,609371493,2904380166,NA
Fremantle Dockers v Brisbane Lions,Fremantle Dockers,Brisbane Lions,Player Disposals,Darcy Wilmot,Brisbane Lions,15.5,1.37,NA,Sportsbet,Fremantle Dockers,103,17131,16550830,609371493,2904380170,NA
Fremantle Dockers v Brisbane Lions,Fremantle Dockers,Brisbane Lions,Player Disposals,Hugh McCluggage,Brisbane Lions,15.5,1.17,NA,Sportsbet,Fremantle Dockers,103,17131,16550830,609371493,2904380183,NA
Fremantle Dockers v Brisbane Lions,Fremantle Dockers,Brisbane Lions,Player Disposals,Jarrod Berry,Brisbane Lions,15.5,1.22,NA,Sportsbet,Fremantle Dockers,103,17131,16550830,609371493,2904380179,NA
Fremantle Dockers v Brisbane Lions,Fremantle Dockers,Brisbane Lions,Player Disposals,Jaspa Fletcher,Brisbane Lions,15.5,1.57,NA,Sportsbet,Fremantle Dockers,103,17131,16550830,609371493,2904380154,NA
Fremantle Dockers v Brisbane Lions,Fremantle Dockers,Brisbane Lions,Player Disposals,Levi Ashcroft,Brisbane Lions,15.5,1.58,NA,Sportsbet,Fremantle Dockers,103,17131,16550830,609371493,2904380161,NA
Fremantle Dockers v Brisbane Lions,Fremantle Dockers,Brisbane Lions,Player Disposals,Ryan Lester,Brisbane Lions,15.5,1.85,NA,Sportsbet,Fremantle Dockers,103,17131,16550830,609371493,2904380186,NA
Fremantle Dockers v Brisbane Lions,Fremantle Dockers,Brisbane Lions,Player Disposals,Zac Bailey,Brisbane Lions,15.5,1.09,NA,Sportsbet,Fremantle Dockers,103,17131,16550830,609371493,2904380171,NA
Fremantle Dockers v Brisbane Lions,Fremantle Dockers,Brisbane Lions,Player Disposals,Bruce Reville,Brisbane Lions,15.5,2.76,NA,Sportsbet,Fremantle Dockers,103,17131,16550830,609371493,2904663417,NA
Fremantle Dockers v Brisbane Lions,Fremantle Dockers,Brisbane Lions,Player Disposals,Cam Rayner,Brisbane Lions,15.5,2.25,NA,Sportsbet,Fremantle Dockers,103,17131,16550830,609371493,2904380157,NA
Fremantle Dockers v Brisbane Lions,Fremantle Dockers,Brisbane Lions,Player Disposals,Conor McKenna,Brisbane Lions,15.5,3.45,NA,Sportsbet,Fremantle Dockers,103,17131,16550830,609371493,2904380148,NA
Fremantle Dockers v Brisbane Lions,Fremantle Dockers,Brisbane Lions,Player Disposals,Harris Andrews,Brisbane Lions,15.5,5.2,NA,Sportsbet,Fremantle Dockers,103,17131,16550830,609371493,2904380192,NA
Fremantle Dockers v Brisbane Lions,Fremantle Dockers,Brisbane Lions,Player Disposals,Kai Lohmann,Brisbane Lions,15.5,5.2,NA,Sportsbet,Fremantle Dockers,103,17131,16550830,609371493,2904380174,NA
Fremantle Dockers v Brisbane Lions,Fremantle Dockers,Brisbane Lions,Player Disposals,Charlie Cameron,Brisbane Lions,15.5,6,NA,Sportsbet,Fremantle Dockers,103,17131,16550830,609371493,2904380155,NA
Fremantle Dockers v Brisbane Lions,Fremantle Dockers,Brisbane Lions,Player Disposals,Eric Hipwood,Brisbane Lions,15.5,6.5,NA,Sportsbet,Fremantle Dockers,103,17131,16550830,609371493,2904380153,NA
Fremantle Dockers v Brisbane Lions,Fremantle Dockers,Brisbane Lions,Player Disposals,Noah Answerth,Brisbane Lions,15.5,6.5,NA,Sportsbet,Fremantle Dockers,103,17131,16550830,609371493,2904380184,NA
Fremantle Dockers v Brisbane Lions,Fremantle Dockers,Brisbane Lions,Player Disposals,Logan Morris,Brisbane Lions,15.5,7,NA,Sportsbet,Fremantle Dockers,103,17131,16550830,609371493,2904380164,NA
Fremantle Dockers v Brisbane Lions,Fremantle Dockers,Brisbane Lions,Player Disposals,Hayden Young,Fremantle Dockers,16.5,1.17,NA,Sportsbet,Brisbane Lions,103,17131,16550830,609371503,2904380668,NA
Fremantle Dockers v Brisbane Lions,Fremantle Dockers,Brisbane Lions,Player Disposals,Jordan Clark,Fremantle Dockers,16.5,1.1,NA,Sportsbet,Brisbane Lions,103,17131,16550830,609371503,2904380654,NA
Fremantle Dockers v Brisbane Lions,Fremantle Dockers,Brisbane Lions,Player Disposals,Karl Worner,Fremantle Dockers,16.5,1.84,NA,Sportsbet,Brisbane Lions,103,17131,16550830,609371503,2904380636,NA
Fremantle Dockers v Brisbane Lions,Fremantle Dockers,Brisbane Lions,Player Disposals,Luke Jackson,Fremantle Dockers,16.5,1.5,NA,Sportsbet,Brisbane Lions,103,17131,16550830,609371503,2904380639,NA
Fremantle Dockers v Brisbane Lions,Fremantle Dockers,Brisbane Lions,Player Disposals,Luke Ryan,Fremantle Dockers,16.5,1.37,NA,Sportsbet,Brisbane Lions,103,17131,16550830,609371503,2904380663,NA
Fremantle Dockers v Brisbane Lions,Fremantle Dockers,Brisbane Lions,Player Disposals,Matthew Johnson,Fremantle Dockers,16.5,1.86,NA,Sportsbet,Brisbane Lions,103,17131,16550830,609371503,2904380652,NA
Fremantle Dockers v Brisbane Lions,Fremantle Dockers,Brisbane Lions,Player Disposals,Murphy Reid,Fremantle Dockers,16.5,1.09,NA,Sportsbet,Brisbane Lions,103,17131,16550830,609371503,2904380637,NA
Fremantle Dockers v Brisbane Lions,Fremantle Dockers,Brisbane Lions,Player Disposals,Neil Erasmus,Fremantle Dockers,16.5,1.83,NA,Sportsbet,Brisbane Lions,103,17131,16550830,609371503,2904380646,NA
Fremantle Dockers v Brisbane Lions,Fremantle Dockers,Brisbane Lions,Player Disposals,Shai Bolton,Fremantle Dockers,16.5,1.2,NA,Sportsbet,Brisbane Lions,103,17131,16550830,609371503,2904380656,NA
Fremantle Dockers v Brisbane Lions,Fremantle Dockers,Brisbane Lions,Player Disposals,Corey Wagner,Fremantle Dockers,16.5,2.23,NA,Sportsbet,Brisbane Lions,103,17131,16550830,609371503,2904380665,NA
Fremantle Dockers v Brisbane Lions,Fremantle Dockers,Brisbane Lions,Player Disposals,Heath Chapman,Fremantle Dockers,16.5,2.26,NA,Sportsbet,Brisbane Lions,103,17131,16550830,609371503,2904380667,NA
Fremantle Dockers v Brisbane Lions,Fremantle Dockers,Brisbane Lions,Player Disposals,Judd McVee,Fremantle Dockers,16.5,3.7,NA,Sportsbet,Brisbane Lions,103,17131,16550830,609371503,2904380644,NA
Fremantle Dockers v Brisbane Lions,Fremantle Dockers,Brisbane Lions,Player Disposals,Brandon Walker,Fremantle Dockers,16.5,5.4,NA,Sportsbet,Brisbane Lions,103,17131,16550830,609371503,2904663448,NA
Fremantle Dockers v Brisbane Lions,Fremantle Dockers,Brisbane Lions,Player Disposals,Sam Switkowski,Fremantle Dockers,16.5,5,NA,Sportsbet,Brisbane Lions,103,17131,16550830,609371503,2904380630,NA
Fremantle Dockers v Brisbane Lions,Fremantle Dockers,Brisbane Lions,Player Disposals,Brennan Cox,Fremantle Dockers,16.5,6,NA,Sportsbet,Brisbane Lions,103,17131,16550830,609371503,2904380662,NA
Fremantle Dockers v Brisbane Lions,Fremantle Dockers,Brisbane Lions,Player Disposals,Josh Treacy,Fremantle Dockers,16.5,6.5,NA,Sportsbet,Brisbane Lions,103,17131,16550830,609371503,2904380627,NA
Fremantle Dockers v Brisbane Lions,Fremantle Dockers,Brisbane Lions,Player Disposals,Isaiah Dudley,Fremantle Dockers,16.5,7.5,NA,Sportsbet,Brisbane Lions,103,17131,16550830,609371503,2904380673,NA
Fremantle Dockers v Brisbane Lions,Fremantle Dockers,Brisbane Lions,Player Disposals,Michael Frederick,Fremantle Dockers,16.5,7.5,NA,Sportsbet,Brisbane Lions,103,17131,16550830,609371503,2904380633,NA
Fremantle Dockers v Brisbane Lions,Fremantle Dockers,Brisbane Lions,Player Disposals,Alex Pearce,Fremantle Dockers,16.5,9.5,NA,Sportsbet,Brisbane Lions,103,17131,16550830,609371503,2904380651,NA
Fremantle Dockers v Brisbane Lions,Fremantle Dockers,Brisbane Lions,Player Disposals,Oscar McDonald,Fremantle Dockers,16.5,9.5,NA,Sportsbet,Brisbane Lions,103,17131,16550830,609371503,2904380650,NA
Fremantle Dockers v Brisbane Lions,Fremantle Dockers,Brisbane Lions,Player Disposals,Patrick Voss,Fremantle Dockers,16.5,10,NA,Sportsbet,Brisbane Lions,103,17131,16550830,609371503,2904380671,NA
Fremantle Dockers v Brisbane Lions,Fremantle Dockers,Brisbane Lions,Player Disposals,Darcy Wilmot,Brisbane Lions,16.5,1.57,NA,Sportsbet,Fremantle Dockers,103,17131,16550830,609371503,2904380632,NA
Fremantle Dockers v Brisbane Lions,Fremantle Dockers,Brisbane Lions,Player Disposals,Hugh McCluggage,Brisbane Lions,16.5,1.28,NA,Sportsbet,Fremantle Dockers,103,17131,16550830,609371503,2904380634,NA
Fremantle Dockers v Brisbane Lions,Fremantle Dockers,Brisbane Lions,Player Disposals,Jarrod Berry,Brisbane Lions,16.5,1.34,NA,Sportsbet,Fremantle Dockers,103,17131,16550830,609371503,2904380647,NA
Fremantle Dockers v Brisbane Lions,Fremantle Dockers,Brisbane Lions,Player Disposals,Jaspa Fletcher,Brisbane Lions,16.5,1.83,NA,Sportsbet,Fremantle Dockers,103,17131,16550830,609371503,2904380661,NA
Fremantle Dockers v Brisbane Lions,Fremantle Dockers,Brisbane Lions,Player Disposals,Josh Dunkley,Brisbane Lions,16.5,1.1,NA,Sportsbet,Fremantle Dockers,103,17131,16550830,609371503,2904380649,NA
Fremantle Dockers v Brisbane Lions,Fremantle Dockers,Brisbane Lions,Player Disposals,Levi Ashcroft,Brisbane Lions,16.5,1.85,NA,Sportsbet,Fremantle Dockers,103,17131,16550830,609371503,2904380638,NA
Fremantle Dockers v Brisbane Lions,Fremantle Dockers,Brisbane Lions,Player Disposals,Zac Bailey,Brisbane Lions,16.5,1.14,NA,Sportsbet,Fremantle Dockers,103,17131,16550830,609371503,2904380631,NA
Fremantle Dockers v Brisbane Lions,Fremantle Dockers,Brisbane Lions,Player Disposals,Cam Rayner,Brisbane Lions,16.5,2.75,NA,Sportsbet,Fremantle Dockers,103,17131,16550830,609371503,2904380641,NA
Fremantle Dockers v Brisbane Lions,Fremantle Dockers,Brisbane Lions,Player Disposals,Ryan Lester,Brisbane Lions,16.5,2.24,NA,Sportsbet,Fremantle Dockers,103,17131,16550830,609371503,2904380658,NA
Fremantle Dockers v Brisbane Lions,Fremantle Dockers,Brisbane Lions,Player Disposals,Bruce Reville,Brisbane Lions,16.5,3.4,NA,Sportsbet,Fremantle Dockers,103,17131,16550830,609371503,2904663449,NA
Fremantle Dockers v Brisbane Lions,Fremantle Dockers,Brisbane Lions,Player Disposals,Conor McKenna,Brisbane Lions,16.5,4.6,NA,Sportsbet,Fremantle Dockers,103,17131,16550830,609371503,2904380648,NA
Fremantle Dockers v Brisbane Lions,Fremantle Dockers,Brisbane Lions,Player Disposals,Harris Andrews,Brisbane Lions,16.5,6,NA,Sportsbet,Fremantle Dockers,103,17131,16550830,609371503,2904380672,NA
Fremantle Dockers v Brisbane Lions,Fremantle Dockers,Brisbane Lions,Player Disposals,Kai Lohmann,Brisbane Lions,16.5,6.5,NA,Sportsbet,Fremantle Dockers,103,17131,16550830,609371503,2904380629,NA
Fremantle Dockers v Brisbane Lions,Fremantle Dockers,Brisbane Lions,Player Disposals,Charlie Cameron,Brisbane Lions,16.5,7.5,NA,Sportsbet,Fremantle Dockers,103,17131,16550830,609371503,2904380657,NA
Fremantle Dockers v Brisbane Lions,Fremantle Dockers,Brisbane Lions,Player Disposals,Eric Hipwood,Brisbane Lions,16.5,9.5,NA,Sportsbet,Fremantle Dockers,103,17131,16550830,609371503,2904380653,NA
Fremantle Dockers v Brisbane Lions,Fremantle Dockers,Brisbane Lions,Player Disposals,Logan Morris,Brisbane Lions,16.5,9.5,NA,Sportsbet,Fremantle Dockers,103,17131,16550830,609371503,2904380635,NA
Fremantle Dockers v Brisbane Lions,Fremantle Dockers,Brisbane Lions,Player Disposals,Noah Answerth,Brisbane Lions,16.5,9.5,NA,Sportsbet,Fremantle Dockers,103,17131,16550830,609371503,2904380642,NA
Fremantle Dockers v Brisbane Lions,Fremantle Dockers,Brisbane Lions,Player Disposals,Caleb Serong,Fremantle Dockers,17.5,1.06,NA,Sportsbet,Brisbane Lions,103,17131,16550830,609371507,2904380831,NA
Fremantle Dockers v Brisbane Lions,Fremantle Dockers,Brisbane Lions,Player Disposals,Hayden Young,Fremantle Dockers,17.5,1.28,NA,Sportsbet,Brisbane Lions,103,17131,16550830,609371507,2904380863,NA
Fremantle Dockers v Brisbane Lions,Fremantle Dockers,Brisbane Lions,Player Disposals,Jordan Clark,Fremantle Dockers,17.5,1.15,NA,Sportsbet,Brisbane Lions,103,17131,16550830,609371507,2904380850,NA
Fremantle Dockers v Brisbane Lions,Fremantle Dockers,Brisbane Lions,Player Disposals,Luke Jackson,Fremantle Dockers,17.5,1.8,NA,Sportsbet,Brisbane Lions,103,17131,16550830,609371507,2904380829,NA
Fremantle Dockers v Brisbane Lions,Fremantle Dockers,Brisbane Lions,Player Disposals,Luke Ryan,Fremantle Dockers,17.5,1.56,NA,Sportsbet,Brisbane Lions,103,17131,16550830,609371507,2904380842,NA
Fremantle Dockers v Brisbane Lions,Fremantle Dockers,Brisbane Lions,Player Disposals,Murphy Reid,Fremantle Dockers,17.5,1.17,NA,Sportsbet,Brisbane Lions,103,17131,16550830,609371507,2904380851,NA
Fremantle Dockers v Brisbane Lions,Fremantle Dockers,Brisbane Lions,Player Disposals,Shai Bolton,Fremantle Dockers,17.5,1.3,NA,Sportsbet,Brisbane Lions,103,17131,16550830,609371507,2904380835,NA
Fremantle Dockers v Brisbane Lions,Fremantle Dockers,Brisbane Lions,Player Disposals,Corey Wagner,Fremantle Dockers,17.5,2.78,NA,Sportsbet,Brisbane Lions,103,17131,16550830,609371507,2904380856,NA
Fremantle Dockers v Brisbane Lions,Fremantle Dockers,Brisbane Lions,Player Disposals,Heath Chapman,Fremantle Dockers,17.5,2.8,NA,Sportsbet,Brisbane Lions,103,17131,16550830,609371507,2904380865,NA
Fremantle Dockers v Brisbane Lions,Fremantle Dockers,Brisbane Lions,Player Disposals,Karl Worner,Fremantle Dockers,17.5,2.21,NA,Sportsbet,Brisbane Lions,103,17131,16550830,609371507,2904380861,NA
Fremantle Dockers v Brisbane Lions,Fremantle Dockers,Brisbane Lions,Player Disposals,Matthew Johnson,Fremantle Dockers,17.5,2.21,NA,Sportsbet,Brisbane Lions,103,17131,16550830,609371507,2904380836,NA
Fremantle Dockers v Brisbane Lions,Fremantle Dockers,Brisbane Lions,Player Disposals,Neil Erasmus,Fremantle Dockers,17.5,2.19,NA,Sportsbet,Brisbane Lions,103,17131,16550830,609371507,2904380860,NA
Fremantle Dockers v Brisbane Lions,Fremantle Dockers,Brisbane Lions,Player Disposals,Judd McVee,Fremantle Dockers,17.5,5,NA,Sportsbet,Brisbane Lions,103,17131,16550830,609371507,2904380830,NA
Fremantle Dockers v Brisbane Lions,Fremantle Dockers,Brisbane Lions,Player Disposals,Brandon Walker,Fremantle Dockers,17.5,6.5,NA,Sportsbet,Brisbane Lions,103,17131,16550830,609371507,2904663456,NA
Fremantle Dockers v Brisbane Lions,Fremantle Dockers,Brisbane Lions,Player Disposals,Sam Switkowski,Fremantle Dockers,17.5,6,NA,Sportsbet,Brisbane Lions,103,17131,16550830,609371507,2904380833,NA
Fremantle Dockers v Brisbane Lions,Fremantle Dockers,Brisbane Lions,Player Disposals,Brennan Cox,Fremantle Dockers,17.5,7.75,NA,Sportsbet,Brisbane Lions,103,17131,16550830,609371507,2904380858,NA
Fremantle Dockers v Brisbane Lions,Fremantle Dockers,Brisbane Lions,Player Disposals,Josh Treacy,Fremantle Dockers,17.5,8.5,NA,Sportsbet,Brisbane Lions,103,17131,16550830,609371507,2904380838,NA
Fremantle Dockers v Brisbane Lions,Fremantle Dockers,Brisbane Lions,Player Disposals,Isaiah Dudley,Fremantle Dockers,17.5,9.5,NA,Sportsbet,Brisbane Lions,103,17131,16550830,609371507,2904380857,NA
Fremantle Dockers v Brisbane Lions,Fremantle Dockers,Brisbane Lions,Player Disposals,Michael Frederick,Fremantle Dockers,17.5,9.5,NA,Sportsbet,Brisbane Lions,103,17131,16550830,609371507,2904380825,NA
Fremantle Dockers v Brisbane Lions,Fremantle Dockers,Brisbane Lions,Player Disposals,Alex Pearce,Fremantle Dockers,17.5,12,NA,Sportsbet,Brisbane Lions,103,17131,16550830,609371507,2904380832,NA
Fremantle Dockers v Brisbane Lions,Fremantle Dockers,Brisbane Lions,Player Disposals,Oscar McDonald,Fremantle Dockers,17.5,12,NA,Sportsbet,Brisbane Lions,103,17131,16550830,609371507,2904380862,NA
Fremantle Dockers v Brisbane Lions,Fremantle Dockers,Brisbane Lions,Player Disposals,Patrick Voss,Fremantle Dockers,17.5,13,NA,Sportsbet,Brisbane Lions,103,17131,16550830,609371507,2904380866,NA
Fremantle Dockers v Brisbane Lions,Fremantle Dockers,Brisbane Lions,Player Disposals,Darcy Wilmot,Brisbane Lions,17.5,1.84,NA,Sportsbet,Fremantle Dockers,103,17131,16550830,609371507,2904380855,NA
Fremantle Dockers v Brisbane Lions,Fremantle Dockers,Brisbane Lions,Player Disposals,Hugh McCluggage,Brisbane Lions,17.5,1.42,NA,Sportsbet,Fremantle Dockers,103,17131,16550830,609371507,2904380826,NA
Fremantle Dockers v Brisbane Lions,Fremantle Dockers,Brisbane Lions,Player Disposals,Jarrod Berry,Brisbane Lions,17.5,1.54,NA,Sportsbet,Fremantle Dockers,103,17131,16550830,609371507,2904380864,NA
Fremantle Dockers v Brisbane Lions,Fremantle Dockers,Brisbane Lions,Player Disposals,Josh Dunkley,Brisbane Lions,17.5,1.17,NA,Sportsbet,Fremantle Dockers,103,17131,16550830,609371507,2904380834,NA
Fremantle Dockers v Brisbane Lions,Fremantle Dockers,Brisbane Lions,Player Disposals,Zac Bailey,Brisbane Lions,17.5,1.22,NA,Sportsbet,Fremantle Dockers,103,17131,16550830,609371507,2904380837,NA
Fremantle Dockers v Brisbane Lions,Fremantle Dockers,Brisbane Lions,Player Disposals,Jaspa Fletcher,Brisbane Lions,17.5,2.21,NA,Sportsbet,Fremantle Dockers,103,17131,16550830,609371507,2904380841,NA
Fremantle Dockers v Brisbane Lions,Fremantle Dockers,Brisbane Lions,Player Disposals,Levi Ashcroft,Brisbane Lions,17.5,2.22,NA,Sportsbet,Fremantle Dockers,103,17131,16550830,609371507,2904380821,NA
Fremantle Dockers v Brisbane Lions,Fremantle Dockers,Brisbane Lions,Player Disposals,Ryan Lester,Brisbane Lions,17.5,2.76,NA,Sportsbet,Fremantle Dockers,103,17131,16550830,609371507,2904380845,NA
Fremantle Dockers v Brisbane Lions,Fremantle Dockers,Brisbane Lions,Player Disposals,Cam Rayner,Brisbane Lions,17.5,3.32,NA,Sportsbet,Fremantle Dockers,103,17131,16550830,609371507,2904380844,NA
Fremantle Dockers v Brisbane Lions,Fremantle Dockers,Brisbane Lions,Player Disposals,Bruce Reville,Brisbane Lions,17.5,4.25,NA,Sportsbet,Fremantle Dockers,103,17131,16550830,609371507,2904663457,NA
Fremantle Dockers v Brisbane Lions,Fremantle Dockers,Brisbane Lions,Player Disposals,Conor McKenna,Brisbane Lions,17.5,5.4,NA,Sportsbet,Fremantle Dockers,103,17131,16550830,609371507,2904380840,NA
Fremantle Dockers v Brisbane Lions,Fremantle Dockers,Brisbane Lions,Player Disposals,Harris Andrews,Brisbane Lions,17.5,8.5,NA,Sportsbet,Fremantle Dockers,103,17131,16550830,609371507,2904380823,NA
Fremantle Dockers v Brisbane Lions,Fremantle Dockers,Brisbane Lions,Player Disposals,Charlie Cameron,Brisbane Lions,17.5,9.5,NA,Sportsbet,Fremantle Dockers,103,17131,16550830,609371507,2904380839,NA
Fremantle Dockers v Brisbane Lions,Fremantle Dockers,Brisbane Lions,Player Disposals,Kai Lohmann,Brisbane Lions,17.5,9.5,NA,Sportsbet,Fremantle Dockers,103,17131,16550830,609371507,2904380853,NA
Fremantle Dockers v Brisbane Lions,Fremantle Dockers,Brisbane Lions,Player Disposals,Logan Morris,Brisbane Lions,17.5,10,NA,Sportsbet,Fremantle Dockers,103,17131,16550830,609371507,2904380824,NA
Fremantle Dockers v Brisbane Lions,Fremantle Dockers,Brisbane Lions,Player Disposals,Eric Hipwood,Brisbane Lions,17.5,12,NA,Sportsbet,Fremantle Dockers,103,17131,16550830,609371507,2904380854,NA
Fremantle Dockers v Brisbane Lions,Fremantle Dockers,Brisbane Lions,Player Disposals,Noah Answerth,Brisbane Lions,17.5,12,NA,Sportsbet,Fremantle Dockers,103,17131,16550830,609371507,2904380827,NA
Fremantle Dockers v Brisbane Lions,Fremantle Dockers,Brisbane Lions,Player Disposals,Caleb Serong,Fremantle Dockers,18.5,1.13,NA,Sportsbet,Brisbane Lions,103,17131,16550830,609371477,2904379454,NA
Fremantle Dockers v Brisbane Lions,Fremantle Dockers,Brisbane Lions,Player Disposals,Hayden Young,Fremantle Dockers,18.5,1.42,NA,Sportsbet,Brisbane Lions,103,17131,16550830,609371477,2904379439,NA
Fremantle Dockers v Brisbane Lions,Fremantle Dockers,Brisbane Lions,Player Disposals,Jordan Clark,Fremantle Dockers,18.5,1.25,NA,Sportsbet,Brisbane Lions,103,17131,16550830,609371477,2904379458,NA
Fremantle Dockers v Brisbane Lions,Fremantle Dockers,Brisbane Lions,Player Disposals,Luke Ryan,Fremantle Dockers,18.5,1.81,NA,Sportsbet,Brisbane Lions,103,17131,16550830,609371477,2904379444,NA
Fremantle Dockers v Brisbane Lions,Fremantle Dockers,Brisbane Lions,Player Disposals,Murphy Reid,Fremantle Dockers,18.5,1.3,NA,Sportsbet,Brisbane Lions,103,17131,16550830,609371477,2904379456,NA
Fremantle Dockers v Brisbane Lions,Fremantle Dockers,Brisbane Lions,Player Disposals,Shai Bolton,Fremantle Dockers,18.5,1.42,NA,Sportsbet,Brisbane Lions,103,17131,16550830,609371477,2904379473,NA
Fremantle Dockers v Brisbane Lions,Fremantle Dockers,Brisbane Lions,Player Disposals,Karl Worner,Fremantle Dockers,18.5,2.78,NA,Sportsbet,Brisbane Lions,103,17131,16550830,609371477,2904379459,NA
Fremantle Dockers v Brisbane Lions,Fremantle Dockers,Brisbane Lions,Player Disposals,Luke Jackson,Fremantle Dockers,18.5,2.17,NA,Sportsbet,Brisbane Lions,103,17131,16550830,609371477,2904379455,NA
Fremantle Dockers v Brisbane Lions,Fremantle Dockers,Brisbane Lions,Player Disposals,Matthew Johnson,Fremantle Dockers,18.5,2.73,NA,Sportsbet,Brisbane Lions,103,17131,16550830,609371477,2904379460,NA
Fremantle Dockers v Brisbane Lions,Fremantle Dockers,Brisbane Lions,Player Disposals,Neil Erasmus,Fremantle Dockers,18.5,2.69,NA,Sportsbet,Brisbane Lions,103,17131,16550830,609371477,2904379441,NA
Fremantle Dockers v Brisbane Lions,Fremantle Dockers,Brisbane Lions,Player Disposals,Corey Wagner,Fremantle Dockers,18.5,3.45,NA,Sportsbet,Brisbane Lions,103,17131,16550830,609371477,2904379437,NA
Fremantle Dockers v Brisbane Lions,Fremantle Dockers,Brisbane Lions,Player Disposals,Heath Chapman,Fremantle Dockers,18.5,3.45,NA,Sportsbet,Brisbane Lions,103,17131,16550830,609371477,2904379432,NA
Fremantle Dockers v Brisbane Lions,Fremantle Dockers,Brisbane Lions,Player Disposals,Judd McVee,Fremantle Dockers,18.5,6,NA,Sportsbet,Brisbane Lions,103,17131,16550830,609371477,2904379464,NA
Fremantle Dockers v Brisbane Lions,Fremantle Dockers,Brisbane Lions,Player Disposals,Brandon Walker,Fremantle Dockers,18.5,8.5,NA,Sportsbet,Brisbane Lions,103,17131,16550830,609371477,2904663386,NA
Fremantle Dockers v Brisbane Lions,Fremantle Dockers,Brisbane Lions,Player Disposals,Sam Switkowski,Fremantle Dockers,18.5,8.5,NA,Sportsbet,Brisbane Lions,103,17131,16550830,609371477,2904379440,NA
Fremantle Dockers v Brisbane Lions,Fremantle Dockers,Brisbane Lions,Player Disposals,Brennan Cox,Fremantle Dockers,18.5,9.5,NA,Sportsbet,Brisbane Lions,103,17131,16550830,609371477,2904379469,NA
Fremantle Dockers v Brisbane Lions,Fremantle Dockers,Brisbane Lions,Player Disposals,Josh Treacy,Fremantle Dockers,18.5,10,NA,Sportsbet,Brisbane Lions,103,17131,16550830,609371477,2904379463,NA
Fremantle Dockers v Brisbane Lions,Fremantle Dockers,Brisbane Lions,Player Disposals,Isaiah Dudley,Fremantle Dockers,18.5,12,NA,Sportsbet,Brisbane Lions,103,17131,16550830,609371477,2904379445,NA
Fremantle Dockers v Brisbane Lions,Fremantle Dockers,Brisbane Lions,Player Disposals,Michael Frederick,Fremantle Dockers,18.5,12,NA,Sportsbet,Brisbane Lions,103,17131,16550830,609371477,2904379443,NA
Fremantle Dockers v Brisbane Lions,Fremantle Dockers,Brisbane Lions,Player Disposals,Alex Pearce,Fremantle Dockers,18.5,14,NA,Sportsbet,Brisbane Lions,103,17131,16550830,609371477,2904379438,NA
Fremantle Dockers v Brisbane Lions,Fremantle Dockers,Brisbane Lions,Player Disposals,Oscar McDonald,Fremantle Dockers,18.5,14,NA,Sportsbet,Brisbane Lions,103,17131,16550830,609371477,2904379428,NA
Fremantle Dockers v Brisbane Lions,Fremantle Dockers,Brisbane Lions,Player Disposals,Hugh McCluggage,Brisbane Lions,18.5,1.6,NA,Sportsbet,Fremantle Dockers,103,17131,16550830,609371477,2904379453,NA
Fremantle Dockers v Brisbane Lions,Fremantle Dockers,Brisbane Lions,Player Disposals,Jarrod Berry,Brisbane Lions,18.5,1.84,NA,Sportsbet,Fremantle Dockers,103,17131,16550830,609371477,2904379425,NA
Fremantle Dockers v Brisbane Lions,Fremantle Dockers,Brisbane Lions,Player Disposals,Josh Dunkley,Brisbane Lions,18.5,1.3,NA,Sportsbet,Fremantle Dockers,103,17131,16550830,609371477,2904379435,NA
Fremantle Dockers v Brisbane Lions,Fremantle Dockers,Brisbane Lions,Player Disposals,Lachie Neale,Brisbane Lions,18.5,1.06,NA,Sportsbet,Fremantle Dockers,103,17131,16550830,609371477,2904379474,NA
Fremantle Dockers v Brisbane Lions,Fremantle Dockers,Brisbane Lions,Player Disposals,Zac Bailey,Brisbane Lions,18.5,1.37,NA,Sportsbet,Fremantle Dockers,103,17131,16550830,609371477,2904379472,NA
Fremantle Dockers v Brisbane Lions,Fremantle Dockers,Brisbane Lions,Player Disposals,Darcy Wilmot,Brisbane Lions,18.5,2.21,NA,Sportsbet,Fremantle Dockers,103,17131,16550830,609371477,2904379471,NA
Fremantle Dockers v Brisbane Lions,Fremantle Dockers,Brisbane Lions,Player Disposals,Jaspa Fletcher,Brisbane Lions,18.5,2.77,NA,Sportsbet,Fremantle Dockers,103,17131,16550830,609371477,2904379442,NA
Fremantle Dockers v Brisbane Lions,Fremantle Dockers,Brisbane Lions,Player Disposals,Levi Ashcroft,Brisbane Lions,18.5,2.71,NA,Sportsbet,Fremantle Dockers,103,17131,16550830,609371477,2904379462,NA
Fremantle Dockers v Brisbane Lions,Fremantle Dockers,Brisbane Lions,Player Disposals,Ryan Lester,Brisbane Lions,18.5,3.45,NA,Sportsbet,Fremantle Dockers,103,17131,16550830,609371477,2904379452,NA
Fremantle Dockers v Brisbane Lions,Fremantle Dockers,Brisbane Lions,Player Disposals,Cam Rayner,Brisbane Lions,18.5,4.25,NA,Sportsbet,Fremantle Dockers,103,17131,16550830,609371477,2904379466,NA
Fremantle Dockers v Brisbane Lions,Fremantle Dockers,Brisbane Lions,Player Disposals,Bruce Reville,Brisbane Lions,18.5,5.4,NA,Sportsbet,Fremantle Dockers,103,17131,16550830,609371477,2904663387,NA
Fremantle Dockers v Brisbane Lions,Fremantle Dockers,Brisbane Lions,Player Disposals,Conor McKenna,Brisbane Lions,18.5,7,NA,Sportsbet,Fremantle Dockers,103,17131,16550830,609371477,2904379448,NA
Fremantle Dockers v Brisbane Lions,Fremantle Dockers,Brisbane Lions,Player Disposals,Harris Andrews,Brisbane Lions,18.5,11,NA,Sportsbet,Fremantle Dockers,103,17131,16550830,609371477,2904379434,NA
Fremantle Dockers v Brisbane Lions,Fremantle Dockers,Brisbane Lions,Player Disposals,Kai Lohmann,Brisbane Lions,18.5,11,NA,Sportsbet,Fremantle Dockers,103,17131,16550830,609371477,2904379450,NA
Fremantle Dockers v Brisbane Lions,Fremantle Dockers,Brisbane Lions,Player Disposals,Charlie Cameron,Brisbane Lions,18.5,12,NA,Sportsbet,Fremantle Dockers,103,17131,16550830,609371477,2904379447,NA
Fremantle Dockers v Brisbane Lions,Fremantle Dockers,Brisbane Lions,Player Disposals,Logan Morris,Brisbane Lions,18.5,13,NA,Sportsbet,Fremantle Dockers,103,17131,16550830,609371477,2904379446,NA
Fremantle Dockers v Brisbane Lions,Fremantle Dockers,Brisbane Lions,Player Disposals,Eric Hipwood,Brisbane Lions,18.5,14,NA,Sportsbet,Fremantle Dockers,103,17131,16550830,609371477,2904379433,NA
Fremantle Dockers v Brisbane Lions,Fremantle Dockers,Brisbane Lions,Player Disposals,Noah Answerth,Brisbane Lions,18.5,14,NA,Sportsbet,Fremantle Dockers,103,17131,16550830,609371477,2904379467,NA
Fremantle Dockers v Brisbane Lions,Fremantle Dockers,Brisbane Lions,Player Disposals,Andrew Brayshaw,Fremantle Dockers,19.5,1.06,NA,Sportsbet,Brisbane Lions,103,17131,16550830,609371500,2904380491,NA
Fremantle Dockers v Brisbane Lions,Fremantle Dockers,Brisbane Lions,Player Disposals,Caleb Serong,Fremantle Dockers,19.5,1.17,NA,Sportsbet,Brisbane Lions,103,17131,16550830,609371500,2904380506,NA
Fremantle Dockers v Brisbane Lions,Fremantle Dockers,Brisbane Lions,Player Disposals,Hayden Young,Fremantle Dockers,19.5,1.59,NA,Sportsbet,Brisbane Lions,103,17131,16550830,609371500,2904380527,NA
Fremantle Dockers v Brisbane Lions,Fremantle Dockers,Brisbane Lions,Player Disposals,Jordan Clark,Fremantle Dockers,19.5,1.37,NA,Sportsbet,Brisbane Lions,103,17131,16550830,609371500,2904380495,NA
Fremantle Dockers v Brisbane Lions,Fremantle Dockers,Brisbane Lions,Player Disposals,Murphy Reid,Fremantle Dockers,19.5,1.49,NA,Sportsbet,Brisbane Lions,103,17131,16550830,609371500,2904380502,NA
Fremantle Dockers v Brisbane Lions,Fremantle Dockers,Brisbane Lions,Player Disposals,Shai Bolton,Fremantle Dockers,19.5,1.61,NA,Sportsbet,Brisbane Lions,103,17131,16550830,609371500,2904380497,NA
Fremantle Dockers v Brisbane Lions,Fremantle Dockers,Brisbane Lions,Player Disposals,Luke Jackson,Fremantle Dockers,19.5,2.67,NA,Sportsbet,Brisbane Lions,103,17131,16550830,609371500,2904380489,NA
Fremantle Dockers v Brisbane Lions,Fremantle Dockers,Brisbane Lions,Player Disposals,Luke Ryan,Fremantle Dockers,19.5,2.16,NA,Sportsbet,Brisbane Lions,103,17131,16550830,609371500,2904380500,NA
Fremantle Dockers v Brisbane Lions,Fremantle Dockers,Brisbane Lions,Player Disposals,Karl Worner,Fremantle Dockers,19.5,3.45,NA,Sportsbet,Brisbane Lions,103,17131,16550830,609371500,2904380522,NA
Fremantle Dockers v Brisbane Lions,Fremantle Dockers,Brisbane Lions,Player Disposals,Matthew Johnson,Fremantle Dockers,19.5,3.32,NA,Sportsbet,Brisbane Lions,103,17131,16550830,609371500,2904380505,NA
Fremantle Dockers v Brisbane Lions,Fremantle Dockers,Brisbane Lions,Player Disposals,Neil Erasmus,Fremantle Dockers,19.5,3.32,NA,Sportsbet,Brisbane Lions,103,17131,16550830,609371500,2904380492,NA
Fremantle Dockers v Brisbane Lions,Fremantle Dockers,Brisbane Lions,Player Disposals,Corey Wagner,Fremantle Dockers,19.5,4.65,NA,Sportsbet,Brisbane Lions,103,17131,16550830,609371500,2904380508,NA
Fremantle Dockers v Brisbane Lions,Fremantle Dockers,Brisbane Lions,Player Disposals,Heath Chapman,Fremantle Dockers,19.5,4.6,NA,Sportsbet,Brisbane Lions,103,17131,16550830,609371500,2904380501,NA
Fremantle Dockers v Brisbane Lions,Fremantle Dockers,Brisbane Lions,Player Disposals,Judd McVee,Fremantle Dockers,19.5,8.5,NA,Sportsbet,Brisbane Lions,103,17131,16550830,609371500,2904380513,NA
Fremantle Dockers v Brisbane Lions,Fremantle Dockers,Brisbane Lions,Player Disposals,Brandon Walker,Fremantle Dockers,19.5,10,NA,Sportsbet,Brisbane Lions,103,17131,16550830,609371500,2904663442,NA
Fremantle Dockers v Brisbane Lions,Fremantle Dockers,Brisbane Lions,Player Disposals,Sam Switkowski,Fremantle Dockers,19.5,10,NA,Sportsbet,Brisbane Lions,103,17131,16550830,609371500,2904380514,NA
Fremantle Dockers v Brisbane Lions,Fremantle Dockers,Brisbane Lions,Player Disposals,Brennan Cox,Fremantle Dockers,19.5,12,NA,Sportsbet,Brisbane Lions,103,17131,16550830,609371500,2904380524,NA
Fremantle Dockers v Brisbane Lions,Fremantle Dockers,Brisbane Lions,Player Disposals,Josh Treacy,Fremantle Dockers,19.5,12,NA,Sportsbet,Brisbane Lions,103,17131,16550830,609371500,2904380483,NA
Fremantle Dockers v Brisbane Lions,Fremantle Dockers,Brisbane Lions,Player Disposals,Michael Frederick,Fremantle Dockers,19.5,13,NA,Sportsbet,Brisbane Lions,103,17131,16550830,609371500,2904380510,NA
Fremantle Dockers v Brisbane Lions,Fremantle Dockers,Brisbane Lions,Player Disposals,Isaiah Dudley,Fremantle Dockers,19.5,14,NA,Sportsbet,Brisbane Lions,103,17131,16550830,609371500,2904380485,NA
Fremantle Dockers v Brisbane Lions,Fremantle Dockers,Brisbane Lions,Player Disposals,Dayne Zorko,Brisbane Lions,19.5,1.06,NA,Sportsbet,Fremantle Dockers,103,17131,16550830,609371500,2904380494,NA
Fremantle Dockers v Brisbane Lions,Fremantle Dockers,Brisbane Lions,Player Disposals,Hugh McCluggage,Brisbane Lions,19.5,1.85,NA,Sportsbet,Fremantle Dockers,103,17131,16550830,609371500,2904380512,NA
Fremantle Dockers v Brisbane Lions,Fremantle Dockers,Brisbane Lions,Player Disposals,Josh Dunkley,Brisbane Lions,19.5,1.48,NA,Sportsbet,Fremantle Dockers,103,17131,16550830,609371500,2904380519,NA
Fremantle Dockers v Brisbane Lions,Fremantle Dockers,Brisbane Lions,Player Disposals,Lachie Neale,Brisbane Lions,19.5,1.11,NA,Sportsbet,Fremantle Dockers,103,17131,16550830,609371500,2904380488,NA
Fremantle Dockers v Brisbane Lions,Fremantle Dockers,Brisbane Lions,Player Disposals,Zac Bailey,Brisbane Lions,19.5,1.56,NA,Sportsbet,Fremantle Dockers,103,17131,16550830,609371500,2904380520,NA
Fremantle Dockers v Brisbane Lions,Fremantle Dockers,Brisbane Lions,Player Disposals,Darcy Wilmot,Brisbane Lions,19.5,2.74,NA,Sportsbet,Fremantle Dockers,103,17131,16550830,609371500,2904380486,NA
Fremantle Dockers v Brisbane Lions,Fremantle Dockers,Brisbane Lions,Player Disposals,Jarrod Berry,Brisbane Lions,19.5,2.2,NA,Sportsbet,Fremantle Dockers,103,17131,16550830,609371500,2904380517,NA
Fremantle Dockers v Brisbane Lions,Fremantle Dockers,Brisbane Lions,Player Disposals,Jaspa Fletcher,Brisbane Lions,19.5,3.45,NA,Sportsbet,Fremantle Dockers,103,17131,16550830,609371500,2904380528,NA
Fremantle Dockers v Brisbane Lions,Fremantle Dockers,Brisbane Lions,Player Disposals,Levi Ashcroft,Brisbane Lions,19.5,3.32,NA,Sportsbet,Fremantle Dockers,103,17131,16550830,609371500,2904380515,NA
Fremantle Dockers v Brisbane Lions,Fremantle Dockers,Brisbane Lions,Player Disposals,Ryan Lester,Brisbane Lions,19.5,4.6,NA,Sportsbet,Fremantle Dockers,103,17131,16550830,609371500,2904380496,NA
Fremantle Dockers v Brisbane Lions,Fremantle Dockers,Brisbane Lions,Player Disposals,Cam Rayner,Brisbane Lions,19.5,5.2,NA,Sportsbet,Fremantle Dockers,103,17131,16550830,609371500,2904380493,NA
Fremantle Dockers v Brisbane Lions,Fremantle Dockers,Brisbane Lions,Player Disposals,Bruce Reville,Brisbane Lions,19.5,6.5,NA,Sportsbet,Fremantle Dockers,103,17131,16550830,609371500,2904663443,NA
Fremantle Dockers v Brisbane Lions,Fremantle Dockers,Brisbane Lions,Player Disposals,Conor McKenna,Brisbane Lions,19.5,9.5,NA,Sportsbet,Fremantle Dockers,103,17131,16550830,609371500,2904380499,NA
Fremantle Dockers v Brisbane Lions,Fremantle Dockers,Brisbane Lions,Player Disposals,Charlie Cameron,Brisbane Lions,19.5,13,NA,Sportsbet,Fremantle Dockers,103,17131,16550830,609371500,2904380523,NA
Fremantle Dockers v Brisbane Lions,Fremantle Dockers,Brisbane Lions,Player Disposals,Harris Andrews,Brisbane Lions,19.5,13,NA,Sportsbet,Fremantle Dockers,103,17131,16550830,609371500,2904380507,NA
Fremantle Dockers v Brisbane Lions,Fremantle Dockers,Brisbane Lions,Player Disposals,Kai Lohmann,Brisbane Lions,19.5,14,NA,Sportsbet,Fremantle Dockers,103,17131,16550830,609371500,2904380516,NA
Fremantle Dockers v Brisbane Lions,Fremantle Dockers,Brisbane Lions,Player Disposals,Logan Morris,Brisbane Lions,19.5,15,NA,Sportsbet,Fremantle Dockers,103,17131,16550830,609371500,2904380525,NA
Fremantle Dockers v Brisbane Lions,Fremantle Dockers,Brisbane Lions,Player Disposals,Andrew Brayshaw,Fremantle Dockers,20.5,1.13,NA,Sportsbet,Brisbane Lions,103,17131,16550830,609371496,2904380291,NA
Fremantle Dockers v Brisbane Lions,Fremantle Dockers,Brisbane Lions,Player Disposals,Caleb Serong,Fremantle Dockers,20.5,1.28,NA,Sportsbet,Brisbane Lions,103,17131,16550830,609371496,2904380301,NA
Fremantle Dockers v Brisbane Lions,Fremantle Dockers,Brisbane Lions,Player Disposals,Hayden Young,Fremantle Dockers,20.5,1.82,NA,Sportsbet,Brisbane Lions,103,17131,16550830,609371496,2904380321,NA
Fremantle Dockers v Brisbane Lions,Fremantle Dockers,Brisbane Lions,Player Disposals,Jordan Clark,Fremantle Dockers,20.5,1.55,NA,Sportsbet,Brisbane Lions,103,17131,16550830,609371496,2904380337,NA
Fremantle Dockers v Brisbane Lions,Fremantle Dockers,Brisbane Lions,Player Disposals,Murphy Reid,Fremantle Dockers,20.5,1.83,NA,Sportsbet,Brisbane Lions,103,17131,16550830,609371496,2904380303,NA
Fremantle Dockers v Brisbane Lions,Fremantle Dockers,Brisbane Lions,Player Disposals,Shai Bolton,Fremantle Dockers,20.5,1.84,NA,Sportsbet,Brisbane Lions,103,17131,16550830,609371496,2904380331,NA
Fremantle Dockers v Brisbane Lions,Fremantle Dockers,Brisbane Lions,Player Disposals,Luke Ryan,Fremantle Dockers,20.5,2.63,NA,Sportsbet,Brisbane Lions,103,17131,16550830,609371496,2904380323,NA
Fremantle Dockers v Brisbane Lions,Fremantle Dockers,Brisbane Lions,Player Disposals,Luke Jackson,Fremantle Dockers,20.5,3.32,NA,Sportsbet,Brisbane Lions,103,17131,16550830,609371496,2904380299,NA
Fremantle Dockers v Brisbane Lions,Fremantle Dockers,Brisbane Lions,Player Disposals,Karl Worner,Fremantle Dockers,20.5,4.6,NA,Sportsbet,Brisbane Lions,103,17131,16550830,609371496,2904380328,NA
Fremantle Dockers v Brisbane Lions,Fremantle Dockers,Brisbane Lions,Player Disposals,Matthew Johnson,Fremantle Dockers,20.5,4.25,NA,Sportsbet,Brisbane Lions,103,17131,16550830,609371496,2904380306,NA
Fremantle Dockers v Brisbane Lions,Fremantle Dockers,Brisbane Lions,Player Disposals,Neil Erasmus,Fremantle Dockers,20.5,4.25,NA,Sportsbet,Brisbane Lions,103,17131,16550830,609371496,2904380315,NA
Fremantle Dockers v Brisbane Lions,Fremantle Dockers,Brisbane Lions,Player Disposals,Corey Wagner,Fremantle Dockers,20.5,5.9,NA,Sportsbet,Brisbane Lions,103,17131,16550830,609371496,2904380295,NA
Fremantle Dockers v Brisbane Lions,Fremantle Dockers,Brisbane Lions,Player Disposals,Heath Chapman,Fremantle Dockers,20.5,5.4,NA,Sportsbet,Brisbane Lions,103,17131,16550830,609371496,2904380316,NA
Fremantle Dockers v Brisbane Lions,Fremantle Dockers,Brisbane Lions,Player Disposals,Judd McVee,Fremantle Dockers,20.5,10,NA,Sportsbet,Brisbane Lions,103,17131,16550830,609371496,2904380336,NA
Fremantle Dockers v Brisbane Lions,Fremantle Dockers,Brisbane Lions,Player Disposals,Sam Switkowski,Fremantle Dockers,20.5,12,NA,Sportsbet,Brisbane Lions,103,17131,16550830,609371496,2904380311,NA
Fremantle Dockers v Brisbane Lions,Fremantle Dockers,Brisbane Lions,Player Disposals,Brandon Walker,Fremantle Dockers,20.5,13,NA,Sportsbet,Brisbane Lions,103,17131,16550830,609371496,2904663422,NA
Fremantle Dockers v Brisbane Lions,Fremantle Dockers,Brisbane Lions,Player Disposals,Brennan Cox,Fremantle Dockers,20.5,13,NA,Sportsbet,Brisbane Lions,103,17131,16550830,609371496,2904380294,NA
Fremantle Dockers v Brisbane Lions,Fremantle Dockers,Brisbane Lions,Player Disposals,Josh Treacy,Fremantle Dockers,20.5,15,NA,Sportsbet,Brisbane Lions,103,17131,16550830,609371496,2904380338,NA
Fremantle Dockers v Brisbane Lions,Fremantle Dockers,Brisbane Lions,Player Disposals,Dayne Zorko,Brisbane Lions,20.5,1.13,NA,Sportsbet,Fremantle Dockers,103,17131,16550830,609371496,2904380324,NA
Fremantle Dockers v Brisbane Lions,Fremantle Dockers,Brisbane Lions,Player Disposals,Josh Dunkley,Brisbane Lions,20.5,1.82,NA,Sportsbet,Fremantle Dockers,103,17131,16550830,609371496,2904380327,NA
Fremantle Dockers v Brisbane Lions,Fremantle Dockers,Brisbane Lions,Player Disposals,Lachie Neale,Brisbane Lions,20.5,1.17,NA,Sportsbet,Fremantle Dockers,103,17131,16550830,609371496,2904380297,NA
Fremantle Dockers v Brisbane Lions,Fremantle Dockers,Brisbane Lions,Player Disposals,Zac Bailey,Brisbane Lions,20.5,1.83,NA,Sportsbet,Fremantle Dockers,103,17131,16550830,609371496,2904380332,NA
Fremantle Dockers v Brisbane Lions,Fremantle Dockers,Brisbane Lions,Player Disposals,Hugh McCluggage,Brisbane Lions,20.5,2.16,NA,Sportsbet,Fremantle Dockers,103,17131,16550830,609371496,2904380310,NA
Fremantle Dockers v Brisbane Lions,Fremantle Dockers,Brisbane Lions,Player Disposals,Jarrod Berry,Brisbane Lions,20.5,2.7,NA,Sportsbet,Fremantle Dockers,103,17131,16550830,609371496,2904380318,NA
Fremantle Dockers v Brisbane Lions,Fremantle Dockers,Brisbane Lions,Player Disposals,Darcy Wilmot,Brisbane Lions,20.5,3.45,NA,Sportsbet,Fremantle Dockers,103,17131,16550830,609371496,2904380317,NA
Fremantle Dockers v Brisbane Lions,Fremantle Dockers,Brisbane Lions,Player Disposals,Jaspa Fletcher,Brisbane Lions,20.5,4.6,NA,Sportsbet,Fremantle Dockers,103,17131,16550830,609371496,2904380300,NA
Fremantle Dockers v Brisbane Lions,Fremantle Dockers,Brisbane Lions,Player Disposals,Levi Ashcroft,Brisbane Lions,20.5,4.25,NA,Sportsbet,Fremantle Dockers,103,17131,16550830,609371496,2904380312,NA
Fremantle Dockers v Brisbane Lions,Fremantle Dockers,Brisbane Lions,Player Disposals,Ryan Lester,Brisbane Lions,20.5,5.4,NA,Sportsbet,Fremantle Dockers,103,17131,16550830,609371496,2904380322,NA
Fremantle Dockers v Brisbane Lions,Fremantle Dockers,Brisbane Lions,Player Disposals,Cam Rayner,Brisbane Lions,20.5,6,NA,Sportsbet,Fremantle Dockers,103,17131,16550830,609371496,2904380293,NA
Fremantle Dockers v Brisbane Lions,Fremantle Dockers,Brisbane Lions,Player Disposals,Bruce Reville,Brisbane Lions,20.5,8.5,NA,Sportsbet,Fremantle Dockers,103,17131,16550830,609371496,2904663435,NA
Fremantle Dockers v Brisbane Lions,Fremantle Dockers,Brisbane Lions,Player Disposals,Conor McKenna,Brisbane Lions,20.5,10,NA,Sportsbet,Fremantle Dockers,103,17131,16550830,609371496,2904380335,NA
Fremantle Dockers v Brisbane Lions,Fremantle Dockers,Brisbane Lions,Player Disposals,Charlie Cameron,Brisbane Lions,20.5,21,NA,Sportsbet,Fremantle Dockers,103,17131,16550830,609371496,2904380329,NA
Fremantle Dockers v Brisbane Lions,Fremantle Dockers,Brisbane Lions,Player Disposals,Andrew Brayshaw,Fremantle Dockers,21.5,1.2,NA,Sportsbet,Brisbane Lions,103,17131,16550830,609371478,2904379519,NA
Fremantle Dockers v Brisbane Lions,Fremantle Dockers,Brisbane Lions,Player Disposals,Caleb Serong,Fremantle Dockers,21.5,1.4,NA,Sportsbet,Brisbane Lions,103,17131,16550830,609371478,2904379500,NA
Fremantle Dockers v Brisbane Lions,Fremantle Dockers,Brisbane Lions,Player Disposals,Jordan Clark,Fremantle Dockers,21.5,1.82,NA,Sportsbet,Brisbane Lions,103,17131,16550830,609371478,2904379515,NA
Fremantle Dockers v Brisbane Lions,Fremantle Dockers,Brisbane Lions,Player Disposals,Hayden Young,Fremantle Dockers,21.5,2.15,NA,Sportsbet,Brisbane Lions,103,17131,16550830,609371478,2904379482,NA
Fremantle Dockers v Brisbane Lions,Fremantle Dockers,Brisbane Lions,Player Disposals,Murphy Reid,Fremantle Dockers,21.5,2.17,NA,Sportsbet,Brisbane Lions,103,17131,16550830,609371478,2904379502,NA
Fremantle Dockers v Brisbane Lions,Fremantle Dockers,Brisbane Lions,Player Disposals,Shai Bolton,Fremantle Dockers,21.5,2.15,NA,Sportsbet,Brisbane Lions,103,17131,16550830,609371478,2904379516,NA
Fremantle Dockers v Brisbane Lions,Fremantle Dockers,Brisbane Lions,Player Disposals,Luke Ryan,Fremantle Dockers,21.5,3.3,NA,Sportsbet,Brisbane Lions,103,17131,16550830,609371478,2904379476,NA
Fremantle Dockers v Brisbane Lions,Fremantle Dockers,Brisbane Lions,Player Disposals,Luke Jackson,Fremantle Dockers,21.5,4.25,NA,Sportsbet,Brisbane Lions,103,17131,16550830,609371478,2904379492,NA
Fremantle Dockers v Brisbane Lions,Fremantle Dockers,Brisbane Lions,Player Disposals,Karl Worner,Fremantle Dockers,21.5,5.5,NA,Sportsbet,Brisbane Lions,103,17131,16550830,609371478,2904379496,NA
Fremantle Dockers v Brisbane Lions,Fremantle Dockers,Brisbane Lions,Player Disposals,Matthew Johnson,Fremantle Dockers,21.5,5.4,NA,Sportsbet,Brisbane Lions,103,17131,16550830,609371478,2904379503,NA
Fremantle Dockers v Brisbane Lions,Fremantle Dockers,Brisbane Lions,Player Disposals,Neil Erasmus,Fremantle Dockers,21.5,5.2,NA,Sportsbet,Brisbane Lions,103,17131,16550830,609371478,2904379498,NA
Fremantle Dockers v Brisbane Lions,Fremantle Dockers,Brisbane Lions,Player Disposals,Corey Wagner,Fremantle Dockers,21.5,7.5,NA,Sportsbet,Brisbane Lions,103,17131,16550830,609371478,2904379518,NA
Fremantle Dockers v Brisbane Lions,Fremantle Dockers,Brisbane Lions,Player Disposals,Heath Chapman,Fremantle Dockers,21.5,7,NA,Sportsbet,Brisbane Lions,103,17131,16550830,609371478,2904379512,NA
Fremantle Dockers v Brisbane Lions,Fremantle Dockers,Brisbane Lions,Player Disposals,Judd McVee,Fremantle Dockers,21.5,13,NA,Sportsbet,Brisbane Lions,103,17131,16550830,609371478,2904379522,NA
Fremantle Dockers v Brisbane Lions,Fremantle Dockers,Brisbane Lions,Player Disposals,Brandon Walker,Fremantle Dockers,21.5,15,NA,Sportsbet,Brisbane Lions,103,17131,16550830,609371478,2904663388,NA
Fremantle Dockers v Brisbane Lions,Fremantle Dockers,Brisbane Lions,Player Disposals,Sam Switkowski,Fremantle Dockers,21.5,17,NA,Sportsbet,Brisbane Lions,103,17131,16550830,609371478,2904379487,NA
Fremantle Dockers v Brisbane Lions,Fremantle Dockers,Brisbane Lions,Player Disposals,Brennan Cox,Fremantle Dockers,21.5,21,NA,Sportsbet,Brisbane Lions,103,17131,16550830,609371478,2904379510,NA
Fremantle Dockers v Brisbane Lions,Fremantle Dockers,Brisbane Lions,Player Disposals,Dayne Zorko,Brisbane Lions,21.5,1.2,NA,Sportsbet,Fremantle Dockers,103,17131,16550830,609371478,2904379520,NA
Fremantle Dockers v Brisbane Lions,Fremantle Dockers,Brisbane Lions,Player Disposals,Lachie Neale,Brisbane Lions,21.5,1.22,NA,Sportsbet,Fremantle Dockers,103,17131,16550830,609371478,2904379501,NA
Fremantle Dockers v Brisbane Lions,Fremantle Dockers,Brisbane Lions,Player Disposals,Will Ashcroft,Brisbane Lions,21.5,1.06,NA,Sportsbet,Fremantle Dockers,103,17131,16550830,609371478,2904379480,NA
Fremantle Dockers v Brisbane Lions,Fremantle Dockers,Brisbane Lions,Player Disposals,Hugh McCluggage,Brisbane Lions,21.5,2.61,NA,Sportsbet,Fremantle Dockers,103,17131,16550830,609371478,2904379485,NA
Fremantle Dockers v Brisbane Lions,Fremantle Dockers,Brisbane Lions,Player Disposals,Josh Dunkley,Brisbane Lions,21.5,2.15,NA,Sportsbet,Fremantle Dockers,103,17131,16550830,609371478,2904379506,NA
Fremantle Dockers v Brisbane Lions,Fremantle Dockers,Brisbane Lions,Player Disposals,Zac Bailey,Brisbane Lions,21.5,2.17,NA,Sportsbet,Fremantle Dockers,103,17131,16550830,609371478,2904379493,NA
Fremantle Dockers v Brisbane Lions,Fremantle Dockers,Brisbane Lions,Player Disposals,Jarrod Berry,Brisbane Lions,21.5,3.32,NA,Sportsbet,Fremantle Dockers,103,17131,16550830,609371478,2904379478,NA
Fremantle Dockers v Brisbane Lions,Fremantle Dockers,Brisbane Lions,Player Disposals,Darcy Wilmot,Brisbane Lions,21.5,4.3,NA,Sportsbet,Fremantle Dockers,103,17131,16550830,609371478,2904379505,NA
Fremantle Dockers v Brisbane Lions,Fremantle Dockers,Brisbane Lions,Player Disposals,Jaspa Fletcher,Brisbane Lions,21.5,5.4,NA,Sportsbet,Fremantle Dockers,103,17131,16550830,609371478,2904379508,NA
Fremantle Dockers v Brisbane Lions,Fremantle Dockers,Brisbane Lions,Player Disposals,Levi Ashcroft,Brisbane Lions,21.5,5.2,NA,Sportsbet,Fremantle Dockers,103,17131,16550830,609371478,2904379521,NA
Fremantle Dockers v Brisbane Lions,Fremantle Dockers,Brisbane Lions,Player Disposals,Ryan Lester,Brisbane Lions,21.5,7,NA,Sportsbet,Fremantle Dockers,103,17131,16550830,609371478,2904379514,NA
Fremantle Dockers v Brisbane Lions,Fremantle Dockers,Brisbane Lions,Player Disposals,Cam Rayner,Brisbane Lions,21.5,8,NA,Sportsbet,Fremantle Dockers,103,17131,16550830,609371478,2904379497,NA
Fremantle Dockers v Brisbane Lions,Fremantle Dockers,Brisbane Lions,Player Disposals,Bruce Reville,Brisbane Lions,21.5,10,NA,Sportsbet,Fremantle Dockers,103,17131,16550830,609371478,2904663389,NA
Fremantle Dockers v Brisbane Lions,Fremantle Dockers,Brisbane Lions,Player Disposals,Conor McKenna,Brisbane Lions,21.5,13,NA,Sportsbet,Fremantle Dockers,103,17131,16550830,609371478,2904379484,NA
Fremantle Dockers v Brisbane Lions,Fremantle Dockers,Brisbane Lions,Player Disposals,Andrew Brayshaw,Fremantle Dockers,22.5,1.33,NA,Sportsbet,Brisbane Lions,103,17131,16550830,609371482,2904379691,NA
Fremantle Dockers v Brisbane Lions,Fremantle Dockers,Brisbane Lions,Player Disposals,Caleb Serong,Fremantle Dockers,22.5,1.58,NA,Sportsbet,Brisbane Lions,103,17131,16550830,609371482,2904379701,NA
Fremantle Dockers v Brisbane Lions,Fremantle Dockers,Brisbane Lions,Player Disposals,Hayden Young,Fremantle Dockers,22.5,2.58,NA,Sportsbet,Brisbane Lions,103,17131,16550830,609371482,2904379679,NA
Fremantle Dockers v Brisbane Lions,Fremantle Dockers,Brisbane Lions,Player Disposals,Jordan Clark,Fremantle Dockers,22.5,2.12,NA,Sportsbet,Brisbane Lions,103,17131,16550830,609371482,2904379704,NA
Fremantle Dockers v Brisbane Lions,Fremantle Dockers,Brisbane Lions,Player Disposals,Murphy Reid,Fremantle Dockers,22.5,2.61,NA,Sportsbet,Brisbane Lions,103,17131,16550830,609371482,2904379673,NA
Fremantle Dockers v Brisbane Lions,Fremantle Dockers,Brisbane Lions,Player Disposals,Shai Bolton,Fremantle Dockers,22.5,2.57,NA,Sportsbet,Brisbane Lions,103,17131,16550830,609371482,2904379711,NA
Fremantle Dockers v Brisbane Lions,Fremantle Dockers,Brisbane Lions,Player Disposals,Luke Ryan,Fremantle Dockers,22.5,4.05,NA,Sportsbet,Brisbane Lions,103,17131,16550830,609371482,2904379686,NA
Fremantle Dockers v Brisbane Lions,Fremantle Dockers,Brisbane Lions,Player Disposals,Luke Jackson,Fremantle Dockers,22.5,5.2,NA,Sportsbet,Brisbane Lions,103,17131,16550830,609371482,2904379668,NA
Fremantle Dockers v Brisbane Lions,Fremantle Dockers,Brisbane Lions,Player Disposals,Matthew Johnson,Fremantle Dockers,22.5,6.5,NA,Sportsbet,Brisbane Lions,103,17131,16550830,609371482,2904379714,NA
Fremantle Dockers v Brisbane Lions,Fremantle Dockers,Brisbane Lions,Player Disposals,Neil Erasmus,Fremantle Dockers,22.5,6.5,NA,Sportsbet,Brisbane Lions,103,17131,16550830,609371482,2904379706,NA
Fremantle Dockers v Brisbane Lions,Fremantle Dockers,Brisbane Lions,Player Disposals,Karl Worner,Fremantle Dockers,22.5,7.5,NA,Sportsbet,Brisbane Lions,103,17131,16550830,609371482,2904379683,NA
Fremantle Dockers v Brisbane Lions,Fremantle Dockers,Brisbane Lions,Player Disposals,Corey Wagner,Fremantle Dockers,22.5,9.5,NA,Sportsbet,Brisbane Lions,103,17131,16550830,609371482,2904379681,NA
Fremantle Dockers v Brisbane Lions,Fremantle Dockers,Brisbane Lions,Player Disposals,Heath Chapman,Fremantle Dockers,22.5,9.5,NA,Sportsbet,Brisbane Lions,103,17131,16550830,609371482,2904379699,NA
Fremantle Dockers v Brisbane Lions,Fremantle Dockers,Brisbane Lions,Player Disposals,Judd McVee,Fremantle Dockers,22.5,17,NA,Sportsbet,Brisbane Lions,103,17131,16550830,609371482,2904379703,NA
Fremantle Dockers v Brisbane Lions,Fremantle Dockers,Brisbane Lions,Player Disposals,Dayne Zorko,Brisbane Lions,22.5,1.34,NA,Sportsbet,Fremantle Dockers,103,17131,16550830,609371482,2904379670,NA
Fremantle Dockers v Brisbane Lions,Fremantle Dockers,Brisbane Lions,Player Disposals,Lachie Neale,Brisbane Lions,22.5,1.33,NA,Sportsbet,Fremantle Dockers,103,17131,16550830,609371482,2904379698,NA
Fremantle Dockers v Brisbane Lions,Fremantle Dockers,Brisbane Lions,Player Disposals,Will Ashcroft,Brisbane Lions,22.5,1.1,NA,Sportsbet,Fremantle Dockers,103,17131,16550830,609371482,2904379682,NA
Fremantle Dockers v Brisbane Lions,Fremantle Dockers,Brisbane Lions,Player Disposals,Josh Dunkley,Brisbane Lions,22.5,2.59,NA,Sportsbet,Fremantle Dockers,103,17131,16550830,609371482,2904379693,NA
Fremantle Dockers v Brisbane Lions,Fremantle Dockers,Brisbane Lions,Player Disposals,Zac Bailey,Brisbane Lions,22.5,2.65,NA,Sportsbet,Fremantle Dockers,103,17131,16550830,609371482,2904379712,NA
Fremantle Dockers v Brisbane Lions,Fremantle Dockers,Brisbane Lions,Player Disposals,Hugh McCluggage,Brisbane Lions,22.5,3.22,NA,Sportsbet,Fremantle Dockers,103,17131,16550830,609371482,2904379707,NA
Fremantle Dockers v Brisbane Lions,Fremantle Dockers,Brisbane Lions,Player Disposals,Jarrod Berry,Brisbane Lions,22.5,4.25,NA,Sportsbet,Fremantle Dockers,103,17131,16550830,609371482,2904379689,NA
Fremantle Dockers v Brisbane Lions,Fremantle Dockers,Brisbane Lions,Player Disposals,Darcy Wilmot,Brisbane Lions,22.5,5.4,NA,Sportsbet,Fremantle Dockers,103,17131,16550830,609371482,2904379676,NA
Fremantle Dockers v Brisbane Lions,Fremantle Dockers,Brisbane Lions,Player Disposals,Levi Ashcroft,Brisbane Lions,22.5,6.5,NA,Sportsbet,Fremantle Dockers,103,17131,16550830,609371482,2904379708,NA
Fremantle Dockers v Brisbane Lions,Fremantle Dockers,Brisbane Lions,Player Disposals,Jaspa Fletcher,Brisbane Lions,22.5,7,NA,Sportsbet,Fremantle Dockers,103,17131,16550830,609371482,2904379697,NA
Fremantle Dockers v Brisbane Lions,Fremantle Dockers,Brisbane Lions,Player Disposals,Cam Rayner,Brisbane Lions,22.5,9.5,NA,Sportsbet,Fremantle Dockers,103,17131,16550830,609371482,2904379675,NA
Fremantle Dockers v Brisbane Lions,Fremantle Dockers,Brisbane Lions,Player Disposals,Ryan Lester,Brisbane Lions,22.5,9.5,NA,Sportsbet,Fremantle Dockers,103,17131,16550830,609371482,2904379671,NA
Fremantle Dockers v Brisbane Lions,Fremantle Dockers,Brisbane Lions,Player Disposals,Bruce Reville,Brisbane Lions,22.5,12,NA,Sportsbet,Fremantle Dockers,103,17131,16550830,609371482,2904663397,NA
Fremantle Dockers v Brisbane Lions,Fremantle Dockers,Brisbane Lions,Player Disposals,Conor McKenna,Brisbane Lions,22.5,17,NA,Sportsbet,Fremantle Dockers,103,17131,16550830,609371482,2904379687,NA
Fremantle Dockers v Brisbane Lions,Fremantle Dockers,Brisbane Lions,Player Disposals,Andrew Brayshaw,Fremantle Dockers,23.5,1.52,NA,Sportsbet,Brisbane Lions,103,17131,16550830,609371479,2904379526,NA
Fremantle Dockers v Brisbane Lions,Fremantle Dockers,Brisbane Lions,Player Disposals,Caleb Serong,Fremantle Dockers,23.5,1.84,NA,Sportsbet,Brisbane Lions,103,17131,16550830,609371479,2904379529,NA
Fremantle Dockers v Brisbane Lions,Fremantle Dockers,Brisbane Lions,Player Disposals,Jordan Clark,Fremantle Dockers,23.5,2.53,NA,Sportsbet,Brisbane Lions,103,17131,16550830,609371479,2904379548,NA
Fremantle Dockers v Brisbane Lions,Fremantle Dockers,Brisbane Lions,Player Disposals,Hayden Young,Fremantle Dockers,23.5,3.14,NA,Sportsbet,Brisbane Lions,103,17131,16550830,609371479,2904379560,NA
Fremantle Dockers v Brisbane Lions,Fremantle Dockers,Brisbane Lions,Player Disposals,Murphy Reid,Fremantle Dockers,23.5,3.26,NA,Sportsbet,Brisbane Lions,103,17131,16550830,609371479,2904379531,NA
Fremantle Dockers v Brisbane Lions,Fremantle Dockers,Brisbane Lions,Player Disposals,Shai Bolton,Fremantle Dockers,23.5,3.14,NA,Sportsbet,Brisbane Lions,103,17131,16550830,609371479,2904379554,NA
Fremantle Dockers v Brisbane Lions,Fremantle Dockers,Brisbane Lions,Player Disposals,Luke Ryan,Fremantle Dockers,23.5,5.2,NA,Sportsbet,Brisbane Lions,103,17131,16550830,609371479,2904379563,NA
Fremantle Dockers v Brisbane Lions,Fremantle Dockers,Brisbane Lions,Player Disposals,Luke Jackson,Fremantle Dockers,23.5,6.5,NA,Sportsbet,Brisbane Lions,103,17131,16550830,609371479,2904379546,NA
Fremantle Dockers v Brisbane Lions,Fremantle Dockers,Brisbane Lions,Player Disposals,Matthew Johnson,Fremantle Dockers,23.5,8.5,NA,Sportsbet,Brisbane Lions,103,17131,16550830,609371479,2904379566,NA
Fremantle Dockers v Brisbane Lions,Fremantle Dockers,Brisbane Lions,Player Disposals,Neil Erasmus,Fremantle Dockers,23.5,8.5,NA,Sportsbet,Brisbane Lions,103,17131,16550830,609371479,2904379555,NA
Fremantle Dockers v Brisbane Lions,Fremantle Dockers,Brisbane Lions,Player Disposals,Karl Worner,Fremantle Dockers,23.5,9.5,NA,Sportsbet,Brisbane Lions,103,17131,16550830,609371479,2904379544,NA
Fremantle Dockers v Brisbane Lions,Fremantle Dockers,Brisbane Lions,Player Disposals,Heath Chapman,Fremantle Dockers,23.5,11,NA,Sportsbet,Brisbane Lions,103,17131,16550830,609371479,2904379549,NA
Fremantle Dockers v Brisbane Lions,Fremantle Dockers,Brisbane Lions,Player Disposals,Corey Wagner,Fremantle Dockers,23.5,12,NA,Sportsbet,Brisbane Lions,103,17131,16550830,609371479,2904379559,NA
Fremantle Dockers v Brisbane Lions,Fremantle Dockers,Brisbane Lions,Player Disposals,Dayne Zorko,Brisbane Lions,23.5,1.53,NA,Sportsbet,Fremantle Dockers,103,17131,16550830,609371479,2904379551,NA
Fremantle Dockers v Brisbane Lions,Fremantle Dockers,Brisbane Lions,Player Disposals,Lachie Neale,Brisbane Lions,23.5,1.45,NA,Sportsbet,Fremantle Dockers,103,17131,16550830,609371479,2904379562,NA
Fremantle Dockers v Brisbane Lions,Fremantle Dockers,Brisbane Lions,Player Disposals,Will Ashcroft,Brisbane Lions,23.5,1.14,NA,Sportsbet,Fremantle Dockers,103,17131,16550830,609371479,2904379561,NA
Fremantle Dockers v Brisbane Lions,Fremantle Dockers,Brisbane Lions,Player Disposals,Josh Dunkley,Brisbane Lions,23.5,3.14,NA,Sportsbet,Fremantle Dockers,103,17131,16550830,609371479,2904379553,NA
Fremantle Dockers v Brisbane Lions,Fremantle Dockers,Brisbane Lions,Player Disposals,Zac Bailey,Brisbane Lions,23.5,3.27,NA,Sportsbet,Fremantle Dockers,103,17131,16550830,609371479,2904379569,NA
Fremantle Dockers v Brisbane Lions,Fremantle Dockers,Brisbane Lions,Player Disposals,Hugh McCluggage,Brisbane Lions,23.5,4,NA,Sportsbet,Fremantle Dockers,103,17131,16550830,609371479,2904379558,NA
Fremantle Dockers v Brisbane Lions,Fremantle Dockers,Brisbane Lions,Player Disposals,Jarrod Berry,Brisbane Lions,23.5,5.2,NA,Sportsbet,Fremantle Dockers,103,17131,16550830,609371479,2904379542,NA
Fremantle Dockers v Brisbane Lions,Fremantle Dockers,Brisbane Lions,Player Disposals,Darcy Wilmot,Brisbane Lions,23.5,6.5,NA,Sportsbet,Fremantle Dockers,103,17131,16550830,609371479,2904379556,NA
Fremantle Dockers v Brisbane Lions,Fremantle Dockers,Brisbane Lions,Player Disposals,Levi Ashcroft,Brisbane Lions,23.5,8.5,NA,Sportsbet,Fremantle Dockers,103,17131,16550830,609371479,2904379533,NA
Fremantle Dockers v Brisbane Lions,Fremantle Dockers,Brisbane Lions,Player Disposals,Jaspa Fletcher,Brisbane Lions,23.5,9.5,NA,Sportsbet,Fremantle Dockers,103,17131,16550830,609371479,2904379567,NA
Fremantle Dockers v Brisbane Lions,Fremantle Dockers,Brisbane Lions,Player Disposals,Ryan Lester,Brisbane Lions,23.5,11,NA,Sportsbet,Fremantle Dockers,103,17131,16550830,609371479,2904379535,NA
Fremantle Dockers v Brisbane Lions,Fremantle Dockers,Brisbane Lions,Player Disposals,Cam Rayner,Brisbane Lions,23.5,12,NA,Sportsbet,Fremantle Dockers,103,17131,16550830,609371479,2904379525,NA
Fremantle Dockers v Brisbane Lions,Fremantle Dockers,Brisbane Lions,Player Disposals,Bruce Reville,Brisbane Lions,23.5,14,NA,Sportsbet,Fremantle Dockers,103,17131,16550830,609371479,2904663391,NA
Fremantle Dockers v Brisbane Lions,Fremantle Dockers,Brisbane Lions,Player Disposals,Andrew Brayshaw,Fremantle Dockers,24.5,1.83,NA,Sportsbet,Brisbane Lions,103,17131,16550830,609371484,2904379799,NA
Fremantle Dockers v Brisbane Lions,Fremantle Dockers,Brisbane Lions,Player Disposals,Caleb Serong,Fremantle Dockers,24.5,2.13,NA,Sportsbet,Brisbane Lions,103,17131,16550830,609371484,2904379790,NA
Fremantle Dockers v Brisbane Lions,Fremantle Dockers,Brisbane Lions,Player Disposals,Hayden Young,Fremantle Dockers,24.5,3.98,NA,Sportsbet,Brisbane Lions,103,17131,16550830,609371484,2904379787,NA
Fremantle Dockers v Brisbane Lions,Fremantle Dockers,Brisbane Lions,Player Disposals,Jordan Clark,Fremantle Dockers,24.5,3.12,NA,Sportsbet,Brisbane Lions,103,17131,16550830,609371484,2904379784,NA
Fremantle Dockers v Brisbane Lions,Fremantle Dockers,Brisbane Lions,Player Disposals,Shai Bolton,Fremantle Dockers,24.5,3.8,NA,Sportsbet,Brisbane Lions,103,17131,16550830,609371484,2904379801,NA
Fremantle Dockers v Brisbane Lions,Fremantle Dockers,Brisbane Lions,Player Disposals,Murphy Reid,Fremantle Dockers,24.5,4,NA,Sportsbet,Brisbane Lions,103,17131,16550830,609371484,2904379771,NA
Fremantle Dockers v Brisbane Lions,Fremantle Dockers,Brisbane Lions,Player Disposals,Luke Ryan,Fremantle Dockers,24.5,6,NA,Sportsbet,Brisbane Lions,103,17131,16550830,609371484,2904379779,NA
Fremantle Dockers v Brisbane Lions,Fremantle Dockers,Brisbane Lions,Player Disposals,Luke Jackson,Fremantle Dockers,24.5,8.5,NA,Sportsbet,Brisbane Lions,103,17131,16550830,609371484,2904379802,NA
Fremantle Dockers v Brisbane Lions,Fremantle Dockers,Brisbane Lions,Player Disposals,Matthew Johnson,Fremantle Dockers,24.5,10,NA,Sportsbet,Brisbane Lions,103,17131,16550830,609371484,2904379781,NA
Fremantle Dockers v Brisbane Lions,Fremantle Dockers,Brisbane Lions,Player Disposals,Neil Erasmus,Fremantle Dockers,24.5,10,NA,Sportsbet,Brisbane Lions,103,17131,16550830,609371484,2904379798,NA
Fremantle Dockers v Brisbane Lions,Fremantle Dockers,Brisbane Lions,Player Disposals,Heath Chapman,Fremantle Dockers,24.5,12,NA,Sportsbet,Brisbane Lions,103,17131,16550830,609371484,2904379777,NA
Fremantle Dockers v Brisbane Lions,Fremantle Dockers,Brisbane Lions,Player Disposals,Karl Worner,Fremantle Dockers,24.5,12,NA,Sportsbet,Brisbane Lions,103,17131,16550830,609371484,2904379792,NA
Fremantle Dockers v Brisbane Lions,Fremantle Dockers,Brisbane Lions,Player Disposals,Corey Wagner,Fremantle Dockers,24.5,14,NA,Sportsbet,Brisbane Lions,103,17131,16550830,609371484,2904379786,NA
Fremantle Dockers v Brisbane Lions,Fremantle Dockers,Brisbane Lions,Player Disposals,Dayne Zorko,Brisbane Lions,24.5,1.86,NA,Sportsbet,Fremantle Dockers,103,17131,16550830,609371484,2904379808,NA
Fremantle Dockers v Brisbane Lions,Fremantle Dockers,Brisbane Lions,Player Disposals,Lachie Neale,Brisbane Lions,24.5,1.62,NA,Sportsbet,Fremantle Dockers,103,17131,16550830,609371484,2904379763,NA
Fremantle Dockers v Brisbane Lions,Fremantle Dockers,Brisbane Lions,Player Disposals,Will Ashcroft,Brisbane Lions,24.5,1.2,NA,Sportsbet,Fremantle Dockers,103,17131,16550830,609371484,2904379767,NA
Fremantle Dockers v Brisbane Lions,Fremantle Dockers,Brisbane Lions,Player Disposals,Josh Dunkley,Brisbane Lions,24.5,4,NA,Sportsbet,Fremantle Dockers,103,17131,16550830,609371484,2904379780,NA
Fremantle Dockers v Brisbane Lions,Fremantle Dockers,Brisbane Lions,Player Disposals,Zac Bailey,Brisbane Lions,24.5,4,NA,Sportsbet,Fremantle Dockers,103,17131,16550830,609371484,2904379810,NA
Fremantle Dockers v Brisbane Lions,Fremantle Dockers,Brisbane Lions,Player Disposals,Hugh McCluggage,Brisbane Lions,24.5,5,NA,Sportsbet,Fremantle Dockers,103,17131,16550830,609371484,2904379774,NA
Fremantle Dockers v Brisbane Lions,Fremantle Dockers,Brisbane Lions,Player Disposals,Jarrod Berry,Brisbane Lions,24.5,6,NA,Sportsbet,Fremantle Dockers,103,17131,16550830,609371484,2904379789,NA
Fremantle Dockers v Brisbane Lions,Fremantle Dockers,Brisbane Lions,Player Disposals,Darcy Wilmot,Brisbane Lions,24.5,9.5,NA,Sportsbet,Fremantle Dockers,103,17131,16550830,609371484,2904379769,NA
Fremantle Dockers v Brisbane Lions,Fremantle Dockers,Brisbane Lions,Player Disposals,Levi Ashcroft,Brisbane Lions,24.5,10,NA,Sportsbet,Fremantle Dockers,103,17131,16550830,609371484,2904379776,NA
Fremantle Dockers v Brisbane Lions,Fremantle Dockers,Brisbane Lions,Player Disposals,Jaspa Fletcher,Brisbane Lions,24.5,11,NA,Sportsbet,Fremantle Dockers,103,17131,16550830,609371484,2904379782,NA
Fremantle Dockers v Brisbane Lions,Fremantle Dockers,Brisbane Lions,Player Disposals,Ryan Lester,Brisbane Lions,24.5,13,NA,Sportsbet,Fremantle Dockers,103,17131,16550830,609371484,2904379770,NA
Fremantle Dockers v Brisbane Lions,Fremantle Dockers,Brisbane Lions,Player Disposals,Cam Rayner,Brisbane Lions,24.5,14,NA,Sportsbet,Fremantle Dockers,103,17131,16550830,609371484,2904379766,NA
Fremantle Dockers v Brisbane Lions,Fremantle Dockers,Brisbane Lions,Player Disposals,Bruce Reville,Brisbane Lions,24.5,34,NA,Sportsbet,Fremantle Dockers,103,17131,16550830,609371484,2904663401,NA
Fremantle Dockers v Brisbane Lions,Fremantle Dockers,Brisbane Lions,Player Disposals,Andrew Brayshaw,Fremantle Dockers,25.5,2.13,NA,Sportsbet,Brisbane Lions,103,17131,16550830,609371502,2904380615,NA
Fremantle Dockers v Brisbane Lions,Fremantle Dockers,Brisbane Lions,Player Disposals,Caleb Serong,Fremantle Dockers,25.5,2.53,NA,Sportsbet,Brisbane Lions,103,17131,16550830,609371502,2904380581,NA
Fremantle Dockers v Brisbane Lions,Fremantle Dockers,Brisbane Lions,Player Disposals,Jordan Clark,Fremantle Dockers,25.5,3.96,NA,Sportsbet,Brisbane Lions,103,17131,16550830,609371502,2904380626,NA
Fremantle Dockers v Brisbane Lions,Fremantle Dockers,Brisbane Lions,Player Disposals,Hayden Young,Fremantle Dockers,25.5,4.65,NA,Sportsbet,Brisbane Lions,103,17131,16550830,609371502,2904380622,NA
Fremantle Dockers v Brisbane Lions,Fremantle Dockers,Brisbane Lions,Player Disposals,Shai Bolton,Fremantle Dockers,25.5,4.65,NA,Sportsbet,Brisbane Lions,103,17131,16550830,609371502,2904380598,NA
Fremantle Dockers v Brisbane Lions,Fremantle Dockers,Brisbane Lions,Player Disposals,Murphy Reid,Fremantle Dockers,25.5,5.2,NA,Sportsbet,Brisbane Lions,103,17131,16550830,609371502,2904380590,NA
Fremantle Dockers v Brisbane Lions,Fremantle Dockers,Brisbane Lions,Player Disposals,Luke Ryan,Fremantle Dockers,25.5,8,NA,Sportsbet,Brisbane Lions,103,17131,16550830,609371502,2904380617,NA
Fremantle Dockers v Brisbane Lions,Fremantle Dockers,Brisbane Lions,Player Disposals,Luke Jackson,Fremantle Dockers,25.5,10,NA,Sportsbet,Brisbane Lions,103,17131,16550830,609371502,2904380588,NA
Fremantle Dockers v Brisbane Lions,Fremantle Dockers,Brisbane Lions,Player Disposals,Matthew Johnson,Fremantle Dockers,25.5,12,NA,Sportsbet,Brisbane Lions,103,17131,16550830,609371502,2904380593,NA
Fremantle Dockers v Brisbane Lions,Fremantle Dockers,Brisbane Lions,Player Disposals,Neil Erasmus,Fremantle Dockers,25.5,12,NA,Sportsbet,Brisbane Lions,103,17131,16550830,609371502,2904380607,NA
Fremantle Dockers v Brisbane Lions,Fremantle Dockers,Brisbane Lions,Player Disposals,Karl Worner,Fremantle Dockers,25.5,14,NA,Sportsbet,Brisbane Lions,103,17131,16550830,609371502,2904380580,NA
Fremantle Dockers v Brisbane Lions,Fremantle Dockers,Brisbane Lions,Player Disposals,Heath Chapman,Fremantle Dockers,25.5,15,NA,Sportsbet,Brisbane Lions,103,17131,16550830,609371502,2904380597,NA
Fremantle Dockers v Brisbane Lions,Fremantle Dockers,Brisbane Lions,Player Disposals,Corey Wagner,Fremantle Dockers,25.5,34,NA,Sportsbet,Brisbane Lions,103,17131,16550830,609371502,2904380602,NA
Fremantle Dockers v Brisbane Lions,Fremantle Dockers,Brisbane Lions,Player Disposals,Lachie Neale,Brisbane Lions,25.5,1.83,NA,Sportsbet,Fremantle Dockers,103,17131,16550830,609371502,2904380616,NA
Fremantle Dockers v Brisbane Lions,Fremantle Dockers,Brisbane Lions,Player Disposals,Will Ashcroft,Brisbane Lions,25.5,1.3,NA,Sportsbet,Fremantle Dockers,103,17131,16550830,609371502,2904380600,NA
Fremantle Dockers v Brisbane Lions,Fremantle Dockers,Brisbane Lions,Player Disposals,Dayne Zorko,Brisbane Lions,25.5,2.15,NA,Sportsbet,Fremantle Dockers,103,17131,16550830,609371502,2904380594,NA
Fremantle Dockers v Brisbane Lions,Fremantle Dockers,Brisbane Lions,Player Disposals,Josh Dunkley,Brisbane Lions,25.5,4.65,NA,Sportsbet,Fremantle Dockers,103,17131,16550830,609371502,2904380604,NA
Fremantle Dockers v Brisbane Lions,Fremantle Dockers,Brisbane Lions,Player Disposals,Zac Bailey,Brisbane Lions,25.5,5.2,NA,Sportsbet,Fremantle Dockers,103,17131,16550830,609371502,2904380611,NA
Fremantle Dockers v Brisbane Lions,Fremantle Dockers,Brisbane Lions,Player Disposals,Hugh McCluggage,Brisbane Lions,25.5,6,NA,Sportsbet,Fremantle Dockers,103,17131,16550830,609371502,2904380613,NA
Fremantle Dockers v Brisbane Lions,Fremantle Dockers,Brisbane Lions,Player Disposals,Jarrod Berry,Brisbane Lions,25.5,8.5,NA,Sportsbet,Fremantle Dockers,103,17131,16550830,609371502,2904380610,NA
Fremantle Dockers v Brisbane Lions,Fremantle Dockers,Brisbane Lions,Player Disposals,Darcy Wilmot,Brisbane Lions,25.5,11,NA,Sportsbet,Fremantle Dockers,103,17131,16550830,609371502,2904380584,NA
Fremantle Dockers v Brisbane Lions,Fremantle Dockers,Brisbane Lions,Player Disposals,Levi Ashcroft,Brisbane Lions,25.5,12,NA,Sportsbet,Fremantle Dockers,103,17131,16550830,609371502,2904380595,NA
Fremantle Dockers v Brisbane Lions,Fremantle Dockers,Brisbane Lions,Player Disposals,Jaspa Fletcher,Brisbane Lions,25.5,13,NA,Sportsbet,Fremantle Dockers,103,17131,16550830,609371502,2904380599,NA
Fremantle Dockers v Brisbane Lions,Fremantle Dockers,Brisbane Lions,Player Disposals,Ryan Lester,Brisbane Lions,25.5,17,NA,Sportsbet,Fremantle Dockers,103,17131,16550830,609371502,2904380603,NA
Fremantle Dockers v Brisbane Lions,Fremantle Dockers,Brisbane Lions,Player Disposals,Cam Rayner,Brisbane Lions,25.5,21,NA,Sportsbet,Fremantle Dockers,103,17131,16550830,609371502,2904380608,NA
Fremantle Dockers v Brisbane Lions,Fremantle Dockers,Brisbane Lions,Player Disposals,Bruce Reville,Brisbane Lions,25.5,41,NA,Sportsbet,Fremantle Dockers,103,17131,16550830,609371502,2904663447,NA
Fremantle Dockers v Brisbane Lions,Fremantle Dockers,Brisbane Lions,Player Disposals,Andrew Brayshaw,Fremantle Dockers,26.5,2.5,NA,Sportsbet,Brisbane Lions,103,17131,16550830,609371504,2904380720,NA
Fremantle Dockers v Brisbane Lions,Fremantle Dockers,Brisbane Lions,Player Disposals,Caleb Serong,Fremantle Dockers,26.5,3.09,NA,Sportsbet,Brisbane Lions,103,17131,16550830,609371504,2904380710,NA
Fremantle Dockers v Brisbane Lions,Fremantle Dockers,Brisbane Lions,Player Disposals,Jordan Clark,Fremantle Dockers,26.5,4.65,NA,Sportsbet,Brisbane Lions,103,17131,16550830,609371504,2904380712,NA
Fremantle Dockers v Brisbane Lions,Fremantle Dockers,Brisbane Lions,Player Disposals,Hayden Young,Fremantle Dockers,26.5,5.7,NA,Sportsbet,Brisbane Lions,103,17131,16550830,609371504,2904380686,NA
Fremantle Dockers v Brisbane Lions,Fremantle Dockers,Brisbane Lions,Player Disposals,Shai Bolton,Fremantle Dockers,26.5,5.7,NA,Sportsbet,Brisbane Lions,103,17131,16550830,609371504,2904380690,NA
Fremantle Dockers v Brisbane Lions,Fremantle Dockers,Brisbane Lions,Player Disposals,Murphy Reid,Fremantle Dockers,26.5,6,NA,Sportsbet,Brisbane Lions,103,17131,16550830,609371504,2904380721,NA
Fremantle Dockers v Brisbane Lions,Fremantle Dockers,Brisbane Lions,Player Disposals,Luke Ryan,Fremantle Dockers,26.5,10,NA,Sportsbet,Brisbane Lions,103,17131,16550830,609371504,2904380681,NA
Fremantle Dockers v Brisbane Lions,Fremantle Dockers,Brisbane Lions,Player Disposals,Luke Jackson,Fremantle Dockers,26.5,12,NA,Sportsbet,Brisbane Lions,103,17131,16550830,609371504,2904380678,NA
Fremantle Dockers v Brisbane Lions,Fremantle Dockers,Brisbane Lions,Player Disposals,Neil Erasmus,Fremantle Dockers,26.5,14,NA,Sportsbet,Brisbane Lions,103,17131,16550830,609371504,2904380679,NA
Fremantle Dockers v Brisbane Lions,Fremantle Dockers,Brisbane Lions,Player Disposals,Matthew Johnson,Fremantle Dockers,26.5,15,NA,Sportsbet,Brisbane Lions,103,17131,16550830,609371504,2904380687,NA
Fremantle Dockers v Brisbane Lions,Fremantle Dockers,Brisbane Lions,Player Disposals,Heath Chapman,Fremantle Dockers,26.5,34,NA,Sportsbet,Brisbane Lions,103,17131,16550830,609371504,2904380703,NA
Fremantle Dockers v Brisbane Lions,Fremantle Dockers,Brisbane Lions,Player Disposals,Karl Worner,Fremantle Dockers,26.5,34,NA,Sportsbet,Brisbane Lions,103,17131,16550830,609371504,2904380711,NA
Fremantle Dockers v Brisbane Lions,Fremantle Dockers,Brisbane Lions,Player Disposals,Will Ashcroft,Brisbane Lions,26.5,1.43,NA,Sportsbet,Fremantle Dockers,103,17131,16550830,609371504,2904380701,NA
Fremantle Dockers v Brisbane Lions,Fremantle Dockers,Brisbane Lions,Player Disposals,Dayne Zorko,Brisbane Lions,26.5,2.56,NA,Sportsbet,Fremantle Dockers,103,17131,16550830,609371504,2904380676,NA
Fremantle Dockers v Brisbane Lions,Fremantle Dockers,Brisbane Lions,Player Disposals,Lachie Neale,Brisbane Lions,26.5,2.1,NA,Sportsbet,Fremantle Dockers,103,17131,16550830,609371504,2904380707,NA
Fremantle Dockers v Brisbane Lions,Fremantle Dockers,Brisbane Lions,Player Disposals,Josh Dunkley,Brisbane Lions,26.5,6,NA,Sportsbet,Fremantle Dockers,103,17131,16550830,609371504,2904380699,NA
Fremantle Dockers v Brisbane Lions,Fremantle Dockers,Brisbane Lions,Player Disposals,Zac Bailey,Brisbane Lions,26.5,6,NA,Sportsbet,Fremantle Dockers,103,17131,16550830,609371504,2904380691,NA
Fremantle Dockers v Brisbane Lions,Fremantle Dockers,Brisbane Lions,Player Disposals,Hugh McCluggage,Brisbane Lions,26.5,7.5,NA,Sportsbet,Fremantle Dockers,103,17131,16550830,609371504,2904380695,NA
Fremantle Dockers v Brisbane Lions,Fremantle Dockers,Brisbane Lions,Player Disposals,Jarrod Berry,Brisbane Lions,26.5,10,NA,Sportsbet,Fremantle Dockers,103,17131,16550830,609371504,2904380702,NA
Fremantle Dockers v Brisbane Lions,Fremantle Dockers,Brisbane Lions,Player Disposals,Darcy Wilmot,Brisbane Lions,26.5,13,NA,Sportsbet,Fremantle Dockers,103,17131,16550830,609371504,2904380692,NA
Fremantle Dockers v Brisbane Lions,Fremantle Dockers,Brisbane Lions,Player Disposals,Levi Ashcroft,Brisbane Lions,26.5,15,NA,Sportsbet,Fremantle Dockers,103,17131,16550830,609371504,2904380694,NA
Fremantle Dockers v Brisbane Lions,Fremantle Dockers,Brisbane Lions,Player Disposals,Jaspa Fletcher,Brisbane Lions,26.5,17,NA,Sportsbet,Fremantle Dockers,103,17131,16550830,609371504,2904380704,NA
Fremantle Dockers v Brisbane Lions,Fremantle Dockers,Brisbane Lions,Player Disposals,Ryan Lester,Brisbane Lions,26.5,34,NA,Sportsbet,Fremantle Dockers,103,17131,16550830,609371504,2904380715,NA
Fremantle Dockers v Brisbane Lions,Fremantle Dockers,Brisbane Lions,Player Disposals,Cam Rayner,Brisbane Lions,26.5,41,NA,Sportsbet,Fremantle Dockers,103,17131,16550830,609371504,2904380713,NA
Fremantle Dockers v Brisbane Lions,Fremantle Dockers,Brisbane Lions,Player Disposals,Andrew Brayshaw,Fremantle Dockers,27.5,3.01,NA,Sportsbet,Brisbane Lions,103,17131,16550830,609371485,2904379816,NA
Fremantle Dockers v Brisbane Lions,Fremantle Dockers,Brisbane Lions,Player Disposals,Caleb Serong,Fremantle Dockers,27.5,3.75,NA,Sportsbet,Brisbane Lions,103,17131,16550830,609371485,2904379847,NA
Fremantle Dockers v Brisbane Lions,Fremantle Dockers,Brisbane Lions,Player Disposals,Jordan Clark,Fremantle Dockers,27.5,5.9,NA,Sportsbet,Brisbane Lions,103,17131,16550830,609371485,2904379837,NA
Fremantle Dockers v Brisbane Lions,Fremantle Dockers,Brisbane Lions,Player Disposals,Shai Bolton,Fremantle Dockers,27.5,6.5,NA,Sportsbet,Brisbane Lions,103,17131,16550830,609371485,2904379831,NA
Fremantle Dockers v Brisbane Lions,Fremantle Dockers,Brisbane Lions,Player Disposals,Hayden Young,Fremantle Dockers,27.5,7,NA,Sportsbet,Brisbane Lions,103,17131,16550830,609371485,2904379850,NA
Fremantle Dockers v Brisbane Lions,Fremantle Dockers,Brisbane Lions,Player Disposals,Murphy Reid,Fremantle Dockers,27.5,7.75,NA,Sportsbet,Brisbane Lions,103,17131,16550830,609371485,2904379832,NA
Fremantle Dockers v Brisbane Lions,Fremantle Dockers,Brisbane Lions,Player Disposals,Luke Ryan,Fremantle Dockers,27.5,12,NA,Sportsbet,Brisbane Lions,103,17131,16550830,609371485,2904379843,NA
Fremantle Dockers v Brisbane Lions,Fremantle Dockers,Brisbane Lions,Player Disposals,Luke Jackson,Fremantle Dockers,27.5,15,NA,Sportsbet,Brisbane Lions,103,17131,16550830,609371485,2904379856,NA
Fremantle Dockers v Brisbane Lions,Fremantle Dockers,Brisbane Lions,Player Disposals,Matthew Johnson,Fremantle Dockers,27.5,34,NA,Sportsbet,Brisbane Lions,103,17131,16550830,609371485,2904379815,NA
Fremantle Dockers v Brisbane Lions,Fremantle Dockers,Brisbane Lions,Player Disposals,Neil Erasmus,Fremantle Dockers,27.5,34,NA,Sportsbet,Brisbane Lions,103,17131,16550830,609371485,2904379836,NA
Fremantle Dockers v Brisbane Lions,Fremantle Dockers,Brisbane Lions,Player Disposals,Karl Worner,Fremantle Dockers,27.5,41,NA,Sportsbet,Brisbane Lions,103,17131,16550830,609371485,2904379854,NA
Fremantle Dockers v Brisbane Lions,Fremantle Dockers,Brisbane Lions,Player Disposals,Will Ashcroft,Brisbane Lions,27.5,1.6,NA,Sportsbet,Fremantle Dockers,103,17131,16550830,609371485,2904379858,NA
Fremantle Dockers v Brisbane Lions,Fremantle Dockers,Brisbane Lions,Player Disposals,Lachie Neale,Brisbane Lions,27.5,2.47,NA,Sportsbet,Fremantle Dockers,103,17131,16550830,609371485,2904379813,NA
Fremantle Dockers v Brisbane Lions,Fremantle Dockers,Brisbane Lions,Player Disposals,Dayne Zorko,Brisbane Lions,27.5,3.07,NA,Sportsbet,Fremantle Dockers,103,17131,16550830,609371485,2904379834,NA
Fremantle Dockers v Brisbane Lions,Fremantle Dockers,Brisbane Lions,Player Disposals,Josh Dunkley,Brisbane Lions,27.5,7.5,NA,Sportsbet,Fremantle Dockers,103,17131,16550830,609371485,2904379811,NA
Fremantle Dockers v Brisbane Lions,Fremantle Dockers,Brisbane Lions,Player Disposals,Zac Bailey,Brisbane Lions,27.5,7.75,NA,Sportsbet,Fremantle Dockers,103,17131,16550830,609371485,2904379842,NA
Fremantle Dockers v Brisbane Lions,Fremantle Dockers,Brisbane Lions,Player Disposals,Hugh McCluggage,Brisbane Lions,27.5,9.5,NA,Sportsbet,Fremantle Dockers,103,17131,16550830,609371485,2904379835,NA
Fremantle Dockers v Brisbane Lions,Fremantle Dockers,Brisbane Lions,Player Disposals,Jarrod Berry,Brisbane Lions,27.5,12,NA,Sportsbet,Fremantle Dockers,103,17131,16550830,609371485,2904379818,NA
Fremantle Dockers v Brisbane Lions,Fremantle Dockers,Brisbane Lions,Player Disposals,Darcy Wilmot,Brisbane Lions,27.5,17,NA,Sportsbet,Fremantle Dockers,103,17131,16550830,609371485,2904379827,NA
Fremantle Dockers v Brisbane Lions,Fremantle Dockers,Brisbane Lions,Player Disposals,Levi Ashcroft,Brisbane Lions,27.5,34,NA,Sportsbet,Fremantle Dockers,103,17131,16550830,609371485,2904379845,NA
Fremantle Dockers v Brisbane Lions,Fremantle Dockers,Brisbane Lions,Player Disposals,Jaspa Fletcher,Brisbane Lions,27.5,41,NA,Sportsbet,Fremantle Dockers,103,17131,16550830,609371485,2904379812,NA
Fremantle Dockers v Brisbane Lions,Fremantle Dockers,Brisbane Lions,Player Disposals,Andrew Brayshaw,Fremantle Dockers,28.5,3.66,NA,Sportsbet,Brisbane Lions,103,17131,16550830,609371495,2904380244,NA
Fremantle Dockers v Brisbane Lions,Fremantle Dockers,Brisbane Lions,Player Disposals,Caleb Serong,Fremantle Dockers,28.5,4.65,NA,Sportsbet,Brisbane Lions,103,17131,16550830,609371495,2904380261,NA
Fremantle Dockers v Brisbane Lions,Fremantle Dockers,Brisbane Lions,Player Disposals,Jordan Clark,Fremantle Dockers,28.5,7,NA,Sportsbet,Brisbane Lions,103,17131,16550830,609371495,2904380257,NA
Fremantle Dockers v Brisbane Lions,Fremantle Dockers,Brisbane Lions,Player Disposals,Shai Bolton,Fremantle Dockers,28.5,8.5,NA,Sportsbet,Brisbane Lions,103,17131,16550830,609371495,2904380259,NA
Fremantle Dockers v Brisbane Lions,Fremantle Dockers,Brisbane Lions,Player Disposals,Hayden Young,Fremantle Dockers,28.5,9.5,NA,Sportsbet,Brisbane Lions,103,17131,16550830,609371495,2904380275,NA
Fremantle Dockers v Brisbane Lions,Fremantle Dockers,Brisbane Lions,Player Disposals,Murphy Reid,Fremantle Dockers,28.5,9.5,NA,Sportsbet,Brisbane Lions,103,17131,16550830,609371495,2904380269,NA
Fremantle Dockers v Brisbane Lions,Fremantle Dockers,Brisbane Lions,Player Disposals,Luke Ryan,Fremantle Dockers,28.5,14,NA,Sportsbet,Brisbane Lions,103,17131,16550830,609371495,2904380268,NA
Fremantle Dockers v Brisbane Lions,Fremantle Dockers,Brisbane Lions,Player Disposals,Luke Jackson,Fremantle Dockers,28.5,34,NA,Sportsbet,Brisbane Lions,103,17131,16550830,609371495,2904380290,NA
Fremantle Dockers v Brisbane Lions,Fremantle Dockers,Brisbane Lions,Player Disposals,Matthew Johnson,Fremantle Dockers,28.5,41,NA,Sportsbet,Brisbane Lions,103,17131,16550830,609371495,2904380277,NA
Fremantle Dockers v Brisbane Lions,Fremantle Dockers,Brisbane Lions,Player Disposals,Neil Erasmus,Fremantle Dockers,28.5,41,NA,Sportsbet,Brisbane Lions,103,17131,16550830,609371495,2904380267,NA
Fremantle Dockers v Brisbane Lions,Fremantle Dockers,Brisbane Lions,Player Disposals,Will Ashcroft,Brisbane Lions,28.5,1.82,NA,Sportsbet,Fremantle Dockers,103,17131,16550830,609371495,2904380289,NA
Fremantle Dockers v Brisbane Lions,Fremantle Dockers,Brisbane Lions,Player Disposals,Lachie Neale,Brisbane Lions,28.5,2.92,NA,Sportsbet,Fremantle Dockers,103,17131,16550830,609371495,2904380243,NA
Fremantle Dockers v Brisbane Lions,Fremantle Dockers,Brisbane Lions,Player Disposals,Dayne Zorko,Brisbane Lions,28.5,3.7,NA,Sportsbet,Fremantle Dockers,103,17131,16550830,609371495,2904380245,NA
Fremantle Dockers v Brisbane Lions,Fremantle Dockers,Brisbane Lions,Player Disposals,Josh Dunkley,Brisbane Lions,28.5,9.5,NA,Sportsbet,Fremantle Dockers,103,17131,16550830,609371495,2904380258,NA
Fremantle Dockers v Brisbane Lions,Fremantle Dockers,Brisbane Lions,Player Disposals,Zac Bailey,Brisbane Lions,28.5,9.5,NA,Sportsbet,Fremantle Dockers,103,17131,16550830,609371495,2904380264,NA
Fremantle Dockers v Brisbane Lions,Fremantle Dockers,Brisbane Lions,Player Disposals,Hugh McCluggage,Brisbane Lions,28.5,11,NA,Sportsbet,Fremantle Dockers,103,17131,16550830,609371495,2904380256,NA
Fremantle Dockers v Brisbane Lions,Fremantle Dockers,Brisbane Lions,Player Disposals,Jarrod Berry,Brisbane Lions,28.5,14,NA,Sportsbet,Fremantle Dockers,103,17131,16550830,609371495,2904380255,NA
Fremantle Dockers v Brisbane Lions,Fremantle Dockers,Brisbane Lions,Player Disposals,Darcy Wilmot,Brisbane Lions,28.5,41,NA,Sportsbet,Fremantle Dockers,103,17131,16550830,609371495,2904380278,NA
Fremantle Dockers v Brisbane Lions,Fremantle Dockers,Brisbane Lions,Player Disposals,Andrew Brayshaw,Fremantle Dockers,29.5,4.6,NA,Sportsbet,Brisbane Lions,103,17131,16550830,609371489,2904379985,NA
Fremantle Dockers v Brisbane Lions,Fremantle Dockers,Brisbane Lions,Player Disposals,Caleb Serong,Fremantle Dockers,29.5,5.4,NA,Sportsbet,Brisbane Lions,103,17131,16550830,609371489,2904379990,NA
Fremantle Dockers v Brisbane Lions,Fremantle Dockers,Brisbane Lions,Player Disposals,Jordan Clark,Fremantle Dockers,29.5,9.5,NA,Sportsbet,Brisbane Lions,103,17131,16550830,609371489,2904379994,NA
Fremantle Dockers v Brisbane Lions,Fremantle Dockers,Brisbane Lions,Player Disposals,Hayden Young,Fremantle Dockers,29.5,10,NA,Sportsbet,Brisbane Lions,103,17131,16550830,609371489,2904379961,NA
Fremantle Dockers v Brisbane Lions,Fremantle Dockers,Brisbane Lions,Player Disposals,Shai Bolton,Fremantle Dockers,29.5,10,NA,Sportsbet,Brisbane Lions,103,17131,16550830,609371489,2904379956,NA
Fremantle Dockers v Brisbane Lions,Fremantle Dockers,Brisbane Lions,Player Disposals,Murphy Reid,Fremantle Dockers,29.5,11,NA,Sportsbet,Brisbane Lions,103,17131,16550830,609371489,2904380002,NA
Fremantle Dockers v Brisbane Lions,Fremantle Dockers,Brisbane Lions,Player Disposals,Luke Ryan,Fremantle Dockers,29.5,34,NA,Sportsbet,Brisbane Lions,103,17131,16550830,609371489,2904379984,NA
Fremantle Dockers v Brisbane Lions,Fremantle Dockers,Brisbane Lions,Player Disposals,Will Ashcroft,Brisbane Lions,29.5,2.09,NA,Sportsbet,Fremantle Dockers,103,17131,16550830,609371489,2904379971,NA
Fremantle Dockers v Brisbane Lions,Fremantle Dockers,Brisbane Lions,Player Disposals,Lachie Neale,Brisbane Lions,29.5,3.45,NA,Sportsbet,Fremantle Dockers,103,17131,16550830,609371489,2904379969,NA
Fremantle Dockers v Brisbane Lions,Fremantle Dockers,Brisbane Lions,Player Disposals,Dayne Zorko,Brisbane Lions,29.5,4.6,NA,Sportsbet,Fremantle Dockers,103,17131,16550830,609371489,2904379963,NA
Fremantle Dockers v Brisbane Lions,Fremantle Dockers,Brisbane Lions,Player Disposals,Josh Dunkley,Brisbane Lions,29.5,11,NA,Sportsbet,Fremantle Dockers,103,17131,16550830,609371489,2904379983,NA
Fremantle Dockers v Brisbane Lions,Fremantle Dockers,Brisbane Lions,Player Disposals,Zac Bailey,Brisbane Lions,29.5,12,NA,Sportsbet,Fremantle Dockers,103,17131,16550830,609371489,2904379988,NA
Fremantle Dockers v Brisbane Lions,Fremantle Dockers,Brisbane Lions,Player Disposals,Hugh McCluggage,Brisbane Lions,29.5,13,NA,Sportsbet,Fremantle Dockers,103,17131,16550830,609371489,2904380001,NA
Fremantle Dockers v Brisbane Lions,Fremantle Dockers,Brisbane Lions,Player Disposals,Jarrod Berry,Brisbane Lions,29.5,34,NA,Sportsbet,Fremantle Dockers,103,17131,16550830,609371489,2904379977,NA
Fremantle Dockers v Brisbane Lions,Fremantle Dockers,Brisbane Lions,Player Disposals,Andrew Brayshaw,Fremantle Dockers,30.5,5.2,NA,Sportsbet,Brisbane Lions,103,17131,16550830,609371498,2904380393,NA
Fremantle Dockers v Brisbane Lions,Fremantle Dockers,Brisbane Lions,Player Disposals,Caleb Serong,Fremantle Dockers,30.5,6.5,NA,Sportsbet,Brisbane Lions,103,17131,16550830,609371498,2904380390,NA
Fremantle Dockers v Brisbane Lions,Fremantle Dockers,Brisbane Lions,Player Disposals,Jordan Clark,Fremantle Dockers,30.5,10,NA,Sportsbet,Brisbane Lions,103,17131,16550830,609371498,2904380431,NA
Fremantle Dockers v Brisbane Lions,Fremantle Dockers,Brisbane Lions,Player Disposals,Hayden Young,Fremantle Dockers,30.5,12,NA,Sportsbet,Brisbane Lions,103,17131,16550830,609371498,2904380423,NA
Fremantle Dockers v Brisbane Lions,Fremantle Dockers,Brisbane Lions,Player Disposals,Shai Bolton,Fremantle Dockers,30.5,12,NA,Sportsbet,Brisbane Lions,103,17131,16550830,609371498,2904380413,NA
Fremantle Dockers v Brisbane Lions,Fremantle Dockers,Brisbane Lions,Player Disposals,Murphy Reid,Fremantle Dockers,30.5,13,NA,Sportsbet,Brisbane Lions,103,17131,16550830,609371498,2904380418,NA
Fremantle Dockers v Brisbane Lions,Fremantle Dockers,Brisbane Lions,Player Disposals,Luke Ryan,Fremantle Dockers,30.5,41,NA,Sportsbet,Brisbane Lions,103,17131,16550830,609371498,2904380407,NA
Fremantle Dockers v Brisbane Lions,Fremantle Dockers,Brisbane Lions,Player Disposals,Will Ashcroft,Brisbane Lions,30.5,2.42,NA,Sportsbet,Fremantle Dockers,103,17131,16550830,609371498,2904380396,NA
Fremantle Dockers v Brisbane Lions,Fremantle Dockers,Brisbane Lions,Player Disposals,Lachie Neale,Brisbane Lions,30.5,4.25,NA,Sportsbet,Fremantle Dockers,103,17131,16550830,609371498,2904380408,NA
Fremantle Dockers v Brisbane Lions,Fremantle Dockers,Brisbane Lions,Player Disposals,Dayne Zorko,Brisbane Lions,30.5,5.4,NA,Sportsbet,Fremantle Dockers,103,17131,16550830,609371498,2904380389,NA
Fremantle Dockers v Brisbane Lions,Fremantle Dockers,Brisbane Lions,Player Disposals,Josh Dunkley,Brisbane Lions,30.5,13,NA,Sportsbet,Fremantle Dockers,103,17131,16550830,609371498,2904380424,NA
Fremantle Dockers v Brisbane Lions,Fremantle Dockers,Brisbane Lions,Player Disposals,Zac Bailey,Brisbane Lions,30.5,13,NA,Sportsbet,Fremantle Dockers,103,17131,16550830,609371498,2904380412,NA
Fremantle Dockers v Brisbane Lions,Fremantle Dockers,Brisbane Lions,Player Disposals,Hugh McCluggage,Brisbane Lions,30.5,15,NA,Sportsbet,Fremantle Dockers,103,17131,16550830,609371498,2904380410,NA
Fremantle Dockers v Brisbane Lions,Fremantle Dockers,Brisbane Lions,Player Disposals,Jarrod Berry,Brisbane Lions,30.5,41,NA,Sportsbet,Fremantle Dockers,103,17131,16550830,609371498,2904380404,NA
Fremantle Dockers v Brisbane Lions,Fremantle Dockers,Brisbane Lions,Player Disposals,Andrew Brayshaw,Fremantle Dockers,31.5,6,NA,Sportsbet,Brisbane Lions,103,17131,16550830,609371481,2904379626,NA
Fremantle Dockers v Brisbane Lions,Fremantle Dockers,Brisbane Lions,Player Disposals,Caleb Serong,Fremantle Dockers,31.5,8.5,NA,Sportsbet,Brisbane Lions,103,17131,16550830,609371481,2904379637,NA
Fremantle Dockers v Brisbane Lions,Fremantle Dockers,Brisbane Lions,Player Disposals,Jordan Clark,Fremantle Dockers,31.5,12,NA,Sportsbet,Brisbane Lions,103,17131,16550830,609371481,2904379640,NA
Fremantle Dockers v Brisbane Lions,Fremantle Dockers,Brisbane Lions,Player Disposals,Hayden Young,Fremantle Dockers,31.5,14,NA,Sportsbet,Brisbane Lions,103,17131,16550830,609371481,2904379659,NA
Fremantle Dockers v Brisbane Lions,Fremantle Dockers,Brisbane Lions,Player Disposals,Shai Bolton,Fremantle Dockers,31.5,14,NA,Sportsbet,Brisbane Lions,103,17131,16550830,609371481,2904379651,NA
Fremantle Dockers v Brisbane Lions,Fremantle Dockers,Brisbane Lions,Player Disposals,Murphy Reid,Fremantle Dockers,31.5,15,NA,Sportsbet,Brisbane Lions,103,17131,16550830,609371481,2904379645,NA
Fremantle Dockers v Brisbane Lions,Fremantle Dockers,Brisbane Lions,Player Disposals,Will Ashcroft,Brisbane Lions,31.5,2.87,NA,Sportsbet,Fremantle Dockers,103,17131,16550830,609371481,2904379631,NA
Fremantle Dockers v Brisbane Lions,Fremantle Dockers,Brisbane Lions,Player Disposals,Lachie Neale,Brisbane Lions,31.5,5.2,NA,Sportsbet,Fremantle Dockers,103,17131,16550830,609371481,2904379638,NA
Fremantle Dockers v Brisbane Lions,Fremantle Dockers,Brisbane Lions,Player Disposals,Dayne Zorko,Brisbane Lions,31.5,6,NA,Sportsbet,Fremantle Dockers,103,17131,16550830,609371481,2904379643,NA
Fremantle Dockers v Brisbane Lions,Fremantle Dockers,Brisbane Lions,Player Disposals,Josh Dunkley,Brisbane Lions,31.5,15,NA,Sportsbet,Fremantle Dockers,103,17131,16550830,609371481,2904379639,NA
Fremantle Dockers v Brisbane Lions,Fremantle Dockers,Brisbane Lions,Player Disposals,Zac Bailey,Brisbane Lions,31.5,17,NA,Sportsbet,Fremantle Dockers,103,17131,16550830,609371481,2904379663,NA
Fremantle Dockers v Brisbane Lions,Fremantle Dockers,Brisbane Lions,Player Disposals,Hugh McCluggage,Brisbane Lions,31.5,34,NA,Sportsbet,Fremantle Dockers,103,17131,16550830,609371481,2904379653,NA
Fremantle Dockers v Brisbane Lions,Fremantle Dockers,Brisbane Lions,Player Disposals,Andrew Brayshaw,Fremantle Dockers,32.5,7.75,NA,Sportsbet,Brisbane Lions,103,17131,16550830,609371505,2904380738,NA
Fremantle Dockers v Brisbane Lions,Fremantle Dockers,Brisbane Lions,Player Disposals,Caleb Serong,Fremantle Dockers,32.5,10,NA,Sportsbet,Brisbane Lions,103,17131,16550830,609371505,2904380748,NA
Fremantle Dockers v Brisbane Lions,Fremantle Dockers,Brisbane Lions,Player Disposals,Jordan Clark,Fremantle Dockers,32.5,15,NA,Sportsbet,Brisbane Lions,103,17131,16550830,609371505,2904380728,NA
Fremantle Dockers v Brisbane Lions,Fremantle Dockers,Brisbane Lions,Player Disposals,Shai Bolton,Fremantle Dockers,32.5,21,NA,Sportsbet,Brisbane Lions,103,17131,16550830,609371505,2904380755,NA
Fremantle Dockers v Brisbane Lions,Fremantle Dockers,Brisbane Lions,Player Disposals,Hayden Young,Fremantle Dockers,32.5,34,NA,Sportsbet,Brisbane Lions,103,17131,16550830,609371505,2904380765,NA
Fremantle Dockers v Brisbane Lions,Fremantle Dockers,Brisbane Lions,Player Disposals,Murphy Reid,Fremantle Dockers,32.5,34,NA,Sportsbet,Brisbane Lions,103,17131,16550830,609371505,2904380761,NA
Fremantle Dockers v Brisbane Lions,Fremantle Dockers,Brisbane Lions,Player Disposals,Will Ashcroft,Brisbane Lions,32.5,3.35,NA,Sportsbet,Fremantle Dockers,103,17131,16550830,609371505,2904380759,NA
Fremantle Dockers v Brisbane Lions,Fremantle Dockers,Brisbane Lions,Player Disposals,Lachie Neale,Brisbane Lions,32.5,6,NA,Sportsbet,Fremantle Dockers,103,17131,16550830,609371505,2904380762,NA
Fremantle Dockers v Brisbane Lions,Fremantle Dockers,Brisbane Lions,Player Disposals,Dayne Zorko,Brisbane Lions,32.5,8,NA,Sportsbet,Fremantle Dockers,103,17131,16550830,609371505,2904380745,NA
Fremantle Dockers v Brisbane Lions,Fremantle Dockers,Brisbane Lions,Player Disposals,Josh Dunkley,Brisbane Lions,32.5,34,NA,Sportsbet,Fremantle Dockers,103,17131,16550830,609371505,2904380767,NA
Fremantle Dockers v Brisbane Lions,Fremantle Dockers,Brisbane Lions,Player Disposals,Zac Bailey,Brisbane Lions,32.5,34,NA,Sportsbet,Fremantle Dockers,103,17131,16550830,609371505,2904380758,NA
Fremantle Dockers v Brisbane Lions,Fremantle Dockers,Brisbane Lions,Player Disposals,Hugh McCluggage,Brisbane Lions,32.5,41,NA,Sportsbet,Fremantle Dockers,103,17131,16550830,609371505,2904380739,NA
Fremantle Dockers v Brisbane Lions,Fremantle Dockers,Brisbane Lions,Player Disposals,Andrew Brayshaw,Fremantle Dockers,33.5,9.5,NA,Sportsbet,Brisbane Lions,103,17131,16550830,609371487,2904379918,NA
Fremantle Dockers v Brisbane Lions,Fremantle Dockers,Brisbane Lions,Player Disposals,Caleb Serong,Fremantle Dockers,33.5,12,NA,Sportsbet,Brisbane Lions,103,17131,16550830,609371487,2904379947,NA
Fremantle Dockers v Brisbane Lions,Fremantle Dockers,Brisbane Lions,Player Disposals,Jordan Clark,Fremantle Dockers,33.5,34,NA,Sportsbet,Brisbane Lions,103,17131,16550830,609371487,2904379923,NA
Fremantle Dockers v Brisbane Lions,Fremantle Dockers,Brisbane Lions,Player Disposals,Hayden Young,Fremantle Dockers,33.5,41,NA,Sportsbet,Brisbane Lions,103,17131,16550830,609371487,2904379944,NA
Fremantle Dockers v Brisbane Lions,Fremantle Dockers,Brisbane Lions,Player Disposals,Shai Bolton,Fremantle Dockers,33.5,41,NA,Sportsbet,Brisbane Lions,103,17131,16550830,609371487,2904379927,NA
Fremantle Dockers v Brisbane Lions,Fremantle Dockers,Brisbane Lions,Player Disposals,Murphy Reid,Fremantle Dockers,33.5,51,NA,Sportsbet,Brisbane Lions,103,17131,16550830,609371487,2904379933,NA
Fremantle Dockers v Brisbane Lions,Fremantle Dockers,Brisbane Lions,Player Disposals,Will Ashcroft,Brisbane Lions,33.5,4,NA,Sportsbet,Fremantle Dockers,103,17131,16550830,609371487,2904379934,NA
Fremantle Dockers v Brisbane Lions,Fremantle Dockers,Brisbane Lions,Player Disposals,Lachie Neale,Brisbane Lions,33.5,7.5,NA,Sportsbet,Fremantle Dockers,103,17131,16550830,609371487,2904379907,NA
Fremantle Dockers v Brisbane Lions,Fremantle Dockers,Brisbane Lions,Player Disposals,Dayne Zorko,Brisbane Lions,33.5,9.5,NA,Sportsbet,Fremantle Dockers,103,17131,16550830,609371487,2904379943,NA
Fremantle Dockers v Brisbane Lions,Fremantle Dockers,Brisbane Lions,Player Disposals,Josh Dunkley,Brisbane Lions,33.5,41,NA,Sportsbet,Fremantle Dockers,103,17131,16550830,609371487,2904379926,NA
Fremantle Dockers v Brisbane Lions,Fremantle Dockers,Brisbane Lions,Player Disposals,Andrew Brayshaw,Fremantle Dockers,34.5,11,NA,Sportsbet,Brisbane Lions,103,17131,16550830,609371501,2904380551,NA
Fremantle Dockers v Brisbane Lions,Fremantle Dockers,Brisbane Lions,Player Disposals,Caleb Serong,Fremantle Dockers,34.5,13,NA,Sportsbet,Brisbane Lions,103,17131,16550830,609371501,2904380538,NA
Fremantle Dockers v Brisbane Lions,Fremantle Dockers,Brisbane Lions,Player Disposals,Jordan Clark,Fremantle Dockers,34.5,51,NA,Sportsbet,Brisbane Lions,103,17131,16550830,609371501,2904380552,NA
Fremantle Dockers v Brisbane Lions,Fremantle Dockers,Brisbane Lions,Player Disposals,Hayden Young,Fremantle Dockers,34.5,67,NA,Sportsbet,Brisbane Lions,103,17131,16550830,609371501,2904380566,NA
Fremantle Dockers v Brisbane Lions,Fremantle Dockers,Brisbane Lions,Player Disposals,Shai Bolton,Fremantle Dockers,34.5,67,NA,Sportsbet,Brisbane Lions,103,17131,16550830,609371501,2904380531,NA
Fremantle Dockers v Brisbane Lions,Fremantle Dockers,Brisbane Lions,Player Disposals,Will Ashcroft,Brisbane Lions,34.5,4.65,NA,Sportsbet,Fremantle Dockers,103,17131,16550830,609371501,2904380569,NA
Fremantle Dockers v Brisbane Lions,Fremantle Dockers,Brisbane Lions,Player Disposals,Lachie Neale,Brisbane Lions,34.5,9.5,NA,Sportsbet,Fremantle Dockers,103,17131,16550830,609371501,2904380563,NA
Fremantle Dockers v Brisbane Lions,Fremantle Dockers,Brisbane Lions,Player Disposals,Dayne Zorko,Brisbane Lions,34.5,11,NA,Sportsbet,Fremantle Dockers,103,17131,16550830,609371501,2904380578,NA
Fremantle Dockers v Brisbane Lions,Fremantle Dockers,Brisbane Lions,Player Disposals,Andrew Brayshaw,Fremantle Dockers,35.5,13,NA,Sportsbet,Brisbane Lions,103,17131,16550830,609371499,2904380438,NA
Fremantle Dockers v Brisbane Lions,Fremantle Dockers,Brisbane Lions,Player Disposals,Caleb Serong,Fremantle Dockers,35.5,21,NA,Sportsbet,Brisbane Lions,103,17131,16550830,609371499,2904380443,NA
Fremantle Dockers v Brisbane Lions,Fremantle Dockers,Brisbane Lions,Player Disposals,Will Ashcroft,Brisbane Lions,35.5,5.5,NA,Sportsbet,Fremantle Dockers,103,17131,16550830,609371499,2904380463,NA
Fremantle Dockers v Brisbane Lions,Fremantle Dockers,Brisbane Lions,Player Disposals,Lachie Neale,Brisbane Lions,35.5,10,NA,Sportsbet,Fremantle Dockers,103,17131,16550830,609371499,2904380461,NA
Fremantle Dockers v Brisbane Lions,Fremantle Dockers,Brisbane Lions,Player Disposals,Dayne Zorko,Brisbane Lions,35.5,13,NA,Sportsbet,Fremantle Dockers,103,17131,16550830,609371499,2904380466,NA
Fremantle Dockers v Brisbane Lions,Fremantle Dockers,Brisbane Lions,Player Disposals,Andrew Brayshaw,Fremantle Dockers,36.5,17,NA,Sportsbet,Brisbane Lions,103,17131,16550830,609371506,2904380811,NA
Fremantle Dockers v Brisbane Lions,Fremantle Dockers,Brisbane Lions,Player Disposals,Caleb Serong,Fremantle Dockers,36.5,34,NA,Sportsbet,Brisbane Lions,103,17131,16550830,609371506,2904380815,NA
Fremantle Dockers v Brisbane Lions,Fremantle Dockers,Brisbane Lions,Player Disposals,Will Ashcroft,Brisbane Lions,36.5,6.5,NA,Sportsbet,Fremantle Dockers,103,17131,16550830,609371506,2904380777,NA
Fremantle Dockers v Brisbane Lions,Fremantle Dockers,Brisbane Lions,Player Disposals,Lachie Neale,Brisbane Lions,36.5,12,NA,Sportsbet,Fremantle Dockers,103,17131,16550830,609371506,2904380801,NA
Fremantle Dockers v Brisbane Lions,Fremantle Dockers,Brisbane Lions,Player Disposals,Dayne Zorko,Brisbane Lions,36.5,15,NA,Sportsbet,Fremantle Dockers,103,17131,16550830,609371506,2904380794,NA
Fremantle Dockers v Brisbane Lions,Fremantle Dockers,Brisbane Lions,Player Disposals,Andrew Brayshaw,Fremantle Dockers,37.5,34,NA,Sportsbet,Brisbane Lions,103,17131,16550830,609371480,2904379605,NA
Fremantle Dockers v Brisbane Lions,Fremantle Dockers,Brisbane Lions,Player Disposals,Caleb Serong,Fremantle Dockers,37.5,51,NA,Sportsbet,Brisbane Lions,103,17131,16550830,609371480,2904379613,NA
Fremantle Dockers v Brisbane Lions,Fremantle Dockers,Brisbane Lions,Player Disposals,Will Ashcroft,Brisbane Lions,37.5,8.5,NA,Sportsbet,Fremantle Dockers,103,17131,16550830,609371480,2904379593,NA
Fremantle Dockers v Brisbane Lions,Fremantle Dockers,Brisbane Lions,Player Disposals,Lachie Neale,Brisbane Lions,37.5,13,NA,Sportsbet,Fremantle Dockers,103,17131,16550830,609371480,2904379591,NA
Fremantle Dockers v Brisbane Lions,Fremantle Dockers,Brisbane Lions,Player Disposals,Dayne Zorko,Brisbane Lions,37.5,34,NA,Sportsbet,Fremantle Dockers,103,17131,16550830,609371480,2904379616,NA
Fremantle Dockers v Brisbane Lions,Fremantle Dockers,Brisbane Lions,Player Disposals,Andrew Brayshaw,Fremantle Dockers,38.5,51,NA,Sportsbet,Brisbane Lions,103,17131,16550830,609371497,2904380374,NA
Fremantle Dockers v Brisbane Lions,Fremantle Dockers,Brisbane Lions,Player Disposals,Will Ashcroft,Brisbane Lions,38.5,9.5,NA,Sportsbet,Fremantle Dockers,103,17131,16550830,609371497,2904380384,NA
Fremantle Dockers v Brisbane Lions,Fremantle Dockers,Brisbane Lions,Player Disposals,Lachie Neale,Brisbane Lions,38.5,17,NA,Sportsbet,Fremantle Dockers,103,17131,16550830,609371497,2904380363,NA
Fremantle Dockers v Brisbane Lions,Fremantle Dockers,Brisbane Lions,Player Disposals,Dayne Zorko,Brisbane Lions,38.5,41,NA,Sportsbet,Fremantle Dockers,103,17131,16550830,609371497,2904380358,NA
Fremantle Dockers v Brisbane Lions,Fremantle Dockers,Brisbane Lions,Player Disposals,Will Ashcroft,Brisbane Lions,39.5,12,NA,Sportsbet,Fremantle Dockers,103,17131,16550830,609371491,2904380081,NA
Fremantle Dockers v Brisbane Lions,Fremantle Dockers,Brisbane Lions,Player Disposals,Lachie Neale,Brisbane Lions,39.5,34,NA,Sportsbet,Fremantle Dockers,103,17131,16550830,609371491,2904380065,NA
Fremantle Dockers v Brisbane Lions,Fremantle Dockers,Brisbane Lions,Player Disposals,Andrew Brayshaw,Fremantle Dockers,24.5,1.83,1.9,Sportsbet,Brisbane Lions,103,17131,16550830,609436407,2904652235,2904652234
Fremantle Dockers v Brisbane Lions,Fremantle Dockers,Brisbane Lions,Player Disposals,Caleb Serong,Fremantle Dockers,23.5,1.84,1.89,Sportsbet,Brisbane Lions,103,17131,16550830,609436430,2904652281,2904652280
Fremantle Dockers v Brisbane Lions,Fremantle Dockers,Brisbane Lions,Player Disposals,Jordan Clark,Fremantle Dockers,21.5,1.82,1.91,Sportsbet,Brisbane Lions,103,17131,16550830,609436412,2904652244,2904652245
Fremantle Dockers v Brisbane Lions,Fremantle Dockers,Brisbane Lions,Player Disposals,Murphy Reid,Fremantle Dockers,20.5,1.83,1.9,Sportsbet,Brisbane Lions,103,17131,16550830,609436444,2904652308,2904652309
Fremantle Dockers v Brisbane Lions,Fremantle Dockers,Brisbane Lions,Player Disposals,Shai Bolton,Fremantle Dockers,20.5,1.84,1.89,Sportsbet,Brisbane Lions,103,17131,16550830,609436445,2904652311,2904652310
Fremantle Dockers v Brisbane Lions,Fremantle Dockers,Brisbane Lions,Player Disposals,Hayden Young,Fremantle Dockers,20.5,1.82,1.91,Sportsbet,Brisbane Lions,103,17131,16550830,609436431,2904652282,2904652283
Fremantle Dockers v Brisbane Lions,Fremantle Dockers,Brisbane Lions,Player Disposals,Luke Ryan,Fremantle Dockers,18.5,1.81,1.93,Sportsbet,Brisbane Lions,103,17131,16550830,609436410,2904652240,2904652241
Fremantle Dockers v Brisbane Lions,Fremantle Dockers,Brisbane Lions,Player Disposals,Karl Worner,Fremantle Dockers,16.5,1.84,1.89,Sportsbet,Brisbane Lions,103,17131,16550830,609436413,2904652247,2904652246
Fremantle Dockers v Brisbane Lions,Fremantle Dockers,Brisbane Lions,Player Disposals,Luke Jackson,Fremantle Dockers,17.5,1.8,1.94,Sportsbet,Brisbane Lions,103,17131,16550830,609436409,2904652238,2904652239
Fremantle Dockers v Brisbane Lions,Fremantle Dockers,Brisbane Lions,Player Disposals,Matthew Johnson,Fremantle Dockers,16.5,1.86,1.87,Sportsbet,Brisbane Lions,103,17131,16550830,609436425,2904652270,2904652271
Fremantle Dockers v Brisbane Lions,Fremantle Dockers,Brisbane Lions,Player Disposals,Neil Erasmus,Fremantle Dockers,16.5,1.83,1.89,Sportsbet,Brisbane Lions,103,17131,16550830,609436411,2904652242,2904652243
Fremantle Dockers v Brisbane Lions,Fremantle Dockers,Brisbane Lions,Player Disposals,Corey Wagner,Fremantle Dockers,15.5,1.83,1.9,Sportsbet,Brisbane Lions,103,17131,16550830,609436435,2904652290,2904652291
Fremantle Dockers v Brisbane Lions,Fremantle Dockers,Brisbane Lions,Player Disposals,Heath Chapman,Fremantle Dockers,15.5,1.88,1.85,Sportsbet,Brisbane Lions,103,17131,16550830,609436434,2904652288,2904652289
Fremantle Dockers v Brisbane Lions,Fremantle Dockers,Brisbane Lions,Player Disposals,Judd McVee,Fremantle Dockers,13.5,1.82,1.91,Sportsbet,Brisbane Lions,103,17131,16550830,609436419,2904652259,2904652258
Fremantle Dockers v Brisbane Lions,Fremantle Dockers,Brisbane Lions,Player Disposals,Sam Switkowski,Fremantle Dockers,12.5,1.83,1.89,Sportsbet,Brisbane Lions,103,17131,16550830,609436408,2904652236,2904652237
Fremantle Dockers v Brisbane Lions,Fremantle Dockers,Brisbane Lions,Player Disposals,Josh Treacy,Fremantle Dockers,10.5,1.89,1.83,Sportsbet,Brisbane Lions,103,17131,16550830,609436417,2904652255,2904652254
Fremantle Dockers v Brisbane Lions,Fremantle Dockers,Brisbane Lions,Player Disposals,Isaiah Dudley,Fremantle Dockers,10.5,1.88,1.85,Sportsbet,Brisbane Lions,103,17131,16550830,609436443,2904652306,2904652307
Fremantle Dockers v Brisbane Lions,Fremantle Dockers,Brisbane Lions,Player Disposals,Michael Frederick,Fremantle Dockers,10.5,1.89,1.84,Sportsbet,Brisbane Lions,103,17131,16550830,609436432,2904652285,2904652284
Fremantle Dockers v Brisbane Lions,Fremantle Dockers,Brisbane Lions,Player Disposals,Patrick Voss,Fremantle Dockers,10.5,1.79,1.95,Sportsbet,Brisbane Lions,103,17131,16550830,609436424,2904652268,2904652269
Fremantle Dockers v Brisbane Lions,Fremantle Dockers,Brisbane Lions,Player Disposals,Alex Pearce,Fremantle Dockers,9.5,1.9,1.83,Sportsbet,Brisbane Lions,103,17131,16550830,609436406,2904652233,2904652232
Fremantle Dockers v Brisbane Lions,Fremantle Dockers,Brisbane Lions,Player Disposals,Jye Amiss,Fremantle Dockers,8.5,1.9,1.83,Sportsbet,Brisbane Lions,103,17131,16550830,609436428,2904652277,2904652276
Fremantle Dockers v Brisbane Lions,Fremantle Dockers,Brisbane Lions,Player Disposals,Mason Cox,Fremantle Dockers,4.5,1.91,1.82,Sportsbet,Brisbane Lions,103,17131,16550830,609436403,2904652226,2904652227
Fremantle Dockers v Brisbane Lions,Fremantle Dockers,Brisbane Lions,Player Disposals,Oscar McDonald,Fremantle Dockers,10.5,1.83,1.89,Sportsbet,Brisbane Lions,103,17131,16550830,609658441,2905701748,2905701747
Fremantle Dockers v Brisbane Lions,Fremantle Dockers,Brisbane Lions,Player Disposals,Will Ashcroft,Brisbane Lions,28.5,1.82,1.91,Sportsbet,Fremantle Dockers,103,17131,16550830,609436441,2904652302,2904652303
Fremantle Dockers v Brisbane Lions,Fremantle Dockers,Brisbane Lions,Player Disposals,Dayne Zorko,Brisbane Lions,24.5,1.86,1.87,Sportsbet,Fremantle Dockers,103,17131,16550830,609436420,2904652260,2904652261
Fremantle Dockers v Brisbane Lions,Fremantle Dockers,Brisbane Lions,Player Disposals,Lachie Neale,Brisbane Lions,25.5,1.83,1.9,Sportsbet,Fremantle Dockers,103,17131,16550830,609436438,2904652297,2904652296
Fremantle Dockers v Brisbane Lions,Fremantle Dockers,Brisbane Lions,Player Disposals,Josh Dunkley,Brisbane Lions,20.5,1.82,1.91,Sportsbet,Fremantle Dockers,103,17131,16550830,609436427,2904652275,2904652274
Fremantle Dockers v Brisbane Lions,Fremantle Dockers,Brisbane Lions,Player Disposals,Zac Bailey,Brisbane Lions,20.5,1.83,1.9,Sportsbet,Fremantle Dockers,103,17131,16550830,609436415,2904652250,2904652251
Fremantle Dockers v Brisbane Lions,Fremantle Dockers,Brisbane Lions,Player Disposals,Darcy Wilmot,Brisbane Lions,17.5,1.84,1.89,Sportsbet,Fremantle Dockers,103,17131,16550830,609436440,2904652300,2904652301
Fremantle Dockers v Brisbane Lions,Fremantle Dockers,Brisbane Lions,Player Disposals,Hugh McCluggage,Brisbane Lions,19.5,1.85,1.88,Sportsbet,Fremantle Dockers,103,17131,16550830,609436422,2904652265,2904652264
Fremantle Dockers v Brisbane Lions,Fremantle Dockers,Brisbane Lions,Player Disposals,Jarrod Berry,Brisbane Lions,18.5,1.84,1.89,Sportsbet,Fremantle Dockers,103,17131,16550830,609436436,2904652293,2904652292
Fremantle Dockers v Brisbane Lions,Fremantle Dockers,Brisbane Lions,Player Disposals,Jaspa Fletcher,Brisbane Lions,16.5,1.83,1.89,Sportsbet,Fremantle Dockers,103,17131,16550830,609436405,2904652231,2904652230
Fremantle Dockers v Brisbane Lions,Fremantle Dockers,Brisbane Lions,Player Disposals,Levi Ashcroft,Brisbane Lions,16.5,1.85,1.88,Sportsbet,Fremantle Dockers,103,17131,16550830,609436418,2904652256,2904652257
Fremantle Dockers v Brisbane Lions,Fremantle Dockers,Brisbane Lions,Player Disposals,Cam Rayner,Brisbane Lions,14.5,1.89,1.84,Sportsbet,Fremantle Dockers,103,17131,16550830,609436442,2904652305,2904652304
Fremantle Dockers v Brisbane Lions,Fremantle Dockers,Brisbane Lions,Player Disposals,Ryan Lester,Brisbane Lions,15.5,1.85,1.88,Sportsbet,Fremantle Dockers,103,17131,16550830,609436404,2904652228,2904652229
Fremantle Dockers v Brisbane Lions,Fremantle Dockers,Brisbane Lions,Player Disposals,Harris Andrews,Brisbane Lions,11.5,1.82,1.91,Sportsbet,Fremantle Dockers,103,17131,16550830,609436429,2904652279,2904652278
Fremantle Dockers v Brisbane Lions,Fremantle Dockers,Brisbane Lions,Player Disposals,Kai Lohmann,Brisbane Lions,11.5,1.85,1.88,Sportsbet,Fremantle Dockers,103,17131,16550830,609436426,2904652273,2904652272
Fremantle Dockers v Brisbane Lions,Fremantle Dockers,Brisbane Lions,Player Disposals,Conor McKenna,Brisbane Lions,12.5,1.89,1.83,Sportsbet,Fremantle Dockers,103,17131,16550830,609436439,2904652299,2904652298
Fremantle Dockers v Brisbane Lions,Fremantle Dockers,Brisbane Lions,Player Disposals,Charlie Cameron,Brisbane Lions,10.5,1.9,1.83,Sportsbet,Fremantle Dockers,103,17131,16550830,609436433,2904652287,2904652286
Fremantle Dockers v Brisbane Lions,Fremantle Dockers,Brisbane Lions,Player Disposals,Eric Hipwood,Brisbane Lions,10.5,1.86,1.87,Sportsbet,Fremantle Dockers,103,17131,16550830,609436423,2904652267,2904652266
Fremantle Dockers v Brisbane Lions,Fremantle Dockers,Brisbane Lions,Player Disposals,Logan Morris,Brisbane Lions,9.5,1.95,1.79,Sportsbet,Fremantle Dockers,103,17131,16550830,609436421,2904652262,2904652263
Fremantle Dockers v Brisbane Lions,Fremantle Dockers,Brisbane Lions,Player Disposals,Darcy Fort,Brisbane Lions,8.5,1.83,1.9,Sportsbet,Fremantle Dockers,103,17131,16550830,609436416,2904652252,2904652253
Fremantle Dockers v Brisbane Lions,Fremantle Dockers,Brisbane Lions,Player Disposals,Sam Draper,Brisbane Lions,8.5,1.83,1.9,Sportsbet,Fremantle Dockers,103,17131,16550830,609436414,2904652248,2904652249
Fremantle Dockers v Brisbane Lions,Fremantle Dockers,Brisbane Lions,Player Disposals,Oscar Allen,Brisbane Lions,6.5,1.88,1.85,Sportsbet,Fremantle Dockers,103,17131,16550830,609436437,2904652294,2904652295
Fremantle Dockers v Brisbane Lions,Fremantle Dockers,Brisbane Lions,Player Disposals,Ty Gallop,Brisbane Lions,8.5,1.91,1.82,Sportsbet,Fremantle Dockers,103,17131,16550830,609658442,2905701750,2905701749
Fremantle Dockers v Brisbane Lions,Fremantle Dockers,Brisbane Lions,Player Disposals,Darcy Gardiner,Brisbane Lions,7.5,1.92,1.81,Sportsbet,Fremantle Dockers,103,17131,16550830,609658443,2905701751,2905702691
