Pos,Opponent,market_name,dvp,raw_dvp,over_matchup_difficulty,under_matchup_difficulty,matchup_difficulty,games,match_count,sample_count,player_sample_count,observation_count,effect_sd,standard_error,bootstrap_ci_low,bootstrap_ci_high,shrinkage_weight,generated_at,model_version,team_window_games,min_tog_percentage
KEY_DEFENDER,Adelaide Crows,Player Clearances,0.0,0.0,Neutral,Neutral,Neutral,7,7,18,18,18,0.5099661451429046,0.12020017313537033,0.0,0.5154639175257733,0.6,2026-09-25T06:30:47.528746+00:00,dvp_v2_2026_positions_shrunk_per100tog,10,30.0
KEY_DEFENDER,Brisbane Lions,Player Clearances,0.0,0.0,Neutral,Neutral,Neutral,8,8,23,23,23,0.5616318355483753,0.11710833310516885,0.0,0.0,0.6571428571428571,2026-09-25T06:30:47.528746+00:00,dvp_v2_2026_positions_shrunk_per100tog,10,30.0
KEY_DEFENDER,Carlton,Player Clearances,0.0,0.0,Neutral,Neutral,Neutral,6,6,14,14,14,0.664301081526163,0.177541932052449,0.0,0.0,0.5384615384615384,2026-09-25T06:30:47.528746+00:00,dvp_v2_2026_positions_shrunk_per100tog,10,30.0
KEY_DEFENDER,Collingwood Magpies,Player Clearances,0.0,0.0,Neutral,Neutral,Neutral,8,8,24,24,36,0.5184101391062187,0.1058200265246236,0.0,0.0,0.6666666666666666,2026-09-25T06:30:47.528746+00:00,dvp_v2_2026_positions_shrunk_per100tog,10,30.0
KEY_DEFENDER,Essendon Bombers,Player Clearances,0.0,0.0,Neutral,Neutral,Neutral,7,7,21,21,26,0.5560454915731389,0.12133907404632564,0.0,0.0,0.6363636363636364,2026-09-25T06:30:47.528746+00:00,dvp_v2_2026_positions_shrunk_per100tog,10,30.0
KEY_DEFENDER,Fremantle Dockers,Player Clearances,0.0,0.0,Neutral,Neutral,Neutral,7,7,26,26,36,1.2134633996943276,0.237979752079693,0.0,0.0,0.6842105263157895,2026-09-25T06:30:47.528746+00:00,dvp_v2_2026_positions_shrunk_per100tog,10,30.0
KEY_DEFENDER,GWS Giants,Player Clearances,0.0,0.0,Neutral,Neutral,Neutral,7,7,19,19,26,0.5298453863646982,0.12155486815078857,0.0,0.0,0.6129032258064516,2026-09-25T06:30:47.528746+00:00,dvp_v2_2026_positions_shrunk_per100tog,10,30.0
KEY_DEFENDER,Geelong Cats,Player Clearances,0.0,0.0,Neutral,Neutral,Neutral,5,5,14,14,15,0.9465521686031131,0.2529767081157665,0.0,0.5335856958762771,0.5384615384615384,2026-09-25T06:30:47.528746+00:00,dvp_v2_2026_positions_shrunk_per100tog,10,30.0
KEY_DEFENDER,Gold Coast Suns,Player Clearances,0.0,0.0,Neutral,Neutral,Neutral,8,8,27,27,34,0.5957676368712495,0.1146555351740277,0.0,0.0,0.6923076923076923,2026-09-25T06:30:47.528746+00:00,dvp_v2_2026_positions_shrunk_per100tog,10,30.0
KEY_DEFENDER,Hawthorn Hawks,Player Clearances,0.0,0.0,Neutral,Neutral,Neutral,8,8,23,23,35,0.9904254008389766,0.20651797212318262,0.0,0.0,0.6571428571428571,2026-09-25T06:30:47.528746+00:00,dvp_v2_2026_positions_shrunk_per100tog,10,30.0
KEY_DEFENDER,Melbourne Demons,Player Clearances,0.0,0.0,Neutral,Neutral,Neutral,6,6,19,19,31,0.6604066047966586,0.15150766589239148,0.0,0.0,0.6129032258064516,2026-09-25T06:30:47.528746+00:00,dvp_v2_2026_positions_shrunk_per100tog,10,30.0
KEY_DEFENDER,North Melbourne Kangaroos,Player Clearances,0.0,0.0,Neutral,Neutral,Neutral,7,7,21,21,30,0.25798479210785574,0.05629689704674738,0.0,0.0,0.6363636363636364,2026-09-25T06:30:47.528746+00:00,dvp_v2_2026_positions_shrunk_per100tog,10,30.0
KEY_DEFENDER,Port Adelaide Power,Player Clearances,0.0,0.0,Neutral,Neutral,Neutral,8,8,22,22,38,0.3545269229323959,0.0755853939365371,0.0,0.0,0.6470588235294118,2026-09-25T06:30:47.528746+00:00,dvp_v2_2026_positions_shrunk_per100tog,10,30.0
KEY_DEFENDER,Richmond Tigers,Player Clearances,0.0,0.0,Neutral,Neutral,Neutral,9,9,26,26,38,1.0892076110801292,0.21361118704812923,0.0,0.0,0.6842105263157895,2026-09-25T06:30:47.528746+00:00,dvp_v2_2026_positions_shrunk_per100tog,10,30.0
KEY_DEFENDER,St Kilda Saints,Player Clearances,0.0,0.0,Neutral,Neutral,Neutral,7,7,20,20,35,0.8426477498006749,0.1884217649641544,0.0,0.0,0.625,2026-09-25T06:30:47.528746+00:00,dvp_v2_2026_positions_shrunk_per100tog,10,30.0
KEY_DEFENDER,Sydney Swans,Player Clearances,0.0,0.0,Neutral,Neutral,Neutral,5,5,13,13,13,0.45881860591978774,0.12725338536774616,0.0,0.0,0.52,2026-09-25T06:30:47.528746+00:00,dvp_v2_2026_positions_shrunk_per100tog,10,30.0
KEY_DEFENDER,West Coast Eagles,Player Clearances,0.0,0.0,Neutral,Neutral,Neutral,6,6,16,16,16,0.39935768646925274,0.09983942161731318,0.0,0.0,0.5714285714285714,2026-09-25T06:30:47.528746+00:00,dvp_v2_2026_positions_shrunk_per100tog,10,30.0
KEY_DEFENDER,Western Bulldogs,Player Clearances,0.0,0.0,Neutral,Neutral,Neutral,6,6,15,15,15,0.15011563357393087,0.03875968992248061,0.0,0.0,0.5555555555555556,2026-09-25T06:30:47.528746+00:00,dvp_v2_2026_positions_shrunk_per100tog,10,30.0
KEY_FORWARD,Adelaide Crows,Player Clearances,0.0,0.0,Neutral,Neutral,Neutral,8,8,22,22,22,1.6854157976326671,0.3593318554123472,0.0,0.0,0.6470588235294118,2026-09-25T06:30:47.528746+00:00,dvp_v2_2026_positions_shrunk_per100tog,10,30.0
KEY_FORWARD,Brisbane Lions,Player Clearances,0.0,0.0,Neutral,Neutral,Neutral,8,8,21,21,21,1.5558357038995252,0.33951118485878456,0.0,0.0,0.6363636363636364,2026-09-25T06:30:47.528746+00:00,dvp_v2_2026_positions_shrunk_per100tog,10,30.0
KEY_FORWARD,Carlton,Player Clearances,0.0,0.0,Neutral,Neutral,Neutral,6,6,16,16,16,0.6560942444557419,0.16402356111393548,0.0,0.0,0.5714285714285714,2026-09-25T06:30:47.528746+00:00,dvp_v2_2026_positions_shrunk_per100tog,10,30.0
KEY_FORWARD,Collingwood Magpies,Player Clearances,0.0,0.0,Neutral,Neutral,Neutral,8,8,25,25,41,1.3143749832175902,0.26287499664351804,0.0,0.0,0.6756756756756757,2026-09-25T06:30:47.528746+00:00,dvp_v2_2026_positions_shrunk_per100tog,10,30.0
KEY_FORWARD,Essendon Bombers,Player Clearances,0.0,0.0,Neutral,Neutral,Neutral,7,7,18,18,21,0.5210903754066495,0.12282217935369522,0.0,0.022045855379188684,0.6,2026-09-25T06:30:47.528746+00:00,dvp_v2_2026_positions_shrunk_per100tog,10,30.0
KEY_FORWARD,Fremantle Dockers,Player Clearances,0.0,0.0,Neutral,Neutral,Neutral,7,7,18,18,33,0.5158318906403857,0.12158274260803145,0.0,0.0,0.6,2026-09-25T06:30:47.528746+00:00,dvp_v2_2026_positions_shrunk_per100tog,10,30.0
KEY_FORWARD,GWS Giants,Player Clearances,0.0,0.0,Neutral,Neutral,Neutral,7,7,25,25,37,1.19028087968277,0.23805617593655398,0.0,0.0,0.6756756756756757,2026-09-25T06:30:47.528746+00:00,dvp_v2_2026_positions_shrunk_per100tog,10,30.0
KEY_FORWARD,Geelong Cats,Player Clearances,0.0,0.0,Neutral,Neutral,Neutral,5,5,9,9,9,0.4065040650406504,0.13550135501355012,0.0,0.0,0.42857142857142855,2026-09-25T06:30:47.528746+00:00,dvp_v2_2026_positions_shrunk_per100tog,10,30.0
KEY_FORWARD,Gold Coast Suns,Player Clearances,0.0,0.0,Neutral,Neutral,Neutral,8,8,24,24,31,0.7655212895121326,0.15626137887851005,0.0,0.0,0.6666666666666666,2026-09-25T06:30:47.528746+00:00,dvp_v2_2026_positions_shrunk_per100tog,10,30.0
KEY_FORWARD,Hawthorn Hawks,Player Clearances,0.0,0.0,Neutral,Neutral,Neutral,8,8,26,26,37,1.2553886726697663,0.24620197458024937,0.0,0.0,0.6842105263157895,2026-09-25T06:30:47.528746+00:00,dvp_v2_2026_positions_shrunk_per100tog,10,30.0
KEY_FORWARD,Melbourne Demons,Player Clearances,0.0,0.0,Neutral,Neutral,Neutral,6,6,15,15,25,0.5827608099533379,0.15046819411810822,0.0,0.0,0.5555555555555556,2026-09-25T06:30:47.528746+00:00,dvp_v2_2026_positions_shrunk_per100tog,10,30.0
KEY_FORWARD,North Melbourne Kangaroos,Player Clearances,0.0,0.0,Neutral,Neutral,Neutral,7,7,17,17,31,0.564953638429028,0.13702138381293477,0.0,0.0,0.5862068965517241,2026-09-25T06:30:47.528746+00:00,dvp_v2_2026_positions_shrunk_per100tog,10,30.0
KEY_FORWARD,Port Adelaide Power,Player Clearances,0.0,0.0,Neutral,Neutral,Neutral,8,8,24,24,39,0.4790089081253181,0.09777728392956138,0.0,0.0,0.6666666666666666,2026-09-25T06:30:47.528746+00:00,dvp_v2_2026_positions_shrunk_per100tog,10,30.0
KEY_FORWARD,Richmond Tigers,Player Clearances,0.0,0.0,Neutral,Neutral,Neutral,9,9,27,27,38,1.2370388196170892,0.2380682318346478,0.0,0.0,0.6923076923076923,2026-09-25T06:30:47.528746+00:00,dvp_v2_2026_positions_shrunk_per100tog,10,30.0
KEY_FORWARD,St Kilda Saints,Player Clearances,0.0,0.0,Neutral,Neutral,Neutral,7,7,20,20,29,0.8091484403628982,0.1809310916539375,0.0,0.0,0.625,2026-09-25T06:30:47.528746+00:00,dvp_v2_2026_positions_shrunk_per100tog,10,30.0
KEY_FORWARD,Sydney Swans,Player Clearances,0.0,0.0,Neutral,Neutral,Neutral,5,5,12,12,12,0.6537687901349271,0.18872679348608806,0.0,0.0,0.5,2026-09-25T06:30:47.528746+00:00,dvp_v2_2026_positions_shrunk_per100tog,10,30.0
KEY_FORWARD,West Coast Eagles,Player Clearances,0.0,0.0,Neutral,Neutral,Neutral,6,6,15,15,15,1.215640830138951,0.3138771126731944,0.0,0.0,0.5555555555555556,2026-09-25T06:30:47.528746+00:00,dvp_v2_2026_positions_shrunk_per100tog,10,30.0
KEY_FORWARD,Western Bulldogs,Player Clearances,0.0,0.0,Neutral,Neutral,Neutral,6,6,15,15,15,1.229452346204765,0.3174432307871127,0.0,1.1111111111111112,0.5555555555555556,2026-09-25T06:30:47.528746+00:00,dvp_v2_2026_positions_shrunk_per100tog,10,30.0
MEDIUM_DEFENDER,Adelaide Crows,Player Clearances,0.0,0.0,Neutral,Neutral,Neutral,8,8,40,40,40,1.0822706394356774,0.17112201326717946,0.0,0.382353545946168,0.7692307692307693,2026-09-25T06:30:47.528746+00:00,dvp_v2_2026_positions_shrunk_per100tog,10,30.0
MEDIUM_DEFENDER,Brisbane Lions,Player Clearances,0.0,0.0,Neutral,Neutral,Neutral,8,8,41,41,41,1.14591696312122,0.178962162942608,0.0,0.13262599469496017,0.7735849056603774,2026-09-25T06:30:47.528746+00:00,dvp_v2_2026_positions_shrunk_per100tog,10,30.0
MEDIUM_DEFENDER,Carlton,Player Clearances,0.0,0.0,Neutral,Neutral,Neutral,6,6,27,27,28,1.096083348600895,0.21094133878966437,-0.6024096385542169,0.0,0.6923076923076923,2026-09-25T06:30:47.528746+00:00,dvp_v2_2026_positions_shrunk_per100tog,10,30.0
MEDIUM_DEFENDER,Collingwood Magpies,Player Clearances,0.0,0.0,Neutral,Neutral,Neutral,8,8,49,49,67,1.085304341340826,0.15504347733440374,0.0,0.2805836139169473,0.8032786885245902,2026-09-25T06:30:47.528746+00:00,dvp_v2_2026_positions_shrunk_per100tog,10,30.0
MEDIUM_DEFENDER,Essendon Bombers,Player Clearances,0.0,0.0,Neutral,Neutral,Neutral,7,7,43,43,71,1.0062944539196161,0.1534584655563706,0.0,0.5429292929292929,0.7818181818181819,2026-09-25T06:30:47.528746+00:00,dvp_v2_2026_positions_shrunk_per100tog,10,30.0
MEDIUM_DEFENDER,Fremantle Dockers,Player Clearances,0.0,0.0,Neutral,Neutral,Neutral,7,7,35,35,59,0.9938298485304333,0.16798790499233857,-0.5681818181818182,0.0,0.7446808510638298,2026-09-25T06:30:47.528746+00:00,dvp_v2_2026_positions_shrunk_per100tog,10,30.0
MEDIUM_DEFENDER,GWS Giants,Player Clearances,0.0,0.0,Neutral,Neutral,Neutral,7,7,44,44,69,1.2831269301894341,0.19343866299267726,0.0,0.38362068965517243,0.7857142857142857,2026-09-25T06:30:47.528746+00:00,dvp_v2_2026_positions_shrunk_per100tog,10,30.0
MEDIUM_DEFENDER,Geelong Cats,Player Clearances,0.01344340257732395,0.019896235814439445,Good,Bad,Good,5,5,25,25,25,1.2180061767816956,0.24360123535633912,0.0,1.2573568753344033,0.6756756756756757,2026-09-25T06:30:47.528746+00:00,dvp_v2_2026_positions_shrunk_per100tog,10,30.0
MEDIUM_DEFENDER,Gold Coast Suns,Player Clearances,0.0,0.0,Neutral,Neutral,Neutral,8,8,41,41,54,1.1006207008404731,0.17188807526273078,0.0,0.05287508261731655,0.7735849056603774,2026-09-25T06:30:47.528746+00:00,dvp_v2_2026_positions_shrunk_per100tog,10,30.0
MEDIUM_DEFENDER,Hawthorn Hawks,Player Clearances,0.0,0.0,Neutral,Neutral,Neutral,8,8,45,45,61,1.2908386118526334,0.19242685893893025,0.0,0.24122219244170484,0.7894736842105263,2026-09-25T06:30:47.528746+00:00,dvp_v2_2026_positions_shrunk_per100tog,10,30.0
MEDIUM_DEFENDER,Melbourne Demons,Player Clearances,0.0,0.0,Neutral,Neutral,Neutral,6,6,40,40,58,1.041025253533466,0.16460054514600014,0.0,0.08122157244964279,0.7692307692307693,2026-09-25T06:30:47.528746+00:00,dvp_v2_2026_positions_shrunk_per100tog,10,30.0
MEDIUM_DEFENDER,North Melbourne Kangaroos,Player Clearances,0.0,0.0,Neutral,Neutral,Neutral,7,7,43,43,62,1.1284533038749707,0.17208751552803733,0.0,1.1558296368422951,0.7818181818181819,2026-09-25T06:30:47.528746+00:00,dvp_v2_2026_positions_shrunk_per100tog,10,30.0
MEDIUM_DEFENDER,Port Adelaide Power,Player Clearances,0.0,0.0,Neutral,Neutral,Neutral,8,8,43,43,64,1.1684889826050702,0.17819289929667298,0.0,0.0,0.7818181818181819,2026-09-25T06:30:47.528746+00:00,dvp_v2_2026_positions_shrunk_per100tog,10,30.0
MEDIUM_DEFENDER,Richmond Tigers,Player Clearances,0.0,0.0,Neutral,Neutral,Neutral,9,9,52,52,86,1.0366302786448904,0.14375475474433366,-0.006384065372829428,0.0,0.8125,2026-09-25T06:30:47.528746+00:00,dvp_v2_2026_positions_shrunk_per100tog,10,30.0
MEDIUM_DEFENDER,St Kilda Saints,Player Clearances,0.0,0.0,Neutral,Neutral,Neutral,7,7,41,41,61,1.0370206202010732,0.161955411412857,0.0,0.030487804878048808,0.7735849056603774,2026-09-25T06:30:47.528746+00:00,dvp_v2_2026_positions_shrunk_per100tog,10,30.0
MEDIUM_DEFENDER,Sydney Swans,Player Clearances,0.06505502720809697,0.09758254081214546,Good,Bad,Good,5,5,24,24,24,1.6209251220901857,0.3308699550316234,0.0,1.236533311275955,0.6666666666666666,2026-09-25T06:30:47.528746+00:00,dvp_v2_2026_positions_shrunk_per100tog,10,30.0
MEDIUM_DEFENDER,West Coast Eagles,Player Clearances,0.0,0.0,Neutral,Neutral,Neutral,6,6,27,27,28,0.9272211604678174,0.17844379553147052,0.0,0.0010507144858494235,0.6923076923076923,2026-09-25T06:30:47.528746+00:00,dvp_v2_2026_positions_shrunk_per100tog,10,30.0
MEDIUM_DEFENDER,Western Bulldogs,Player Clearances,0.0,0.0,Neutral,Neutral,Neutral,6,6,32,32,32,1.0804593932814908,0.19100004094651124,-0.04586704208017056,0.05641734808401466,0.7272727272727273,2026-09-25T06:30:47.528746+00:00,dvp_v2_2026_positions_shrunk_per100tog,10,30.0
MEDIUM_FORWARD,Adelaide Crows,Player Clearances,-0.20363408521303258,-0.2976190476190476,Terrible,Excellent,Terrible,8,8,26,26,27,1.4691815210257897,0.2881302017200166,-1.2666345999679334,0.065359477124183,0.6842105263157895,2026-09-25T06:30:47.528746+00:00,dvp_v2_2026_positions_shrunk_per100tog,10,30.0
MEDIUM_FORWARD,Brisbane Lions,Player Clearances,0.0,0.0,Neutral,Neutral,Neutral,8,8,32,32,32,1.162201118846374,0.20545007305971588,0.0,0.012941919191918932,0.7272727272727273,2026-09-25T06:30:47.528746+00:00,dvp_v2_2026_positions_shrunk_per100tog,10,30.0
MEDIUM_FORWARD,Carlton,Player Clearances,0.0,0.0,Neutral,Neutral,Neutral,6,6,24,24,25,2.153607997595143,0.4396033916737602,-0.3967887743437542,0.6107633273872041,0.6666666666666666,2026-09-25T06:30:47.528746+00:00,dvp_v2_2026_positions_shrunk_per100tog,10,30.0
MEDIUM_FORWARD,Collingwood Magpies,Player Clearances,0.0,0.0,Neutral,Neutral,Neutral,8,8,41,41,57,1.4622232520516598,0.22836090599389913,-0.5952380952380952,0.0,0.7735849056603774,2026-09-25T06:30:47.528746+00:00,dvp_v2_2026_positions_shrunk_per100tog,10,30.0
MEDIUM_FORWARD,Essendon Bombers,Player Clearances,0.0,0.0,Neutral,Neutral,Neutral,7,7,38,38,51,1.4211310568423245,0.23053789965402438,0.0,0.012626262626262652,0.76,2026-09-25T06:30:47.528746+00:00,dvp_v2_2026_positions_shrunk_per100tog,10,30.0
MEDIUM_FORWARD,Fremantle Dockers,Player Clearances,0.0,0.0,Neutral,Neutral,Neutral,7,7,31,31,51,1.370322473348423,0.24611718169982072,-0.5494505494505494,0.046504147880370716,0.7209302325581395,2026-09-25T06:30:47.528746+00:00,dvp_v2_2026_positions_shrunk_per100tog,10,30.0
MEDIUM_FORWARD,GWS Giants,Player Clearances,0.0,0.0,Neutral,Neutral,Neutral,7,7,35,35,49,1.5577658127523906,0.2633104809036617,-0.193836014731537,0.8000438380185213,0.7446808510638298,2026-09-25T06:30:47.528746+00:00,dvp_v2_2026_positions_shrunk_per100tog,10,30.0
MEDIUM_FORWARD,Geelong Cats,Player Clearances,0.0,0.0,Neutral,Neutral,Neutral,5,5,20,20,20,1.3298278252510205,0.2973585415631993,0.0,1.2716422091422084,0.625,2026-09-25T06:30:47.528746+00:00,dvp_v2_2026_positions_shrunk_per100tog,10,30.0
MEDIUM_FORWARD,Gold Coast Suns,Player Clearances,0.8786420743116815,1.1561079925153703,Excellent,Terrible,Excellent,8,8,38,38,49,1.2964189661187333,0.21030692706465481,0.074148294511312,1.2345679012345678,0.76,2026-09-25T06:30:47.528746+00:00,dvp_v2_2026_positions_shrunk_per100tog,10,30.0
MEDIUM_FORWARD,Hawthorn Hawks,Player Clearances,0.01264558226583548,0.016439256945586123,Good,Bad,Good,8,8,40,40,56,1.6969939163574168,0.2683182975569353,0.0,1.2658227848101264,0.7692307692307693,2026-09-25T06:30:47.528746+00:00,dvp_v2_2026_positions_shrunk_per100tog,10,30.0
MEDIUM_FORWARD,Melbourne Demons,Player Clearances,0.0,0.0,Neutral,Neutral,Neutral,6,6,32,32,49,1.4172309184112777,0.25053339822896326,0.0,0.8782534490115204,0.7272727272727273,2026-09-25T06:30:47.528746+00:00,dvp_v2_2026_positions_shrunk_per100tog,10,30.0
MEDIUM_FORWARD,North Melbourne Kangaroos,Player Clearances,0.0,0.0,Neutral,Neutral,Neutral,7,7,39,39,53,1.8255240846165928,0.29231780139637664,-0.5952380952380952,0.0,0.7647058823529411,2026-09-25T06:30:47.528746+00:00,dvp_v2_2026_positions_shrunk_per100tog,10,30.0
MEDIUM_FORWARD,Port Adelaide Power,Player Clearances,0.0,0.0,Neutral,Neutral,Neutral,8,8,37,37,62,1.6337818630190417,0.26859208375819044,-0.04518072289156616,0.0,0.7551020408163265,2026-09-25T06:30:47.528746+00:00,dvp_v2_2026_positions_shrunk_per100tog,10,30.0
MEDIUM_FORWARD,Richmond Tigers,Player Clearances,0.0,0.0,Neutral,Neutral,Neutral,9,9,45,45,58,1.3829434851679927,0.20615704279174024,0.0,1.196078431372549,0.7894736842105263,2026-09-25T06:30:47.528746+00:00,dvp_v2_2026_positions_shrunk_per100tog,10,30.0
MEDIUM_FORWARD,St Kilda Saints,Player Clearances,0.0,0.0,Neutral,Neutral,Neutral,7,7,35,35,50,1.9004292154483218,0.3212311674493052,-0.5952380952380952,0.649122807017544,0.7446808510638298,2026-09-25T06:30:47.528746+00:00,dvp_v2_2026_positions_shrunk_per100tog,10,30.0
MEDIUM_FORWARD,Sydney Swans,Player Clearances,0.0,0.0,Neutral,Neutral,Neutral,5,5,20,20,20,1.4782410525067575,0.3305447480535946,0.0,0.6022408963585434,0.625,2026-09-25T06:30:47.528746+00:00,dvp_v2_2026_positions_shrunk_per100tog,10,30.0
MEDIUM_FORWARD,West Coast Eagles,Player Clearances,0.0,0.0,Neutral,Neutral,Neutral,6,6,29,29,30,1.793122517313019,0.3329744922453276,0.0,1.25,0.7073170731707317,2026-09-25T06:30:47.528746+00:00,dvp_v2_2026_positions_shrunk_per100tog,10,30.0
MEDIUM_FORWARD,Western Bulldogs,Player Clearances,0.0,0.0,Neutral,Neutral,Neutral,6,6,22,22,24,1.030783382801136,0.21976375562066158,-0.03206168831168797,0.0,0.6470588235294118,2026-09-25T06:30:47.528746+00:00,dvp_v2_2026_positions_shrunk_per100tog,10,30.0
MIDFIELDER,Adelaide Crows,Player Clearances,0.012030468019578949,0.015238592824800001,Good,Bad,Good,8,8,45,45,45,2.465283459513717,0.36750275995190146,-0.2898213960269727,0.7435465768799103,0.7894736842105263,2026-09-25T06:30:47.528746+00:00,dvp_v2_2026_positions_shrunk_per100tog,10,30.0
MIDFIELDER,Brisbane Lions,Player Clearances,0.5348491919693446,0.6774756431611697,Excellent,Terrible,Excellent,8,8,45,45,45,2.8191077347890503,0.42024776872558434,0.0,1.1364798232160815,0.7894736842105263,2026-09-25T06:30:47.528746+00:00,dvp_v2_2026_positions_shrunk_per100tog,10,30.0
MIDFIELDER,Carlton,Player Clearances,-0.1928156277376049,-0.2570875036501399,Terrible,Excellent,Terrible,6,6,36,36,36,2.546037538660828,0.4243395897768047,-1.2698290872815403,0.11530257936507937,0.75,2026-09-25T06:30:47.528746+00:00,dvp_v2_2026_positions_shrunk_per100tog,10,30.0
MIDFIELDER,Collingwood Magpies,Player Clearances,0.13762335748283006,0.17065296327870927,Excellent,Terrible,Excellent,8,8,50,50,79,3.943221891284054,0.5576557878100395,-1.1719407632172616,2.027747770719658,0.8064516129032258,2026-09-25T06:30:47.528746+00:00,dvp_v2_2026_positions_shrunk_per100tog,10,30.0
MIDFIELDER,Essendon Bombers,Player Clearances,0.1350673808300928,0.16955266955266968,Excellent,Terrible,Excellent,7,7,47,47,64,3.1218774196526438,0.4553726232751019,-0.5921052631578947,1.14856429463171,0.7966101694915254,2026-09-25T06:30:47.528746+00:00,dvp_v2_2026_positions_shrunk_per100tog,10,30.0
MIDFIELDER,Fremantle Dockers,Player Clearances,-0.2513807216145982,-0.3052480191034407,Terrible,Excellent,Terrible,7,7,56,56,90,2.6582718972797137,0.3552265243039365,-0.7901343753054596,0.1756709440532962,0.8235294117647058,2026-09-25T06:30:47.528746+00:00,dvp_v2_2026_positions_shrunk_per100tog,10,30.0
MIDFIELDER,GWS Giants,Player Clearances,-0.02958152958152951,-0.036976911976911886,Terrible,Excellent,Terrible,7,7,48,48,77,3.292322438757669,0.47520581156894637,-0.8151387388082751,0.8208912788737923,0.8,2026-09-25T06:30:47.528746+00:00,dvp_v2_2026_positions_shrunk_per100tog,10,30.0
MIDFIELDER,Geelong Cats,Player Clearances,0.0,0.0,Neutral,Neutral,Neutral,5,5,28,28,28,2.1664807535422894,0.4094263781486224,-0.5931293612453032,0.693456614509246,0.7,2026-09-25T06:30:47.528746+00:00,dvp_v2_2026_positions_shrunk_per100tog,10,30.0
MIDFIELDER,Gold Coast Suns,Player Clearances,-0.13251219045248183,-0.16195934388636668,Terrible,Excellent,Terrible,8,8,54,54,68,3.3415689160633253,0.4547299324833454,-1.1273568228816626,0.9783005023677904,0.8181818181818182,2026-09-25T06:30:47.528746+00:00,dvp_v2_2026_positions_shrunk_per100tog,10,30.0
MIDFIELDER,Hawthorn Hawks,Player Clearances,-0.3856550203227239,-0.4782122252001777,Terrible,Excellent,Terrible,8,8,50,50,74,2.220897701379116,0.3140823649933578,-1.0158060247766902,0.4944651200560919,0.8064516129032258,2026-09-25T06:30:47.528746+00:00,dvp_v2_2026_positions_shrunk_per100tog,10,30.0
MIDFIELDER,Melbourne Demons,Player Clearances,0.19006774209269384,0.24855012427506118,Excellent,Terrible,Excellent,6,6,39,39,64,2.786022683438639,0.44612066875812395,-0.41883043758043687,1.1259011282923288,0.7647058823529411,2026-09-25T06:30:47.528746+00:00,dvp_v2_2026_positions_shrunk_per100tog,10,30.0
MIDFIELDER,North Melbourne Kangaroos,Player Clearances,-0.0610429248652508,-0.07662835249042121,Terrible,Excellent,Terrible,7,7,47,47,71,3.092366639522502,0.4510680335823225,-0.8657248433982926,0.8400139017608808,0.7966101694915254,2026-09-25T06:30:47.528746+00:00,dvp_v2_2026_positions_shrunk_per100tog,10,30.0
MIDFIELDER,Port Adelaide Power,Player Clearances,-0.12913915352939745,-0.158378207158695,Terrible,Excellent,Terrible,8,8,53,53,81,2.633838351688122,0.361785521337566,-1.2100413541519255,0.43436293436293427,0.8153846153846154,2026-09-25T06:30:47.528746+00:00,dvp_v2_2026_positions_shrunk_per100tog,10,30.0
MIDFIELDER,Richmond Tigers,Player Clearances,-0.31460240738932316,-0.37752288886718777,Terrible,Excellent,Terrible,9,9,60,60,82,2.8061885781572258,0.3622773876506802,-1.1137598451987585,0.13447998548977888,0.8333333333333334,2026-09-25T06:30:47.528746+00:00,dvp_v2_2026_positions_shrunk_per100tog,10,30.0
MIDFIELDER,St Kilda Saints,Player Clearances,0.012709991158266976,0.01602564102564097,Good,Bad,Good,7,7,46,46,72,3.3482859374175504,0.4936778283787771,-0.7566360612224124,1.1114308427843778,0.7931034482758621,2026-09-25T06:30:47.528746+00:00,dvp_v2_2026_positions_shrunk_per100tog,10,30.0
MIDFIELDER,Sydney Swans,Player Clearances,1.2095974618282763,1.7101205494813563,Excellent,Terrible,Excellent,5,5,29,29,29,3.2453154784209226,0.6026399552565941,0.032456994482310986,2.6446522501461143,0.7073170731707317,2026-09-25T06:30:47.528746+00:00,dvp_v2_2026_positions_shrunk_per100tog,10,30.0
MIDFIELDER,West Coast Eagles,Player Clearances,0.8846789495449131,1.1795719327265508,Excellent,Terrible,Excellent,6,6,36,36,36,2.7986629369243703,0.4664438228207284,-0.06253908692933074,1.7442555884451294,0.75,2026-09-25T06:30:47.528746+00:00,dvp_v2_2026_positions_shrunk_per100tog,10,30.0
MIDFIELDER,Western Bulldogs,Player Clearances,0.5115632407543526,0.6774756431611697,Excellent,Terrible,Excellent,6,6,37,37,37,2.98312843738383,0.49042329410771457,-0.10558069381598778,1.5617294098306758,0.7551020408163265,2026-09-25T06:30:47.528746+00:00,dvp_v2_2026_positions_shrunk_per100tog,10,30.0
MIDFIELDER_FORWARD,Adelaide Crows,Player Clearances,-0.08041697691734918,-0.13402829486224865,Terrible,Excellent,Terrible,8,8,18,18,19,1.6844400260388919,0.3970263216380484,-1.3172158458029453,1.0069044879171465,0.6,2026-09-25T06:30:47.528746+00:00,dvp_v2_2026_positions_shrunk_per100tog,10,30.0
MIDFIELDER_FORWARD,Brisbane Lions,Player Clearances,-0.46934762020421117,-1.1733690505105279,Terrible,Excellent,Terrible,6,6,8,8,9,1.7058674725278509,0.6031152288149999,-1.4899514899514905,1.256263185654003,0.4,2026-09-25T06:30:47.528746+00:00,dvp_v2_2026_positions_shrunk_per100tog,10,30.0
MIDFIELDER_FORWARD,Carlton,Player Clearances,0.23853981709528993,0.5963495427382248,Excellent,Terrible,Excellent,5,5,8,8,8,2.870192065092093,1.0147661362672198,-2.709921931735657,2.923976608187134,0.4,2026-09-25T06:30:47.528746+00:00,dvp_v2_2026_positions_shrunk_per100tog,10,30.0
MIDFIELDER_FORWARD,Collingwood Magpies,Player Clearances,0.0,0.0,Neutral,Neutral,Neutral,8,8,9,9,23,2.5967846005884057,0.8655948668628018,-0.3583817684761881,1.3107810150251944,0.42857142857142855,2026-09-25T06:30:47.528746+00:00,dvp_v2_2026_positions_shrunk_per100tog,10,30.0
MIDFIELDER_FORWARD,Essendon Bombers,Player Clearances,1.034728755310867,2.069457510621734,Excellent,Terrible,Excellent,6,6,12,12,20,2.7919675038961684,0.8059715949715702,0.6537244203452851,3.389364527244438,0.5,2026-09-25T06:30:47.528746+00:00,dvp_v2_2026_positions_shrunk_per100tog,10,30.0
MIDFIELDER_FORWARD,Fremantle Dockers,Player Clearances,0.7479087221271529,2.030037960059415,Excellent,Terrible,Excellent,4,4,7,7,7,2.850164407766125,1.0772608883709796,-2.531645569620253,2.7056277056277054,0.3684210526315789,2026-09-25T06:30:47.528746+00:00,dvp_v2_2026_positions_shrunk_per100tog,10,30.0
MIDFIELDER_FORWARD,GWS Giants,Player Clearances,0.07162819097719636,0.1671324456134582,Excellent,Terrible,Excellent,7,7,9,9,22,3.1588520929000716,1.0529506976333571,-1.2684820763748532,3.861927546138072,0.42857142857142855,2026-09-25T06:30:47.528746+00:00,dvp_v2_2026_positions_shrunk_per100tog,10,30.0
MIDFIELDER_FORWARD,Geelong Cats,Player Clearances,0.0,0.0,Neutral,Neutral,Neutral,5,5,9,9,9,1.9115650915360949,0.6371883638453649,-0.9294224018721415,1.4459665144596645,0.42857142857142855,2026-09-25T06:30:47.528746+00:00,dvp_v2_2026_positions_shrunk_per100tog,10,30.0
MIDFIELDER_FORWARD,Gold Coast Suns,Player Clearances,0.4410918567657217,0.848253570703311,Excellent,Terrible,Excellent,6,6,13,13,21,1.605361176304021,0.44524707975410255,-0.6493506493506493,1.3333333333333333,0.52,2026-09-25T06:30:47.528746+00:00,dvp_v2_2026_positions_shrunk_per100tog,10,30.0
MIDFIELDER_FORWARD,Hawthorn Hawks,Player Clearances,-0.5583754403180713,-1.036982960590704,Terrible,Excellent,Terrible,7,7,14,14,15,3.388329496246667,0.9055691491753836,-1.4154629054554926,0.23787234519110778,0.5384615384615384,2026-09-25T06:30:47.528746+00:00,dvp_v2_2026_positions_shrunk_per100tog,10,30.0
MIDFIELDER_FORWARD,Melbourne Demons,Player Clearances,-0.32010243277848915,-0.7042253521126761,Terrible,Excellent,Terrible,6,6,10,10,13,2.1137291534129448,0.6684198481484376,-2.659069325735992,1.353562397739104,0.45454545454545453,2026-09-25T06:30:47.528746+00:00,dvp_v2_2026_positions_shrunk_per100tog,10,30.0
MIDFIELDER_FORWARD,North Melbourne Kangaroos,Player Clearances,0.20713806553367312,0.4557037441740809,Excellent,Terrible,Excellent,6,6,10,10,10,2.4606267230861483,0.7781184916428651,-0.9778243408416278,2.140410958904109,0.45454545454545453,2026-09-25T06:30:47.528746+00:00,dvp_v2_2026_positions_shrunk_per100tog,10,30.0
MIDFIELDER_FORWARD,Port Adelaide Power,Player Clearances,0.3847854931446261,0.897832817337461,Excellent,Terrible,Excellent,7,7,9,9,13,2.368545937011412,0.7895153123371373,-1.3411693791440624,1.176133103843947,0.42857142857142855,2026-09-25T06:30:47.528746+00:00,dvp_v2_2026_positions_shrunk_per100tog,10,30.0
MIDFIELDER_FORWARD,Richmond Tigers,Player Clearances,-0.05242943003428269,-0.10485886006856537,Terrible,Excellent,Terrible,7,7,12,12,23,2.0797650624631823,0.6003764593321486,-1.5247731538320424,1.353562397739104,0.5,2026-09-25T06:30:47.528746+00:00,dvp_v2_2026_positions_shrunk_per100tog,10,30.0
MIDFIELDER_FORWARD,St Kilda Saints,Player Clearances,0.24913663115910348,0.47910890607519896,Excellent,Terrible,Excellent,6,6,13,13,26,3.3198426151932527,0.9207586750422876,-0.2203026173614396,1.7596702599873169,0.52,2026-09-25T06:30:47.528746+00:00,dvp_v2_2026_positions_shrunk_per100tog,10,30.0
MIDFIELDER_FORWARD,Sydney Swans,Player Clearances,-0.09727140490539612,-0.2918142147161884,Terrible,Excellent,Terrible,4,4,6,6,6,1.630824089913539,0.6657811467544876,-1.9574032645028798,1.1620176531915587,0.3333333333333333,2026-09-25T06:30:47.528746+00:00,dvp_v2_2026_positions_shrunk_per100tog,10,30.0
MIDFIELDER_FORWARD,West Coast Eagles,Player Clearances,-0.3723008190618019,-1.2658227848101264,Terrible,Excellent,Terrible,4,4,5,5,5,4.498483132369622,2.011782815922932,-3.2654558796551103,7.9946702198534325,0.29411764705882354,2026-09-25T06:30:47.528746+00:00,dvp_v2_2026_positions_shrunk_per100tog,10,30.0
MIDFIELDER_FORWARD,Western Bulldogs,Player Clearances,0.0,0.0,Neutral,Neutral,Neutral,4,4,7,7,7,1.6097155703195423,0.6084152972305734,-2.531645569620253,0.6916272685679425,0.3684210526315789,2026-09-25T06:30:47.528746+00:00,dvp_v2_2026_positions_shrunk_per100tog,10,30.0
RUCK,Adelaide Crows,Player Clearances,0.57493663007979,1.20214022653047,Excellent,Terrible,Excellent,8,8,11,11,11,2.718559286145299,0.8196764656800344,-1.585297418630752,3.953742772308172,0.4782608695652174,2026-09-25T06:30:47.528746+00:00,dvp_v2_2026_positions_shrunk_per100tog,10,30.0
RUCK,Brisbane Lions,Player Clearances,0.0,0.0,Neutral,Neutral,Neutral,8,8,11,11,12,3.695854768384947,1.1143421405798846,-2.009426595269968,1.8494476442262302,0.4782608695652174,2026-09-25T06:30:47.528746+00:00,dvp_v2_2026_positions_shrunk_per100tog,10,30.0
RUCK,Carlton,Player Clearances,0.01159084323384531,0.02704530087897239,Good,Bad,Good,6,6,9,9,9,3.581255045903162,1.1937516819677205,-3.8186813186813184,2.5,0.42857142857142855,2026-09-25T06:30:47.528746+00:00,dvp_v2_2026_positions_shrunk_per100tog,10,30.0
RUCK,Collingwood Magpies,Player Clearances,-0.5153000609331398,-1.1336601340529078,Terrible,Excellent,Terrible,8,8,10,10,16,2.6220718475309415,0.8291719226803524,-2.4041260883366142,2.5119617224880377,0.45454545454545453,2026-09-25T06:30:47.528746+00:00,dvp_v2_2026_positions_shrunk_per100tog,10,30.0
RUCK,Essendon Bombers,Player Clearances,0.4840182648401825,0.9308043554618894,Excellent,Terrible,Excellent,6,6,13,13,22,2.980135307358091,0.8265408198846333,-0.4335370511841101,2.7583914921900954,0.52,2026-09-25T06:30:47.528746+00:00,dvp_v2_2026_positions_shrunk_per100tog,10,30.0
RUCK,Fremantle Dockers,Player Clearances,-0.39199984043535635,-0.7279997036656618,Terrible,Excellent,Terrible,7,7,14,14,23,1.7149577310189508,0.45834173301943826,-2.2145419283973498,0.3549609542950283,0.5384615384615384,2026-09-25T06:30:47.528746+00:00,dvp_v2_2026_positions_shrunk_per100tog,10,30.0
RUCK,GWS Giants,Player Clearances,-0.1707124660695116,-0.37556742535292553,Terrible,Excellent,Terrible,7,7,10,10,16,3.5716317914723312,1.129449142452012,-3.8665027595860257,2.469135802469135,0.45454545454545453,2026-09-25T06:30:47.528746+00:00,dvp_v2_2026_positions_shrunk_per100tog,10,30.0
RUCK,Geelong Cats,Player Clearances,0.5628978864272982,1.4072447160682455,Excellent,Terrible,Excellent,5,5,8,8,8,3.883072660762686,1.3728735051326928,-2.30205679762006,5.728744939271254,0.4,2026-09-25T06:30:47.528746+00:00,dvp_v2_2026_positions_shrunk_per100tog,10,30.0
RUCK,Gold Coast Suns,Player Clearances,0.07333767926988237,0.13619854721549585,Excellent,Terrible,Excellent,8,8,14,14,17,4.283091698436981,1.1447044065490626,-3.226495726495726,0.9746130145200276,0.5384615384615384,2026-09-25T06:30:47.528746+00:00,dvp_v2_2026_positions_shrunk_per100tog,10,30.0
RUCK,Hawthorn Hawks,Player Clearances,0.28875067831425183,0.5775013566285037,Excellent,Terrible,Excellent,8,8,12,12,17,2.569505662517375,0.7417523929693371,-0.6105635209879479,2.7165492077772777,0.5,2026-09-25T06:30:47.528746+00:00,dvp_v2_2026_positions_shrunk_per100tog,10,30.0
RUCK,Melbourne Demons,Player Clearances,1.0223399418170904,2.5558498545427257,Excellent,Terrible,Excellent,6,6,8,8,13,3.16161325583684,1.1177990863457543,-0.7034632034632029,5.100574712643678,0.4,2026-09-25T06:30:47.528746+00:00,dvp_v2_2026_positions_shrunk_per100tog,10,30.0
RUCK,North Melbourne Kangaroos,Player Clearances,0.19422549933610178,0.4061078622482128,Excellent,Terrible,Excellent,7,7,11,11,18,4.184249272998165,1.2615986243502066,-1.663314898609016,3.9197448140537574,0.4782608695652174,2026-09-25T06:30:47.528746+00:00,dvp_v2_2026_positions_shrunk_per100tog,10,30.0
RUCK,Port Adelaide Power,Player Clearances,0.2378675937997968,0.4417541027710512,Excellent,Terrible,Excellent,8,8,14,14,23,3.1451399723746296,0.8405740150052516,-1.490402107475052,2.6666666666666665,0.5384615384615384,2026-09-25T06:30:47.528746+00:00,dvp_v2_2026_positions_shrunk_per100tog,10,30.0
RUCK,Richmond Tigers,Player Clearances,-0.29323308270676735,-0.563909774436091,Terrible,Excellent,Terrible,9,9,13,13,19,1.8178698150894543,0.5041863715710206,-2.9471733086190923,-0.2723970944309917,0.52,2026-09-25T06:30:47.528746+00:00,dvp_v2_2026_positions_shrunk_per100tog,10,30.0
RUCK,St Kilda Saints,Player Clearances,-0.5104316198287622,-1.0208632396575243,Terrible,Excellent,Terrible,7,7,12,12,21,2.1115723755955855,0.6095584397317445,-2.2709229640381237,0.9286574448220062,0.5,2026-09-25T06:30:47.528746+00:00,dvp_v2_2026_positions_shrunk_per100tog,10,30.0
RUCK,Sydney Swans,Player Clearances,-0.0662415752610017,-0.1385051119093672,Terrible,Excellent,Terrible,5,5,11,11,11,2.3611678518498547,0.7119188937850395,-2.224824355971897,1.3445903689806125,0.4782608695652174,2026-09-25T06:30:47.528746+00:00,dvp_v2_2026_positions_shrunk_per100tog,10,30.0
RUCK,West Coast Eagles,Player Clearances,0.4108696040435069,1.0271740101087672,Excellent,Terrible,Excellent,6,6,8,8,8,2.0375272877772197,0.7203746810199531,-0.8292911907369742,1.779463394708403,0.4,2026-09-25T06:30:47.528746+00:00,dvp_v2_2026_positions_shrunk_per100tog,10,30.0
RUCK,Western Bulldogs,Player Clearances,-0.12166327718301942,-0.30415819295754853,Terrible,Excellent,Terrible,6,6,8,8,8,2.411433905565994,0.8525706335044374,-1.8561276185115192,2.801519468186135,0.4,2026-09-25T06:30:47.528746+00:00,dvp_v2_2026_positions_shrunk_per100tog,10,30.0
KEY_DEFENDER,Adelaide Crows,Player Disposals,0.4444570576024914,0.740761762670819,Good,Bad,Good,7,7,18,18,18,4.384744621316683,1.0334942185014224,-1.2174168133433927,3.2699362963585896,0.6,2026-09-25T06:30:47.528746+00:00,dvp_v2_2026_positions_shrunk_per100tog,10,30.0
KEY_DEFENDER,Brisbane Lions,Player Disposals,-0.7363770250368183,-1.1205737337516801,Bad,Good,Bad,8,8,23,23,23,4.296412589610149,0.8958639536699996,-3.8913773796192617,2.5738176117063,0.6571428571428571,2026-09-25T06:30:47.528746+00:00,dvp_v2_2026_positions_shrunk_per100tog,10,30.0
KEY_DEFENDER,Carlton,Player Disposals,-1.4313622668231338,-2.6582442098143915,Terrible,Excellent,Terrible,6,6,14,14,14,2.5364859968132714,0.6779043976017887,-4.458333333333334,-1.4102564102564088,0.5384615384615384,2026-09-25T06:30:47.528746+00:00,dvp_v2_2026_positions_shrunk_per100tog,10,30.0
KEY_DEFENDER,Collingwood Magpies,Player Disposals,-0.4450418160095578,-0.6675627240143367,Bad,Good,Bad,8,8,24,24,36,4.923324762002004,1.0049694587428617,-4.939709509454645,1.6785996601654831,0.6666666666666666,2026-09-25T06:30:47.528746+00:00,dvp_v2_2026_positions_shrunk_per100tog,10,30.0
KEY_DEFENDER,Essendon Bombers,Player Disposals,1.151789387083504,1.8099547511312206,Excellent,Terrible,Excellent,7,7,21,21,26,4.397584011822119,0.9596315051953543,-0.5931082521031428,4.981884057971014,0.6363636363636364,2026-09-25T06:30:47.528746+00:00,dvp_v2_2026_positions_shrunk_per100tog,10,30.0
KEY_DEFENDER,Fremantle Dockers,Player Disposals,1.2810534071791502,1.8723088258772194,Excellent,Terrible,Excellent,7,7,26,26,36,4.497214861743714,0.88197639757118,0.011684076096771287,2.458333333333334,0.6842105263157895,2026-09-25T06:30:47.528746+00:00,dvp_v2_2026_positions_shrunk_per100tog,10,30.0
KEY_DEFENDER,GWS Giants,Player Disposals,-0.8980998098759466,-1.465320742429176,Terrible,Excellent,Terrible,7,7,19,19,26,4.44000294374572,1.0186065337268788,-3.280382280769727,0.8979713439983286,0.6129032258064516,2026-09-25T06:30:47.528746+00:00,dvp_v2_2026_positions_shrunk_per100tog,10,30.0
KEY_DEFENDER,Geelong Cats,Player Disposals,0.8385932937316675,1.5573875455016681,Excellent,Terrible,Excellent,5,5,14,14,15,6.384363627860228,1.706292952002436,-6.697439228086975,4.311688311688313,0.5384615384615384,2026-09-25T06:30:47.528746+00:00,dvp_v2_2026_positions_shrunk_per100tog,10,30.0
KEY_DEFENDER,Gold Coast Suns,Player Disposals,0.25797373358348974,0.37262872628726296,Neutral,Neutral,Neutral,8,8,27,27,34,4.806388535722351,0.9249899049764102,-3.112648221343875,1.3284764016471335,0.6923076923076923,2026-09-25T06:30:47.528746+00:00,dvp_v2_2026_positions_shrunk_per100tog,10,30.0
KEY_DEFENDER,Hawthorn Hawks,Player Disposals,-1.575729646697389,-2.397849462365592,Terrible,Excellent,Terrible,8,8,23,23,35,4.207256424887419,0.8772736082232634,-3.333333333333334,0.15350877192982537,0.6571428571428571,2026-09-25T06:30:47.528746+00:00,dvp_v2_2026_positions_shrunk_per100tog,10,30.0
KEY_DEFENDER,Melbourne Demons,Player Disposals,0.6895161290322581,1.125,Good,Bad,Good,6,6,19,19,31,4.667297445580498,1.0707514686700483,-1.9841269841269877,3.11580109335576,0.6129032258064516,2026-09-25T06:30:47.528746+00:00,dvp_v2_2026_positions_shrunk_per100tog,10,30.0
KEY_DEFENDER,North Melbourne Kangaroos,Player Disposals,-0.8574879227053154,-1.3474810213940671,Terrible,Excellent,Terrible,7,7,21,21,30,5.291532495502669,1.1547070572837883,-3.3142782048754835,0.014224751066857166,0.6363636363636364,2026-09-25T06:30:47.528746+00:00,dvp_v2_2026_positions_shrunk_per100tog,10,30.0
KEY_DEFENDER,Port Adelaide Power,Player Disposals,0.6743095087497363,1.0421146953405014,Good,Bad,Good,8,8,22,22,38,4.159373174377185,0.8867813403675252,-0.8683979873976693,3.4201468941439965,0.6470588235294118,2026-09-25T06:30:47.528746+00:00,dvp_v2_2026_positions_shrunk_per100tog,10,30.0
KEY_DEFENDER,Richmond Tigers,Player Disposals,0.5936134803411686,0.8675889328063233,Good,Bad,Good,9,9,26,26,38,6.141396500300626,1.2044269459901282,-1.421759682442335,4.083792846006386,0.6842105263157895,2026-09-25T06:30:47.528746+00:00,dvp_v2_2026_positions_shrunk_per100tog,10,30.0
KEY_DEFENDER,St Kilda Saints,Player Disposals,0.5861201203833571,0.9377921926133714,Good,Bad,Good,7,7,20,20,35,5.858420456385875,1.3099826381254156,-1.1293684292564465,2.563083768221521,0.625,2026-09-25T06:30:47.528746+00:00,dvp_v2_2026_positions_shrunk_per100tog,10,30.0
KEY_DEFENDER,Sydney Swans,Player Disposals,-0.6476190476190472,-1.2454212454212445,Bad,Good,Bad,5,5,13,13,13,4.278478942190274,1.1866365543892279,-3.458333333333334,2.867647058823529,0.52,2026-09-25T06:30:47.528746+00:00,dvp_v2_2026_positions_shrunk_per100tog,10,30.0
KEY_DEFENDER,West Coast Eagles,Player Disposals,-0.2403619945225418,-0.4206334904144482,Bad,Good,Bad,6,6,16,16,16,4.615430651640511,1.1538576629101278,-2.609966946351385,1.2908496732026151,0.5714285714285714,2026-09-25T06:30:47.528746+00:00,dvp_v2_2026_positions_shrunk_per100tog,10,30.0
KEY_DEFENDER,Western Bulldogs,Player Disposals,0.03713606654783202,0.06684491978609763,Neutral,Neutral,Neutral,6,6,15,15,15,3.8088670009493866,0.9834452308397309,-1.693766937669377,4.545454545454547,0.5555555555555556,2026-09-25T06:30:47.528746+00:00,dvp_v2_2026_positions_shrunk_per100tog,10,30.0
KEY_FORWARD,Adelaide Crows,Player Disposals,0.363826384604023,0.562277139842581,Good,Bad,Good,8,8,22,22,22,4.104532202735667,0.8750892059279158,-1.652110823555613,1.5941536774870118,0.6470588235294118,2026-09-25T06:30:47.528746+00:00,dvp_v2_2026_positions_shrunk_per100tog,10,30.0
KEY_FORWARD,Brisbane Lions,Player Disposals,-0.699300699300699,-1.0989010989010985,Bad,Good,Bad,8,8,21,21,21,5.314736548524448,1.159770596779125,-3.0907054871220607,-0.2027637866460008,0.6363636363636364,2026-09-25T06:30:47.528746+00:00,dvp_v2_2026_positions_shrunk_per100tog,10,30.0
KEY_FORWARD,Carlton,Player Disposals,0.24020638652887424,0.42036117642552995,Neutral,Neutral,Neutral,6,6,16,16,16,6.391822115270422,1.5979555288176055,-3.652777777777777,3.3555575202910704,0.5714285714285714,2026-09-25T06:30:47.528746+00:00,dvp_v2_2026_positions_shrunk_per100tog,10,30.0
KEY_FORWARD,Collingwood Magpies,Player Disposals,1.0897994768962525,1.6129032258064537,Excellent,Terrible,Excellent,8,8,25,25,41,4.3912551271836655,0.8782510254367331,-0.6816215548139901,3.3834586466165417,0.6756756756756757,2026-09-25T06:30:47.528746+00:00,dvp_v2_2026_positions_shrunk_per100tog,10,30.0
KEY_FORWARD,Essendon Bombers,Player Disposals,1.1652545712863043,1.9420909521438405,Excellent,Terrible,Excellent,7,7,18,18,21,4.655055267181259,1.0972070487406749,-0.8082905608800963,3.900388126234615,0.6,2026-09-25T06:30:47.528746+00:00,dvp_v2_2026_positions_shrunk_per100tog,10,30.0
KEY_FORWARD,Fremantle Dockers,Player Disposals,-1.5856404636821693,-2.642734106136949,Terrible,Excellent,Terrible,7,7,18,18,33,4.344977807845972,1.024121090677649,-3.7764866712235126,0.5336037536194311,0.6,2026-09-25T06:30:47.528746+00:00,dvp_v2_2026_positions_shrunk_per100tog,10,30.0
KEY_FORWARD,GWS Giants,Player Disposals,0.1870641405525133,0.2768549280177197,Neutral,Neutral,Neutral,7,7,25,25,37,5.19830167454365,1.03966033490873,-0.8333333333333321,2.0958943439563598,0.6756756756756757,2026-09-25T06:30:47.528746+00:00,dvp_v2_2026_positions_shrunk_per100tog,10,30.0
KEY_FORWARD,Geelong Cats,Player Disposals,0.33834586466165384,0.7894736842105257,Good,Bad,Good,5,5,9,9,9,3.3066846630729265,1.1022282210243088,-2.070707070707071,1.2792509779647787,0.42857142857142855,2026-09-25T06:30:47.528746+00:00,dvp_v2_2026_positions_shrunk_per100tog,10,30.0
KEY_FORWARD,Gold Coast Suns,Player Disposals,-0.6016647320995141,-0.9024970981492713,Bad,Good,Bad,8,8,24,24,31,4.250287039421784,0.8675862089123285,-2.874310945825984,1.260923845193508,0.6666666666666666,2026-09-25T06:30:47.528746+00:00,dvp_v2_2026_positions_shrunk_per100tog,10,30.0
KEY_FORWARD,Hawthorn Hawks,Player Disposals,0.6220670929495182,0.9091749820031421,Good,Bad,Good,8,8,26,26,37,4.921506906571586,0.9651869135726993,-1.6891891891891895,2.5620554962397684,0.6842105263157895,2026-09-25T06:30:47.528746+00:00,dvp_v2_2026_positions_shrunk_per100tog,10,30.0
KEY_FORWARD,Melbourne Demons,Player Disposals,-0.12950012950012932,-0.23310023310023276,Neutral,Neutral,Neutral,6,6,15,15,25,4.415609580167868,1.1401054911562718,-1.2939521800281302,1.6075650118203324,0.5555555555555556,2026-09-25T06:30:47.528746+00:00,dvp_v2_2026_positions_shrunk_per100tog,10,30.0
KEY_FORWARD,North Melbourne Kangaroos,Player Disposals,0.06324836143338246,0.10789426362165244,Neutral,Neutral,Neutral,7,7,17,17,31,3.9267842373919444,0.9523850693986753,-0.8963978849966967,2.4333577891905094,0.5862068965517241,2026-09-25T06:30:47.528746+00:00,dvp_v2_2026_positions_shrunk_per100tog,10,30.0
KEY_FORWARD,Port Adelaide Power,Player Disposals,1.0019913463269834,1.502987019490475,Excellent,Terrible,Excellent,8,8,24,24,39,3.4768458275610716,0.7097081826541114,-0.9121998084027867,4.290465182286745,0.6666666666666666,2026-09-25T06:30:47.528746+00:00,dvp_v2_2026_positions_shrunk_per100tog,10,30.0
KEY_FORWARD,Richmond Tigers,Player Disposals,0.3716090672612416,0.5367686527106823,Good,Bad,Good,9,9,27,27,38,4.621957124867745,0.8894960634084337,-2.383676582761252,1.1869918699187014,0.6923076923076923,2026-09-25T06:30:47.528746+00:00,dvp_v2_2026_positions_shrunk_per100tog,10,30.0
KEY_FORWARD,St Kilda Saints,Player Disposals,-0.3137898922782645,-0.5020638276452232,Bad,Good,Bad,7,7,20,20,29,3.8388139851347796,0.8583849023738234,-2.654802432393966,1.949264257801203,0.625,2026-09-25T06:30:47.528746+00:00,dvp_v2_2026_positions_shrunk_per100tog,10,30.0
KEY_FORWARD,Sydney Swans,Player Disposals,-0.9178321678321684,-1.8356643356643367,Terrible,Excellent,Terrible,5,5,12,12,12,5.084959512491396,1.4679013716776281,-4.354575163398693,1.4142455318925915,0.5,2026-09-25T06:30:47.528746+00:00,dvp_v2_2026_positions_shrunk_per100tog,10,30.0
KEY_FORWARD,West Coast Eagles,Player Disposals,0.12950012950012932,0.23310023310023276,Neutral,Neutral,Neutral,6,6,15,15,15,6.246530296617813,1.6128471873587242,-1.2262615301139448,4.741379310344829,0.5555555555555556,2026-09-25T06:30:47.528746+00:00,dvp_v2_2026_positions_shrunk_per100tog,10,30.0
KEY_FORWARD,Western Bulldogs,Player Disposals,0.3370407819346147,0.6066734074823064,Good,Bad,Good,6,6,15,15,15,4.637839434208806,1.1974849927383158,-1.6723940435280644,3.4805276686551245,0.5555555555555556,2026-09-25T06:30:47.528746+00:00,dvp_v2_2026_positions_shrunk_per100tog,10,30.0
MEDIUM_DEFENDER,Adelaide Crows,Player Disposals,-0.992926366060695,-1.2908042758789033,Terrible,Excellent,Terrible,8,8,40,40,40,6.876370070452583,1.0872495728421334,-4.191293036601174,0.4368768638175027,0.7692307692307693,2026-09-25T06:30:47.528746+00:00,dvp_v2_2026_positions_shrunk_per100tog,10,30.0
MEDIUM_DEFENDER,Brisbane Lions,Player Disposals,-0.889178052483193,-1.1494252873563227,Terrible,Excellent,Terrible,8,8,41,41,41,4.723925376286738,0.7377531968957489,-3.505355404089581,0.8740204942736582,0.7735849056603774,2026-09-25T06:30:47.528746+00:00,dvp_v2_2026_positions_shrunk_per100tog,10,30.0
MEDIUM_DEFENDER,Carlton,Player Disposals,-1.8438646873348967,-2.6633601039281842,Terrible,Excellent,Terrible,6,6,27,27,28,3.9601835291474177,0.7621376755311946,-6.771545827633378,-1.6233766233766254,0.6923076923076923,2026-09-25T06:30:47.528746+00:00,dvp_v2_2026_positions_shrunk_per100tog,10,30.0
MEDIUM_DEFENDER,Collingwood Magpies,Player Disposals,-0.259570257486038,-0.32313848380914934,Bad,Good,Bad,8,8,49,49,67,5.7378096615347705,0.8196870945049672,-1.5789473684210513,1.648351648351646,0.8032786885245902,2026-09-25T06:30:47.528746+00:00,dvp_v2_2026_positions_shrunk_per100tog,10,30.0
MEDIUM_DEFENDER,Essendon Bombers,Player Disposals,-0.37345887044682224,-0.4776799505715168,Bad,Good,Bad,7,7,43,43,71,5.398657542019776,0.8232875568733494,-1.4122964000414981,1.8215118215118231,0.7818181818181819,2026-09-25T06:30:47.528746+00:00,dvp_v2_2026_positions_shrunk_per100tog,10,30.0
MEDIUM_DEFENDER,Fremantle Dockers,Player Disposals,0.9193590753874429,1.2345679012345663,Excellent,Terrible,Excellent,7,7,35,35,59,6.790197435161598,1.147752850554697,-1.869014519616929,3.068176632046992,0.7446808510638298,2026-09-25T06:30:47.528746+00:00,dvp_v2_2026_positions_shrunk_per100tog,10,30.0
MEDIUM_DEFENDER,GWS Giants,Player Disposals,-1.3944440652515193,-1.7747469921382972,Terrible,Excellent,Terrible,7,7,44,44,69,4.881461295745597,0.7359079793922836,-3.768349752285495,-0.15273788381879427,0.7857142857142857,2026-09-25T06:30:47.528746+00:00,dvp_v2_2026_positions_shrunk_per100tog,10,30.0
MEDIUM_DEFENDER,Geelong Cats,Player Disposals,-0.13555221888555208,-0.20061728395061706,Neutral,Neutral,Neutral,5,5,25,25,25,7.1250154801645555,1.4250030960329112,-3.3358153387937453,2.1006080707573247,0.6756756756756757,2026-09-25T06:30:47.528746+00:00,dvp_v2_2026_positions_shrunk_per100tog,10,30.0
MEDIUM_DEFENDER,Gold Coast Suns,Player Disposals,0.39209729863525483,0.5068574836016708,Good,Bad,Good,8,8,41,41,54,6.556265778123877,1.023916690511135,-1.4304812834224592,2.7743098904147594,0.7735849056603774,2026-09-25T06:30:47.528746+00:00,dvp_v2_2026_positions_shrunk_per100tog,10,30.0
MEDIUM_DEFENDER,Hawthorn Hawks,Player Disposals,-0.5060728744939281,-0.6410256410256423,Bad,Good,Bad,8,8,45,45,61,5.630588456132974,0.8393585694159282,-2.0,1.4839847193652673,0.7894736842105263,2026-09-25T06:30:47.528746+00:00,dvp_v2_2026_positions_shrunk_per100tog,10,30.0
MEDIUM_DEFENDER,Melbourne Demons,Player Disposals,0.39511572019311925,0.513650436251055,Good,Bad,Good,6,6,40,40,58,5.484361020574168,0.8671536167829972,-1.8910256410256387,1.5392516434183132,0.7692307692307693,2026-09-25T06:30:47.528746+00:00,dvp_v2_2026_positions_shrunk_per100tog,10,30.0
MEDIUM_DEFENDER,North Melbourne Kangaroos,Player Disposals,-0.19304152637486058,-0.24691358024691468,Bad,Good,Bad,7,7,43,43,62,5.01521701505881,0.7648134247042216,-2.44047619047619,1.4336917562724025,0.7818181818181819,2026-09-25T06:30:47.528746+00:00,dvp_v2_2026_positions_shrunk_per100tog,10,30.0
MEDIUM_DEFENDER,Port Adelaide Power,Player Disposals,0.4475529584850652,0.572451458527409,Good,Bad,Good,8,8,43,43,64,5.733590422839348,0.8743643423557149,-0.5495356037151709,2.4257405571325705,0.7818181818181819,2026-09-25T06:30:47.528746+00:00,dvp_v2_2026_positions_shrunk_per100tog,10,30.0
MEDIUM_DEFENDER,Richmond Tigers,Player Disposals,0.7812066267948613,0.961485079132137,Good,Bad,Good,9,9,52,52,86,5.950587694120789,0.8251980403960588,-1.4411209324901064,2.027266714766715,0.8125,2026-09-25T06:30:47.528746+00:00,dvp_v2_2026_positions_shrunk_per100tog,10,30.0
MEDIUM_DEFENDER,St Kilda Saints,Player Disposals,0.044975866608162246,0.05813953488372192,Neutral,Neutral,Neutral,7,7,41,41,61,6.254709031991027,0.9768214390446803,-1.2345679012345663,1.6493111608638815,0.7735849056603774,2026-09-25T06:30:47.528746+00:00,dvp_v2_2026_positions_shrunk_per100tog,10,30.0
MEDIUM_DEFENDER,Sydney Swans,Player Disposals,-0.27304923287706606,-0.40957384931559915,Bad,Good,Bad,5,5,24,24,24,5.683505988494938,1.1601408018220931,-3.6482334869431625,2.2767058595098226,0.6666666666666666,2026-09-25T06:30:47.528746+00:00,dvp_v2_2026_positions_shrunk_per100tog,10,30.0
MEDIUM_DEFENDER,West Coast Eagles,Player Disposals,0.38812369129111346,0.5606231096427194,Good,Bad,Good,6,6,27,27,28,5.8102327618197025,1.1181798163636627,-3.357410379882289,2.2058823529411757,0.6923076923076923,2026-09-25T06:30:47.528746+00:00,dvp_v2_2026_positions_shrunk_per100tog,10,30.0
MEDIUM_DEFENDER,Western Bulldogs,Player Disposals,2.110891324095593,2.9024755706314407,Excellent,Terrible,Excellent,6,6,32,32,32,5.211196684735735,0.9212181284683733,1.0367758763621897,4.978701165410024,0.7272727272727273,2026-09-25T06:30:47.528746+00:00,dvp_v2_2026_positions_shrunk_per100tog,10,30.0
MEDIUM_FORWARD,Adelaide Crows,Player Disposals,-0.2512966909251744,-0.3672797790444857,Bad,Good,Bad,8,8,26,26,27,5.2070783281635205,1.0211920770812264,-4.408695138406998,1.19222843685605,0.6842105263157895,2026-09-25T06:30:47.528746+00:00,dvp_v2_2026_positions_shrunk_per100tog,10,30.0
MEDIUM_FORWARD,Brisbane Lions,Player Disposals,0.5752247087292001,0.79093397450265,Good,Bad,Good,8,8,32,32,32,6.04151293237043,1.0679986907763386,-2.677168261978831,1.5980185768395998,0.7272727272727273,2026-09-25T06:30:47.528746+00:00,dvp_v2_2026_positions_shrunk_per100tog,10,30.0
MEDIUM_FORWARD,Carlton,Player Disposals,-1.0980284912922493,-1.6470427369383742,Terrible,Excellent,Terrible,6,6,24,24,25,4.358864178180292,0.8897494245531379,-2.804699767177432,0.9734467243376608,0.6666666666666666,2026-09-25T06:30:47.528746+00:00,dvp_v2_2026_positions_shrunk_per100tog,10,30.0
MEDIUM_FORWARD,Collingwood Magpies,Player Disposals,0.5840594710267575,0.755003706449223,Good,Bad,Good,8,8,41,41,57,5.433728682084012,0.8486058493630777,-2.1575863161229,1.7973856209150334,0.7735849056603774,2026-09-25T06:30:47.528746+00:00,dvp_v2_2026_positions_shrunk_per100tog,10,30.0
MEDIUM_FORWARD,Essendon Bombers,Player Disposals,0.4506211180124222,0.5929225237005555,Good,Bad,Good,7,7,38,38,51,5.4321443711258155,0.8812101796715022,-1.6420917573319511,2.8102807003123464,0.76,2026-09-25T06:30:47.528746+00:00,dvp_v2_2026_positions_shrunk_per100tog,10,30.0
MEDIUM_FORWARD,Fremantle Dockers,Player Disposals,-0.6940920082395431,-0.962772785622592,Bad,Good,Bad,7,7,31,31,51,6.464689573183732,1.1610925233010068,-5.523485485638558,1.285280533698252,0.7209302325581395,2026-09-25T06:30:47.528746+00:00,dvp_v2_2026_positions_shrunk_per100tog,10,30.0
MEDIUM_FORWARD,GWS Giants,Player Disposals,-0.8760951188986228,-1.1764705882352935,Terrible,Excellent,Terrible,7,7,35,35,49,6.55462973160225,1.1079346411667352,-2.763902763902765,1.8334606569900664,0.7446808510638298,2026-09-25T06:30:47.528746+00:00,dvp_v2_2026_positions_shrunk_per100tog,10,30.0
MEDIUM_FORWARD,Geelong Cats,Player Disposals,0.5066722006617602,0.8106755210588164,Good,Bad,Good,5,5,20,20,20,5.489540390329171,1.2274985478006755,-2.8568572072037446,2.2622567188476586,0.625,2026-09-25T06:30:47.528746+00:00,dvp_v2_2026_positions_shrunk_per100tog,10,30.0
MEDIUM_FORWARD,Gold Coast Suns,Player Disposals,-0.07700617283950521,-0.10132391163092791,Neutral,Neutral,Neutral,8,8,38,38,49,5.003046177287201,0.8116012608623587,-2.5149139478407783,1.973234328547192,0.76,2026-09-25T06:30:47.528746+00:00,dvp_v2_2026_positions_shrunk_per100tog,10,30.0
MEDIUM_FORWARD,Hawthorn Hawks,Player Disposals,-0.10653756898174964,-0.13849883967627452,Neutral,Neutral,Neutral,8,8,40,40,56,5.551655727021238,0.8777938441252552,-1.367299367299367,3.1519255666756996,0.7692307692307693,2026-09-25T06:30:47.528746+00:00,dvp_v2_2026_positions_shrunk_per100tog,10,30.0
MEDIUM_FORWARD,Melbourne Demons,Player Disposals,0.15602106342722136,0.21452896221242934,Neutral,Neutral,Neutral,6,6,32,32,49,4.831295624114692,0.854060474432098,-1.0662412500255352,2.0041686708353375,0.7272727272727273,2026-09-25T06:30:47.528746+00:00,dvp_v2_2026_positions_shrunk_per100tog,10,30.0
MEDIUM_FORWARD,North Melbourne Kangaroos,Player Disposals,-0.8345004668534084,-1.0912698412698418,Terrible,Excellent,Terrible,7,7,39,39,53,4.37843907135295,0.7011113650438081,-2.0363437766410906,0.24291497975708332,0.7647058823529411,2026-09-25T06:30:47.528746+00:00,dvp_v2_2026_positions_shrunk_per100tog,10,30.0
MEDIUM_FORWARD,Port Adelaide Power,Player Disposals,-0.8090379008746367,-1.071428571428573,Terrible,Excellent,Terrible,8,8,37,37,62,5.96314342029874,0.9803347394537175,-3.9499604319328583,2.125332083137991,0.7551020408163265,2026-09-25T06:30:47.528746+00:00,dvp_v2_2026_positions_shrunk_per100tog,10,30.0
MEDIUM_FORWARD,Richmond Tigers,Player Disposals,0.8092376024849857,1.0250342964809818,Excellent,Terrible,Excellent,9,9,45,45,58,6.930958601025475,1.0332063054086538,-0.9185548071034901,3.7104781813430883,0.7894736842105263,2026-09-25T06:30:47.528746+00:00,dvp_v2_2026_positions_shrunk_per100tog,10,30.0
MEDIUM_FORWARD,St Kilda Saints,Player Disposals,-0.5935102891741743,-0.7969995311767484,Bad,Good,Bad,7,7,35,35,50,5.42323820345367,0.9166945684110211,-2.665089024115394,2.0939334637964784,0.7446808510638298,2026-09-25T06:30:47.528746+00:00,dvp_v2_2026_positions_shrunk_per100tog,10,30.0
MEDIUM_FORWARD,Sydney Swans,Player Disposals,0.3770630073678616,0.6033008117885785,Good,Bad,Good,5,5,20,20,20,4.623480979245803,1.033841776227091,-2.091237361674112,3.1121317706683573,0.625,2026-09-25T06:30:47.528746+00:00,dvp_v2_2026_positions_shrunk_per100tog,10,30.0
MEDIUM_FORWARD,West Coast Eagles,Player Disposals,0.7861574328668025,1.1114639568116864,Good,Bad,Good,6,6,29,29,30,5.449133750254488,1.011878734525494,-0.3801076971808648,4.439427833551554,0.7073170731707317,2026-09-25T06:30:47.528746+00:00,dvp_v2_2026_positions_shrunk_per100tog,10,30.0
MEDIUM_FORWARD,Western Bulldogs,Player Disposals,2.2657688952685677,3.501642838142332,Excellent,Terrible,Excellent,6,6,22,22,24,6.075414858982596,1.2952828000926093,-0.2206399913368351,6.159246214842712,0.6470588235294118,2026-09-25T06:30:47.528746+00:00,dvp_v2_2026_positions_shrunk_per100tog,10,30.0
MIDFIELDER,Adelaide Crows,Player Disposals,-1.0713747158080333,-1.3570746400235087,Terrible,Excellent,Terrible,8,8,45,45,45,6.430762223811873,0.9586414319720709,-3.094936708860759,0.5804058973425583,0.7894736842105263,2026-09-25T06:30:47.528746+00:00,dvp_v2_2026_positions_shrunk_per100tog,10,30.0
MIDFIELDER,Brisbane Lions,Player Disposals,0.30040855563566565,0.38051750380517646,Neutral,Neutral,Neutral,8,8,45,45,45,7.422268397350479,1.1064464455816059,-2.2187455553975255,1.7857142857142847,0.7894736842105263,2026-09-25T06:30:47.528746+00:00,dvp_v2_2026_positions_shrunk_per100tog,10,30.0
MIDFIELDER,Carlton,Player Disposals,-1.1443409993815923,-1.5257879991754564,Terrible,Excellent,Terrible,6,6,36,36,36,5.9266392861781565,0.9877732143630261,-3.7549407114624476,0.9819050754410348,0.75,2026-09-25T06:30:47.528746+00:00,dvp_v2_2026_positions_shrunk_per100tog,10,30.0
MIDFIELDER,Collingwood Magpies,Player Disposals,-0.32870077541171944,-0.40758896151053214,Bad,Good,Bad,8,8,50,50,79,6.9292996960057085,0.9799509607839038,-2.7146464646464636,1.9607843137254903,0.8064516129032258,2026-09-25T06:30:47.528746+00:00,dvp_v2_2026_positions_shrunk_per100tog,10,30.0
MIDFIELDER,Essendon Bombers,Player Disposals,1.5272305342591959,1.9171617344955862,Excellent,Terrible,Excellent,7,7,47,47,64,7.620206122941662,1.1115213013350895,0.41412720737615416,5.714285714285715,0.7966101694915254,2026-09-25T06:30:47.528746+00:00,dvp_v2_2026_positions_shrunk_per100tog,10,30.0
MIDFIELDER,Fremantle Dockers,Player Disposals,-1.0172421668303788,-1.2352226311511743,Terrible,Excellent,Terrible,7,7,56,56,90,6.9996678438971385,0.9353699604672056,-3.977405356081828,1.1186069815323663,0.8235294117647058,2026-09-25T06:30:47.528746+00:00,dvp_v2_2026_positions_shrunk_per100tog,10,30.0
MIDFIELDER,GWS Giants,Player Disposals,-0.8052447780345674,-1.0065559725432092,Bad,Good,Bad,7,7,48,48,77,6.720711211513615,0.9700511067782804,-2.630081916628348,0.9829059829059865,0.8,2026-09-25T06:30:47.528746+00:00,dvp_v2_2026_positions_shrunk_per100tog,10,30.0
MIDFIELDER,Geelong Cats,Player Disposals,-0.6815870910698484,-0.9736958443854977,Bad,Good,Bad,5,5,28,28,28,7.191384865239181,1.3590439953983298,-3.6666666666666643,0.5312921879217307,0.7,2026-09-25T06:30:47.528746+00:00,dvp_v2_2026_positions_shrunk_per100tog,10,30.0
MIDFIELDER,Gold Coast Suns,Player Disposals,0.14976585516469498,0.18304715631240498,Neutral,Neutral,Neutral,8,8,54,54,68,5.73765158282229,0.7807954833214925,-1.8877637402949201,1.5254067632820976,0.8181818181818182,2026-09-25T06:30:47.528746+00:00,dvp_v2_2026_positions_shrunk_per100tog,10,30.0
MIDFIELDER,Hawthorn Hawks,Player Disposals,1.0285004138269283,1.275340513145391,Excellent,Terrible,Excellent,8,8,50,50,74,6.7065975596337735,0.9484561226212385,-1.1309523809523832,2.8831812274794695,0.8064516129032258,2026-09-25T06:30:47.528746+00:00,dvp_v2_2026_positions_shrunk_per100tog,10,30.0
MIDFIELDER,Melbourne Demons,Player Disposals,0.11381164797598649,0.14883061658398233,Neutral,Neutral,Neutral,6,6,39,39,64,6.7677927742126,1.0837141622700726,-2.7508450453655904,3.5164835164835146,0.7647058823529411,2026-09-25T06:30:47.528746+00:00,dvp_v2_2026_positions_shrunk_per100tog,10,30.0
MIDFIELDER,North Melbourne Kangaroos,Player Disposals,0.23203261920844148,0.2912749900701712,Neutral,Neutral,Neutral,7,7,47,47,71,7.310376589310769,1.0663280190462228,-0.9824008405568669,2.753623188405797,0.7966101694915254,2026-09-25T06:30:47.528746+00:00,dvp_v2_2026_positions_shrunk_per100tog,10,30.0
MIDFIELDER,Port Adelaide Power,Player Disposals,0.21285140562248825,0.2610441767068252,Neutral,Neutral,Neutral,8,8,53,53,81,6.937003199715455,0.9528706716267751,-1.7316017316017298,2.501761804087387,0.8153846153846154,2026-09-25T06:30:47.528746+00:00,dvp_v2_2026_positions_shrunk_per100tog,10,30.0
MIDFIELDER,Richmond Tigers,Player Disposals,-0.4894139522307365,-0.5872967426768838,Bad,Good,Bad,9,9,60,60,82,6.035917427247607,0.7792335891604366,-2.5098039215686256,1.086246952893144,0.8333333333333334,2026-09-25T06:30:47.528746+00:00,dvp_v2_2026_positions_shrunk_per100tog,10,30.0
MIDFIELDER,St Kilda Saints,Player Disposals,-1.0651184755688767,-1.3429754691955402,Terrible,Excellent,Terrible,7,7,46,46,72,6.537506262748665,0.9639027117545541,-2.9827379441136173,1.1111111111111107,0.7931034482758621,2026-09-25T06:30:47.528746+00:00,dvp_v2_2026_positions_shrunk_per100tog,10,30.0
MIDFIELDER,Sydney Swans,Player Disposals,0.6094037299711063,0.8615707906488055,Good,Bad,Good,5,5,29,29,29,7.033816453929552,1.30614692508776,-2.8638497652582195,3.864734299516911,0.7073170731707317,2026-09-25T06:30:47.528746+00:00,dvp_v2_2026_positions_shrunk_per100tog,10,30.0
MIDFIELDER,West Coast Eagles,Player Disposals,-0.6180421589904346,-0.8240562119872461,Bad,Good,Bad,6,6,36,36,36,5.034979657721182,0.8391632762868637,-3.1616541353383436,0.8614137268800413,0.75,2026-09-25T06:30:47.528746+00:00,dvp_v2_2026_positions_shrunk_per100tog,10,30.0
MIDFIELDER,Western Bulldogs,Player Disposals,1.9518861551589266,2.584930313588849,Excellent,Terrible,Excellent,6,6,37,37,37,6.906806131783953,1.135471933579714,-2.7777777777777786,5.364923747276684,0.7551020408163265,2026-09-25T06:30:47.528746+00:00,dvp_v2_2026_positions_shrunk_per100tog,10,30.0
MIDFIELDER_FORWARD,Adelaide Crows,Player Disposals,-2.344418959215821,-3.9073649320263684,Terrible,Excellent,Terrible,8,8,18,18,19,4.662817357787975,1.0990365910420725,-6.697510634212221,-1.558928728020227,0.6,2026-09-25T06:30:47.528746+00:00,dvp_v2_2026_positions_shrunk_per100tog,10,30.0
MIDFIELDER_FORWARD,Brisbane Lions,Player Disposals,-1.8861592385688777,-4.715398096422194,Terrible,Excellent,Terrible,6,6,8,8,9,6.457397504143067,2.283034781998325,-7.951963648166181,3.313253012048193,0.4,2026-09-25T06:30:47.528746+00:00,dvp_v2_2026_positions_shrunk_per100tog,10,30.0
MIDFIELDER_FORWARD,Carlton,Player Disposals,1.0236333278501941,2.5590833196254854,Excellent,Terrible,Excellent,5,5,8,8,8,7.430934253043919,2.6272320004393737,-4.940486938726377,8.567821067821072,0.4,2026-09-25T06:30:47.528746+00:00,dvp_v2_2026_positions_shrunk_per100tog,10,30.0
MIDFIELDER_FORWARD,Collingwood Magpies,Player Disposals,0.04607400940879711,0.10750602195385994,Neutral,Neutral,Neutral,8,8,9,9,23,5.163210677865476,1.7210702259551587,-2.262658227848103,8.02442574530928,0.42857142857142855,2026-09-25T06:30:47.528746+00:00,dvp_v2_2026_positions_shrunk_per100tog,10,30.0
MIDFIELDER_FORWARD,Essendon Bombers,Player Disposals,-0.6703275450137904,-1.3406550900275809,Bad,Good,Bad,6,6,12,12,20,7.255365086388657,2.094443492847752,-4.652213188798555,4.306248091550047,0.5,2026-09-25T06:30:47.528746+00:00,dvp_v2_2026_positions_shrunk_per100tog,10,30.0
MIDFIELDER_FORWARD,Fremantle Dockers,Player Disposals,1.1314167815519471,3.0709884070695708,Excellent,Terrible,Excellent,4,4,7,7,7,5.738645056294773,2.169003954489461,-2.345505617977526,6.551585832407753,0.3684210526315789,2026-09-25T06:30:47.528746+00:00,dvp_v2_2026_positions_shrunk_per100tog,10,30.0
MIDFIELDER_FORWARD,GWS Giants,Player Disposals,0.5964203863363525,1.391647568118156,Good,Bad,Good,7,7,9,9,22,6.598998163302689,2.1996660544342297,-4.928838951310858,10.389610389610393,0.42857142857142855,2026-09-25T06:30:47.528746+00:00,dvp_v2_2026_positions_shrunk_per100tog,10,30.0
MIDFIELDER_FORWARD,Geelong Cats,Player Disposals,2.2186147186147176,5.176767676767675,Excellent,Terrible,Excellent,5,5,9,9,9,5.043084027749162,1.6810280092497207,-0.9929078014184398,8.339510748702743,0.42857142857142855,2026-09-25T06:30:47.528746+00:00,dvp_v2_2026_positions_shrunk_per100tog,10,30.0
MIDFIELDER_FORWARD,Gold Coast Suns,Player Disposals,0.10263157894736764,0.19736842105263008,Neutral,Neutral,Neutral,6,6,13,13,21,6.782707568183709,1.8811846095049252,-3.5753953562172747,4.853586473563611,0.52,2026-09-25T06:30:47.528746+00:00,dvp_v2_2026_positions_shrunk_per100tog,10,30.0
MIDFIELDER_FORWARD,Hawthorn Hawks,Player Disposals,-0.20819686239426305,-0.38665131587505996,Bad,Good,Bad,7,7,14,14,15,7.384299546321261,1.973537067403172,-6.612676234149934,3.770437103770435,0.5384615384615384,2026-09-25T06:30:47.528746+00:00,dvp_v2_2026_positions_shrunk_per100tog,10,30.0
MIDFIELDER_FORWARD,Melbourne Demons,Player Disposals,0.07974024877751663,0.1754285473105366,Neutral,Neutral,Neutral,6,6,10,10,13,9.251509568146247,2.9255842030182886,-7.217473884140553,4.67409153677885,0.45454545454545453,2026-09-25T06:30:47.528746+00:00,dvp_v2_2026_positions_shrunk_per100tog,10,30.0
MIDFIELDER_FORWARD,North Melbourne Kangaroos,Player Disposals,1.0888240977198544,2.3954130149836796,Excellent,Terrible,Excellent,6,6,10,10,10,4.864011672993935,1.5381355452306944,-1.6308816965129131,6.526557792380576,0.45454545454545453,2026-09-25T06:30:47.528746+00:00,dvp_v2_2026_positions_shrunk_per100tog,10,30.0
MIDFIELDER_FORWARD,Port Adelaide Power,Player Disposals,0.3522504892367897,0.821917808219176,Good,Bad,Good,7,7,9,9,13,5.414811854880826,1.8049372849602754,-4.872221571155123,2.9566563467492273,0.42857142857142855,2026-09-25T06:30:47.528746+00:00,dvp_v2_2026_positions_shrunk_per100tog,10,30.0
MIDFIELDER_FORWARD,Richmond Tigers,Player Disposals,0.8068149397833313,1.6136298795666626,Good,Bad,Good,7,7,12,12,23,9.94454515521844,2.870742911166878,-2.501541269561861,8.254147362694223,0.5,2026-09-25T06:30:47.528746+00:00,dvp_v2_2026_positions_shrunk_per100tog,10,30.0
MIDFIELDER_FORWARD,St Kilda Saints,Player Disposals,1.859205585232983,3.5753953562172747,Excellent,Terrible,Excellent,6,6,13,13,26,10.076404338868048,2.7946917320074283,-0.985243156499287,9.279126670431015,0.52,2026-09-25T06:30:47.528746+00:00,dvp_v2_2026_positions_shrunk_per100tog,10,30.0
MIDFIELDER_FORWARD,Sydney Swans,Player Disposals,-0.9371063718889803,-2.811319115666941,Terrible,Excellent,Terrible,4,4,6,6,6,6.3374983947641175,2.587272885479927,-4.495095991355017,4.812517461477293,0.3333333333333333,2026-09-25T06:30:47.528746+00:00,dvp_v2_2026_positions_shrunk_per100tog,10,30.0
MIDFIELDER_FORWARD,West Coast Eagles,Player Disposals,-0.05804953560371473,-0.19736842105263008,Neutral,Neutral,Neutral,4,4,5,5,5,8.733944313833053,3.9059386394856923,-10.784152556304456,11.27311522048364,0.29411764705882354,2026-09-25T06:30:47.528746+00:00,dvp_v2_2026_positions_shrunk_per100tog,10,30.0
MIDFIELDER_FORWARD,Western Bulldogs,Player Disposals,-0.09636767976278697,-0.26156941649899323,Neutral,Neutral,Neutral,4,4,7,7,7,5.962939117702894,2.2537791412086805,-7.582705535538812,5.858487504057123,0.3684210526315789,2026-09-25T06:30:47.528746+00:00,dvp_v2_2026_positions_shrunk_per100tog,10,30.0
RUCK,Adelaide Crows,Player Disposals,1.073852766202793,2.2453285111512944,Excellent,Terrible,Excellent,8,8,11,11,11,6.430457239125579,1.9388558084185672,-4.279427076497711,7.186948853615515,0.4782608695652174,2026-09-25T06:30:47.528746+00:00,dvp_v2_2026_positions_shrunk_per100tog,10,30.0
RUCK,Brisbane Lions,Player Disposals,1.0840709928882821,2.2666938942209534,Excellent,Terrible,Excellent,8,8,11,11,12,4.759296406255539,1.434981858694226,-2.461975922345985,7.810735054177302,0.4782608695652174,2026-09-25T06:30:47.528746+00:00,dvp_v2_2026_positions_shrunk_per100tog,10,30.0
RUCK,Carlton,Player Disposals,-0.8503401360544217,-1.9841269841269842,Terrible,Excellent,Terrible,6,6,9,9,9,2.2535228691641738,0.7511742897213912,-3.843966838626736,-0.9096553077464761,0.42857142857142855,2026-09-25T06:30:47.528746+00:00,dvp_v2_2026_positions_shrunk_per100tog,10,30.0
RUCK,Collingwood Magpies,Player Disposals,0.8346498948002704,1.836229768560595,Excellent,Terrible,Excellent,8,8,10,10,16,5.332018316933384,1.6861322407247041,-3.5123779615823665,5.6527428703447455,0.45454545454545453,2026-09-25T06:30:47.528746+00:00,dvp_v2_2026_positions_shrunk_per100tog,10,30.0
RUCK,Essendon Bombers,Player Disposals,1.2828947368421066,2.4671052631578974,Excellent,Terrible,Excellent,6,6,13,13,22,5.740165467770098,1.5920354556686789,-2.3369036027263874,6.461794019933555,0.52,2026-09-25T06:30:47.528746+00:00,dvp_v2_2026_positions_shrunk_per100tog,10,30.0
RUCK,Fremantle Dockers,Player Disposals,0.005646315419766687,0.010486014350995276,Neutral,Neutral,Neutral,7,7,14,14,23,4.712922935316769,1.259581636730308,-3.8655961938745165,2.114692205409762,0.5384615384615384,2026-09-25T06:30:47.528746+00:00,dvp_v2_2026_positions_shrunk_per100tog,10,30.0
RUCK,GWS Giants,Player Disposals,-0.3325354316229207,-0.7315779495704255,Bad,Good,Bad,7,7,10,10,16,6.02294656317692,1.9046229365122291,-4.5490749791825085,3.897313108961662,0.45454545454545453,2026-09-25T06:30:47.528746+00:00,dvp_v2_2026_positions_shrunk_per100tog,10,30.0
RUCK,Geelong Cats,Player Disposals,1.4306575777164003,3.5766439442910007,Excellent,Terrible,Excellent,5,5,8,8,8,7.119603440453097,2.5171599360517294,-0.8872942487369047,8.691308691308688,0.4,2026-09-25T06:30:47.528746+00:00,dvp_v2_2026_positions_shrunk_per100tog,10,30.0
RUCK,Gold Coast Suns,Player Disposals,-0.8809993425378042,-1.6361416361416365,Terrible,Excellent,Terrible,8,8,14,14,17,5.459553920854576,1.45912716117544,-8.093126385809311,0.9612964554825023,0.5384615384615384,2026-09-25T06:30:47.528746+00:00,dvp_v2_2026_positions_shrunk_per100tog,10,30.0
RUCK,Hawthorn Hawks,Player Disposals,-0.6042203410624456,-1.2084406821248912,Bad,Good,Bad,8,8,12,12,17,3.0641122100358493,0.8845330046457084,-2.874610329429606,1.4895747571495441,0.5,2026-09-25T06:30:47.528746+00:00,dvp_v2_2026_positions_shrunk_per100tog,10,30.0
RUCK,Melbourne Demons,Player Disposals,-0.6230958439793781,-1.5577396099484453,Bad,Good,Bad,6,6,8,8,13,3.8766850621602704,1.3706151479890598,-4.79012345679012,2.9953917050691246,0.4,2026-09-25T06:30:47.528746+00:00,dvp_v2_2026_positions_shrunk_per100tog,10,30.0
RUCK,North Melbourne Kangaroos,Player Disposals,0.13275608829178448,0.2775809118828221,Neutral,Neutral,Neutral,7,7,11,11,18,5.390854408459101,1.625403761117468,-1.028138528138527,3.274024101349262,0.4782608695652174,2026-09-25T06:30:47.528746+00:00,dvp_v2_2026_positions_shrunk_per100tog,10,30.0
RUCK,Port Adelaide Power,Player Disposals,1.0292435264989404,1.911452263498032,Excellent,Terrible,Excellent,8,8,14,14,23,3.9417881784763944,1.0534872039353143,-1.785714285714283,3.3616033679570485,0.5384615384615384,2026-09-25T06:30:47.528746+00:00,dvp_v2_2026_positions_shrunk_per100tog,10,30.0
RUCK,Richmond Tigers,Player Disposals,0.3237634036665517,0.6226219301279841,Neutral,Neutral,Neutral,9,9,13,13,19,4.762020845486557,1.3207469487100123,-1.1904761904761916,4.135338345864662,0.52,2026-09-25T06:30:47.528746+00:00,dvp_v2_2026_positions_shrunk_per100tog,10,30.0
RUCK,St Kilda Saints,Player Disposals,-1.705070490739216,-3.410140981478432,Terrible,Excellent,Terrible,7,7,12,12,21,4.987694271752971,1.4398233152160662,-5.707845782463895,0.05921989789707105,0.5,2026-09-25T06:30:47.528746+00:00,dvp_v2_2026_positions_shrunk_per100tog,10,30.0
RUCK,Sydney Swans,Player Disposals,-2.0413197656490913,-4.2682140554481,Terrible,Excellent,Terrible,5,5,11,11,11,5.5655703361661075,1.678082595399559,-5.039161169565139,3.4057045551298426,0.4782608695652174,2026-09-25T06:30:47.528746+00:00,dvp_v2_2026_positions_shrunk_per100tog,10,30.0
RUCK,West Coast Eagles,Player Disposals,0.9858307689632988,2.4645769224082468,Excellent,Terrible,Excellent,6,6,8,8,8,4.855604939415162,1.7167155897116781,-3.1682027649769555,8.576998050682256,0.4,2026-09-25T06:30:47.528746+00:00,dvp_v2_2026_positions_shrunk_per100tog,10,30.0
RUCK,Western Bulldogs,Player Disposals,-0.07119319319696267,-0.17798298299240667,Neutral,Neutral,Neutral,6,6,8,8,8,4.604331473915346,1.627877004018096,-4.821211756954311,1.7502159969080067,0.4,2026-09-25T06:30:47.528746+00:00,dvp_v2_2026_positions_shrunk_per100tog,10,30.0
KEY_DEFENDER,Adelaide Crows,Player Fantasy Points,3.4756805282057233,5.792800880342872,Good,Bad,Good,7,7,18,18,18,17.545970471845095,4.135624901046865,-8.87234042553191,13.65966194326023,0.6,2026-09-25T06:30:47.528746+00:00,dvp_v2_2026_positions_shrunk_per100tog,10,30.0
KEY_DEFENDER,Brisbane Lions,Player Fantasy Points,-8.003042612762789,-12.178543106378157,Terrible,Excellent,Terrible,8,8,23,23,23,19.081556548834147,3.97877958307709,-22.14056224899599,-6.263522816679782,0.6571428571428571,2026-09-25T06:30:47.528746+00:00,dvp_v2_2026_positions_shrunk_per100tog,10,30.0
KEY_DEFENDER,Carlton,Player Fantasy Points,-9.621260581864929,-17.868055366320583,Terrible,Excellent,Terrible,6,6,14,14,14,16.49834904232975,4.409369254557706,-24.773608916704063,-10.588391670776073,0.5384615384615384,2026-09-25T06:30:47.528746+00:00,dvp_v2_2026_positions_shrunk_per100tog,10,30.0
KEY_DEFENDER,Collingwood Magpies,Player Fantasy Points,-5.027946502982488,-7.5419197544737315,Terrible,Excellent,Terrible,8,8,24,24,36,21.77246058680639,4.444284906877773,-24.178809903726886,6.049658389671318,0.6666666666666666,2026-09-25T06:30:47.528746+00:00,dvp_v2_2026_positions_shrunk_per100tog,10,30.0
KEY_DEFENDER,Essendon Bombers,Player Fantasy Points,9.557109557109559,15.018315018315022,Excellent,Terrible,Excellent,7,7,21,21,26,22.62069506675218,4.936240353138381,-13.939155520587455,21.84033038463418,0.6363636363636364,2026-09-25T06:30:47.528746+00:00,dvp_v2_2026_positions_shrunk_per100tog,10,30.0
KEY_DEFENDER,Fremantle Dockers,Player Fantasy Points,5.0262528220139835,7.346061816789668,Excellent,Terrible,Excellent,7,7,26,26,36,22.424645835482394,4.3978348730973815,-1.5589714412719502,15.667474974419445,0.6842105263157895,2026-09-25T06:30:47.528746+00:00,dvp_v2_2026_positions_shrunk_per100tog,10,30.0
KEY_DEFENDER,GWS Giants,Player Fantasy Points,-1.8165946125706696,-2.963917525773198,Bad,Good,Bad,7,7,19,19,26,17.29759420458035,3.9683402686389764,-14.037575327897905,15.965811965811966,0.6129032258064516,2026-09-25T06:30:47.528746+00:00,dvp_v2_2026_positions_shrunk_per100tog,10,30.0
KEY_DEFENDER,Geelong Cats,Player Fantasy Points,-1.7659118070967348,-3.2795504988939363,Bad,Good,Bad,5,5,14,14,15,24.746017010749352,6.613651238678852,-12.956909901909803,2.6090879487934675,0.5384615384615384,2026-09-25T06:30:47.528746+00:00,dvp_v2_2026_positions_shrunk_per100tog,10,30.0
KEY_DEFENDER,Gold Coast Suns,Player Fantasy Points,-3.7162050842710515,-5.367851788391519,Bad,Good,Bad,8,8,27,27,34,20.176700171381924,3.8830077584352405,-15.548780487804876,10.752688172043015,0.6923076923076923,2026-09-25T06:30:47.528746+00:00,dvp_v2_2026_positions_shrunk_per100tog,10,30.0
KEY_DEFENDER,Hawthorn Hawks,Player Fantasy Points,-1.8414442700157037,-2.80219780219781,Bad,Good,Bad,8,8,23,23,35,20.285626925120706,4.229845612071964,-16.930881420418515,11.508295625942687,0.6571428571428571,2026-09-25T06:30:47.528746+00:00,dvp_v2_2026_positions_shrunk_per100tog,10,30.0
KEY_DEFENDER,Melbourne Demons,Player Fantasy Points,2.6245303795828523,4.282128514056232,Good,Bad,Good,6,6,19,19,31,26.79972507273921,6.148278595091759,-9.0,26.966292134831463,0.6129032258064516,2026-09-25T06:30:47.528746+00:00,dvp_v2_2026_positions_shrunk_per100tog,10,30.0
KEY_DEFENDER,North Melbourne Kangaroos,Player Fantasy Points,-3.236559139784946,-5.086021505376344,Bad,Good,Bad,7,7,21,21,30,24.247046361789884,5.291139301524083,-13.92962743938498,4.914893617021278,0.6363636363636364,2026-09-25T06:30:47.528746+00:00,dvp_v2_2026_positions_shrunk_per100tog,10,30.0
KEY_DEFENDER,Port Adelaide Power,Player Fantasy Points,2.9677985170704226,4.5865977081997436,Good,Bad,Good,8,8,22,22,38,16.520271833819862,3.5221337893598084,-0.8694619138699085,14.781609195402297,0.6470588235294118,2026-09-25T06:30:47.528746+00:00,dvp_v2_2026_positions_shrunk_per100tog,10,30.0
KEY_DEFENDER,Richmond Tigers,Player Fantasy Points,6.348467508595775,9.278529435639978,Excellent,Terrible,Excellent,9,9,26,26,38,32.41866130137463,6.357822560779404,-19.148667424529492,19.55490050924509,0.6842105263157895,2026-09-25T06:30:47.528746+00:00,dvp_v2_2026_positions_shrunk_per100tog,10,30.0
KEY_DEFENDER,St Kilda Saints,Player Fantasy Points,1.818162319835277,2.909059711736443,Good,Bad,Good,7,7,20,20,35,23.340215811000924,5.219030916291345,-12.902695382168355,11.07692307692308,0.625,2026-09-25T06:30:47.528746+00:00,dvp_v2_2026_positions_shrunk_per100tog,10,30.0
KEY_DEFENDER,Sydney Swans,Player Fantasy Points,-3.831578947368419,-7.368421052631575,Terrible,Excellent,Terrible,5,5,13,13,13,22.981064213299803,6.373800414290996,-21.249085233762653,14.009661835748794,0.52,2026-09-25T06:30:47.528746+00:00,dvp_v2_2026_positions_shrunk_per100tog,10,30.0
KEY_DEFENDER,West Coast Eagles,Player Fantasy Points,-0.13311688311688386,-0.23295454545454675,Neutral,Neutral,Neutral,6,6,16,16,16,21.353633340399746,5.3384083350999365,-14.191489361702125,20.616340181557568,0.5714285714285714,2026-09-25T06:30:47.528746+00:00,dvp_v2_2026_positions_shrunk_per100tog,10,30.0
KEY_DEFENDER,Western Bulldogs,Player Fantasy Points,7.559570059570058,13.607226107226104,Excellent,Terrible,Excellent,6,6,15,15,15,15.661163321259481,4.04369498169816,-4.55781080101486,23.60252808988764,0.5555555555555556,2026-09-25T06:30:47.528746+00:00,dvp_v2_2026_positions_shrunk_per100tog,10,30.0
KEY_FORWARD,Adelaide Crows,Player Fantasy Points,-2.825150330991184,-4.366141420622739,Bad,Good,Bad,8,8,22,22,22,25.223368861508096,5.377640310175324,-20.077484537639478,13.81679462895756,0.6470588235294118,2026-09-25T06:30:47.528746+00:00,dvp_v2_2026_positions_shrunk_per100tog,10,30.0
KEY_FORWARD,Brisbane Lions,Player Fantasy Points,-1.7434620174346158,-2.7397260273972535,Bad,Good,Bad,8,8,21,21,21,31.178964921296146,6.803807944867259,-23.960440676168176,11.85126582278481,0.6363636363636364,2026-09-25T06:30:47.528746+00:00,dvp_v2_2026_positions_shrunk_per100tog,10,30.0
KEY_FORWARD,Carlton,Player Fantasy Points,-6.7809095736047,-11.866591753808226,Terrible,Excellent,Terrible,6,6,16,16,16,22.485206027905303,5.621301506976326,-18.456102046221975,-3.376091291595852,0.5714285714285714,2026-09-25T06:30:47.528746+00:00,dvp_v2_2026_positions_shrunk_per100tog,10,30.0
KEY_FORWARD,Collingwood Magpies,Player Fantasy Points,2.960102960102959,4.38095238095238,Good,Bad,Good,8,8,25,25,41,28.028752373071345,5.605750474614269,-3.8461538461538396,25.955882352941174,0.6756756756756757,2026-09-25T06:30:47.528746+00:00,dvp_v2_2026_positions_shrunk_per100tog,10,30.0
KEY_FORWARD,Essendon Bombers,Player Fantasy Points,7.126534398103743,11.877557330172905,Excellent,Terrible,Excellent,7,7,18,18,21,32.499899029843384,7.660299663960118,-14.75,26.60096832816226,0.6,2026-09-25T06:30:47.528746+00:00,dvp_v2_2026_positions_shrunk_per100tog,10,30.0
KEY_FORWARD,Fremantle Dockers,Player Fantasy Points,-10.277472527472526,-17.129120879120876,Terrible,Excellent,Terrible,7,7,18,18,33,20.759240428458384,4.892999893081618,-29.041092089786815,-8.723634461863245,0.6,2026-09-25T06:30:47.528746+00:00,dvp_v2_2026_positions_shrunk_per100tog,10,30.0
KEY_FORWARD,GWS Giants,Player Fantasy Points,0.047515870300679344,0.07032348804500543,Neutral,Neutral,Neutral,7,7,25,25,37,28.006664867997753,5.6013329735995505,-11.833105335157313,12.262218320163889,0.6756756756756757,2026-09-25T06:30:47.528746+00:00,dvp_v2_2026_positions_shrunk_per100tog,10,30.0
KEY_FORWARD,Geelong Cats,Player Fantasy Points,-0.6916573543718921,-1.6138671602010817,Neutral,Neutral,Neutral,5,5,9,9,9,16.656397502177708,5.552132500725903,-22.409505388228794,13.537549407114632,0.42857142857142855,2026-09-25T06:30:47.528746+00:00,dvp_v2_2026_positions_shrunk_per100tog,10,30.0
KEY_FORWARD,Gold Coast Suns,Player Fantasy Points,1.5144715154306803,2.2717072731460206,Good,Bad,Good,8,8,24,24,31,27.570796175057154,5.627865202597349,-10.179783394305144,14.778989099418531,0.6666666666666666,2026-09-25T06:30:47.528746+00:00,dvp_v2_2026_positions_shrunk_per100tog,10,30.0
KEY_FORWARD,Hawthorn Hawks,Player Fantasy Points,-0.7651857645848575,-1.118348425162484,Neutral,Neutral,Neutral,8,8,26,26,37,28.76104492582271,5.640504973388029,-12.112513387811244,13.441003441003431,0.6842105263157895,2026-09-25T06:30:47.528746+00:00,dvp_v2_2026_positions_shrunk_per100tog,10,30.0
KEY_FORWARD,Melbourne Demons,Player Fantasy Points,4.602788765756429,8.285019778361573,Excellent,Terrible,Excellent,6,6,15,15,25,34.56443830035945,8.924499593887063,-26.194008851142204,14.61499493414388,0.5555555555555556,2026-09-25T06:30:47.528746+00:00,dvp_v2_2026_positions_shrunk_per100tog,10,30.0
KEY_FORWARD,North Melbourne Kangaroos,Player Fantasy Points,6.183082183309603,10.547610783292853,Excellent,Terrible,Excellent,7,7,17,17,31,18.371525699381095,4.455749468370448,0.3809523809523796,22.0358164407412,0.5862068965517241,2026-09-25T06:30:47.528746+00:00,dvp_v2_2026_positions_shrunk_per100tog,10,30.0
KEY_FORWARD,Port Adelaide Power,Player Fantasy Points,4.926852504371894,7.390278756557841,Excellent,Terrible,Excellent,8,8,24,24,39,19.598509951821192,4.000529091735005,-3.1312724319981076,13.520776191048821,0.6666666666666666,2026-09-25T06:30:47.528746+00:00,dvp_v2_2026_positions_shrunk_per100tog,10,30.0
KEY_FORWARD,Richmond Tigers,Player Fantasy Points,2.3437412807244073,3.3854040721574776,Good,Bad,Good,9,9,27,27,38,24.47626141870152,4.710458706280991,-9.047619047619065,6.035539215686278,0.6923076923076923,2026-09-25T06:30:47.528746+00:00,dvp_v2_2026_positions_shrunk_per100tog,10,30.0
KEY_FORWARD,St Kilda Saints,Player Fantasy Points,-2.3737342687212726,-3.797974829954036,Bad,Good,Bad,7,7,20,20,29,23.328400542782862,5.216388942000547,-18.14384690102139,11.057434245840028,0.625,2026-09-25T06:30:47.528746+00:00,dvp_v2_2026_positions_shrunk_per100tog,10,30.0
KEY_FORWARD,Sydney Swans,Player Fantasy Points,-2.6997867685585604,-5.399573537117121,Bad,Good,Bad,5,5,12,12,12,22.90763381142701,6.612864273762379,-24.940376852967074,17.162470947637186,0.5,2026-09-25T06:30:47.528746+00:00,dvp_v2_2026_positions_shrunk_per100tog,10,30.0
KEY_FORWARD,West Coast Eagles,Player Fantasy Points,2.0948197987726997,3.770675637790859,Good,Bad,Good,6,6,15,15,15,29.15638323258097,7.528145779695151,-12.25,11.075069508804432,0.5555555555555556,2026-09-25T06:30:47.528746+00:00,dvp_v2_2026_positions_shrunk_per100tog,10,30.0
KEY_FORWARD,Western Bulldogs,Player Fantasy Points,6.512345679012349,11.722222222222229,Excellent,Terrible,Excellent,6,6,15,15,15,30.650877793410817,7.914022616034589,-20.512820512820497,33.393512851897185,0.5555555555555556,2026-09-25T06:30:47.528746+00:00,dvp_v2_2026_positions_shrunk_per100tog,10,30.0
MEDIUM_DEFENDER,Adelaide Crows,Player Fantasy Points,-4.72737512993235,-6.145587668912054,Terrible,Excellent,Terrible,8,8,40,40,40,25.893710060107946,4.094155043097829,-10.920396288488057,0.21625698096286783,0.7692307692307693,2026-09-25T06:30:47.528746+00:00,dvp_v2_2026_positions_shrunk_per100tog,10,30.0
MEDIUM_DEFENDER,Brisbane Lions,Player Fantasy Points,-8.071196207826002,-10.433497536945808,Terrible,Excellent,Terrible,8,8,41,41,41,19.630066411414465,3.0657013175937666,-15.804570299537332,-0.53696303696303,0.7735849056603774,2026-09-25T06:30:47.528746+00:00,dvp_v2_2026_positions_shrunk_per100tog,10,30.0
MEDIUM_DEFENDER,Carlton,Player Fantasy Points,-14.363246207492619,-20.74691118860045,Terrible,Excellent,Terrible,6,6,27,27,28,18.468474216643024,3.5542595201668377,-27.416666666666664,-7.916666666666671,0.6923076923076923,2026-09-25T06:30:47.528746+00:00,dvp_v2_2026_positions_shrunk_per100tog,10,30.0
MEDIUM_DEFENDER,Collingwood Magpies,Player Fantasy Points,3.2860036062203477,4.090739183253902,Good,Bad,Good,8,8,49,49,67,23.21770590127778,3.3168151287539684,-8.256172839506178,10.646551724137936,0.8032786885245902,2026-09-25T06:30:47.528746+00:00,dvp_v2_2026_positions_shrunk_per100tog,10,30.0
MEDIUM_DEFENDER,Essendon Bombers,Player Fantasy Points,-2.837538382304786,-3.6294095587619353,Bad,Good,Bad,7,7,43,43,71,20.672911919777924,3.1525895123779955,-8.707865168539328,4.285714285714278,0.7818181818181819,2026-09-25T06:30:47.528746+00:00,dvp_v2_2026_positions_shrunk_per100tog,10,30.0
MEDIUM_DEFENDER,Fremantle Dockers,Player Fantasy Points,1.111015481054338,1.4919350745586826,Neutral,Neutral,Neutral,7,7,35,35,59,23.301920896242777,3.9387435177613823,-1.8809587454334888,13.924050632911388,0.7446808510638298,2026-09-25T06:30:47.528746+00:00,dvp_v2_2026_positions_shrunk_per100tog,10,30.0
MEDIUM_DEFENDER,GWS Giants,Player Fantasy Points,-3.1058598131768917,-3.9529124894978622,Bad,Good,Bad,7,7,44,44,69,20.563566988747787,3.1000743660461296,-18.531135301968636,4.231292903277681,0.7857142857142857,2026-09-25T06:30:47.528746+00:00,dvp_v2_2026_positions_shrunk_per100tog,10,30.0
MEDIUM_DEFENDER,Geelong Cats,Player Fantasy Points,1.2929300668492707,1.9135364989369208,Good,Bad,Good,5,5,25,25,25,24.189818899119352,4.837963779823871,-8.451675963704826,11.994784876140812,0.6756756756756757,2026-09-25T06:30:47.528746+00:00,dvp_v2_2026_positions_shrunk_per100tog,10,30.0
MEDIUM_DEFENDER,Gold Coast Suns,Player Fantasy Points,1.3337670787247842,1.7241379310344769,Good,Bad,Good,8,8,41,41,54,27.689303749759667,4.324342730676253,-8.0,14.273284603633456,0.7735849056603774,2026-09-25T06:30:47.528746+00:00,dvp_v2_2026_positions_shrunk_per100tog,10,30.0
MEDIUM_DEFENDER,Hawthorn Hawks,Player Fantasy Points,-3.770390889504469,-4.775828460038994,Terrible,Excellent,Terrible,8,8,45,45,61,23.49294266666859,3.502121119611743,-12.50544662309369,1.2820512820512846,0.7894736842105263,2026-09-25T06:30:47.528746+00:00,dvp_v2_2026_positions_shrunk_per100tog,10,30.0
MEDIUM_DEFENDER,Melbourne Demons,Player Fantasy Points,2.473913542024999,3.2160876046324987,Good,Bad,Good,6,6,40,40,58,23.425288808397784,3.7038633740894333,-5.753802869330004,13.037129822794943,0.7692307692307693,2026-09-25T06:30:47.528746+00:00,dvp_v2_2026_positions_shrunk_per100tog,10,30.0
MEDIUM_DEFENDER,North Melbourne Kangaroos,Player Fantasy Points,-1.5126086035176896,-1.9347319347319285,Neutral,Neutral,Neutral,7,7,43,43,62,21.93705767898792,3.3453699333495446,-11.357796451171813,8.771862934750331,0.7818181818181819,2026-09-25T06:30:47.528746+00:00,dvp_v2_2026_positions_shrunk_per100tog,10,30.0
MEDIUM_DEFENDER,Port Adelaide Power,Player Fantasy Points,1.2500000000000047,1.5988372093023315,Neutral,Neutral,Neutral,8,8,43,43,64,19.84254395776335,3.0259595853207744,-7.2351421188630525,6.818181818181813,0.7818181818181819,2026-09-25T06:30:47.528746+00:00,dvp_v2_2026_positions_shrunk_per100tog,10,30.0
MEDIUM_DEFENDER,Richmond Tigers,Player Fantasy Points,2.466635721263001,3.0358593492467705,Good,Bad,Good,9,9,52,52,86,24.967071792536068,3.462309905622285,-4.448707296808578,10.538525539098663,0.8125,2026-09-25T06:30:47.528746+00:00,dvp_v2_2026_positions_shrunk_per100tog,10,30.0
MEDIUM_DEFENDER,St Kilda Saints,Player Fantasy Points,0.02043674526798611,0.026418231687884486,Neutral,Neutral,Neutral,7,7,41,41,61,25.37119513621768,3.9623149880330204,-6.333076058049576,10.470647020456113,0.7735849056603774,2026-09-25T06:30:47.528746+00:00,dvp_v2_2026_positions_shrunk_per100tog,10,30.0
MEDIUM_DEFENDER,Sydney Swans,Player Fantasy Points,3.2264321810925147,4.839648271638772,Good,Bad,Good,5,5,24,24,24,26.48353007688265,5.405927939667821,-8.49952516619183,12.372495740872523,0.6666666666666666,2026-09-25T06:30:47.528746+00:00,dvp_v2_2026_positions_shrunk_per100tog,10,30.0
MEDIUM_DEFENDER,West Coast Eagles,Player Fantasy Points,7.842528185438285,11.328096267855301,Excellent,Terrible,Excellent,6,6,27,27,28,26.637102753106088,5.1263128149791735,0.3013863773357457,20.7497727255068,0.6923076923076923,2026-09-25T06:30:47.528746+00:00,dvp_v2_2026_positions_shrunk_per100tog,10,30.0
MEDIUM_DEFENDER,Western Bulldogs,Player Fantasy Points,11.21980233031179,15.42722820417871,Excellent,Terrible,Excellent,6,6,32,32,32,23.908569604920416,4.22647792402745,9.653233364573566,30.50510838302918,0.7272727272727273,2026-09-25T06:30:47.528746+00:00,dvp_v2_2026_positions_shrunk_per100tog,10,30.0
MEDIUM_FORWARD,Adelaide Crows,Player Fantasy Points,-8.603158235716737,-12.573846652201386,Terrible,Excellent,Terrible,8,8,26,26,27,22.051041156751594,4.324564967435154,-18.978873239436616,0.14308426073131386,0.6842105263157895,2026-09-25T06:30:47.528746+00:00,dvp_v2_2026_positions_shrunk_per100tog,10,30.0
MEDIUM_FORWARD,Brisbane Lions,Player Fantasy Points,-1.0177440877887989,-1.3993981207095985,Neutral,Neutral,Neutral,8,8,32,32,32,32.142587712170936,5.682060434039866,-10.086985887688508,5.385281385281388,0.7272727272727273,2026-09-25T06:30:47.528746+00:00,dvp_v2_2026_positions_shrunk_per100tog,10,30.0
MEDIUM_FORWARD,Carlton,Player Fantasy Points,-3.7833226846781045,-5.674984027017157,Terrible,Excellent,Terrible,6,6,24,24,25,23.290406988967465,4.754134418726788,-20.813534012964624,-0.30411077434373723,0.6666666666666666,2026-09-25T06:30:47.528746+00:00,dvp_v2_2026_positions_shrunk_per100tog,10,30.0
MEDIUM_FORWARD,Collingwood Magpies,Player Fantasy Points,-2.2348008385744214,-2.8888888888888857,Bad,Good,Bad,8,8,41,41,57,28.164947343012162,4.3986257799527095,-10.539596996966466,9.428963556601232,0.7735849056603774,2026-09-25T06:30:47.528746+00:00,dvp_v2_2026_positions_shrunk_per100tog,10,30.0
MEDIUM_FORWARD,Essendon Bombers,Player Fantasy Points,4.978340629560141,6.5504481967896595,Excellent,Terrible,Excellent,7,7,38,38,51,24.933103092351978,4.044683416841148,-4.3820864854767905,16.90314916986427,0.76,2026-09-25T06:30:47.528746+00:00,dvp_v2_2026_positions_shrunk_per100tog,10,30.0
MEDIUM_FORWARD,Fremantle Dockers,Player Fantasy Points,-2.002583979328161,-2.7777777777777715,Bad,Good,Bad,7,7,31,31,51,25.45079607524785,4.571097915916748,-11.654320987654323,9.118421052631575,0.7209302325581395,2026-09-25T06:30:47.528746+00:00,dvp_v2_2026_positions_shrunk_per100tog,10,30.0
MEDIUM_FORWARD,GWS Giants,Player Fantasy Points,-1.0973918726760497,-1.4736405147364096,Neutral,Neutral,Neutral,7,7,35,35,49,23.192935607693382,3.920321641697315,-7.4652777777777715,6.202531645569621,0.7446808510638298,2026-09-25T06:30:47.528746+00:00,dvp_v2_2026_positions_shrunk_per100tog,10,30.0
MEDIUM_FORWARD,Geelong Cats,Player Fantasy Points,-3.1330907276210307,-5.012945164193649,Bad,Good,Bad,5,5,20,20,20,30.914814592817038,6.912762694134138,-17.610287042439925,27.13311885490745,0.625,2026-09-25T06:30:47.528746+00:00,dvp_v2_2026_positions_shrunk_per100tog,10,30.0
MEDIUM_FORWARD,Gold Coast Suns,Player Fantasy Points,-4.592365087963681,-6.042585642057475,Terrible,Excellent,Terrible,8,8,38,38,49,24.203727427278572,3.9263630599147454,-12.080572307002067,10.440721229055187,0.76,2026-09-25T06:30:47.528746+00:00,dvp_v2_2026_positions_shrunk_per100tog,10,30.0
MEDIUM_FORWARD,Hawthorn Hawks,Player Fantasy Points,-2.1395960106684204,-2.7814748138689467,Bad,Good,Bad,8,8,40,40,56,28.681426950253808,4.534931785326945,-6.345611842266507,-1.908816547832567,0.7692307692307693,2026-09-25T06:30:47.528746+00:00,dvp_v2_2026_positions_shrunk_per100tog,10,30.0
MEDIUM_FORWARD,Melbourne Demons,Player Fantasy Points,2.2239375191182478,3.057914088787591,Good,Bad,Good,6,6,32,32,49,23.573417147396903,4.167230780165897,-7.333333333333336,11.415896081260657,0.7272727272727273,2026-09-25T06:30:47.528746+00:00,dvp_v2_2026_positions_shrunk_per100tog,10,30.0
MEDIUM_FORWARD,North Melbourne Kangaroos,Player Fantasy Points,-2.9738845589952625,-3.888925961763036,Bad,Good,Bad,7,7,39,39,53,18.44118524780934,2.952952947709318,-9.578313253012048,2.7149838701911477,0.7647058823529411,2026-09-25T06:30:47.528746+00:00,dvp_v2_2026_positions_shrunk_per100tog,10,30.0
MEDIUM_FORWARD,Port Adelaide Power,Player Fantasy Points,-1.3982551275669761,-1.8517432770481577,Neutral,Neutral,Neutral,8,8,37,37,62,28.699941314181036,4.718241287774547,-6.92979532113111,9.303797468354432,0.7551020408163265,2026-09-25T06:30:47.528746+00:00,dvp_v2_2026_positions_shrunk_per100tog,10,30.0
MEDIUM_FORWARD,Richmond Tigers,Player Fantasy Points,5.893640350877188,7.4652777777777715,Excellent,Terrible,Excellent,9,9,45,45,58,32.1234302250826,4.788678243583737,-3.999999999999993,18.115089514066497,0.7894736842105263,2026-09-25T06:30:47.528746+00:00,dvp_v2_2026_positions_shrunk_per100tog,10,30.0
MEDIUM_FORWARD,St Kilda Saints,Player Fantasy Points,-5.307760179151149,-7.127563669145829,Terrible,Excellent,Terrible,7,7,35,35,50,25.288635961232725,4.274559655783281,-11.945237771431152,11.517756214395234,0.7446808510638298,2026-09-25T06:30:47.528746+00:00,dvp_v2_2026_positions_shrunk_per100tog,10,30.0
MEDIUM_FORWARD,Sydney Swans,Player Fantasy Points,2.4331590753849963,3.893054520615994,Good,Bad,Good,5,5,20,20,20,18.729583523783873,4.188062194944079,-6.635802469135811,17.930416068866577,0.625,2026-09-25T06:30:47.528746+00:00,dvp_v2_2026_positions_shrunk_per100tog,10,30.0
MEDIUM_FORWARD,West Coast Eagles,Player Fantasy Points,9.37134563982626,13.249143835616437,Excellent,Terrible,Excellent,6,6,29,29,30,22.006304550993065,4.086468165623852,2.532833020637895,17.73809523809524,0.7073170731707317,2026-09-25T06:30:47.528746+00:00,dvp_v2_2026_positions_shrunk_per100tog,10,30.0
MEDIUM_FORWARD,Western Bulldogs,Player Fantasy Points,3.2794047158534347,5.0681709245007625,Good,Bad,Good,6,6,22,22,24,22.378751250107985,4.7711657976670345,1.2463845513028586,22.15364679748241,0.6470588235294118,2026-09-25T06:30:47.528746+00:00,dvp_v2_2026_positions_shrunk_per100tog,10,30.0
MIDFIELDER,Adelaide Crows,Player Fantasy Points,-8.21479374110953,-10.405405405405403,Terrible,Excellent,Terrible,8,8,45,45,45,25.561392583062467,3.8104674276857744,-16.333955223880594,-0.18297800906496064,0.7894736842105263,2026-09-25T06:30:47.528746+00:00,dvp_v2_2026_positions_shrunk_per100tog,10,30.0
MIDFIELDER,Brisbane Lions,Player Fantasy Points,-2.7749033174209883,-3.5148775353999184,Bad,Good,Bad,8,8,45,45,45,29.820744105370363,4.445414063948952,-14.805194805194802,9.228550829127613,0.7894736842105263,2026-09-25T06:30:47.528746+00:00,dvp_v2_2026_positions_shrunk_per100tog,10,30.0
MIDFIELDER,Carlton,Player Fantasy Points,-3.920446050152046,-5.227261400202728,Terrible,Excellent,Terrible,6,6,36,36,36,24.542431730436675,4.090405288406113,-12.504275055762477,3.503675378953389,0.75,2026-09-25T06:30:47.528746+00:00,dvp_v2_2026_positions_shrunk_per100tog,10,30.0
MIDFIELDER,Collingwood Magpies,Player Fantasy Points,-0.19074365305758903,-0.2365221297914104,Neutral,Neutral,Neutral,8,8,50,50,79,25.43220726969727,3.59665724418895,-11.600083808818423,6.275170911089783,0.8064516129032258,2026-09-25T06:30:47.528746+00:00,dvp_v2_2026_positions_shrunk_per100tog,10,30.0
MIDFIELDER,Essendon Bombers,Player Fantasy Points,10.572770106668415,13.272200772200776,Excellent,Terrible,Excellent,7,7,47,47,64,30.104843130058864,4.391242687211486,-1.7642521304731105,22.85714285714286,0.7966101694915254,2026-09-25T06:30:47.528746+00:00,dvp_v2_2026_positions_shrunk_per100tog,10,30.0
MIDFIELDER,Fremantle Dockers,Player Fantasy Points,-6.215374671257027,-7.547240672240676,Terrible,Excellent,Terrible,7,7,56,56,90,27.3339823566815,3.652657035529497,-13.678329343211782,2.163677251416267,0.8235294117647058,2026-09-25T06:30:47.528746+00:00,dvp_v2_2026_positions_shrunk_per100tog,10,30.0
MIDFIELDER,GWS Giants,Player Fantasy Points,0.3619752700670404,0.45246908758380044,Neutral,Neutral,Neutral,7,7,48,48,77,28.238585827558442,4.075888782268804,-5.918608272586545,4.431698004962094,0.8,2026-09-25T06:30:47.528746+00:00,dvp_v2_2026_positions_shrunk_per100tog,10,30.0
MIDFIELDER,Geelong Cats,Player Fantasy Points,-3.312449799196787,-4.732071141709696,Bad,Good,Bad,5,5,28,28,28,27.679331734806087,5.230902016196781,-11.171832598920261,4.95636332186891,0.7,2026-09-25T06:30:47.528746+00:00,dvp_v2_2026_positions_shrunk_per100tog,10,30.0
MIDFIELDER,Gold Coast Suns,Player Fantasy Points,4.962608184965459,6.065410003846672,Excellent,Terrible,Excellent,8,8,54,54,68,24.330767687693513,3.310998104724758,-1.4167567784052295,10.279431733604532,0.8181818181818182,2026-09-25T06:30:47.528746+00:00,dvp_v2_2026_positions_shrunk_per100tog,10,30.0
MIDFIELDER,Hawthorn Hawks,Player Fantasy Points,4.312231653610231,5.347167250476687,Good,Bad,Good,8,8,50,50,74,27.21403801948217,3.848646165408873,-4.199918005943027,15.330458844192952,0.8064516129032258,2026-09-25T06:30:47.528746+00:00,dvp_v2_2026_positions_shrunk_per100tog,10,30.0
MIDFIELDER,Melbourne Demons,Player Fantasy Points,-0.6666666666666697,-0.8717948717948758,Neutral,Neutral,Neutral,6,6,39,39,64,25.064886984141765,4.013594078103779,-8.823529411764696,6.6416627598062234,0.7647058823529411,2026-09-25T06:30:47.528746+00:00,dvp_v2_2026_positions_shrunk_per100tog,10,30.0
MIDFIELDER,North Melbourne Kangaroos,Player Fantasy Points,-0.5382501145213022,-0.6756756756756772,Neutral,Neutral,Neutral,7,7,47,47,71,29.934880806151348,4.366451134279753,-12.422705314009676,7.0795058599936596,0.7966101694915254,2026-09-25T06:30:47.528746+00:00,dvp_v2_2026_positions_shrunk_per100tog,10,30.0
MIDFIELDER,Port Adelaide Power,Player Fantasy Points,-0.2058759164022374,-0.25248933143670627,Neutral,Neutral,Neutral,8,8,53,53,81,29.707259296878075,4.080605890389108,-9.992920428922757,6.076005302695535,0.8153846153846154,2026-09-25T06:30:47.528746+00:00,dvp_v2_2026_positions_shrunk_per100tog,10,30.0
MIDFIELDER,Richmond Tigers,Player Fantasy Points,1.401767575322571,1.682121090387085,Good,Bad,Good,9,9,60,60,82,28.16472903574739,3.6360508835298035,-9.505544452156714,8.669330569415546,0.8333333333333334,2026-09-25T06:30:47.528746+00:00,dvp_v2_2026_positions_shrunk_per100tog,10,30.0
MIDFIELDER,St Kilda Saints,Player Fantasy Points,-2.0959028669234057,-2.642660136555598,Bad,Good,Bad,7,7,46,46,72,26.23824614439496,3.8686183376032806,-11.321298918357485,3.421621269826412,0.7931034482758621,2026-09-25T06:30:47.528746+00:00,dvp_v2_2026_positions_shrunk_per100tog,10,30.0
MIDFIELDER,Sydney Swans,Player Fantasy Points,2.008608321377332,2.8397565922920904,Good,Bad,Good,5,5,29,29,29,32.846813735791784,6.099500184706488,-11.557340473003109,20.024848217783003,0.7073170731707317,2026-09-25T06:30:47.528746+00:00,dvp_v2_2026_positions_shrunk_per100tog,10,30.0
MIDFIELDER,West Coast Eagles,Player Fantasy Points,-6.386746151292142,-8.51566153505619,Terrible,Excellent,Terrible,6,6,36,36,36,24.477693781200593,4.079615630200099,-15.511489454052079,-1.0145611857607904,0.75,2026-09-25T06:30:47.528746+00:00,dvp_v2_2026_positions_shrunk_per100tog,10,30.0
MIDFIELDER,Western Bulldogs,Player Fantasy Points,11.219289720900885,14.857978279030903,Excellent,Terrible,Excellent,6,6,37,37,37,27.457901638044202,4.514051222824578,-2.855597898856729,24.62352831681325,0.7551020408163265,2026-09-25T06:30:47.528746+00:00,dvp_v2_2026_positions_shrunk_per100tog,10,30.0
MIDFIELDER_FORWARD,Adelaide Crows,Player Fantasy Points,-10.244345052624755,-17.07390842104126,Terrible,Excellent,Terrible,8,8,18,18,19,19.334430264990743,4.557168916917791,-28.56280193236715,-4.793907084884875,0.6,2026-09-25T06:30:47.528746+00:00,dvp_v2_2026_positions_shrunk_per100tog,10,30.0
MIDFIELDER_FORWARD,Brisbane Lions,Player Fantasy Points,-5.659187930220728,-14.147969825551819,Terrible,Excellent,Terrible,6,6,8,8,9,23.58126577233456,8.337236468289998,-27.84810126582279,12.164451925348459,0.4,2026-09-25T06:30:47.528746+00:00,dvp_v2_2026_positions_shrunk_per100tog,10,30.0
MIDFIELDER_FORWARD,Carlton,Player Fantasy Points,-0.14714403427483944,-0.3678600856870986,Neutral,Neutral,Neutral,5,5,8,8,8,28.358571467671805,10.026269094777037,-40.46888166606476,11.580993761140784,0.4,2026-09-25T06:30:47.528746+00:00,dvp_v2_2026_positions_shrunk_per100tog,10,30.0
MIDFIELDER_FORWARD,Collingwood Magpies,Player Fantasy Points,2.470085798930396,5.7635335308375915,Good,Bad,Good,8,8,9,9,23,24.655110409377258,8.218370136459086,0.01708817498290216,44.12852969814995,0.42857142857142855,2026-09-25T06:30:47.528746+00:00,dvp_v2_2026_positions_shrunk_per100tog,10,30.0
MIDFIELDER_FORWARD,Essendon Bombers,Player Fantasy Points,9.568180025664027,19.136360051328055,Excellent,Terrible,Excellent,6,6,12,12,20,29.618937216715697,8.550250687590717,-10.71989558777264,32.11466865227103,0.5,2026-09-25T06:30:47.528746+00:00,dvp_v2_2026_positions_shrunk_per100tog,10,30.0
MIDFIELDER_FORWARD,Fremantle Dockers,Player Fantasy Points,-1.6666666666666698,-4.523809523809533,Bad,Good,Bad,4,4,7,7,7,20.04120534426256,7.574863616413907,-13.197640966628313,21.4908379291941,0.3684210526315789,2026-09-25T06:30:47.528746+00:00,dvp_v2_2026_positions_shrunk_per100tog,10,30.0
MIDFIELDER_FORWARD,GWS Giants,Player Fantasy Points,1.9752489358023673,4.608914183538857,Good,Bad,Good,7,7,9,9,22,40.86857049123644,13.622856830412147,-26.651685393258433,32.59020308838551,0.42857142857142855,2026-09-25T06:30:47.528746+00:00,dvp_v2_2026_positions_shrunk_per100tog,10,30.0
MIDFIELDER_FORWARD,Geelong Cats,Player Fantasy Points,6.419452887537994,14.97872340425532,Excellent,Terrible,Excellent,5,5,9,9,9,15.411269603200877,5.137089867733626,2.1810971579643166,27.272727272727266,0.42857142857142855,2026-09-25T06:30:47.528746+00:00,dvp_v2_2026_positions_shrunk_per100tog,10,30.0
MIDFIELDER_FORWARD,Gold Coast Suns,Player Fantasy Points,-1.052380952380957,-2.0238095238095326,Neutral,Neutral,Neutral,6,6,13,13,21,22.745969635972425,6.308596910203504,-16.074923119932905,15.485312899106006,0.52,2026-09-25T06:30:47.528746+00:00,dvp_v2_2026_positions_shrunk_per100tog,10,30.0
MIDFIELDER_FORWARD,Hawthorn Hawks,Player Fantasy Points,-4.26108935305615,-7.913451655675708,Terrible,Excellent,Terrible,7,7,14,14,15,20.65092425338658,5.519191662599503,-21.808635872498524,2.029914529914528,0.5384615384615384,2026-09-25T06:30:47.528746+00:00,dvp_v2_2026_positions_shrunk_per100tog,10,30.0
MIDFIELDER_FORWARD,Melbourne Demons,Player Fantasy Points,-1.875264185870245,-4.125581208914539,Bad,Good,Bad,6,6,10,10,13,32.79863378648584,10.371838690704799,-40.88246210345366,19.548026096812926,0.45454545454545453,2026-09-25T06:30:47.528746+00:00,dvp_v2_2026_positions_shrunk_per100tog,10,30.0
MIDFIELDER_FORWARD,North Melbourne Kangaroos,Player Fantasy Points,-3.951712991280348,-8.693768580816766,Terrible,Excellent,Terrible,6,6,10,10,10,30.040257090559525,9.499563390319114,-20.861056751467714,39.54786758369511,0.45454545454545453,2026-09-25T06:30:47.528746+00:00,dvp_v2_2026_positions_shrunk_per100tog,10,30.0
MIDFIELDER_FORWARD,Port Adelaide Power,Player Fantasy Points,9.25959713373454,21.605726645380592,Excellent,Terrible,Excellent,7,7,9,9,13,33.29600722218517,11.098669074061723,-22.382593070041807,39.449311639549435,0.42857142857142855,2026-09-25T06:30:47.528746+00:00,dvp_v2_2026_positions_shrunk_per100tog,10,30.0
MIDFIELDER_FORWARD,Richmond Tigers,Player Fantasy Points,7.013799897711483,14.027599795422965,Excellent,Terrible,Excellent,7,7,12,12,23,41.6955100022181,12.036456961889677,-16.32885587570217,37.47235953111832,0.5,2026-09-25T06:30:47.528746+00:00,dvp_v2_2026_positions_shrunk_per100tog,10,30.0
MIDFIELDER_FORWARD,St Kilda Saints,Player Fantasy Points,3.1965409636642534,6.147194160892795,Good,Bad,Good,6,6,13,13,26,34.64327713431689,9.608316312145286,-15.996718621821167,20.9501025290499,0.52,2026-09-25T06:30:47.528746+00:00,dvp_v2_2026_positions_shrunk_per100tog,10,30.0
MIDFIELDER_FORWARD,Sydney Swans,Player Fantasy Points,-0.5051774436794076,-1.515532331038223,Neutral,Neutral,Neutral,4,4,6,6,6,21.197369280031566,8.653789770904094,-4.58333631145959,24.11153408395517,0.3333333333333333,2026-09-25T06:30:47.528746+00:00,dvp_v2_2026_positions_shrunk_per100tog,10,30.0
MIDFIELDER_FORWARD,West Coast Eagles,Player Fantasy Points,-1.6951569208345858,-5.7635335308375915,Bad,Good,Bad,4,4,5,5,5,24.379969024297488,10.90305360553368,-39.17474930133157,23.03464357095271,0.29411764705882354,2026-09-25T06:30:47.528746+00:00,dvp_v2_2026_positions_shrunk_per100tog,10,30.0
MIDFIELDER_FORWARD,Western Bulldogs,Player Fantasy Points,-0.006295643414753427,-0.01708817498290216,Neutral,Neutral,Neutral,4,4,7,7,7,28.673312163139194,10.83749332116997,-33.48654110111332,26.707077910500985,0.3684210526315789,2026-09-25T06:30:47.528746+00:00,dvp_v2_2026_positions_shrunk_per100tog,10,30.0
RUCK,Adelaide Crows,Player Fantasy Points,6.629432587972306,13.861540865760276,Excellent,Terrible,Excellent,8,8,11,11,11,27.644521875841452,8.335136960994356,-28.994190268700066,22.584446190102142,0.4782608695652174,2026-09-25T06:30:47.528746+00:00,dvp_v2_2026_positions_shrunk_per100tog,10,30.0
RUCK,Brisbane Lions,Player Fantasy Points,6.954689146469971,14.541622760800848,Excellent,Terrible,Excellent,8,8,11,11,12,22.940382023883068,6.916785429148542,-2.7077304671351783,18.551706827309246,0.4782608695652174,2026-09-25T06:30:47.528746+00:00,dvp_v2_2026_positions_shrunk_per100tog,10,30.0
RUCK,Carlton,Player Fantasy Points,0.2955665024630544,0.6896551724137936,Neutral,Neutral,Neutral,6,6,9,9,9,29.955459294777356,9.985153098259119,-8.57142857142857,3.706896551724137,0.42857142857142855,2026-09-25T06:30:47.528746+00:00,dvp_v2_2026_positions_shrunk_per100tog,10,30.0
RUCK,Collingwood Magpies,Player Fantasy Points,-1.3996029033623003,-3.0791263873970607,Neutral,Neutral,Neutral,8,8,10,10,16,26.397086680895544,8.347491750452425,-13.891172119020212,31.438611824790698,0.45454545454545453,2026-09-25T06:30:47.528746+00:00,dvp_v2_2026_positions_shrunk_per100tog,10,30.0
RUCK,Essendon Bombers,Player Fantasy Points,-0.47868601986248793,-0.9205500381970921,Neutral,Neutral,Neutral,6,6,13,13,22,25.501193092459996,7.072758406182509,-7.713353413654616,27.58980785296575,0.52,2026-09-25T06:30:47.528746+00:00,dvp_v2_2026_positions_shrunk_per100tog,10,30.0
RUCK,Fremantle Dockers,Player Fantasy Points,-5.319010541886906,-9.878162434932825,Terrible,Excellent,Terrible,7,7,14,14,23,27.218522457510193,7.274456115015388,-25.0,5.99025270966955,0.5384615384615384,2026-09-25T06:30:47.528746+00:00,dvp_v2_2026_positions_shrunk_per100tog,10,30.0
RUCK,GWS Giants,Player Fantasy Points,0.22666525843512242,0.49866356855726934,Neutral,Neutral,Neutral,7,7,10,10,16,24.562658382802,7.767394587828233,-10.892857142857153,17.907770189627165,0.45454545454545453,2026-09-25T06:30:47.528746+00:00,dvp_v2_2026_positions_shrunk_per100tog,10,30.0
RUCK,Geelong Cats,Player Fantasy Points,1.584930720926761,3.962326802316902,Good,Bad,Good,5,5,8,8,8,24.555222573516954,8.681582197639411,-0.6086645184389567,39.74358974358975,0.4,2026-09-25T06:30:47.528746+00:00,dvp_v2_2026_positions_shrunk_per100tog,10,30.0
RUCK,Gold Coast Suns,Player Fantasy Points,-3.40148835838491,-6.317049808429118,Bad,Good,Bad,8,8,14,14,17,29.371151848289472,7.849770519372243,-32.20338983050847,18.747877086116716,0.5384615384615384,2026-09-25T06:30:47.528746+00:00,dvp_v2_2026_positions_shrunk_per100tog,10,30.0
RUCK,Hawthorn Hawks,Player Fantasy Points,-1.2234324599001383,-2.4468649198002765,Neutral,Neutral,Neutral,8,8,12,12,17,22.82088668732113,6.587822536035401,-10.955319617497603,7.317073170731703,0.5,2026-09-25T06:30:47.528746+00:00,dvp_v2_2026_positions_shrunk_per100tog,10,30.0
RUCK,Melbourne Demons,Player Fantasy Points,-3.2203246042908464,-8.050811510727115,Bad,Good,Bad,6,6,8,8,13,18.584072116343044,6.570461707763,-29.19354838709677,9.439655172413794,0.4,2026-09-25T06:30:47.528746+00:00,dvp_v2_2026_positions_shrunk_per100tog,10,30.0
RUCK,North Melbourne Kangaroos,Player Fantasy Points,-0.6591084548921752,-1.3781358602290936,Neutral,Neutral,Neutral,7,7,11,11,18,27.183540264176532,8.196145775435642,-23.347933513027854,21.299927378358746,0.4782608695652174,2026-09-25T06:30:47.528746+00:00,dvp_v2_2026_positions_shrunk_per100tog,10,30.0
RUCK,Port Adelaide Power,Player Fantasy Points,-5.087126018498571,-9.447519748640204,Terrible,Excellent,Terrible,8,8,14,14,23,20.597378656689735,5.504880999927362,-19.451061944630236,5.19369870635694,0.5384615384615384,2026-09-25T06:30:47.528746+00:00,dvp_v2_2026_positions_shrunk_per100tog,10,30.0
RUCK,Richmond Tigers,Player Fantasy Points,6.242190242190244,12.004212004212008,Excellent,Terrible,Excellent,9,9,13,13,19,16.32980786252945,4.529073812832688,4.887218045112789,23.32123411978222,0.52,2026-09-25T06:30:47.528746+00:00,dvp_v2_2026_positions_shrunk_per100tog,10,30.0
RUCK,St Kilda Saints,Player Fantasy Points,-3.3602391653252113,-6.7204783306504225,Bad,Good,Bad,7,7,12,12,21,32.19870665742677,9.29496597811157,-26.465905273297288,25.946272823401905,0.5,2026-09-25T06:30:47.528746+00:00,dvp_v2_2026_positions_shrunk_per100tog,10,30.0
RUCK,Sydney Swans,Player Fantasy Points,-6.61305659387501,-13.827300150829565,Terrible,Excellent,Terrible,5,5,11,11,11,30.13253243170229,9.085300369015627,-34.096459096459085,-5.487804878048777,0.4782608695652174,2026-09-25T06:30:47.528746+00:00,dvp_v2_2026_positions_shrunk_per100tog,10,30.0
RUCK,West Coast Eagles,Player Fantasy Points,4.453938015581852,11.13484503895463,Excellent,Terrible,Excellent,6,6,8,8,8,26.142223762711904,9.242671848954844,-11.290322580645167,17.722547108512003,0.4,2026-09-25T06:30:47.528746+00:00,dvp_v2_2026_positions_shrunk_per100tog,10,30.0
RUCK,Western Bulldogs,Player Fantasy Points,2.156444004466749,5.391110011166873,Good,Bad,Good,6,6,8,8,8,20.360498725228368,7.198523358474517,-8.333333333333343,26.016817978064743,0.4,2026-09-25T06:30:47.528746+00:00,dvp_v2_2026_positions_shrunk_per100tog,10,30.0
KEY_DEFENDER,Adelaide Crows,Player Goals,0.0,0.0,Neutral,Neutral,Neutral,7,7,18,18,18,0.3226814436632676,0.07605674565912049,0.0,0.0,0.6,2026-09-25T06:30:47.528746+00:00,dvp_v2_2026_positions_shrunk_per100tog,10,30.0
KEY_DEFENDER,Brisbane Lions,Player Goals,0.0,0.0,Neutral,Neutral,Neutral,8,8,23,23,23,0.3246409618285393,0.06769231993460305,0.0,0.0,0.6571428571428571,2026-09-25T06:30:47.528746+00:00,dvp_v2_2026_positions_shrunk_per100tog,10,30.0
KEY_DEFENDER,Carlton,Player Goals,0.0,0.0,Neutral,Neutral,Neutral,6,6,14,14,14,0.32096701257183063,0.08578204239286819,-0.11201183542413382,0.0,0.5384615384615384,2026-09-25T06:30:47.528746+00:00,dvp_v2_2026_positions_shrunk_per100tog,10,30.0
KEY_DEFENDER,Collingwood Magpies,Player Goals,0.0,0.0,Neutral,Neutral,Neutral,8,8,24,24,36,0.13941321750181307,0.02845760385659095,0.0,0.0,0.6666666666666666,2026-09-25T06:30:47.528746+00:00,dvp_v2_2026_positions_shrunk_per100tog,10,30.0
KEY_DEFENDER,Essendon Bombers,Player Goals,0.0,0.0,Neutral,Neutral,Neutral,7,7,21,21,26,0.3957696174692633,0.0863640109436484,0.0,0.0,0.6363636363636364,2026-09-25T06:30:47.528746+00:00,dvp_v2_2026_positions_shrunk_per100tog,10,30.0
KEY_DEFENDER,Fremantle Dockers,Player Goals,0.0,0.0,Neutral,Neutral,Neutral,7,7,26,26,36,0.30454374282524593,0.0597259418234043,0.0,0.0,0.6842105263157895,2026-09-25T06:30:47.528746+00:00,dvp_v2_2026_positions_shrunk_per100tog,10,30.0
KEY_DEFENDER,GWS Giants,Player Goals,0.0,0.0,Neutral,Neutral,Neutral,7,7,19,19,26,0.047919293971352535,0.010993439992997027,0.0,0.0,0.6129032258064516,2026-09-25T06:30:47.528746+00:00,dvp_v2_2026_positions_shrunk_per100tog,10,30.0
KEY_DEFENDER,Geelong Cats,Player Goals,0.0,0.0,Neutral,Neutral,Neutral,5,5,14,14,15,0.3762167282752948,0.1005481500270844,0.0,0.0,0.5384615384615384,2026-09-25T06:30:47.528746+00:00,dvp_v2_2026_positions_shrunk_per100tog,10,30.0
KEY_DEFENDER,Gold Coast Suns,Player Goals,0.0,0.0,Neutral,Neutral,Neutral,8,8,27,27,34,0.2602627780827296,0.05008759499536792,0.0,0.0,0.6923076923076923,2026-09-25T06:30:47.528746+00:00,dvp_v2_2026_positions_shrunk_per100tog,10,30.0
KEY_DEFENDER,Hawthorn Hawks,Player Goals,0.0,0.0,Neutral,Neutral,Neutral,8,8,23,23,35,0.37357173987637704,0.07789509244860472,0.0,0.0,0.6571428571428571,2026-09-25T06:30:47.528746+00:00,dvp_v2_2026_positions_shrunk_per100tog,10,30.0
KEY_DEFENDER,Melbourne Demons,Player Goals,0.0,0.0,Neutral,Neutral,Neutral,6,6,19,19,31,0.4092718302164016,0.09389339728164373,0.0,0.0,0.6129032258064516,2026-09-25T06:30:47.528746+00:00,dvp_v2_2026_positions_shrunk_per100tog,10,30.0
KEY_DEFENDER,North Melbourne Kangaroos,Player Goals,0.0,0.0,Neutral,Neutral,Neutral,7,7,21,21,30,0.2673046949714354,0.05833066658684211,0.0,0.0,0.6363636363636364,2026-09-25T06:30:47.528746+00:00,dvp_v2_2026_positions_shrunk_per100tog,10,30.0
KEY_DEFENDER,Port Adelaide Power,Player Goals,0.0,0.0,Neutral,Neutral,Neutral,8,8,22,22,38,0.1457959377918231,0.031083798378954697,0.0,0.0,0.6470588235294118,2026-09-25T06:30:47.528746+00:00,dvp_v2_2026_positions_shrunk_per100tog,10,30.0
KEY_DEFENDER,Richmond Tigers,Player Goals,0.0,0.0,Neutral,Neutral,Neutral,9,9,26,26,38,0.4258745736745442,0.08352087544267342,0.0,0.0,0.6842105263157895,2026-09-25T06:30:47.528746+00:00,dvp_v2_2026_positions_shrunk_per100tog,10,30.0
KEY_DEFENDER,St Kilda Saints,Player Goals,0.0,0.0,Neutral,Neutral,Neutral,7,7,20,20,35,0.31455621221977015,0.0703369073268256,-0.1118204898446834,0.0,0.625,2026-09-25T06:30:47.528746+00:00,dvp_v2_2026_positions_shrunk_per100tog,10,30.0
KEY_DEFENDER,Sydney Swans,Player Goals,0.0,0.0,Neutral,Neutral,Neutral,5,5,13,13,13,0.05458638109820753,0.015139538153200427,0.0,0.0,0.52,2026-09-25T06:30:47.528746+00:00,dvp_v2_2026_positions_shrunk_per100tog,10,30.0
KEY_DEFENDER,West Coast Eagles,Player Goals,0.0,0.0,Neutral,Neutral,Neutral,6,6,16,16,16,0.08952838707438428,0.02238209676859607,-0.12996187561247366,0.0,0.5714285714285714,2026-09-25T06:30:47.528746+00:00,dvp_v2_2026_positions_shrunk_per100tog,10,30.0
KEY_DEFENDER,Western Bulldogs,Player Goals,0.0,0.0,Neutral,Neutral,Neutral,6,6,15,15,15,0.4205983422232167,0.10859802499153107,0.0,0.0,0.5555555555555556,2026-09-25T06:30:47.528746+00:00,dvp_v2_2026_positions_shrunk_per100tog,10,30.0
KEY_FORWARD,Adelaide Crows,Player Goals,-0.08904981142350302,-0.13762243583632283,Neutral,Neutral,Neutral,8,8,22,22,22,1.8247899811702921,0.38904653118404714,-0.8866701075898279,0.5613627979063063,0.6470588235294118,2026-09-25T06:30:47.528746+00:00,dvp_v2_2026_positions_shrunk_per100tog,10,30.0
KEY_FORWARD,Brisbane Lions,Player Goals,-0.3082126006360287,-0.4843340867137593,Terrible,Excellent,Terrible,8,8,21,21,21,1.8300468812627946,0.3993489694621247,-1.2536877658136687,0.3712960596477832,0.6363636363636364,2026-09-25T06:30:47.528746+00:00,dvp_v2_2026_positions_shrunk_per100tog,10,30.0
KEY_FORWARD,Carlton,Player Goals,-0.2656191509453276,-0.46483351415432334,Terrible,Excellent,Terrible,6,6,16,16,16,1.594666293603274,0.3986665734008185,-1.6108030295594709,0.3535727008877403,0.5714285714285714,2026-09-25T06:30:47.528746+00:00,dvp_v2_2026_positions_shrunk_per100tog,10,30.0
KEY_FORWARD,Collingwood Magpies,Player Goals,0.5926979611190137,0.8771929824561404,Excellent,Terrible,Excellent,8,8,25,25,41,1.9657682597606911,0.39315365195213825,-0.4865502853125201,1.2056512086432134,0.6756756756756757,2026-09-25T06:30:47.528746+00:00,dvp_v2_2026_positions_shrunk_per100tog,10,30.0
KEY_FORWARD,Essendon Bombers,Player Goals,0.05106815848208238,0.0851135974701373,Excellent,Terrible,Excellent,7,7,18,18,21,1.7452310656964976,0.4113549070971395,-0.9406184051950225,1.0045779712980045,0.6,2026-09-25T06:30:47.528746+00:00,dvp_v2_2026_positions_shrunk_per100tog,10,30.0
KEY_FORWARD,Fremantle Dockers,Player Goals,-0.49962121728444164,-0.8327020288074027,Terrible,Excellent,Terrible,7,7,18,18,33,1.1332730901073433,0.267115028983712,-1.104723732441177,-0.010277990141301485,0.6,2026-09-25T06:30:47.528746+00:00,dvp_v2_2026_positions_shrunk_per100tog,10,30.0
KEY_FORWARD,GWS Giants,Player Goals,-0.10149325149322709,-0.1502100122099761,Bad,Good,Bad,7,7,25,25,37,1.5992743742039035,0.3198548748407807,-0.9862988770610779,0.44165072441582076,0.6756756756756757,2026-09-25T06:30:47.528746+00:00,dvp_v2_2026_positions_shrunk_per100tog,10,30.0
KEY_FORWARD,Geelong Cats,Player Goals,-0.36468264110333104,-0.8509261625744391,Terrible,Excellent,Terrible,5,5,9,9,9,1.4976054587392107,0.4992018195797369,-1.7967904232213472,0.7781635376717757,0.42857142857142855,2026-09-25T06:30:47.528746+00:00,dvp_v2_2026_positions_shrunk_per100tog,10,30.0
KEY_FORWARD,Gold Coast Suns,Player Goals,-0.13099029876833096,-0.19648544815249647,Bad,Good,Bad,8,8,24,24,31,1.531062724996467,0.3125268700363757,-0.8502632921027328,0.7357814025574694,0.6666666666666666,2026-09-25T06:30:47.528746+00:00,dvp_v2_2026_positions_shrunk_per100tog,10,30.0
KEY_FORWARD,Hawthorn Hawks,Player Goals,-0.09743277372839503,-0.1424017462184235,Bad,Good,Bad,8,8,26,26,37,1.7263702033834605,0.338569052105285,-1.178306572501566,0.5562605302835819,0.6842105263157895,2026-09-25T06:30:47.528746+00:00,dvp_v2_2026_positions_shrunk_per100tog,10,30.0
KEY_FORWARD,Melbourne Demons,Player Goals,-0.1801101709053548,-0.32419830762963864,Terrible,Excellent,Terrible,6,6,15,15,25,1.838217043347107,0.4746255997065322,-1.4597171815185996,0.6996044031647748,0.5555555555555556,2026-09-25T06:30:47.528746+00:00,dvp_v2_2026_positions_shrunk_per100tog,10,30.0
KEY_FORWARD,North Melbourne Kangaroos,Player Goals,0.25100813536177213,0.42819034855831717,Excellent,Terrible,Excellent,7,7,17,17,31,1.282064303167265,0.31094626710544326,-0.5676981628183979,1.0372372471258031,0.5862068965517241,2026-09-25T06:30:47.528746+00:00,dvp_v2_2026_positions_shrunk_per100tog,10,30.0
KEY_FORWARD,Port Adelaide Power,Player Goals,-0.1558994001249793,-0.23384910018746896,Bad,Good,Bad,8,8,24,24,39,1.4731152219220593,0.3006983855029875,-0.8416080618879163,0.7752766916618483,0.6666666666666666,2026-09-25T06:30:47.528746+00:00,dvp_v2_2026_positions_shrunk_per100tog,10,30.0
KEY_FORWARD,Richmond Tigers,Player Goals,-0.2642065797713329,-0.38163172633636977,Terrible,Excellent,Terrible,9,9,27,27,38,2.0028007532889536,0.38543918468152083,-0.8703219511439866,0.5103765439105228,0.6923076923076923,2026-09-25T06:30:47.528746+00:00,dvp_v2_2026_positions_shrunk_per100tog,10,30.0
KEY_FORWARD,St Kilda Saints,Player Goals,0.21305700661882837,0.3408912105901254,Excellent,Terrible,Excellent,7,7,20,20,29,1.380791111998619,0.3087542789156437,-0.845175521618235,1.1790107735438284,0.625,2026-09-25T06:30:47.528746+00:00,dvp_v2_2026_positions_shrunk_per100tog,10,30.0
KEY_FORWARD,Sydney Swans,Player Goals,-0.12357086389516259,-0.24714172779032517,Bad,Good,Bad,5,5,12,12,12,1.3245860434247265,0.3823750543680436,-1.0066057374753403,0.8655240242837983,0.5,2026-09-25T06:30:47.528746+00:00,dvp_v2_2026_positions_shrunk_per100tog,10,30.0
KEY_FORWARD,West Coast Eagles,Player Goals,0.26292562203442954,0.4732661196619732,Excellent,Terrible,Excellent,6,6,15,15,15,2.1582634998511456,0.557261239443388,-1.796950796950797,1.7697091490884946,0.5555555555555556,2026-09-25T06:30:47.528746+00:00,dvp_v2_2026_positions_shrunk_per100tog,10,30.0
KEY_FORWARD,Western Bulldogs,Player Goals,-0.011729011472689049,-0.021112220650840285,Neutral,Neutral,Neutral,6,6,15,15,15,1.8817193613261756,0.4858578499101556,-0.6840990066680515,1.2014978377104626,0.5555555555555556,2026-09-25T06:30:47.528746+00:00,dvp_v2_2026_positions_shrunk_per100tog,10,30.0
MEDIUM_DEFENDER,Adelaide Crows,Player Goals,0.0,0.0,Neutral,Neutral,Neutral,8,8,40,40,40,0.2900770643743691,0.04586521101991461,-0.13936818554232053,0.0,0.7692307692307693,2026-09-25T06:30:47.528746+00:00,dvp_v2_2026_positions_shrunk_per100tog,10,30.0
MEDIUM_DEFENDER,Brisbane Lions,Player Goals,0.0,0.0,Neutral,Neutral,Neutral,8,8,41,41,41,0.3990750751848991,0.062325055767604,-0.16233766233766234,0.0,0.7735849056603774,2026-09-25T06:30:47.528746+00:00,dvp_v2_2026_positions_shrunk_per100tog,10,30.0
MEDIUM_DEFENDER,Carlton,Player Goals,0.0,0.0,Neutral,Neutral,Neutral,6,6,27,27,28,0.9193923633444886,0.1769371428226089,0.0,0.0,0.6923076923076923,2026-09-25T06:30:47.528746+00:00,dvp_v2_2026_positions_shrunk_per100tog,10,30.0
MEDIUM_DEFENDER,Collingwood Magpies,Player Goals,0.0,0.0,Neutral,Neutral,Neutral,8,8,49,49,67,0.2873228779890601,0.041046125427008584,-0.13071895424836602,0.0,0.8032786885245902,2026-09-25T06:30:47.528746+00:00,dvp_v2_2026_positions_shrunk_per100tog,10,30.0
MEDIUM_DEFENDER,Essendon Bombers,Player Goals,0.0,0.0,Neutral,Neutral,Neutral,7,7,43,43,71,0.4446276040439866,0.06780507394711939,0.0,0.0,0.7818181818181819,2026-09-25T06:30:47.528746+00:00,dvp_v2_2026_positions_shrunk_per100tog,10,30.0
MEDIUM_DEFENDER,Fremantle Dockers,Player Goals,0.0,0.0,Neutral,Neutral,Neutral,7,7,35,35,59,0.2997765636194778,0.050671487642179096,-0.14537008703930368,0.0,0.7446808510638298,2026-09-25T06:30:47.528746+00:00,dvp_v2_2026_positions_shrunk_per100tog,10,30.0
MEDIUM_DEFENDER,GWS Giants,Player Goals,0.0,0.0,Neutral,Neutral,Neutral,7,7,44,44,69,0.4950044039722653,0.0746247217067961,-0.13071895424836602,0.0,0.7857142857142857,2026-09-25T06:30:47.528746+00:00,dvp_v2_2026_positions_shrunk_per100tog,10,30.0
MEDIUM_DEFENDER,Geelong Cats,Player Goals,0.0,0.0,Neutral,Neutral,Neutral,5,5,25,25,25,0.5621966699531966,0.11243933399063932,-0.1277139208173691,0.0,0.6756756756756757,2026-09-25T06:30:47.528746+00:00,dvp_v2_2026_positions_shrunk_per100tog,10,30.0
MEDIUM_DEFENDER,Gold Coast Suns,Player Goals,0.0,0.0,Neutral,Neutral,Neutral,8,8,41,41,54,0.3756742053533261,0.058670453894541647,-0.13071895424836602,0.0,0.7735849056603774,2026-09-25T06:30:47.528746+00:00,dvp_v2_2026_positions_shrunk_per100tog,10,30.0
MEDIUM_DEFENDER,Hawthorn Hawks,Player Goals,0.0,0.0,Neutral,Neutral,Neutral,8,8,45,45,61,0.31315427388419137,0.04668228292330927,-0.13071895424836602,0.0,0.7894736842105263,2026-09-25T06:30:47.528746+00:00,dvp_v2_2026_positions_shrunk_per100tog,10,30.0
MEDIUM_DEFENDER,Melbourne Demons,Player Goals,0.0,0.0,Neutral,Neutral,Neutral,6,6,40,40,58,0.3286298241087092,0.05196093756220175,-0.14583333333333331,0.0,0.7692307692307693,2026-09-25T06:30:47.528746+00:00,dvp_v2_2026_positions_shrunk_per100tog,10,30.0
MEDIUM_DEFENDER,North Melbourne Kangaroos,Player Goals,0.0,0.0,Neutral,Neutral,Neutral,7,7,43,43,62,0.37030158710917055,0.05647046262604298,-0.14619883040935674,0.0,0.7818181818181819,2026-09-25T06:30:47.528746+00:00,dvp_v2_2026_positions_shrunk_per100tog,10,30.0
MEDIUM_DEFENDER,Port Adelaide Power,Player Goals,0.0,0.0,Neutral,Neutral,Neutral,8,8,43,43,64,0.3067800095554254,0.04678351286382517,-0.11494252873563218,0.0,0.7818181818181819,2026-09-25T06:30:47.528746+00:00,dvp_v2_2026_positions_shrunk_per100tog,10,30.0
MEDIUM_DEFENDER,Richmond Tigers,Player Goals,0.0,0.0,Neutral,Neutral,Neutral,9,9,52,52,86,0.37951673434727723,0.05262950175329821,0.0,0.0,0.8125,2026-09-25T06:30:47.528746+00:00,dvp_v2_2026_positions_shrunk_per100tog,10,30.0
MEDIUM_DEFENDER,St Kilda Saints,Player Goals,0.0,0.0,Neutral,Neutral,Neutral,7,7,41,41,61,0.22168759409874983,0.03462178553443611,-0.11494252873563218,0.0,0.7735849056603774,2026-09-25T06:30:47.528746+00:00,dvp_v2_2026_positions_shrunk_per100tog,10,30.0
MEDIUM_DEFENDER,Sydney Swans,Player Goals,0.0,0.0,Neutral,Neutral,Neutral,5,5,24,24,24,0.5677813017288109,0.11589787289406693,0.0,0.0,0.6666666666666666,2026-09-25T06:30:47.528746+00:00,dvp_v2_2026_positions_shrunk_per100tog,10,30.0
MEDIUM_DEFENDER,West Coast Eagles,Player Goals,0.0,0.0,Neutral,Neutral,Neutral,6,6,27,27,28,0.3582839482472963,0.06895177798896615,-0.13071895424836602,0.0,0.6923076923076923,2026-09-25T06:30:47.528746+00:00,dvp_v2_2026_positions_shrunk_per100tog,10,30.0
MEDIUM_DEFENDER,Western Bulldogs,Player Goals,-0.04753416518122401,-0.06535947712418301,Neutral,Neutral,Neutral,6,6,32,32,32,0.3500399489316141,0.06187890539393428,-0.15941609251468408,0.0,0.7272727272727273,2026-09-25T06:30:47.528746+00:00,dvp_v2_2026_positions_shrunk_per100tog,10,30.0
MEDIUM_FORWARD,Adelaide Crows,Player Goals,-0.00995879180082337,-0.014555157247357231,Neutral,Neutral,Neutral,8,8,26,26,27,1.3244302990426184,0.25974215150814767,-0.4328930923369722,0.5802757132363827,0.6842105263157895,2026-09-25T06:30:47.528746+00:00,dvp_v2_2026_positions_shrunk_per100tog,10,30.0
MEDIUM_FORWARD,Brisbane Lions,Player Goals,-0.3222364489970124,-0.44307511737089206,Terrible,Excellent,Terrible,8,8,32,32,32,1.5402624117275543,0.27228249903482493,-0.8374935810655529,-0.2772285258929787,0.7272727272727273,2026-09-25T06:30:47.528746+00:00,dvp_v2_2026_positions_shrunk_per100tog,10,30.0
MEDIUM_FORWARD,Carlton,Player Goals,-0.09634361525786628,-0.14451542288679942,Bad,Good,Bad,6,6,24,24,25,1.3378853337722543,0.2730947001745988,-0.4221374995726476,0.6576145182785024,0.6666666666666666,2026-09-25T06:30:47.528746+00:00,dvp_v2_2026_positions_shrunk_per100tog,10,30.0
MEDIUM_FORWARD,Collingwood Magpies,Player Goals,-0.13027874865171502,-0.16840911411075354,Bad,Good,Bad,8,8,41,41,57,1.5221920575478982,0.2377264599442128,-0.5473101541136371,0.1828951884147645,0.7735849056603774,2026-09-25T06:30:47.528746+00:00,dvp_v2_2026_positions_shrunk_per100tog,10,30.0
MEDIUM_FORWARD,Essendon Bombers,Player Goals,-0.05357233727851482,-0.07048991747173003,Neutral,Neutral,Neutral,7,7,38,38,51,1.1835491792303312,0.19199702983289194,-0.5351145051423245,0.5991961510274451,0.76,2026-09-25T06:30:47.528746+00:00,dvp_v2_2026_positions_shrunk_per100tog,10,30.0
MEDIUM_FORWARD,Fremantle Dockers,Player Goals,0.0,0.0,Neutral,Neutral,Neutral,7,7,31,31,51,1.6110392509044464,0.2893511912356823,-0.684931506849315,0.5268479116945115,0.7209302325581395,2026-09-25T06:30:47.528746+00:00,dvp_v2_2026_positions_shrunk_per100tog,10,30.0
MEDIUM_FORWARD,GWS Giants,Player Goals,0.0,0.0,Neutral,Neutral,Neutral,7,7,35,35,49,1.234841856873348,0.2087263698506744,-0.3473512836021913,0.5649551686703389,0.7446808510638298,2026-09-25T06:30:47.528746+00:00,dvp_v2_2026_positions_shrunk_per100tog,10,30.0
MEDIUM_FORWARD,Geelong Cats,Player Goals,-0.08031480525675046,-0.12850368841080073,Neutral,Neutral,Neutral,5,5,20,20,20,1.4327385169295614,0.32037007178367327,-0.3977128536987692,0.32669089244916116,0.625,2026-09-25T06:30:47.528746+00:00,dvp_v2_2026_positions_shrunk_per100tog,10,30.0
MEDIUM_FORWARD,Gold Coast Suns,Player Goals,0.03447127379410432,0.04535693920276884,Excellent,Terrible,Excellent,8,8,38,38,49,1.459356228854348,0.2367388413807827,-0.253981637488483,0.7611845789661482,0.76,2026-09-25T06:30:47.528746+00:00,dvp_v2_2026_positions_shrunk_per100tog,10,30.0
MEDIUM_FORWARD,Hawthorn Hawks,Player Goals,-0.166930034304557,-0.21700904459592407,Bad,Good,Bad,8,8,40,40,56,1.7838496751236135,0.2820513988371012,-0.7013918840315918,0.09603722356460928,0.7692307692307693,2026-09-25T06:30:47.528746+00:00,dvp_v2_2026_positions_shrunk_per100tog,10,30.0
MEDIUM_FORWARD,Melbourne Demons,Player Goals,-0.32523561744575047,-0.44719897398790687,Terrible,Excellent,Terrible,6,6,32,32,49,1.5274959658432907,0.27002568892072143,-0.7547193148084785,0.18102831858150936,0.7272727272727273,2026-09-25T06:30:47.528746+00:00,dvp_v2_2026_positions_shrunk_per100tog,10,30.0
MEDIUM_FORWARD,North Melbourne Kangaroos,Player Goals,-0.35160563464350725,-0.45979198376458646,Terrible,Excellent,Terrible,7,7,39,39,53,1.1830427168691384,0.18943844612480953,-1.0101010101010102,0.12096187530613256,0.7647058823529411,2026-09-25T06:30:47.528746+00:00,dvp_v2_2026_positions_shrunk_per100tog,10,30.0
MEDIUM_FORWARD,Port Adelaide Power,Player Goals,-0.0003621454963122098,-0.00047959808971076434,Neutral,Neutral,Neutral,8,8,37,37,62,1.37696009172879,0.22637084464010498,-0.39215686274509803,0.7974766742816533,0.7551020408163265,2026-09-25T06:30:47.528746+00:00,dvp_v2_2026_positions_shrunk_per100tog,10,30.0
MEDIUM_FORWARD,Richmond Tigers,Player Goals,-0.4083030398819872,-0.5171838505171837,Terrible,Excellent,Terrible,9,9,45,45,58,1.36610366080184,0.20364670999094858,-0.8671702299153279,-0.07280084012849201,0.7894736842105263,2026-09-25T06:30:47.528746+00:00,dvp_v2_2026_positions_shrunk_per100tog,10,30.0
MEDIUM_FORWARD,St Kilda Saints,Player Goals,-0.28000368425900335,-0.3760049474335188,Terrible,Excellent,Terrible,7,7,35,35,50,1.2309162642740212,0.20806282359314404,-0.6765880259856164,0.3796137638740351,0.7446808510638298,2026-09-25T06:30:47.528746+00:00,dvp_v2_2026_positions_shrunk_per100tog,10,30.0
MEDIUM_FORWARD,Sydney Swans,Player Goals,-0.1365634915071647,-0.21850158641146353,Bad,Good,Bad,5,5,20,20,20,1.0318269543575496,0.23072352109600536,-0.7004060447581846,0.45498037538422287,0.625,2026-09-25T06:30:47.528746+00:00,dvp_v2_2026_positions_shrunk_per100tog,10,30.0
MEDIUM_FORWARD,West Coast Eagles,Player Goals,-0.2692412529927322,-0.38065142664489726,Terrible,Excellent,Terrible,6,6,29,29,30,1.2288934170395085,0.22819977866070437,-0.6565151113467657,0.06671863040249315,0.7073170731707317,2026-09-25T06:30:47.528746+00:00,dvp_v2_2026_positions_shrunk_per100tog,10,30.0
MEDIUM_FORWARD,Western Bulldogs,Player Goals,-0.0767927957699934,-0.11867977528089887,Neutral,Neutral,Neutral,6,6,22,22,24,1.6476726086108708,0.351284980475355,-0.6052924112681075,0.6291161935892693,0.6470588235294118,2026-09-25T06:30:47.528746+00:00,dvp_v2_2026_positions_shrunk_per100tog,10,30.0
MIDFIELDER,Adelaide Crows,Player Goals,-0.17350887582344746,-0.21977790937636676,Terrible,Excellent,Terrible,8,8,45,45,45,0.8256170028461131,0.1230757161162364,-0.33898305084745767,-0.12195121951219512,0.7894736842105263,2026-09-25T06:30:47.528746+00:00,dvp_v2_2026_positions_shrunk_per100tog,10,30.0
MIDFIELDER,Brisbane Lions,Player Goals,-0.0962772785622593,-0.12195121951219512,Bad,Good,Bad,8,8,45,45,45,0.8171034505230867,0.12180659066795053,-0.2946291408301212,0.0,0.7894736842105263,2026-09-25T06:30:47.528746+00:00,dvp_v2_2026_positions_shrunk_per100tog,10,30.0
MIDFIELDER,Carlton,Player Goals,-0.1126331811263318,-0.15017757483510907,Bad,Good,Bad,6,6,36,36,36,0.6794005583939196,0.11323342639898659,-0.2739127512267258,0.4191333201241912,0.75,2026-09-25T06:30:47.528746+00:00,dvp_v2_2026_positions_shrunk_per100tog,10,30.0
MIDFIELDER,Collingwood Magpies,Player Goals,-0.216305399977885,-0.2682186959725774,Terrible,Excellent,Terrible,8,8,50,50,79,0.9996474859392771,0.14137150322074934,-0.39851746121095966,-0.05780780780780781,0.8064516129032258,2026-09-25T06:30:47.528746+00:00,dvp_v2_2026_positions_shrunk_per100tog,10,30.0
MIDFIELDER,Essendon Bombers,Player Goals,0.0,0.0,Neutral,Neutral,Neutral,7,7,47,47,64,1.186499245397706,0.17306870234219468,-0.26279628993473036,0.2517863662441976,0.7966101694915254,2026-09-25T06:30:47.528746+00:00,dvp_v2_2026_positions_shrunk_per100tog,10,30.0
MIDFIELDER,Fremantle Dockers,Player Goals,-0.2062620139343476,-0.2504610169202792,Terrible,Excellent,Terrible,7,7,56,56,90,0.8959072269763447,0.11972063906000709,-0.34453069502811584,-0.05010548523206867,0.8235294117647058,2026-09-25T06:30:47.528746+00:00,dvp_v2_2026_positions_shrunk_per100tog,10,30.0
MIDFIELDER,GWS Giants,Player Goals,-0.12040661013263754,-0.15050826266579692,Bad,Good,Bad,7,7,48,48,77,1.007761826836969,0.1454578905008383,-0.3046032693704262,-0.02586911776804013,0.8,2026-09-25T06:30:47.528746+00:00,dvp_v2_2026_positions_shrunk_per100tog,10,30.0
MIDFIELDER,Geelong Cats,Player Goals,-0.09006395954187119,-0.12866279934553027,Neutral,Neutral,Neutral,5,5,28,28,28,0.5683402869863186,0.10740621853034843,-0.34634969834504903,0.0,0.7,2026-09-25T06:30:47.528746+00:00,dvp_v2_2026_positions_shrunk_per100tog,10,30.0
MIDFIELDER,Gold Coast Suns,Player Goals,-0.017683097331074333,-0.02161267451575752,Neutral,Neutral,Neutral,8,8,54,54,68,1.032058097473858,0.14044531798436313,-0.21914106590764096,0.13977579111678717,0.8181818181818182,2026-09-25T06:30:47.528746+00:00,dvp_v2_2026_positions_shrunk_per100tog,10,30.0
MIDFIELDER,Hawthorn Hawks,Player Goals,-0.2501449556148013,-0.3101797449623537,Terrible,Excellent,Terrible,8,8,50,50,74,0.7565255394467901,0.10698886781672724,-0.40116923790507014,-0.15210440737033418,0.8064516129032258,2026-09-25T06:30:47.528746+00:00,dvp_v2_2026_positions_shrunk_per100tog,10,30.0
MIDFIELDER,Melbourne Demons,Player Goals,-0.16305029474476357,-0.21321961620469082,Bad,Good,Bad,6,6,39,39,64,0.8968206275516789,0.14360623138417,-0.33783783783783783,0.002464953189590724,0.7647058823529411,2026-09-25T06:30:47.528746+00:00,dvp_v2_2026_positions_shrunk_per100tog,10,30.0
MIDFIELDER,North Melbourne Kangaroos,Player Goals,-0.1066412542826674,-0.13386880856760375,Bad,Good,Bad,7,7,47,47,71,1.0119941962988566,0.14761452483905135,-0.2753949227526463,0.0,0.7966101694915254,2026-09-25T06:30:47.528746+00:00,dvp_v2_2026_positions_shrunk_per100tog,10,30.0
MIDFIELDER,Port Adelaide Power,Player Goals,-0.1874447391688771,-0.22988505747126436,Terrible,Excellent,Terrible,8,8,53,53,81,0.692688943767475,0.09514814395692212,-0.33783783783783783,0.0,0.8153846153846154,2026-09-25T06:30:47.528746+00:00,dvp_v2_2026_positions_shrunk_per100tog,10,30.0
MIDFIELDER,Richmond Tigers,Player Goals,-0.06172839506172839,-0.07407407407407407,Neutral,Neutral,Neutral,9,9,60,60,82,0.9193396717319066,0.11868624127084892,-0.2949861603316888,0.0,0.8333333333333334,2026-09-25T06:30:47.528746+00:00,dvp_v2_2026_positions_shrunk_per100tog,10,30.0
MIDFIELDER,St Kilda Saints,Player Goals,-0.11855297415642242,-0.14947983697983697,Bad,Good,Bad,7,7,46,46,72,0.634189063862,0.09350607614785626,-0.2773557465154737,0.0,0.7931034482758621,2026-09-25T06:30:47.528746+00:00,dvp_v2_2026_positions_shrunk_per100tog,10,30.0
MIDFIELDER,Sydney Swans,Player Goals,-0.1858803026367605,-0.26279628993473036,Terrible,Excellent,Terrible,5,5,29,29,29,0.8513156180442446,0.15808534158813192,-0.4166666666666667,0.0,0.7073170731707317,2026-09-25T06:30:47.528746+00:00,dvp_v2_2026_positions_shrunk_per100tog,10,30.0
MIDFIELDER,West Coast Eagles,Player Goals,-0.032189851645078954,-0.042919802193438605,Neutral,Neutral,Neutral,6,6,36,36,36,0.8984016353006612,0.14973360588344353,-0.2877185334068245,0.34982498349583757,0.75,2026-09-25T06:30:47.528746+00:00,dvp_v2_2026_positions_shrunk_per100tog,10,30.0
MIDFIELDER,Western Bulldogs,Player Goals,-0.09322247417485512,-0.12345679012345678,Bad,Good,Bad,6,6,37,37,37,0.8870617823561167,0.14583205869663085,-0.2736411020104244,0.0,0.7551020408163265,2026-09-25T06:30:47.528746+00:00,dvp_v2_2026_positions_shrunk_per100tog,10,30.0
MIDFIELDER_FORWARD,Adelaide Crows,Player Goals,-0.04444444444444444,-0.07407407407407407,Neutral,Neutral,Neutral,8,8,18,18,19,0.9071410595217352,0.21381519822685618,-0.7821306482398662,0.3083772339728463,0.6,2026-09-25T06:30:47.528746+00:00,dvp_v2_2026_positions_shrunk_per100tog,10,30.0
MIDFIELDER_FORWARD,Brisbane Lions,Player Goals,-0.21677523617686079,-0.5419380904421519,Terrible,Excellent,Terrible,6,6,8,8,9,0.8566633889626604,0.30287624576487304,-0.8951372557681284,0.0,0.4,2026-09-25T06:30:47.528746+00:00,dvp_v2_2026_positions_shrunk_per100tog,10,30.0
MIDFIELDER_FORWARD,Carlton,Player Goals,-0.26639379978123623,-0.6659844994530906,Terrible,Excellent,Terrible,5,5,8,8,8,1.0457107176645881,0.3697145698100407,-0.7546925569206852,0.0,0.4,2026-09-25T06:30:47.528746+00:00,dvp_v2_2026_positions_shrunk_per100tog,10,30.0
MIDFIELDER_FORWARD,Collingwood Magpies,Player Goals,-0.06349206349206349,-0.14814814814814814,Neutral,Neutral,Neutral,8,8,9,9,23,0.6209428157250575,0.20698093857501917,-0.2688172043010753,0.08813160987074026,0.42857142857142855,2026-09-25T06:30:47.528746+00:00,dvp_v2_2026_positions_shrunk_per100tog,10,30.0
MIDFIELDER_FORWARD,Essendon Bombers,Player Goals,0.07133952185599861,0.14267904371199722,Excellent,Terrible,Excellent,6,6,12,12,20,1.1689922941104376,0.33745900784262967,-0.3191629435908613,1.1517338393077108,0.5,2026-09-25T06:30:47.528746+00:00,dvp_v2_2026_positions_shrunk_per100tog,10,30.0
MIDFIELDER_FORWARD,Fremantle Dockers,Player Goals,-0.2617180259897167,-0.7103774991149454,Terrible,Excellent,Terrible,4,4,7,7,7,1.0309627592941273,0.38966729600874356,-0.9330759330759331,-0.4312865497076024,0.3684210526315789,2026-09-25T06:30:47.528746+00:00,dvp_v2_2026_positions_shrunk_per100tog,10,30.0
MIDFIELDER_FORWARD,GWS Giants,Player Goals,-0.16007086361543935,-0.37349868176935846,Bad,Good,Bad,7,7,9,9,22,1.3549025319737202,0.4516341773245734,-0.432446180496812,1.25,0.42857142857142855,2026-09-25T06:30:47.528746+00:00,dvp_v2_2026_positions_shrunk_per100tog,10,30.0
MIDFIELDER_FORWARD,Geelong Cats,Player Goals,-0.06027727546714888,-0.14064697609001406,Neutral,Neutral,Neutral,5,5,9,9,9,1.0378531811703005,0.34595106039010015,-0.2156231341887407,0.78719655170819,0.42857142857142855,2026-09-25T06:30:47.528746+00:00,dvp_v2_2026_positions_shrunk_per100tog,10,30.0
MIDFIELDER_FORWARD,Gold Coast Suns,Player Goals,-0.06134706134706133,-0.11797511797511795,Neutral,Neutral,Neutral,6,6,13,13,21,1.062386583362682,0.29465302312916525,-0.703943452716322,0.13231651708299452,0.52,2026-09-25T06:30:47.528746+00:00,dvp_v2_2026_positions_shrunk_per100tog,10,30.0
MIDFIELDER_FORWARD,Hawthorn Hawks,Player Goals,-0.3386684518013631,-0.6289556962025316,Terrible,Excellent,Terrible,7,7,14,14,15,0.5429970420569435,0.14512206381491166,-0.9886339068892065,-0.34088827373285774,0.5384615384615384,2026-09-25T06:30:47.528746+00:00,dvp_v2_2026_positions_shrunk_per100tog,10,30.0
MIDFIELDER_FORWARD,Melbourne Demons,Player Goals,0.02046438410074776,0.045021645021645074,Excellent,Terrible,Excellent,6,6,10,10,13,0.7580195114037694,0.239706816688389,-0.14814814814814814,0.8980881098465359,0.45454545454545453,2026-09-25T06:30:47.528746+00:00,dvp_v2_2026_positions_shrunk_per100tog,10,30.0
MIDFIELDER_FORWARD,North Melbourne Kangaroos,Player Goals,-0.031965221838639556,-0.07032348804500703,Neutral,Neutral,Neutral,6,6,10,10,10,0.8491650383931949,0.26852956307068243,-0.9746444032158318,0.4571492256409141,0.45454545454545453,2026-09-25T06:30:47.528746+00:00,dvp_v2_2026_positions_shrunk_per100tog,10,30.0
MIDFIELDER_FORWARD,Port Adelaide Power,Player Goals,0.0,0.0,Neutral,Neutral,Neutral,7,7,9,9,13,1.077705168529148,0.3592350561763827,-0.4312865497076024,1.9123019605063907,0.42857142857142855,2026-09-25T06:30:47.528746+00:00,dvp_v2_2026_positions_shrunk_per100tog,10,30.0
MIDFIELDER_FORWARD,Richmond Tigers,Player Goals,0.05850864283526826,0.11701728567053651,Excellent,Terrible,Excellent,7,7,12,12,23,0.6872824173860844,0.19840134434357629,-0.2902690096217393,0.7219927395590069,0.5,2026-09-25T06:30:47.528746+00:00,dvp_v2_2026_positions_shrunk_per100tog,10,30.0
MIDFIELDER_FORWARD,St Kilda Saints,Player Goals,0.02429727332978115,0.04672552563419452,Excellent,Terrible,Excellent,6,6,13,13,26,0.8315695581065303,0.23063589852830974,-0.625,0.631085915519201,0.52,2026-09-25T06:30:47.528746+00:00,dvp_v2_2026_positions_shrunk_per100tog,10,30.0
MIDFIELDER_FORWARD,Sydney Swans,Player Goals,-0.18010619984304194,-0.5403185995291259,Terrible,Excellent,Terrible,4,4,6,6,6,0.6233625562761533,0.2544866979389232,-0.9262006277344643,0.21597161451266875,0.3333333333333333,2026-09-25T06:30:47.528746+00:00,dvp_v2_2026_positions_shrunk_per100tog,10,30.0
MIDFIELDER_FORWARD,West Coast Eagles,Player Goals,-0.2070421919753888,-0.703943452716322,Terrible,Excellent,Terrible,4,4,5,5,5,1.486698081737066,0.6648715945565237,-1.1484578027526067,2.4926900584795324,0.29411764705882354,2026-09-25T06:30:47.528746+00:00,dvp_v2_2026_positions_shrunk_per100tog,10,30.0
MIDFIELDER_FORWARD,Western Bulldogs,Player Goals,-0.15889504462911666,-0.4312865497076024,Bad,Good,Bad,4,4,7,7,7,0.7882568328858217,0.2979330784376121,-0.6594580595033831,-0.14539808018068912,0.3684210526315789,2026-09-25T06:30:47.528746+00:00,dvp_v2_2026_positions_shrunk_per100tog,10,30.0
RUCK,Adelaide Crows,Player Goals,-0.10219249349684133,-0.21367521367521367,Bad,Good,Bad,8,8,11,11,11,0.9113966678520419,0.2747964347677626,-0.5556423746765987,-0.13550135501355012,0.4782608695652174,2026-09-25T06:30:47.528746+00:00,dvp_v2_2026_positions_shrunk_per100tog,10,30.0
RUCK,Brisbane Lions,Player Goals,-0.06901311249137336,-0.1443001443001443,Neutral,Neutral,Neutral,8,8,11,11,12,1.0173484258588132,0.306742091784762,-0.3759398496240602,0.8669665049118237,0.4782608695652174,2026-09-25T06:30:47.528746+00:00,dvp_v2_2026_positions_shrunk_per100tog,10,30.0
RUCK,Carlton,Player Goals,-0.061842918985776124,-0.1443001443001443,Neutral,Neutral,Neutral,6,6,9,9,9,1.010176169513814,0.33672538983793804,-0.7800810878420156,0.326644522022868,0.42857142857142855,2026-09-25T06:30:47.528746+00:00,dvp_v2_2026_positions_shrunk_per100tog,10,30.0
RUCK,Collingwood Magpies,Player Goals,-0.1638170156688675,-0.3603974344715085,Bad,Good,Bad,8,8,10,10,16,0.7604973438296925,0.2404903761010027,-0.6784681085548974,0.5343303555967643,0.45454545454545453,2026-09-25T06:30:47.528746+00:00,dvp_v2_2026_positions_shrunk_per100tog,10,30.0
RUCK,Essendon Bombers,Player Goals,0.0,0.0,Neutral,Neutral,Neutral,6,6,13,13,22,0.9736430418633351,0.27003999318746047,-0.43478260869565216,0.7352941176470588,0.52,2026-09-25T06:30:47.528746+00:00,dvp_v2_2026_positions_shrunk_per100tog,10,30.0
RUCK,Fremantle Dockers,Player Goals,-0.10560486522024982,-0.19612332112332112,Bad,Good,Bad,7,7,14,14,23,1.0292046972234123,0.27506652556202993,-0.5903943054376999,0.20258122810939705,0.5384615384615384,2026-09-25T06:30:47.528746+00:00,dvp_v2_2026_positions_shrunk_per100tog,10,30.0
RUCK,GWS Giants,Player Goals,0.0,0.0,Neutral,Neutral,Neutral,7,7,10,10,16,0.9606898731459288,0.30379681241993645,-0.7246376811594203,0.9991809991809992,0.45454545454545453,2026-09-25T06:30:47.528746+00:00,dvp_v2_2026_positions_shrunk_per100tog,10,30.0
RUCK,Geelong Cats,Player Goals,-0.0892892892892893,-0.22322322322322322,Neutral,Neutral,Neutral,5,5,8,8,8,1.8720424035407932,0.6618669391062291,-1.2606570652787195,1.3437027904320826,0.4,2026-09-25T06:30:47.528746+00:00,dvp_v2_2026_positions_shrunk_per100tog,10,30.0
RUCK,Gold Coast Suns,Player Goals,-0.0753311728921485,-0.1399007496568472,Neutral,Neutral,Neutral,8,8,14,14,17,1.0776443401747666,0.28801256469500325,-0.617055241615748,0.6059458934124374,0.5384615384615384,2026-09-25T06:30:47.528746+00:00,dvp_v2_2026_positions_shrunk_per100tog,10,30.0
RUCK,Hawthorn Hawks,Player Goals,-0.06951418225505232,-0.13902836451010464,Neutral,Neutral,Neutral,8,8,12,12,17,0.41640548631233515,0.12020590980723186,-0.4149953985865847,0.0,0.5,2026-09-25T06:30:47.528746+00:00,dvp_v2_2026_positions_shrunk_per100tog,10,30.0
RUCK,Melbourne Demons,Player Goals,-0.23615772217507996,-0.5903943054376999,Terrible,Excellent,Terrible,6,6,8,8,13,1.3241387344875768,0.4681537391939694,-0.8024261561846164,1.0001562744178778,0.4,2026-09-25T06:30:47.528746+00:00,dvp_v2_2026_positions_shrunk_per100tog,10,30.0
RUCK,North Melbourne Kangaroos,Player Goals,-0.13121011510705555,-0.27434842249657065,Bad,Good,Bad,7,7,11,11,18,1.0617515358498826,0.3201301331816037,-0.5556423746765987,0.0,0.4782608695652174,2026-09-25T06:30:47.528746+00:00,dvp_v2_2026_positions_shrunk_per100tog,10,30.0
RUCK,Port Adelaide Power,Player Goals,-0.16513377926421402,-0.30667701863354035,Bad,Good,Bad,8,8,14,14,23,0.47290688228070593,0.12638968066727416,-0.5710050259344118,-0.078125,0.5384615384615384,2026-09-25T06:30:47.528746+00:00,dvp_v2_2026_positions_shrunk_per100tog,10,30.0
RUCK,Richmond Tigers,Player Goals,-0.13679279279279277,-0.26306306306306304,Bad,Good,Bad,9,9,13,13,19,0.9528390613398207,0.2642700071481308,-0.7295529426255107,0.9575756639893949,0.52,2026-09-25T06:30:47.528746+00:00,dvp_v2_2026_positions_shrunk_per100tog,10,30.0
RUCK,St Kilda Saints,Player Goals,-0.0390625,-0.078125,Neutral,Neutral,Neutral,7,7,12,12,21,1.2077560169957655,0.34864913076394777,-0.44607166111505553,0.6521452667088341,0.5,2026-09-25T06:30:47.528746+00:00,dvp_v2_2026_positions_shrunk_per100tog,10,30.0
RUCK,Sydney Swans,Player Goals,0.0,0.0,Neutral,Neutral,Neutral,5,5,11,11,11,0.7306334873534314,0.22029428516547356,-0.7295529426255107,0.6726459755258165,0.4782608695652174,2026-09-25T06:30:47.528746+00:00,dvp_v2_2026_positions_shrunk_per100tog,10,30.0
RUCK,West Coast Eagles,Player Goals,-0.12932412932412932,-0.3233103233103233,Bad,Good,Bad,6,6,8,8,8,0.6932979195548468,0.2451178301498788,-0.8137057639957392,0.24760794966913108,0.4,2026-09-25T06:30:47.528746+00:00,dvp_v2_2026_positions_shrunk_per100tog,10,30.0
RUCK,Western Bulldogs,Player Goals,-0.03571428571428572,-0.08928571428571429,Neutral,Neutral,Neutral,6,6,8,8,8,0.501121327190537,0.17717314432681566,-0.38978726200948416,0.6985754049891357,0.4,2026-09-25T06:30:47.528746+00:00,dvp_v2_2026_positions_shrunk_per100tog,10,30.0
KEY_DEFENDER,Adelaide Crows,Player Handballs,0.04545454545454568,0.07575757575757613,Neutral,Neutral,Neutral,7,7,18,18,18,2.2448057979789673,0.5291058007326023,-1.451709784203219,0.8990214153448731,0.6,2026-09-25T06:30:47.528746+00:00,dvp_v2_2026_positions_shrunk_per100tog,10,30.0
KEY_DEFENDER,Brisbane Lions,Player Handballs,0.8306307938521004,1.2640033819488483,Excellent,Terrible,Excellent,8,8,23,23,23,3.8577352297705994,0.8043934010229513,-1.3328013412648518,2.398929049531459,0.6571428571428571,2026-09-25T06:30:47.528746+00:00,dvp_v2_2026_positions_shrunk_per100tog,10,30.0
KEY_DEFENDER,Carlton,Player Handballs,0.0024649033728046,0.004577677692351401,Neutral,Neutral,Neutral,6,6,14,14,14,2.3470239003877915,0.6272685224157833,-2.1890523124654404,0.9166666666666665,0.5384615384615384,2026-09-25T06:30:47.528746+00:00,dvp_v2_2026_positions_shrunk_per100tog,10,30.0
KEY_DEFENDER,Collingwood Magpies,Player Handballs,-0.08574113225276037,-0.12861169837914055,Neutral,Neutral,Neutral,8,8,24,24,36,3.331029207700176,0.6799434897643966,-2.272727272727273,0.6752859502990463,0.6666666666666666,2026-09-25T06:30:47.528746+00:00,dvp_v2_2026_positions_shrunk_per100tog,10,30.0
KEY_DEFENDER,Essendon Bombers,Player Handballs,1.352994831255701,2.126134734830387,Excellent,Terrible,Excellent,7,7,21,21,26,3.2750399064310614,0.7146722988200681,-1.1111111111111112,3.1345029239766085,0.6363636363636364,2026-09-25T06:30:47.528746+00:00,dvp_v2_2026_positions_shrunk_per100tog,10,30.0
KEY_DEFENDER,Fremantle Dockers,Player Handballs,-0.23299355107135458,-0.34052903618121055,Bad,Good,Bad,7,7,26,26,36,3.160084621489895,0.6197435826762094,-2.247191011235955,0.5056179775280896,0.6842105263157895,2026-09-25T06:30:47.528746+00:00,dvp_v2_2026_positions_shrunk_per100tog,10,30.0
KEY_DEFENDER,GWS Giants,Player Handballs,-0.5164172651502413,-0.8425755378767095,Terrible,Excellent,Terrible,7,7,19,19,26,2.9543077809127,0.6777646876375978,-1.9374796483230217,2.422723475355056,0.6129032258064516,2026-09-25T06:30:47.528746+00:00,dvp_v2_2026_positions_shrunk_per100tog,10,30.0
KEY_DEFENDER,Geelong Cats,Player Handballs,0.531949668038027,0.987906526356336,Excellent,Terrible,Excellent,5,5,14,14,15,3.5988768961383,0.9618403087518532,-3.1405428024868485,2.6849037487335368,0.5384615384615384,2026-09-25T06:30:47.528746+00:00,dvp_v2_2026_positions_shrunk_per100tog,10,30.0
KEY_DEFENDER,Gold Coast Suns,Player Handballs,-0.2923057581091275,-0.4222194283798508,Bad,Good,Bad,8,8,27,27,34,2.92548576196397,0.5630099973934385,-1.8235294117647058,0.32520325203252076,0.6923076923076923,2026-09-25T06:30:47.528746+00:00,dvp_v2_2026_positions_shrunk_per100tog,10,30.0
KEY_DEFENDER,Hawthorn Hawks,Player Handballs,-0.45954045954046,-0.6993006993007,Bad,Good,Bad,8,8,23,23,35,2.601991668407309,0.5425527681193405,-1.3191489361702127,0.07476767772064719,0.6571428571428571,2026-09-25T06:30:47.528746+00:00,dvp_v2_2026_positions_shrunk_per100tog,10,30.0
KEY_DEFENDER,Melbourne Demons,Player Handballs,-0.5322580645161289,-0.8684210526315788,Terrible,Excellent,Terrible,6,6,19,19,31,2.20596895607781,0.5060839869542678,-1.9361702127659575,1.0354954034729316,0.6129032258064516,2026-09-25T06:30:47.528746+00:00,dvp_v2_2026_positions_shrunk_per100tog,10,30.0
KEY_DEFENDER,North Melbourne Kangaroos,Player Handballs,0.15151515151515155,0.23809523809523814,Neutral,Neutral,Neutral,7,7,21,21,30,2.3162748728207108,0.505452615953577,-0.5769735116706007,1.369509043927648,0.6363636363636364,2026-09-25T06:30:47.528746+00:00,dvp_v2_2026_positions_shrunk_per100tog,10,30.0
KEY_DEFENDER,Port Adelaide Power,Player Handballs,0.03735366989737208,0.057728398932302305,Neutral,Neutral,Neutral,8,8,22,22,38,3.21102628977445,0.6845931052166107,-0.9581673275796287,1.7032122209710545,0.6470588235294118,2026-09-25T06:30:47.528746+00:00,dvp_v2_2026_positions_shrunk_per100tog,10,30.0
KEY_DEFENDER,Richmond Tigers,Player Handballs,-0.09455958311038043,-0.1382024676228637,Neutral,Neutral,Neutral,9,9,26,26,38,3.1408284872840313,0.6159671440580532,-1.0038949275362317,0.8544574794574783,0.6842105263157895,2026-09-25T06:30:47.528746+00:00,dvp_v2_2026_positions_shrunk_per100tog,10,30.0
KEY_DEFENDER,St Kilda Saints,Player Handballs,0.45714009287925683,0.7314241486068109,Good,Bad,Good,7,7,20,20,35,3.6656867706015372,0.8196724803286715,-1.6036459042175153,2.3749370853351612,0.625,2026-09-25T06:30:47.528746+00:00,dvp_v2_2026_positions_shrunk_per100tog,10,30.0
KEY_DEFENDER,Sydney Swans,Player Handballs,-0.05254515599343169,-0.10104837691044555,Neutral,Neutral,Neutral,5,5,13,13,13,2.55330980210494,0.7081607241257055,-1.150537634408602,2.182539682539683,0.52,2026-09-25T06:30:47.528746+00:00,dvp_v2_2026_positions_shrunk_per100tog,10,30.0
KEY_DEFENDER,West Coast Eagles,Player Handballs,0.37179487179487186,0.6506410256410258,Good,Bad,Good,6,6,16,16,16,3.4936321045903713,0.8734080261475928,-1.9112526831289802,2.064250423489553,0.5714285714285714,2026-09-25T06:30:47.528746+00:00,dvp_v2_2026_positions_shrunk_per100tog,10,30.0
KEY_DEFENDER,Western Bulldogs,Player Handballs,-0.19892014776925235,-0.35805626598465423,Bad,Good,Bad,6,6,15,15,15,2.6432047593994508,0.6824725342513503,-1.9444444444444446,2.058222676200204,0.5555555555555556,2026-09-25T06:30:47.528746+00:00,dvp_v2_2026_positions_shrunk_per100tog,10,30.0
KEY_FORWARD,Adelaide Crows,Player Handballs,0.4431730691291668,0.6849038341087124,Good,Bad,Good,8,8,22,22,22,3.145500757963845,0.6706230148950074,-1.554084234754701,2.7728041664290743,0.6470588235294118,2026-09-25T06:30:47.528746+00:00,dvp_v2_2026_positions_shrunk_per100tog,10,30.0
KEY_FORWARD,Brisbane Lions,Player Handballs,0.06994715104143534,0.10991695163654125,Neutral,Neutral,Neutral,8,8,21,21,21,1.773874079419997,0.387091059155345,-0.935672514619883,0.1515725653656692,0.6363636363636364,2026-09-25T06:30:47.528746+00:00,dvp_v2_2026_positions_shrunk_per100tog,10,30.0
KEY_FORWARD,Carlton,Player Handballs,0.3041851207489641,0.5323239613106872,Good,Bad,Good,6,6,16,16,16,3.422183587304192,0.855545896826048,-2.019500107735402,2.3459403850618736,0.5714285714285714,2026-09-25T06:30:47.528746+00:00,dvp_v2_2026_positions_shrunk_per100tog,10,30.0
KEY_FORWARD,Collingwood Magpies,Player Handballs,0.972842170664312,1.4398064125831818,Excellent,Terrible,Excellent,8,8,25,25,41,2.4728607725414222,0.49457215450828446,-0.11111111111111116,2.476190476190476,0.6756756756756757,2026-09-25T06:30:47.528746+00:00,dvp_v2_2026_positions_shrunk_per100tog,10,30.0
KEY_FORWARD,Essendon Bombers,Player Handballs,0.01762479013302336,0.0293746502217056,Neutral,Neutral,Neutral,7,7,18,18,21,2.3774366511879923,0.5603671926321554,-1.978615970877429,0.9625520398434213,0.6,2026-09-25T06:30:47.528746+00:00,dvp_v2_2026_positions_shrunk_per100tog,10,30.0
KEY_FORWARD,Fremantle Dockers,Player Handballs,-0.26520146678947704,-0.4420024446491284,Bad,Good,Bad,7,7,18,18,33,1.8728983512706368,0.44144637488552396,-1.4790064712129458,-0.06884234186865745,0.6,2026-09-25T06:30:47.528746+00:00,dvp_v2_2026_positions_shrunk_per100tog,10,30.0
KEY_FORWARD,GWS Giants,Player Handballs,0.020345548800833297,0.03011141222523328,Neutral,Neutral,Neutral,7,7,25,25,37,2.3582947118802773,0.47165894237605543,-1.1227902532250358,1.2967914438502675,0.6756756756756757,2026-09-25T06:30:47.528746+00:00,dvp_v2_2026_positions_shrunk_per100tog,10,30.0
KEY_FORWARD,Geelong Cats,Player Handballs,0.6072874493927128,1.4170040485829967,Excellent,Terrible,Excellent,5,5,9,9,9,3.2917370865160893,1.097245695505363,-3.333333333333333,2.799317810615021,0.42857142857142855,2026-09-25T06:30:47.528746+00:00,dvp_v2_2026_positions_shrunk_per100tog,10,30.0
KEY_FORWARD,Gold Coast Suns,Player Handballs,-0.10567434938144307,-0.15851152407216462,Neutral,Neutral,Neutral,8,8,24,24,31,2.9316417977524094,0.5984188760924136,-2.4096385542168677,0.7549432099999804,0.6666666666666666,2026-09-25T06:30:47.528746+00:00,dvp_v2_2026_positions_shrunk_per100tog,10,30.0
KEY_FORWARD,Hawthorn Hawks,Player Handballs,0.7137550109630473,1.0431804006382999,Excellent,Terrible,Excellent,8,8,26,26,37,3.0492047200447026,0.5979982449402755,-0.10991695163654125,2.400162747858266,0.6842105263157895,2026-09-25T06:30:47.528746+00:00,dvp_v2_2026_positions_shrunk_per100tog,10,30.0
KEY_FORWARD,Melbourne Demons,Player Handballs,-0.2977599839281359,-0.5359679710706446,Bad,Good,Bad,6,6,15,15,25,2.0310433883236563,0.5244131478934803,-0.811360825628612,0.2845805540678551,0.5555555555555556,2026-09-25T06:30:47.528746+00:00,dvp_v2_2026_positions_shrunk_per100tog,10,30.0
KEY_FORWARD,North Melbourne Kangaroos,Player Handballs,-0.18622944403438246,-0.31768552217629953,Bad,Good,Bad,7,7,17,17,31,2.8510309311555475,0.6914765688857291,-1.0950226244343897,0.7703595011005131,0.5862068965517241,2026-09-25T06:30:47.528746+00:00,dvp_v2_2026_positions_shrunk_per100tog,10,30.0
KEY_FORWARD,Port Adelaide Power,Player Handballs,0.08504219892812173,0.1275632983921826,Neutral,Neutral,Neutral,8,8,24,24,39,2.0667835884641024,0.42188043337461906,-0.7469293017347934,1.1538461538461533,0.6666666666666666,2026-09-25T06:30:47.528746+00:00,dvp_v2_2026_positions_shrunk_per100tog,10,30.0
KEY_FORWARD,Richmond Tigers,Player Handballs,0.25907564369102815,0.374220374220374,Good,Bad,Good,9,9,27,27,38,2.5267080176024677,0.4862651847087901,-0.45528455284552827,1.4071294559099434,0.6923076923076923,2026-09-25T06:30:47.528746+00:00,dvp_v2_2026_positions_shrunk_per100tog,10,30.0
KEY_FORWARD,St Kilda Saints,Player Handballs,-0.21658031354465632,-0.3465285016714501,Bad,Good,Bad,7,7,20,20,29,1.7717019095180415,0.39616459055485226,-0.9202169239788938,1.3829662027647018,0.625,2026-09-25T06:30:47.528746+00:00,dvp_v2_2026_positions_shrunk_per100tog,10,30.0
KEY_FORWARD,Sydney Swans,Player Handballs,-0.16623940179210284,-0.3324788035842057,Bad,Good,Bad,5,5,12,12,12,1.9568162416084556,0.5648841919236368,-2.103162641955745,1.2179925508756813,0.5,2026-09-25T06:30:47.528746+00:00,dvp_v2_2026_positions_shrunk_per100tog,10,30.0
KEY_FORWARD,West Coast Eagles,Player Handballs,0.07696007696007683,0.13852813852813828,Neutral,Neutral,Neutral,6,6,15,15,15,3.3022089376971286,0.852626681426551,-0.5240520973279601,2.6455026455026447,0.5555555555555556,2026-09-25T06:30:47.528746+00:00,dvp_v2_2026_positions_shrunk_per100tog,10,30.0
KEY_FORWARD,Western Bulldogs,Player Handballs,0.20041686708353368,0.3607503607503606,Good,Bad,Good,6,6,15,15,15,2.748159124507411,0.7095716347963438,-0.374220374220374,2.326923076923077,0.5555555555555556,2026-09-25T06:30:47.528746+00:00,dvp_v2_2026_positions_shrunk_per100tog,10,30.0
MEDIUM_DEFENDER,Adelaide Crows,Player Handballs,-0.4521910236419306,-0.5878483307345097,Bad,Good,Bad,8,8,40,40,40,3.800045651718047,0.6008399736023985,-1.3565488565488568,1.0892718840645217,0.7692307692307693,2026-09-25T06:30:47.528746+00:00,dvp_v2_2026_positions_shrunk_per100tog,10,30.0
MEDIUM_DEFENDER,Brisbane Lions,Player Handballs,0.04775215467039388,0.06172839506172867,Neutral,Neutral,Neutral,8,8,41,41,41,3.208369971149325,0.5010632079248286,-0.621118012422361,2.1409716653301256,0.7735849056603774,2026-09-25T06:30:47.528746+00:00,dvp_v2_2026_positions_shrunk_per100tog,10,30.0
MEDIUM_DEFENDER,Carlton,Player Handballs,-1.4604462474645026,-2.109533468559837,Terrible,Excellent,Terrible,6,6,27,27,28,2.8635377013618384,0.5510880875719665,-2.78945892907205,0.17857142857142838,0.6923076923076923,2026-09-25T06:30:47.528746+00:00,dvp_v2_2026_positions_shrunk_per100tog,10,30.0
MEDIUM_DEFENDER,Collingwood Magpies,Player Handballs,-0.06518002990300104,-0.0811424862057768,Neutral,Neutral,Neutral,8,8,49,49,67,3.737652227778343,0.533950318254049,-1.5739035877730192,1.2547746371275785,0.8032786885245902,2026-09-25T06:30:47.528746+00:00,dvp_v2_2026_positions_shrunk_per100tog,10,30.0
MEDIUM_DEFENDER,Essendon Bombers,Player Handballs,1.3828455495122176,1.768755935422604,Excellent,Terrible,Excellent,7,7,43,43,71,3.6356303629080147,0.5544284326012809,-0.11238761238761175,2.3047495499311546,0.7818181818181819,2026-09-25T06:30:47.528746+00:00,dvp_v2_2026_positions_shrunk_per100tog,10,30.0
MEDIUM_DEFENDER,Fremantle Dockers,Player Handballs,-0.04596795376937241,-0.06172839506172867,Neutral,Neutral,Neutral,7,7,35,35,59,4.669524311168235,0.7892936678284159,-2.6057276057276058,1.6193682860349528,0.7446808510638298,2026-09-25T06:30:47.528746+00:00,dvp_v2_2026_positions_shrunk_per100tog,10,30.0
MEDIUM_DEFENDER,GWS Giants,Player Handballs,-0.7924634090413359,-1.0085897933253367,Terrible,Excellent,Terrible,7,7,44,44,69,3.4958507081117585,0.5270193237229517,-1.977840276673828,0.4975748898713045,0.7857142857142857,2026-09-25T06:30:47.528746+00:00,dvp_v2_2026_positions_shrunk_per100tog,10,30.0
MEDIUM_DEFENDER,Geelong Cats,Player Handballs,-0.2562253264500457,-0.3792134831460676,Bad,Good,Bad,5,5,25,25,25,3.5532533051133437,0.7106506610226687,-2.0777027027027026,1.0342698363692504,0.6756756756756757,2026-09-25T06:30:47.528746+00:00,dvp_v2_2026_positions_shrunk_per100tog,10,30.0
MEDIUM_DEFENDER,Gold Coast Suns,Player Handballs,-0.8325236482329867,-1.0761891062523974,Terrible,Excellent,Terrible,8,8,41,41,54,3.074826336654903,0.4802071961495577,-1.6434108527131785,0.34858387799564206,0.7735849056603774,2026-09-25T06:30:47.528746+00:00,dvp_v2_2026_positions_shrunk_per100tog,10,30.0
MEDIUM_DEFENDER,Hawthorn Hawks,Player Handballs,0.4760358166784703,0.6029787011260623,Good,Bad,Good,8,8,45,45,61,3.5648100179447346,0.5314105017997781,-0.1743373051389936,1.7581525187158995,0.7894736842105263,2026-09-25T06:30:47.528746+00:00,dvp_v2_2026_positions_shrunk_per100tog,10,30.0
MEDIUM_DEFENDER,Melbourne Demons,Player Handballs,0.25505621774775694,0.331573083072084,Good,Bad,Good,6,6,40,40,58,3.348324167736478,0.5294165357317472,-0.7847122231541408,0.9603090707741866,0.7692307692307693,2026-09-25T06:30:47.528746+00:00,dvp_v2_2026_positions_shrunk_per100tog,10,30.0
MEDIUM_DEFENDER,North Melbourne Kangaroos,Player Handballs,-0.9295730922417572,-1.1889888389138754,Terrible,Excellent,Terrible,7,7,43,43,62,2.9165933005754776,0.4447763085794131,-1.9899302993705916,0.3484320557491305,0.7818181818181819,2026-09-25T06:30:47.528746+00:00,dvp_v2_2026_positions_shrunk_per100tog,10,30.0
MEDIUM_DEFENDER,Port Adelaide Power,Player Handballs,0.8359456635318708,1.0692328254477417,Excellent,Terrible,Excellent,8,8,43,43,64,4.036912485954272,0.6156233826658676,-1.0425020048115474,1.877851877851878,0.7818181818181819,2026-09-25T06:30:47.528746+00:00,dvp_v2_2026_positions_shrunk_per100tog,10,30.0
MEDIUM_DEFENDER,Richmond Tigers,Player Handballs,0.4505674132231265,0.5545445085823095,Good,Bad,Good,9,9,52,52,86,4.411724465201961,0.611796106634793,-1.142390860873113,1.7139716011897577,0.8125,2026-09-25T06:30:47.528746+00:00,dvp_v2_2026_positions_shrunk_per100tog,10,30.0
MEDIUM_DEFENDER,St Kilda Saints,Player Handballs,0.8837363263358045,1.142390860873113,Excellent,Terrible,Excellent,7,7,41,41,61,3.6032141591873756,0.5627275101305831,0.5,1.5243902439024382,0.7735849056603774,2026-09-25T06:30:47.528746+00:00,dvp_v2_2026_positions_shrunk_per100tog,10,30.0
MEDIUM_DEFENDER,Sydney Swans,Player Handballs,-0.5575505096577891,-0.8363257644866837,Terrible,Excellent,Terrible,5,5,24,24,24,3.2276889256507375,0.6588492430230282,-2.4667315806556314,1.0325341474510008,0.6666666666666666,2026-09-25T06:30:47.528746+00:00,dvp_v2_2026_positions_shrunk_per100tog,10,30.0
MEDIUM_DEFENDER,West Coast Eagles,Player Handballs,-1.0011123470522802,-1.4460511679644048,Terrible,Excellent,Terrible,6,6,27,27,28,2.859687003981829,0.5503470205156612,-2.8138528138528134,-0.08771929824561475,0.6923076923076923,2026-09-25T06:30:47.528746+00:00,dvp_v2_2026_positions_shrunk_per100tog,10,30.0
MEDIUM_DEFENDER,Western Bulldogs,Player Handballs,0.30469882478339116,0.4189608840771628,Good,Bad,Good,6,6,32,32,32,3.9915413505999644,0.7056114890989363,-1.4476410050788564,2.078947368421052,0.7272727272727273,2026-09-25T06:30:47.528746+00:00,dvp_v2_2026_positions_shrunk_per100tog,10,30.0
MEDIUM_FORWARD,Adelaide Crows,Player Handballs,-0.15900161746705768,-0.23238697937493047,Bad,Good,Bad,8,8,26,26,27,4.089964186448618,0.80210796909989,-1.436526436526437,3.586426344954976,0.6842105263157895,2026-09-25T06:30:47.528746+00:00,dvp_v2_2026_positions_shrunk_per100tog,10,30.0
MEDIUM_FORWARD,Brisbane Lions,Player Handballs,-0.12192079463150178,-0.16764109261831495,Neutral,Neutral,Neutral,8,8,32,32,32,3.564576378921531,0.6301340323982006,-1.7537472100361735,1.2524074465131378,0.7272727272727273,2026-09-25T06:30:47.528746+00:00,dvp_v2_2026_positions_shrunk_per100tog,10,30.0
MEDIUM_FORWARD,Carlton,Player Handballs,0.15895911647288524,0.2384386747093279,Neutral,Neutral,Neutral,6,6,24,24,25,4.03795018297089,0.8242431295880545,-1.5290669078741077,2.155915563656115,0.6666666666666666,2026-09-25T06:30:47.528746+00:00,dvp_v2_2026_positions_shrunk_per100tog,10,30.0
MEDIUM_FORWARD,Collingwood Magpies,Player Handballs,0.521225296796299,0.6737790422000938,Good,Bad,Good,8,8,41,41,57,3.755287261039335,0.5864773385288727,-1.1904761904761907,2.1477213200628604,0.7735849056603774,2026-09-25T06:30:47.528746+00:00,dvp_v2_2026_positions_shrunk_per100tog,10,30.0
MEDIUM_FORWARD,Essendon Bombers,Player Handballs,0.47821275265174323,0.6292273061207148,Good,Bad,Good,7,7,38,38,51,3.496168605196186,0.5671534396476812,-0.5792985945484332,1.4030676244069993,0.76,2026-09-25T06:30:47.528746+00:00,dvp_v2_2026_positions_shrunk_per100tog,10,30.0
MEDIUM_FORWARD,Fremantle Dockers,Player Handballs,-0.5779300323176919,-0.8016448835374437,Terrible,Excellent,Terrible,7,7,31,31,51,4.100284525745987,0.7364328406423195,-2.5534872176718784,1.497375733251003,0.7209302325581395,2026-09-25T06:30:47.528746+00:00,dvp_v2_2026_positions_shrunk_per100tog,10,30.0
MEDIUM_FORWARD,GWS Giants,Player Handballs,-0.5073405840758475,-0.6812859271875666,Terrible,Excellent,Terrible,7,7,35,35,49,3.4639194801875943,0.5855092573435073,-1.5909090909090917,0.036083213773281386,0.7446808510638298,2026-09-25T06:30:47.528746+00:00,dvp_v2_2026_positions_shrunk_per100tog,10,30.0
MEDIUM_FORWARD,Geelong Cats,Player Handballs,0.5281378629046601,0.8450205806474562,Excellent,Terrible,Excellent,5,5,20,20,20,3.1714970084738017,0.7091682901384647,-1.056910950842662,2.029793363387669,0.625,2026-09-25T06:30:47.528746+00:00,dvp_v2_2026_positions_shrunk_per100tog,10,30.0
MEDIUM_FORWARD,Gold Coast Suns,Player Handballs,0.2024765969271753,0.266416574904178,Good,Bad,Good,8,8,38,38,49,3.236510034909126,0.5250312573669323,-1.775653923541248,1.9403754710282382,0.76,2026-09-25T06:30:47.528746+00:00,dvp_v2_2026_positions_shrunk_per100tog,10,30.0
MEDIUM_FORWARD,Hawthorn Hawks,Player Handballs,-0.0862058595927075,-0.11206761747051974,Neutral,Neutral,Neutral,8,8,40,40,56,3.5547178580473062,0.5620502435352294,-0.8549052165531285,1.121378621378621,0.7692307692307693,2026-09-25T06:30:47.528746+00:00,dvp_v2_2026_positions_shrunk_per100tog,10,30.0
MEDIUM_FORWARD,Melbourne Demons,Player Handballs,-0.0480722904316696,-0.0660993993435457,Neutral,Neutral,Neutral,6,6,32,32,49,3.687641065898863,0.6518890010697685,-1.0101010101010104,0.5839024836533353,0.7272727272727273,2026-09-25T06:30:47.528746+00:00,dvp_v2_2026_positions_shrunk_per100tog,10,30.0
MEDIUM_FORWARD,North Melbourne Kangaroos,Player Handballs,-0.48442906574394423,-0.6334841628959271,Bad,Good,Bad,7,7,39,39,53,3.3514083527145737,0.536654832167133,-1.1187607573149743,0.29970029970030154,0.7647058823529411,2026-09-25T06:30:47.528746+00:00,dvp_v2_2026_positions_shrunk_per100tog,10,30.0
MEDIUM_FORWARD,Port Adelaide Power,Player Handballs,-0.3029828335238684,-0.4012475362883663,Bad,Good,Bad,8,8,37,37,62,3.558599314482897,0.585030123526527,-1.3465976814116662,1.2896886334386217,0.7551020408163265,2026-09-25T06:30:47.528746+00:00,dvp_v2_2026_positions_shrunk_per100tog,10,30.0
MEDIUM_FORWARD,Richmond Tigers,Player Handballs,0.3657258366399655,0.463252726410623,Good,Bad,Good,9,9,45,45,58,4.637914230384467,0.6913794328635526,-1.3468977452028295,1.2195121951219514,0.7894736842105263,2026-09-25T06:30:47.528746+00:00,dvp_v2_2026_positions_shrunk_per100tog,10,30.0
MEDIUM_FORWARD,St Kilda Saints,Player Handballs,0.18537574528615927,0.2489331436699853,Good,Bad,Good,7,7,35,35,50,3.922603714449992,0.6630410437762588,-1.9410360455028002,1.416862642626949,0.7446808510638298,2026-09-25T06:30:47.528746+00:00,dvp_v2_2026_positions_shrunk_per100tog,10,30.0
MEDIUM_FORWARD,Sydney Swans,Player Handballs,0.4072641175612485,0.6516225880979976,Good,Bad,Good,5,5,20,20,20,4.314541359462712,0.964760777149298,-2.7068663966143784,1.8109756097560972,0.625,2026-09-25T06:30:47.528746+00:00,dvp_v2_2026_positions_shrunk_per100tog,10,30.0
MEDIUM_FORWARD,West Coast Eagles,Player Handballs,0.6707487768876773,0.9482999949101645,Excellent,Terrible,Excellent,6,6,29,29,30,4.429998541222385,0.8226300772361371,0.09033423667569895,2.8398268398268405,0.7073170731707317,2026-09-25T06:30:47.528746+00:00,dvp_v2_2026_positions_shrunk_per100tog,10,30.0
MEDIUM_FORWARD,Western Bulldogs,Player Handballs,0.7694827823358056,1.1892006636098813,Excellent,Terrible,Excellent,6,6,22,22,24,3.4898191611096268,0.7440319451001078,-0.7142857142857153,2.878345293482185,0.6470588235294118,2026-09-25T06:30:47.528746+00:00,dvp_v2_2026_positions_shrunk_per100tog,10,30.0
MIDFIELDER,Adelaide Crows,Player Handballs,-0.8971291866028703,-1.1363636363636358,Terrible,Excellent,Terrible,8,8,45,45,45,4.06677588900934,0.6062391558054682,-2.9304029304029307,0.15662650602409656,0.7894736842105263,2026-09-25T06:30:47.528746+00:00,dvp_v2_2026_positions_shrunk_per100tog,10,30.0
MIDFIELDER,Brisbane Lions,Player Handballs,-0.8821821106246087,-1.1174306734578376,Terrible,Excellent,Terrible,8,8,45,45,45,4.903288923296633,0.7309391563875348,-2.2813559957273775,1.465201465201467,0.7894736842105263,2026-09-25T06:30:47.528746+00:00,dvp_v2_2026_positions_shrunk_per100tog,10,30.0
MIDFIELDER,Carlton,Player Handballs,-0.7386190870986219,-0.9848254494648292,Terrible,Excellent,Terrible,6,6,36,36,36,4.27401264619048,0.7123354410317466,-2.1601788910539597,1.96055780158891,0.75,2026-09-25T06:30:47.528746+00:00,dvp_v2_2026_positions_shrunk_per100tog,10,30.0
MIDFIELDER,Collingwood Magpies,Player Handballs,0.7771238671458232,0.9636335952608208,Excellent,Terrible,Excellent,8,8,50,50,79,5.00285546261622,0.7075106045824183,-1.7709879556063202,2.6004728132387704,0.8064516129032258,2026-09-25T06:30:47.528746+00:00,dvp_v2_2026_positions_shrunk_per100tog,10,30.0
MIDFIELDER,Essendon Bombers,Player Handballs,2.112392979790786,2.65172735760971,Excellent,Terrible,Excellent,7,7,47,47,64,4.59008189122278,0.6695322560378505,-0.33183183183183296,4.530313343595052,0.7966101694915254,2026-09-25T06:30:47.528746+00:00,dvp_v2_2026_positions_shrunk_per100tog,10,30.0
MIDFIELDER,Fremantle Dockers,Player Handballs,-0.007030628772996754,-0.008537192081496059,Neutral,Neutral,Neutral,7,7,56,56,90,4.962696082053425,0.6631681590617605,-1.5921446345973382,0.7518167014832435,0.8235294117647058,2026-09-25T06:30:47.528746+00:00,dvp_v2_2026_positions_shrunk_per100tog,10,30.0
MIDFIELDER,GWS Giants,Player Handballs,-0.3278194743318352,-0.409774342914794,Bad,Good,Bad,7,7,48,48,77,4.376840510772459,0.6317425117736346,-1.3734030197444822,1.0442718872641084,0.8,2026-09-25T06:30:47.528746+00:00,dvp_v2_2026_positions_shrunk_per100tog,10,30.0
MIDFIELDER,Geelong Cats,Player Handballs,-0.08798155585304199,-0.12568793693291713,Neutral,Neutral,Neutral,5,5,28,28,28,5.097852154682752,0.96340350156181,-3.7808994599086,0.784101924941143,0.7,2026-09-25T06:30:47.528746+00:00,dvp_v2_2026_positions_shrunk_per100tog,10,30.0
MIDFIELDER,Gold Coast Suns,Player Handballs,0.3073493113549698,0.3756491583227408,Good,Bad,Good,8,8,54,54,68,3.8696654564301824,0.5265947690848953,-1.1997126436781613,1.2823635143650964,0.8181818181818182,2026-09-25T06:30:47.528746+00:00,dvp_v2_2026_positions_shrunk_per100tog,10,30.0
MIDFIELDER,Hawthorn Hawks,Player Handballs,-0.5600785670655494,-0.6944974231612813,Terrible,Excellent,Terrible,8,8,50,50,74,4.688103024331989,0.6629978878812622,-2.113653470697481,1.4332524744758766,0.8064516129032258,2026-09-25T06:30:47.528746+00:00,dvp_v2_2026_positions_shrunk_per100tog,10,30.0
MIDFIELDER,Melbourne Demons,Player Handballs,-0.15388818065926033,-0.20123839009287892,Bad,Good,Bad,6,6,39,39,64,3.7448305367841885,0.5996528001681656,-1.7138707334785765,0.42134039159641107,0.7647058823529411,2026-09-25T06:30:47.528746+00:00,dvp_v2_2026_positions_shrunk_per100tog,10,30.0
MIDFIELDER,North Melbourne Kangaroos,Player Handballs,0.27469316189362963,0.3448275862068968,Good,Bad,Good,7,7,47,47,71,4.70068828936808,0.6856658573629275,-0.23685748561936748,3.011695906432747,0.7966101694915254,2026-09-25T06:30:47.528746+00:00,dvp_v2_2026_positions_shrunk_per100tog,10,30.0
MIDFIELDER,Port Adelaide Power,Player Handballs,0.2470862470862454,0.303030303030301,Good,Bad,Good,8,8,53,53,81,4.54929334796296,0.6248934998442118,-0.6076815466272034,2.3504707715234012,0.8153846153846154,2026-09-25T06:30:47.528746+00:00,dvp_v2_2026_positions_shrunk_per100tog,10,30.0
MIDFIELDER,Richmond Tigers,Player Handballs,0.08739911619766505,0.10487893943719806,Neutral,Neutral,Neutral,9,9,60,60,82,4.520056667484415,0.5835368065693645,-1.1204049686505821,1.5130551000116217,0.8333333333333334,2026-09-25T06:30:47.528746+00:00,dvp_v2_2026_positions_shrunk_per100tog,10,30.0
MIDFIELDER,St Kilda Saints,Player Handballs,-0.6378581172319755,-0.8042558869446648,Terrible,Excellent,Terrible,7,7,46,46,72,4.810967297456453,0.7093384293342183,-2.267386873893233,0.2703120172999691,0.7931034482758621,2026-09-25T06:30:47.528746+00:00,dvp_v2_2026_positions_shrunk_per100tog,10,30.0
MIDFIELDER,Sydney Swans,Player Handballs,-0.7174760827083275,-1.0143627376221183,Terrible,Excellent,Terrible,5,5,29,29,29,4.646279172819366,0.862792382261685,-3.1900042228680725,2.931034482758619,0.7073170731707317,2026-09-25T06:30:47.528746+00:00,dvp_v2_2026_positions_shrunk_per100tog,10,30.0
MIDFIELDER,West Coast Eagles,Player Handballs,-0.7199074074074084,-0.9598765432098779,Terrible,Excellent,Terrible,6,6,36,36,36,4.583899255237688,0.7639832092062813,-1.692734190845301,1.0641395374632587,0.75,2026-09-25T06:30:47.528746+00:00,dvp_v2_2026_positions_shrunk_per100tog,10,30.0
MIDFIELDER,Western Bulldogs,Player Handballs,-0.45943026581675134,-0.608434676351914,Bad,Good,Bad,6,6,37,37,37,4.389452959297836,0.721621621333068,-2.1910024906600256,2.493491758443041,0.7551020408163265,2026-09-25T06:30:47.528746+00:00,dvp_v2_2026_positions_shrunk_per100tog,10,30.0
MIDFIELDER_FORWARD,Adelaide Crows,Player Handballs,-1.6564097097612829,-2.760682849602138,Terrible,Excellent,Terrible,8,8,18,18,19,4.032905057993058,0.9505648381294727,-3.9789457100511574,-0.9170239709624406,0.6,2026-09-25T06:30:47.528746+00:00,dvp_v2_2026_positions_shrunk_per100tog,10,30.0
MIDFIELDER_FORWARD,Brisbane Lions,Player Handballs,-0.3467719498750341,-0.8669298746875853,Bad,Good,Bad,6,6,8,8,9,6.215685562121664,2.1975767053497726,-9.27800269905533,3.925449147526585,0.4,2026-09-25T06:30:47.528746+00:00,dvp_v2_2026_positions_shrunk_per100tog,10,30.0
MIDFIELDER_FORWARD,Carlton,Player Handballs,1.2032224532224534,3.008056133056133,Excellent,Terrible,Excellent,5,5,8,8,8,5.512491778236946,1.948960158813217,-0.770246478873239,5.203211069116614,0.4,2026-09-25T06:30:47.528746+00:00,dvp_v2_2026_positions_shrunk_per100tog,10,30.0
MIDFIELDER_FORWARD,Collingwood Magpies,Player Handballs,-0.6118951775870153,-1.4277554143697024,Terrible,Excellent,Terrible,8,8,9,9,23,4.295532756159407,1.4318442520531356,-3.5161744022503516,3.2536908350346323,0.42857142857142855,2026-09-25T06:30:47.528746+00:00,dvp_v2_2026_positions_shrunk_per100tog,10,30.0
MIDFIELDER_FORWARD,Essendon Bombers,Player Handballs,-0.2791479024536252,-0.5582958049072504,Bad,Good,Bad,6,6,12,12,20,5.192831330371836,1.499041283223251,-2.052735854159905,1.2648136177547942,0.5,2026-09-25T06:30:47.528746+00:00,dvp_v2_2026_positions_shrunk_per100tog,10,30.0
MIDFIELDER_FORWARD,Fremantle Dockers,Player Handballs,1.6535119341251465,4.488103821196827,Excellent,Terrible,Excellent,4,4,7,7,7,6.1931080777326075,2.340774830889393,-5.94251336898396,7.789810358303509,0.3684210526315789,2026-09-25T06:30:47.528746+00:00,dvp_v2_2026_positions_shrunk_per100tog,10,30.0
MIDFIELDER_FORWARD,GWS Giants,Player Handballs,0.34374492502571297,0.8020714917266636,Good,Bad,Good,7,7,9,9,22,5.299452219461149,1.7664840731537164,-3.4573643410852704,1.7361111111111107,0.42857142857142855,2026-09-25T06:30:47.528746+00:00,dvp_v2_2026_positions_shrunk_per100tog,10,30.0
MIDFIELDER_FORWARD,Geelong Cats,Player Handballs,1.46978021978022,3.4294871794871806,Excellent,Terrible,Excellent,5,5,9,9,9,4.795315672300256,1.5984385574334186,-0.4342878487247448,8.742402465843565,0.42857142857142855,2026-09-25T06:30:47.528746+00:00,dvp_v2_2026_positions_shrunk_per100tog,10,30.0
MIDFIELDER_FORWARD,Gold Coast Suns,Player Handballs,0.9750000000000001,1.875,Excellent,Terrible,Excellent,6,6,13,13,21,5.44791934469311,1.510980964760245,-3.4732942266131532,5.061919504643962,0.52,2026-09-25T06:30:47.528746+00:00,dvp_v2_2026_positions_shrunk_per100tog,10,30.0
MIDFIELDER_FORWARD,Hawthorn Hawks,Player Handballs,-0.7239735301942348,-1.3445222703607218,Terrible,Excellent,Terrible,7,7,14,14,15,4.533822141355208,1.2117149361086403,-3.442340791738383,1.399445577473478,0.5384615384615384,2026-09-25T06:30:47.528746+00:00,dvp_v2_2026_positions_shrunk_per100tog,10,30.0
MIDFIELDER_FORWARD,Melbourne Demons,Player Handballs,-1.0632289718535066,-2.3391037380777147,Terrible,Excellent,Terrible,6,6,10,10,13,5.651752233761958,1.7872409829632177,-3.87462884825754,3.1351526965562044,0.45454545454545453,2026-09-25T06:30:47.528746+00:00,dvp_v2_2026_positions_shrunk_per100tog,10,30.0
MIDFIELDER_FORWARD,North Melbourne Kangaroos,Player Handballs,0.8795053646638687,1.9349118022605114,Excellent,Terrible,Excellent,6,6,10,10,10,3.4594774574281213,1.0939828279481052,-0.45180722891566205,2.369360597208699,0.45454545454545453,2026-09-25T06:30:47.528746+00:00,dvp_v2_2026_positions_shrunk_per100tog,10,30.0
MIDFIELDER_FORWARD,Port Adelaide Power,Player Handballs,-0.7572436896359196,-1.7669019424838126,Terrible,Excellent,Terrible,7,7,9,9,13,3.670915999120656,1.223638666373552,-2.777777777777777,2.4436090225563927,0.42857142857142855,2026-09-25T06:30:47.528746+00:00,dvp_v2_2026_positions_shrunk_per100tog,10,30.0
MIDFIELDER_FORWARD,Richmond Tigers,Player Handballs,0.5103488656120234,1.0206977312240468,Good,Bad,Good,7,7,12,12,23,3.707805394201668,1.07035122122254,-0.545049611842785,3.045112781954886,0.5,2026-09-25T06:30:47.528746+00:00,dvp_v2_2026_positions_shrunk_per100tog,10,30.0
MIDFIELDER_FORWARD,St Kilda Saints,Player Handballs,0.974025974025974,1.873126873126873,Excellent,Terrible,Excellent,6,6,13,13,26,6.585247098094584,1.8264189287523434,-1.9005847953216364,4.211101996171725,0.52,2026-09-25T06:30:47.528746+00:00,dvp_v2_2026_positions_shrunk_per100tog,10,30.0
MIDFIELDER_FORWARD,Sydney Swans,Player Handballs,0.018538524156097136,0.05561557246829141,Neutral,Neutral,Neutral,4,4,6,6,6,3.804878565661403,1.553335169853863,-2.4348494632532915,5.5589518603759105,0.3333333333333333,2026-09-25T06:30:47.528746+00:00,dvp_v2_2026_positions_shrunk_per100tog,10,30.0
MIDFIELDER_FORWARD,West Coast Eagles,Player Handballs,-0.5589955280357755,-1.9005847953216364,Terrible,Excellent,Terrible,4,4,5,5,5,5.93544324820086,2.654410915913856,-5.905006418485238,9.210526315789473,0.29411764705882354,2026-09-25T06:30:47.528746+00:00,dvp_v2_2026_positions_shrunk_per100tog,10,30.0
MIDFIELDER_FORWARD,Western Bulldogs,Player Handballs,-0.369792864872234,-1.0037234903674923,Bad,Good,Bad,4,4,7,7,7,4.378649309937378,1.6549738789226975,-6.022979985174201,2.467105263157894,0.3684210526315789,2026-09-25T06:30:47.528746+00:00,dvp_v2_2026_positions_shrunk_per100tog,10,30.0
RUCK,Adelaide Crows,Player Handballs,-0.2916928921915427,-0.609903320036862,Bad,Good,Bad,8,8,11,11,11,4.428270811226031,1.3351738864472247,-2.5826326639334765,3.6475869809203125,0.4782608695652174,2026-09-25T06:30:47.528746+00:00,dvp_v2_2026_positions_shrunk_per100tog,10,30.0
RUCK,Brisbane Lions,Player Handballs,0.3595946387708398,0.7518796992481196,Good,Bad,Good,8,8,11,11,12,4.95576574005167,1.4942195916953949,-2.605321507760532,6.994519516378697,0.4782608695652174,2026-09-25T06:30:47.528746+00:00,dvp_v2_2026_positions_shrunk_per100tog,10,30.0
RUCK,Carlton,Player Handballs,-0.228294707713594,-0.5326876513317194,Bad,Good,Bad,6,6,9,9,9,2.6853480481774454,0.8951160160591485,-3.4482758620689657,1.680200871208399,0.42857142857142855,2026-09-25T06:30:47.528746+00:00,dvp_v2_2026_positions_shrunk_per100tog,10,30.0
RUCK,Collingwood Magpies,Player Handballs,-0.4873676693150754,-1.072208872493166,Bad,Good,Bad,8,8,10,10,16,3.529537130354858,1.1161376418055975,-2.785514112268498,2.288769553889326,0.45454545454545453,2026-09-25T06:30:47.528746+00:00,dvp_v2_2026_positions_shrunk_per100tog,10,30.0
RUCK,Essendon Bombers,Player Handballs,1.0600674807583788,2.0385913091507284,Excellent,Terrible,Excellent,6,6,13,13,22,3.3763961500932216,0.9364438034954091,-1.8220015278838808,3.9473684210526314,0.52,2026-09-25T06:30:47.528746+00:00,dvp_v2_2026_positions_shrunk_per100tog,10,30.0
RUCK,Fremantle Dockers,Player Handballs,0.04690431519699809,0.08710801393728218,Neutral,Neutral,Neutral,7,7,14,14,23,3.5789274692103388,0.9565086001356451,-1.9171582410450827,3.8137789022781057,0.5384615384615384,2026-09-25T06:30:47.528746+00:00,dvp_v2_2026_positions_shrunk_per100tog,10,30.0
RUCK,GWS Giants,Player Handballs,0.33594641362901095,0.7390821099838241,Good,Bad,Good,7,7,10,10,16,6.382194273091345,2.0182270372651328,-3.61415798966755,5.964747682850156,0.45454545454545453,2026-09-25T06:30:47.528746+00:00,dvp_v2_2026_positions_shrunk_per100tog,10,30.0
RUCK,Geelong Cats,Player Handballs,0.8838808250572957,2.209702062643239,Excellent,Terrible,Excellent,5,5,8,8,8,5.824455531701334,2.0592560015927557,-2.0880133341542573,3.97509473236732,0.4,2026-09-25T06:30:47.528746+00:00,dvp_v2_2026_positions_shrunk_per100tog,10,30.0
RUCK,Gold Coast Suns,Player Handballs,-1.0518282410481194,-1.9533953048036503,Terrible,Excellent,Terrible,8,8,14,14,17,3.160503684587305,0.8446801398115963,-4.159212880143112,0.0840623291416056,0.5384615384615384,2026-09-25T06:30:47.528746+00:00,dvp_v2_2026_positions_shrunk_per100tog,10,30.0
RUCK,Hawthorn Hawks,Player Handballs,0.5187363570215858,1.0374727140431717,Good,Bad,Good,8,8,12,12,17,3.854447753727863,1.1126832240960651,-3.020145510294652,3.172329678353774,0.5,2026-09-25T06:30:47.528746+00:00,dvp_v2_2026_positions_shrunk_per100tog,10,30.0
RUCK,Melbourne Demons,Player Handballs,-0.8868374692647394,-2.2170936731618482,Terrible,Excellent,Terrible,6,6,8,8,13,3.7021176747290636,1.308896256275747,-5.274261603375528,1.7528735632183912,0.4,2026-09-25T06:30:47.528746+00:00,dvp_v2_2026_positions_shrunk_per100tog,10,30.0
RUCK,North Melbourne Kangaroos,Player Handballs,0.3595946387708398,0.7518796992481196,Good,Bad,Good,7,7,11,11,18,4.790587384817867,1.4444164437137073,-1.5804597701149419,2.7118759597919837,0.4782608695652174,2026-09-25T06:30:47.528746+00:00,dvp_v2_2026_positions_shrunk_per100tog,10,30.0
RUCK,Port Adelaide Power,Player Handballs,0.6726838879169366,1.2492700775600252,Excellent,Terrible,Excellent,8,8,14,14,23,3.2070497879587574,0.8571201092048348,-0.3354766905434614,3.6545968751267965,0.5384615384615384,2026-09-25T06:30:47.528746+00:00,dvp_v2_2026_positions_shrunk_per100tog,10,30.0
RUCK,Richmond Tigers,Player Handballs,-0.09059233449477347,-0.17421602787456436,Neutral,Neutral,Neutral,9,9,13,13,19,3.3786053312556286,0.9370565201075512,-1.3145082765335925,1.124009581721026,0.52,2026-09-25T06:30:47.528746+00:00,dvp_v2_2026_positions_shrunk_per100tog,10,30.0
RUCK,St Kilda Saints,Player Handballs,-0.45851399787817204,-0.9170279957563441,Bad,Good,Bad,7,7,12,12,21,4.770058640061382,1.3769973199448697,-3.7532269490772427,0.5911574506527288,0.5,2026-09-25T06:30:47.528746+00:00,dvp_v2_2026_positions_shrunk_per100tog,10,30.0
RUCK,Sydney Swans,Player Handballs,-0.35620223651828525,-0.7447864945382328,Bad,Good,Bad,5,5,11,11,11,4.442795957817137,1.3395533829260982,-3.6855036855036847,0.3631961259079892,0.4782608695652174,2026-09-25T06:30:47.528746+00:00,dvp_v2_2026_positions_shrunk_per100tog,10,30.0
RUCK,West Coast Eagles,Player Handballs,0.9770962139759357,2.4427405349398392,Excellent,Terrible,Excellent,6,6,8,8,8,2.1923621344394824,0.7751170660393856,-0.7797270955165696,3.2272325375773656,0.4,2026-09-25T06:30:47.528746+00:00,dvp_v2_2026_positions_shrunk_per100tog,10,30.0
RUCK,Western Bulldogs,Player Handballs,0.8055073498340489,2.0137683745851223,Excellent,Terrible,Excellent,6,6,8,8,8,3.5519166496060297,1.2557921745729128,-2.3955525606469,3.9532882095575324,0.4,2026-09-25T06:30:47.528746+00:00,dvp_v2_2026_positions_shrunk_per100tog,10,30.0
KEY_DEFENDER,Adelaide Crows,Player Hitouts,0.0,0.0,Neutral,Neutral,Neutral,7,7,18,18,18,0.0,0.0,0.0,0.0,0.6,2026-09-25T06:30:47.528746+00:00,dvp_v2_2026_positions_shrunk_per100tog,10,30.0
KEY_DEFENDER,Brisbane Lions,Player Hitouts,0.0,0.0,Neutral,Neutral,Neutral,8,8,23,23,23,1.0229755329839758,0.2133051438548775,0.0,0.0,0.6571428571428571,2026-09-25T06:30:47.528746+00:00,dvp_v2_2026_positions_shrunk_per100tog,10,30.0
KEY_DEFENDER,Carlton,Player Hitouts,0.0,0.0,Neutral,Neutral,Neutral,6,6,14,14,14,1.351958892288764,0.36132621256764064,0.0,0.0,0.5384615384615384,2026-09-25T06:30:47.528746+00:00,dvp_v2_2026_positions_shrunk_per100tog,10,30.0
KEY_DEFENDER,Collingwood Magpies,Player Hitouts,0.0,0.0,Neutral,Neutral,Neutral,8,8,24,24,36,1.1992017064456895,0.24478602328890003,0.0,0.0,0.6666666666666666,2026-09-25T06:30:47.528746+00:00,dvp_v2_2026_positions_shrunk_per100tog,10,30.0
KEY_DEFENDER,Essendon Bombers,Player Hitouts,0.0,0.0,Neutral,Neutral,Neutral,7,7,21,21,26,2.6012812390069473,0.5676461038865643,0.0,0.0,0.6363636363636364,2026-09-25T06:30:47.528746+00:00,dvp_v2_2026_positions_shrunk_per100tog,10,30.0
KEY_DEFENDER,Fremantle Dockers,Player Hitouts,0.0,0.0,Neutral,Neutral,Neutral,7,7,26,26,36,2.469440418397555,0.48429711081014865,0.0,0.0,0.6842105263157895,2026-09-25T06:30:47.528746+00:00,dvp_v2_2026_positions_shrunk_per100tog,10,30.0
KEY_DEFENDER,GWS Giants,Player Hitouts,0.0,0.0,Neutral,Neutral,Neutral,7,7,19,19,26,3.5961573722734994,0.8250150826741558,0.0,0.0,0.6129032258064516,2026-09-25T06:30:47.528746+00:00,dvp_v2_2026_positions_shrunk_per100tog,10,30.0
KEY_DEFENDER,Geelong Cats,Player Hitouts,0.0,0.0,Neutral,Neutral,Neutral,5,5,14,14,15,1.9554852839899826,0.5226254255406326,0.0,0.0,0.5384615384615384,2026-09-25T06:30:47.528746+00:00,dvp_v2_2026_positions_shrunk_per100tog,10,30.0
KEY_DEFENDER,Gold Coast Suns,Player Hitouts,0.0,0.0,Neutral,Neutral,Neutral,8,8,27,27,34,2.3349323928224175,0.44935794851186656,0.0,0.0,0.6923076923076923,2026-09-25T06:30:47.528746+00:00,dvp_v2_2026_positions_shrunk_per100tog,10,30.0
KEY_DEFENDER,Hawthorn Hawks,Player Hitouts,0.0,0.0,Neutral,Neutral,Neutral,8,8,23,23,35,5.210444282152326,1.0864527364700278,0.0,0.0,0.6571428571428571,2026-09-25T06:30:47.528746+00:00,dvp_v2_2026_positions_shrunk_per100tog,10,30.0
KEY_DEFENDER,Melbourne Demons,Player Hitouts,0.0,0.0,Neutral,Neutral,Neutral,6,6,19,19,31,1.8041028908321748,0.4138895886782653,0.0,0.0,0.6129032258064516,2026-09-25T06:30:47.528746+00:00,dvp_v2_2026_positions_shrunk_per100tog,10,30.0
KEY_DEFENDER,North Melbourne Kangaroos,Player Hitouts,0.0,0.0,Neutral,Neutral,Neutral,7,7,21,21,30,0.682208915690453,0.14887019028215467,0.0,0.0,0.6363636363636364,2026-09-25T06:30:47.528746+00:00,dvp_v2_2026_positions_shrunk_per100tog,10,30.0
KEY_DEFENDER,Port Adelaide Power,Player Hitouts,0.0,0.0,Neutral,Neutral,Neutral,8,8,22,22,38,0.0,0.0,0.0,0.0,0.6470588235294118,2026-09-25T06:30:47.528746+00:00,dvp_v2_2026_positions_shrunk_per100tog,10,30.0
KEY_DEFENDER,Richmond Tigers,Player Hitouts,0.0,0.0,Neutral,Neutral,Neutral,9,9,26,26,38,2.5554343407591062,0.5011619065090691,0.0,0.0,0.6842105263157895,2026-09-25T06:30:47.528746+00:00,dvp_v2_2026_positions_shrunk_per100tog,10,30.0
KEY_DEFENDER,St Kilda Saints,Player Hitouts,0.0,0.0,Neutral,Neutral,Neutral,7,7,20,20,35,4.24458198622836,0.9491173857277688,0.0,0.0,0.625,2026-09-25T06:30:47.528746+00:00,dvp_v2_2026_positions_shrunk_per100tog,10,30.0
KEY_DEFENDER,Sydney Swans,Player Hitouts,0.0,0.0,Neutral,Neutral,Neutral,5,5,13,13,13,0.0,0.0,0.0,0.0,0.52,2026-09-25T06:30:47.528746+00:00,dvp_v2_2026_positions_shrunk_per100tog,10,30.0
KEY_DEFENDER,West Coast Eagles,Player Hitouts,0.0,0.0,Neutral,Neutral,Neutral,6,6,16,16,16,0.0,0.0,0.0,0.0,0.5714285714285714,2026-09-25T06:30:47.528746+00:00,dvp_v2_2026_positions_shrunk_per100tog,10,30.0
KEY_DEFENDER,Western Bulldogs,Player Hitouts,0.0,0.0,Neutral,Neutral,Neutral,6,6,15,15,15,0.0,0.0,0.0,0.0,0.5555555555555556,2026-09-25T06:30:47.528746+00:00,dvp_v2_2026_positions_shrunk_per100tog,10,30.0
KEY_FORWARD,Adelaide Crows,Player Hitouts,0.0,0.0,Neutral,Neutral,Neutral,8,8,22,22,22,1.971709083640005,0.4203697890769133,0.0,0.0,0.6470588235294118,2026-09-25T06:30:47.528746+00:00,dvp_v2_2026_positions_shrunk_per100tog,10,30.0
KEY_FORWARD,Brisbane Lions,Player Hitouts,0.0,0.0,Neutral,Neutral,Neutral,8,8,21,21,21,0.9491787775233284,0.2071277902879191,0.0,0.0,0.6363636363636364,2026-09-25T06:30:47.528746+00:00,dvp_v2_2026_positions_shrunk_per100tog,10,30.0
KEY_FORWARD,Carlton,Player Hitouts,0.0,0.0,Neutral,Neutral,Neutral,6,6,16,16,16,0.9703330863260174,0.24258327158150436,0.0,0.0,0.5714285714285714,2026-09-25T06:30:47.528746+00:00,dvp_v2_2026_positions_shrunk_per100tog,10,30.0
KEY_FORWARD,Collingwood Magpies,Player Hitouts,0.0,0.0,Neutral,Neutral,Neutral,8,8,25,25,41,1.953698124499018,0.3907396248998036,0.0,0.0,0.6756756756756757,2026-09-25T06:30:47.528746+00:00,dvp_v2_2026_positions_shrunk_per100tog,10,30.0
KEY_FORWARD,Essendon Bombers,Player Hitouts,0.0,0.0,Neutral,Neutral,Neutral,7,7,18,18,21,3.6787381251159648,0.8670868914929949,0.0,0.0,0.6,2026-09-25T06:30:47.528746+00:00,dvp_v2_2026_positions_shrunk_per100tog,10,30.0
KEY_FORWARD,Fremantle Dockers,Player Hitouts,0.0,0.0,Neutral,Neutral,Neutral,7,7,18,18,33,1.9644690165164524,0.46302978766988384,-0.3333333333333333,0.0,0.6,2026-09-25T06:30:47.528746+00:00,dvp_v2_2026_positions_shrunk_per100tog,10,30.0
KEY_FORWARD,GWS Giants,Player Hitouts,0.0,0.0,Neutral,Neutral,Neutral,7,7,25,25,37,3.2416189027115307,0.6483237805423061,0.0,0.0,0.6756756756756757,2026-09-25T06:30:47.528746+00:00,dvp_v2_2026_positions_shrunk_per100tog,10,30.0
KEY_FORWARD,Geelong Cats,Player Hitouts,0.0,0.0,Neutral,Neutral,Neutral,5,5,9,9,9,1.3487317493272966,0.4495772497757655,0.0,0.0,0.42857142857142855,2026-09-25T06:30:47.528746+00:00,dvp_v2_2026_positions_shrunk_per100tog,10,30.0
KEY_FORWARD,Gold Coast Suns,Player Hitouts,0.0,0.0,Neutral,Neutral,Neutral,8,8,24,24,31,1.9572637606815617,0.3995247921425596,0.0,0.0,0.6666666666666666,2026-09-25T06:30:47.528746+00:00,dvp_v2_2026_positions_shrunk_per100tog,10,30.0
KEY_FORWARD,Hawthorn Hawks,Player Hitouts,0.0,0.0,Neutral,Neutral,Neutral,8,8,26,26,37,2.209780165158715,0.4333735454959452,0.0,0.0,0.6842105263157895,2026-09-25T06:30:47.528746+00:00,dvp_v2_2026_positions_shrunk_per100tog,10,30.0
KEY_FORWARD,Melbourne Demons,Player Hitouts,0.0,0.0,Neutral,Neutral,Neutral,6,6,15,15,25,2.964859293346034,0.7655233777984985,0.0,0.0,0.5555555555555556,2026-09-25T06:30:47.528746+00:00,dvp_v2_2026_positions_shrunk_per100tog,10,30.0
KEY_FORWARD,North Melbourne Kangaroos,Player Hitouts,0.0,0.0,Neutral,Neutral,Neutral,7,7,17,17,31,2.1810037082291327,0.5289710975819127,0.0,0.0,0.5862068965517241,2026-09-25T06:30:47.528746+00:00,dvp_v2_2026_positions_shrunk_per100tog,10,30.0
KEY_FORWARD,Port Adelaide Power,Player Hitouts,0.0,0.0,Neutral,Neutral,Neutral,8,8,24,24,39,1.6849469905752419,0.34393836421228663,0.0,0.0,0.6666666666666666,2026-09-25T06:30:47.528746+00:00,dvp_v2_2026_positions_shrunk_per100tog,10,30.0
KEY_FORWARD,Richmond Tigers,Player Hitouts,0.0,0.0,Neutral,Neutral,Neutral,9,9,27,27,38,1.862284630538749,0.3583968442497498,0.0,0.0,0.6923076923076923,2026-09-25T06:30:47.528746+00:00,dvp_v2_2026_positions_shrunk_per100tog,10,30.0
KEY_FORWARD,St Kilda Saints,Player Hitouts,0.0,0.0,Neutral,Neutral,Neutral,7,7,20,20,29,1.1710015196350154,0.2618438999659449,-0.3333333333333333,0.0,0.625,2026-09-25T06:30:47.528746+00:00,dvp_v2_2026_positions_shrunk_per100tog,10,30.0
KEY_FORWARD,Sydney Swans,Player Hitouts,0.0,0.0,Neutral,Neutral,Neutral,5,5,12,12,12,1.8142720880862555,0.523735239219912,-0.3333333333333333,0.0,0.5,2026-09-25T06:30:47.528746+00:00,dvp_v2_2026_positions_shrunk_per100tog,10,30.0
KEY_FORWARD,West Coast Eagles,Player Hitouts,0.0,0.0,Neutral,Neutral,Neutral,6,6,15,15,15,0.881297251627922,0.22754997190755397,0.0,0.9780343113676446,0.5555555555555556,2026-09-25T06:30:47.528746+00:00,dvp_v2_2026_positions_shrunk_per100tog,10,30.0
KEY_FORWARD,Western Bulldogs,Player Hitouts,0.0,0.0,Neutral,Neutral,Neutral,6,6,15,15,15,3.843548235777164,0.9923998871673236,0.0,3.7974683544303796,0.5555555555555556,2026-09-25T06:30:47.528746+00:00,dvp_v2_2026_positions_shrunk_per100tog,10,30.0
MEDIUM_DEFENDER,Adelaide Crows,Player Hitouts,0.0,0.0,Neutral,Neutral,Neutral,8,8,40,40,40,0.0,0.0,0.0,0.0,0.7692307692307693,2026-09-25T06:30:47.528746+00:00,dvp_v2_2026_positions_shrunk_per100tog,10,30.0
MEDIUM_DEFENDER,Brisbane Lions,Player Hitouts,0.0,0.0,Neutral,Neutral,Neutral,8,8,41,41,41,0.0,0.0,0.0,0.0,0.7735849056603774,2026-09-25T06:30:47.528746+00:00,dvp_v2_2026_positions_shrunk_per100tog,10,30.0
MEDIUM_DEFENDER,Carlton,Player Hitouts,0.0,0.0,Neutral,Neutral,Neutral,6,6,27,27,28,0.0,0.0,0.0,0.0,0.6923076923076923,2026-09-25T06:30:47.528746+00:00,dvp_v2_2026_positions_shrunk_per100tog,10,30.0
MEDIUM_DEFENDER,Collingwood Magpies,Player Hitouts,0.0,0.0,Neutral,Neutral,Neutral,8,8,49,49,67,0.0,0.0,0.0,0.0,0.8032786885245902,2026-09-25T06:30:47.528746+00:00,dvp_v2_2026_positions_shrunk_per100tog,10,30.0
MEDIUM_DEFENDER,Essendon Bombers,Player Hitouts,0.0,0.0,Neutral,Neutral,Neutral,7,7,43,43,71,0.0,0.0,0.0,0.0,0.7818181818181819,2026-09-25T06:30:47.528746+00:00,dvp_v2_2026_positions_shrunk_per100tog,10,30.0
MEDIUM_DEFENDER,Fremantle Dockers,Player Hitouts,0.0,0.0,Neutral,Neutral,Neutral,7,7,35,35,59,0.0,0.0,0.0,0.0,0.7446808510638298,2026-09-25T06:30:47.528746+00:00,dvp_v2_2026_positions_shrunk_per100tog,10,30.0
MEDIUM_DEFENDER,GWS Giants,Player Hitouts,0.0,0.0,Neutral,Neutral,Neutral,7,7,44,44,69,0.0,0.0,0.0,0.0,0.7857142857142857,2026-09-25T06:30:47.528746+00:00,dvp_v2_2026_positions_shrunk_per100tog,10,30.0
MEDIUM_DEFENDER,Geelong Cats,Player Hitouts,0.0,0.0,Neutral,Neutral,Neutral,5,5,25,25,25,0.0,0.0,0.0,0.0,0.6756756756756757,2026-09-25T06:30:47.528746+00:00,dvp_v2_2026_positions_shrunk_per100tog,10,30.0
MEDIUM_DEFENDER,Gold Coast Suns,Player Hitouts,0.0,0.0,Neutral,Neutral,Neutral,8,8,41,41,54,0.0,0.0,0.0,0.0,0.7735849056603774,2026-09-25T06:30:47.528746+00:00,dvp_v2_2026_positions_shrunk_per100tog,10,30.0
MEDIUM_DEFENDER,Hawthorn Hawks,Player Hitouts,0.0,0.0,Neutral,Neutral,Neutral,8,8,45,45,61,0.0,0.0,0.0,0.0,0.7894736842105263,2026-09-25T06:30:47.528746+00:00,dvp_v2_2026_positions_shrunk_per100tog,10,30.0
MEDIUM_DEFENDER,Melbourne Demons,Player Hitouts,0.0,0.0,Neutral,Neutral,Neutral,6,6,40,40,58,0.0,0.0,0.0,0.0,0.7692307692307693,2026-09-25T06:30:47.528746+00:00,dvp_v2_2026_positions_shrunk_per100tog,10,30.0
MEDIUM_DEFENDER,North Melbourne Kangaroos,Player Hitouts,0.0,0.0,Neutral,Neutral,Neutral,7,7,43,43,62,0.0,0.0,0.0,0.0,0.7818181818181819,2026-09-25T06:30:47.528746+00:00,dvp_v2_2026_positions_shrunk_per100tog,10,30.0
MEDIUM_DEFENDER,Port Adelaide Power,Player Hitouts,0.0,0.0,Neutral,Neutral,Neutral,8,8,43,43,64,0.0,0.0,0.0,0.0,0.7818181818181819,2026-09-25T06:30:47.528746+00:00,dvp_v2_2026_positions_shrunk_per100tog,10,30.0
MEDIUM_DEFENDER,Richmond Tigers,Player Hitouts,0.0,0.0,Neutral,Neutral,Neutral,9,9,52,52,86,0.0,0.0,0.0,0.0,0.8125,2026-09-25T06:30:47.528746+00:00,dvp_v2_2026_positions_shrunk_per100tog,10,30.0
MEDIUM_DEFENDER,St Kilda Saints,Player Hitouts,0.0,0.0,Neutral,Neutral,Neutral,7,7,41,41,61,0.0,0.0,0.0,0.0,0.7735849056603774,2026-09-25T06:30:47.528746+00:00,dvp_v2_2026_positions_shrunk_per100tog,10,30.0
MEDIUM_DEFENDER,Sydney Swans,Player Hitouts,0.0,0.0,Neutral,Neutral,Neutral,5,5,24,24,24,0.0,0.0,0.0,0.0,0.6666666666666666,2026-09-25T06:30:47.528746+00:00,dvp_v2_2026_positions_shrunk_per100tog,10,30.0
MEDIUM_DEFENDER,West Coast Eagles,Player Hitouts,0.0,0.0,Neutral,Neutral,Neutral,6,6,27,27,28,0.4934617685381415,0.09496676163342826,0.0,0.0,0.6923076923076923,2026-09-25T06:30:47.528746+00:00,dvp_v2_2026_positions_shrunk_per100tog,10,30.0
MEDIUM_DEFENDER,Western Bulldogs,Player Hitouts,0.0,0.0,Neutral,Neutral,Neutral,6,6,32,32,32,0.0,0.0,0.0,0.0,0.7272727272727273,2026-09-25T06:30:47.528746+00:00,dvp_v2_2026_positions_shrunk_per100tog,10,30.0
MEDIUM_FORWARD,Adelaide Crows,Player Hitouts,0.0,0.0,Neutral,Neutral,Neutral,8,8,26,26,27,0.30171713098182157,0.05917159763313609,0.0,0.0,0.6842105263157895,2026-09-25T06:30:47.528746+00:00,dvp_v2_2026_positions_shrunk_per100tog,10,30.0
MEDIUM_FORWARD,Brisbane Lions,Player Hitouts,0.0,0.0,Neutral,Neutral,Neutral,8,8,32,32,32,0.0,0.0,0.0,0.0,0.7272727272727273,2026-09-25T06:30:47.528746+00:00,dvp_v2_2026_positions_shrunk_per100tog,10,30.0
MEDIUM_FORWARD,Carlton,Player Hitouts,0.0,0.0,Neutral,Neutral,Neutral,6,6,24,24,25,0.0,0.0,0.0,0.0,0.6666666666666666,2026-09-25T06:30:47.528746+00:00,dvp_v2_2026_positions_shrunk_per100tog,10,30.0
MEDIUM_FORWARD,Collingwood Magpies,Player Hitouts,0.0,0.0,Neutral,Neutral,Neutral,8,8,41,41,57,0.0,0.0,0.0,0.0,0.7735849056603774,2026-09-25T06:30:47.528746+00:00,dvp_v2_2026_positions_shrunk_per100tog,10,30.0
MEDIUM_FORWARD,Essendon Bombers,Player Hitouts,0.0,0.0,Neutral,Neutral,Neutral,7,7,38,38,51,1.8249909877210784,0.29605263157894735,0.0,0.0,0.76,2026-09-25T06:30:47.528746+00:00,dvp_v2_2026_positions_shrunk_per100tog,10,30.0
MEDIUM_FORWARD,Fremantle Dockers,Player Hitouts,0.0,0.0,Neutral,Neutral,Neutral,7,7,31,31,51,0.0,0.0,0.0,0.0,0.7209302325581395,2026-09-25T06:30:47.528746+00:00,dvp_v2_2026_positions_shrunk_per100tog,10,30.0
MEDIUM_FORWARD,GWS Giants,Player Hitouts,0.0,0.0,Neutral,Neutral,Neutral,7,7,35,35,49,0.5030680087669742,0.08503401360544219,0.0,0.0,0.7446808510638298,2026-09-25T06:30:47.528746+00:00,dvp_v2_2026_positions_shrunk_per100tog,10,30.0
MEDIUM_FORWARD,Geelong Cats,Player Hitouts,0.0,0.0,Neutral,Neutral,Neutral,5,5,20,20,20,0.0,0.0,0.0,0.0,0.625,2026-09-25T06:30:47.528746+00:00,dvp_v2_2026_positions_shrunk_per100tog,10,30.0
MEDIUM_FORWARD,Gold Coast Suns,Player Hitouts,0.0,0.0,Neutral,Neutral,Neutral,8,8,38,38,49,0.0,0.0,0.0,0.0,0.76,2026-09-25T06:30:47.528746+00:00,dvp_v2_2026_positions_shrunk_per100tog,10,30.0
MEDIUM_FORWARD,Hawthorn Hawks,Player Hitouts,0.0,0.0,Neutral,Neutral,Neutral,8,8,40,40,56,0.4865042554105199,0.07692307692307691,0.0,0.0,0.7692307692307693,2026-09-25T06:30:47.528746+00:00,dvp_v2_2026_positions_shrunk_per100tog,10,30.0
MEDIUM_FORWARD,Melbourne Demons,Player Hitouts,0.0,0.0,Neutral,Neutral,Neutral,6,6,32,32,49,0.0,0.0,0.0,0.0,0.7272727272727273,2026-09-25T06:30:47.528746+00:00,dvp_v2_2026_positions_shrunk_per100tog,10,30.0
MEDIUM_FORWARD,North Melbourne Kangaroos,Player Hitouts,0.0,0.0,Neutral,Neutral,Neutral,7,7,39,39,53,0.0,0.0,0.0,0.0,0.7647058823529411,2026-09-25T06:30:47.528746+00:00,dvp_v2_2026_positions_shrunk_per100tog,10,30.0
MEDIUM_FORWARD,Port Adelaide Power,Player Hitouts,0.0,0.0,Neutral,Neutral,Neutral,8,8,37,37,62,0.25292151893131887,0.041580041580041575,0.0,0.0,0.7551020408163265,2026-09-25T06:30:47.528746+00:00,dvp_v2_2026_positions_shrunk_per100tog,10,30.0
MEDIUM_FORWARD,Richmond Tigers,Player Hitouts,0.0,0.0,Neutral,Neutral,Neutral,9,9,45,45,58,0.0,0.0,0.0,0.0,0.7894736842105263,2026-09-25T06:30:47.528746+00:00,dvp_v2_2026_positions_shrunk_per100tog,10,30.0
MEDIUM_FORWARD,St Kilda Saints,Player Hitouts,0.0,0.0,Neutral,Neutral,Neutral,7,7,35,35,50,0.26004746299338966,0.043956043956043946,0.0,0.0,0.7446808510638298,2026-09-25T06:30:47.528746+00:00,dvp_v2_2026_positions_shrunk_per100tog,10,30.0
MEDIUM_FORWARD,Sydney Swans,Player Hitouts,0.0,0.0,Neutral,Neutral,Neutral,5,5,20,20,20,0.0,0.0,0.0,0.0,0.625,2026-09-25T06:30:47.528746+00:00,dvp_v2_2026_positions_shrunk_per100tog,10,30.0
MEDIUM_FORWARD,West Coast Eagles,Player Hitouts,0.0,0.0,Neutral,Neutral,Neutral,6,6,29,29,30,0.0,0.0,0.0,0.0,0.7073170731707317,2026-09-25T06:30:47.528746+00:00,dvp_v2_2026_positions_shrunk_per100tog,10,30.0
MEDIUM_FORWARD,Western Bulldogs,Player Hitouts,0.0,0.0,Neutral,Neutral,Neutral,6,6,22,22,24,0.0,0.0,0.0,0.0,0.6470588235294118,2026-09-25T06:30:47.528746+00:00,dvp_v2_2026_positions_shrunk_per100tog,10,30.0
MIDFIELDER,Adelaide Crows,Player Hitouts,0.0,0.0,Neutral,Neutral,Neutral,8,8,45,45,45,0.0,0.0,0.0,0.0,0.7894736842105263,2026-09-25T06:30:47.528746+00:00,dvp_v2_2026_positions_shrunk_per100tog,10,30.0
MIDFIELDER,Brisbane Lions,Player Hitouts,0.0,0.0,Neutral,Neutral,Neutral,8,8,45,45,45,0.8410331592390518,0.125373821025995,0.0,0.0,0.7894736842105263,2026-09-25T06:30:47.528746+00:00,dvp_v2_2026_positions_shrunk_per100tog,10,30.0
MIDFIELDER,Carlton,Player Hitouts,0.0,0.0,Neutral,Neutral,Neutral,6,6,36,36,36,0.20080321285140565,0.033467202141900944,0.0,0.0,0.75,2026-09-25T06:30:47.528746+00:00,dvp_v2_2026_positions_shrunk_per100tog,10,30.0
MIDFIELDER,Collingwood Magpies,Player Hitouts,0.0,0.0,Neutral,Neutral,Neutral,8,8,50,50,79,2.373087996581921,0.33560532294709494,0.0,0.0,0.8064516129032258,2026-09-25T06:30:47.528746+00:00,dvp_v2_2026_positions_shrunk_per100tog,10,30.0
MIDFIELDER,Essendon Bombers,Player Hitouts,0.0,0.0,Neutral,Neutral,Neutral,7,7,47,47,64,0.398713699012774,0.058158370316592364,0.0,0.0,0.7966101694915254,2026-09-25T06:30:47.528746+00:00,dvp_v2_2026_positions_shrunk_per100tog,10,30.0
MIDFIELDER,Fremantle Dockers,Player Hitouts,0.0,0.0,Neutral,Neutral,Neutral,7,7,56,56,90,0.3652717395427561,0.0488114893728543,0.0,0.0,0.8235294117647058,2026-09-25T06:30:47.528746+00:00,dvp_v2_2026_positions_shrunk_per100tog,10,30.0
MIDFIELDER,GWS Giants,Player Hitouts,0.0,0.0,Neutral,Neutral,Neutral,7,7,48,48,77,0.9817684156572105,0.14170606476539074,0.0,0.0,0.8,2026-09-25T06:30:47.528746+00:00,dvp_v2_2026_positions_shrunk_per100tog,10,30.0
MIDFIELDER,Geelong Cats,Player Hitouts,0.0,0.0,Neutral,Neutral,Neutral,5,5,28,28,28,0.0,0.0,0.0,0.0,0.7,2026-09-25T06:30:47.528746+00:00,dvp_v2_2026_positions_shrunk_per100tog,10,30.0
MIDFIELDER,Gold Coast Suns,Player Hitouts,0.0,0.0,Neutral,Neutral,Neutral,8,8,54,54,68,1.0406023676329084,0.14160804587959439,0.0,0.0,0.8181818181818182,2026-09-25T06:30:47.528746+00:00,dvp_v2_2026_positions_shrunk_per100tog,10,30.0
MIDFIELDER,Hawthorn Hawks,Player Hitouts,0.0,0.0,Neutral,Neutral,Neutral,8,8,50,50,74,0.0,0.0,0.0,0.0,0.8064516129032258,2026-09-25T06:30:47.528746+00:00,dvp_v2_2026_positions_shrunk_per100tog,10,30.0
MIDFIELDER,Melbourne Demons,Player Hitouts,0.0,0.0,Neutral,Neutral,Neutral,6,6,39,39,64,0.5755330745458207,0.09215904868078785,0.0,0.0,0.7647058823529411,2026-09-25T06:30:47.528746+00:00,dvp_v2_2026_positions_shrunk_per100tog,10,30.0
MIDFIELDER,North Melbourne Kangaroos,Player Hitouts,0.0,0.0,Neutral,Neutral,Neutral,7,7,47,47,71,1.7688894108824222,0.25801903887908023,0.0,0.0,0.7966101694915254,2026-09-25T06:30:47.528746+00:00,dvp_v2_2026_positions_shrunk_per100tog,10,30.0
MIDFIELDER,Port Adelaide Power,Player Hitouts,0.0,0.0,Neutral,Neutral,Neutral,8,8,53,53,81,0.0,0.0,0.0,0.0,0.8153846153846154,2026-09-25T06:30:47.528746+00:00,dvp_v2_2026_positions_shrunk_per100tog,10,30.0
MIDFIELDER,Richmond Tigers,Player Hitouts,0.0,0.0,Neutral,Neutral,Neutral,9,9,60,60,82,0.16551210881228282,0.02136752136752137,0.0,0.0,0.8333333333333334,2026-09-25T06:30:47.528746+00:00,dvp_v2_2026_positions_shrunk_per100tog,10,30.0
MIDFIELDER,St Kilda Saints,Player Hitouts,0.0,0.0,Neutral,Neutral,Neutral,7,7,46,46,72,0.6987687655424071,0.10302783369151518,0.0,0.0,0.7931034482758621,2026-09-25T06:30:47.528746+00:00,dvp_v2_2026_positions_shrunk_per100tog,10,30.0
MIDFIELDER,Sydney Swans,Player Hitouts,0.0,0.0,Neutral,Neutral,Neutral,5,5,29,29,29,0.0,0.0,0.0,0.0,0.7073170731707317,2026-09-25T06:30:47.528746+00:00,dvp_v2_2026_positions_shrunk_per100tog,10,30.0
MIDFIELDER,West Coast Eagles,Player Hitouts,0.0,0.0,Neutral,Neutral,Neutral,6,6,36,36,36,1.3127538964553602,0.21879231607589336,0.0,0.0,0.75,2026-09-25T06:30:47.528746+00:00,dvp_v2_2026_positions_shrunk_per100tog,10,30.0
MIDFIELDER,Western Bulldogs,Player Hitouts,0.0,0.0,Neutral,Neutral,Neutral,6,6,37,37,37,0.2348556961505104,0.03861003861003861,0.0,0.0,0.7551020408163265,2026-09-25T06:30:47.528746+00:00,dvp_v2_2026_positions_shrunk_per100tog,10,30.0
MIDFIELDER_FORWARD,Adelaide Crows,Player Hitouts,0.0,0.0,Neutral,Neutral,Neutral,8,8,18,18,19,0.0,0.0,0.0,0.0,0.6,2026-09-25T06:30:47.528746+00:00,dvp_v2_2026_positions_shrunk_per100tog,10,30.0
MIDFIELDER_FORWARD,Brisbane Lions,Player Hitouts,0.0,0.0,Neutral,Neutral,Neutral,6,6,8,8,9,0.0,0.0,0.0,0.0,0.4,2026-09-25T06:30:47.528746+00:00,dvp_v2_2026_positions_shrunk_per100tog,10,30.0
MIDFIELDER_FORWARD,Carlton,Player Hitouts,0.0,0.0,Neutral,Neutral,Neutral,5,5,8,8,8,0.0,0.0,0.0,0.0,0.4,2026-09-25T06:30:47.528746+00:00,dvp_v2_2026_positions_shrunk_per100tog,10,30.0
MIDFIELDER_FORWARD,Collingwood Magpies,Player Hitouts,0.0,0.0,Neutral,Neutral,Neutral,8,8,9,9,23,0.0,0.0,0.0,0.0,0.42857142857142855,2026-09-25T06:30:47.528746+00:00,dvp_v2_2026_positions_shrunk_per100tog,10,30.0
MIDFIELDER_FORWARD,Essendon Bombers,Player Hitouts,0.0,0.0,Neutral,Neutral,Neutral,6,6,12,12,20,0.0,0.0,0.0,0.0,0.5,2026-09-25T06:30:47.528746+00:00,dvp_v2_2026_positions_shrunk_per100tog,10,30.0
MIDFIELDER_FORWARD,Fremantle Dockers,Player Hitouts,0.0,0.0,Neutral,Neutral,Neutral,4,4,7,7,7,0.0,0.0,0.0,0.0,0.3684210526315789,2026-09-25T06:30:47.528746+00:00,dvp_v2_2026_positions_shrunk_per100tog,10,30.0
MIDFIELDER_FORWARD,GWS Giants,Player Hitouts,0.0,0.0,Neutral,Neutral,Neutral,7,7,9,9,22,0.0,0.0,0.0,0.0,0.42857142857142855,2026-09-25T06:30:47.528746+00:00,dvp_v2_2026_positions_shrunk_per100tog,10,30.0
MIDFIELDER_FORWARD,Geelong Cats,Player Hitouts,0.0,0.0,Neutral,Neutral,Neutral,5,5,9,9,9,0.0,0.0,0.0,0.0,0.42857142857142855,2026-09-25T06:30:47.528746+00:00,dvp_v2_2026_positions_shrunk_per100tog,10,30.0
MIDFIELDER_FORWARD,Gold Coast Suns,Player Hitouts,0.0,0.0,Neutral,Neutral,Neutral,6,6,13,13,21,0.0,0.0,0.0,0.0,0.52,2026-09-25T06:30:47.528746+00:00,dvp_v2_2026_positions_shrunk_per100tog,10,30.0
MIDFIELDER_FORWARD,Hawthorn Hawks,Player Hitouts,0.0,0.0,Neutral,Neutral,Neutral,7,7,14,14,15,0.0,0.0,0.0,0.0,0.5384615384615384,2026-09-25T06:30:47.528746+00:00,dvp_v2_2026_positions_shrunk_per100tog,10,30.0
MIDFIELDER_FORWARD,Melbourne Demons,Player Hitouts,0.0,0.0,Neutral,Neutral,Neutral,6,6,10,10,13,0.0,0.0,0.0,0.0,0.45454545454545453,2026-09-25T06:30:47.528746+00:00,dvp_v2_2026_positions_shrunk_per100tog,10,30.0
MIDFIELDER_FORWARD,North Melbourne Kangaroos,Player Hitouts,0.0,0.0,Neutral,Neutral,Neutral,6,6,10,10,10,0.0,0.0,0.0,0.0,0.45454545454545453,2026-09-25T06:30:47.528746+00:00,dvp_v2_2026_positions_shrunk_per100tog,10,30.0
MIDFIELDER_FORWARD,Port Adelaide Power,Player Hitouts,0.0,0.0,Neutral,Neutral,Neutral,7,7,9,9,13,0.0,0.0,0.0,0.0,0.42857142857142855,2026-09-25T06:30:47.528746+00:00,dvp_v2_2026_positions_shrunk_per100tog,10,30.0
MIDFIELDER_FORWARD,Richmond Tigers,Player Hitouts,0.0,0.0,Neutral,Neutral,Neutral,7,7,12,12,23,0.0,0.0,0.0,0.0,0.5,2026-09-25T06:30:47.528746+00:00,dvp_v2_2026_positions_shrunk_per100tog,10,30.0
MIDFIELDER_FORWARD,St Kilda Saints,Player Hitouts,0.0,0.0,Neutral,Neutral,Neutral,6,6,13,13,26,0.0,0.0,0.0,0.0,0.52,2026-09-25T06:30:47.528746+00:00,dvp_v2_2026_positions_shrunk_per100tog,10,30.0
MIDFIELDER_FORWARD,Sydney Swans,Player Hitouts,0.0,0.0,Neutral,Neutral,Neutral,4,4,6,6,6,0.0,0.0,0.0,0.0,0.3333333333333333,2026-09-25T06:30:47.528746+00:00,dvp_v2_2026_positions_shrunk_per100tog,10,30.0
MIDFIELDER_FORWARD,West Coast Eagles,Player Hitouts,0.0,0.0,Neutral,Neutral,Neutral,4,4,5,5,5,0.0,0.0,0.0,0.0,0.29411764705882354,2026-09-25T06:30:47.528746+00:00,dvp_v2_2026_positions_shrunk_per100tog,10,30.0
MIDFIELDER_FORWARD,Western Bulldogs,Player Hitouts,0.0,0.0,Neutral,Neutral,Neutral,4,4,7,7,7,0.0,0.0,0.0,0.0,0.3684210526315789,2026-09-25T06:30:47.528746+00:00,dvp_v2_2026_positions_shrunk_per100tog,10,30.0
RUCK,Adelaide Crows,Player Hitouts,2.0706034603195613,4.329443598849991,Excellent,Terrible,Excellent,8,8,11,11,11,12.63377617954092,3.8092268429879046,-8.27912477823773,11.466582198289515,0.4782608695652174,2026-09-25T06:30:47.528746+00:00,dvp_v2_2026_positions_shrunk_per100tog,10,30.0
RUCK,Brisbane Lions,Player Hitouts,0.15307069082812627,0.32005689900426404,Excellent,Terrible,Excellent,8,8,11,11,12,6.851318874962477,2.0657503661209473,-1.4182320210852097,1.3048881524440716,0.4782608695652174,2026-09-25T06:30:47.528746+00:00,dvp_v2_2026_positions_shrunk_per100tog,10,30.0
RUCK,Carlton,Player Hitouts,0.0,0.0,Neutral,Neutral,Neutral,6,6,9,9,9,10.975656122778027,3.658552040926009,-4.354628422425034,16.659905341446922,0.42857142857142855,2026-09-25T06:30:47.528746+00:00,dvp_v2_2026_positions_shrunk_per100tog,10,30.0
RUCK,Collingwood Magpies,Player Hitouts,1.4881524395266477,3.273935366958625,Excellent,Terrible,Excellent,8,8,10,10,16,9.845067516005672,3.1132837068714134,-4.739848493338537,6.985074190625535,0.45454545454545453,2026-09-25T06:30:47.528746+00:00,dvp_v2_2026_positions_shrunk_per100tog,10,30.0
RUCK,Essendon Bombers,Player Hitouts,0.7515151515151536,1.4452214452214491,Excellent,Terrible,Excellent,6,6,13,13,22,9.938434090443572,2.756425670070278,-8.422487182258084,4.765720390720391,0.52,2026-09-25T06:30:47.528746+00:00,dvp_v2_2026_positions_shrunk_per100tog,10,30.0
RUCK,Fremantle Dockers,Player Hitouts,-1.8855992558667374,-3.5018271894667983,Terrible,Excellent,Terrible,7,7,14,14,23,7.0306101273870905,1.879009594047542,-8.700827101175399,0.0,0.5384615384615384,2026-09-25T06:30:47.528746+00:00,dvp_v2_2026_positions_shrunk_per100tog,10,30.0
RUCK,GWS Giants,Player Hitouts,1.8021251445465443,3.9646753180023975,Excellent,Terrible,Excellent,7,7,10,10,16,7.386561284651347,2.33583577359176,1.2985638717062589,6.436622913530537,0.45454545454545453,2026-09-25T06:30:47.528746+00:00,dvp_v2_2026_positions_shrunk_per100tog,10,30.0
RUCK,Geelong Cats,Player Hitouts,2.778683681909489,6.946709204773722,Excellent,Terrible,Excellent,5,5,8,8,8,9.426736030560578,3.332854485832471,1.6688216480051032,16.501502348742402,0.4,2026-09-25T06:30:47.528746+00:00,dvp_v2_2026_positions_shrunk_per100tog,10,30.0
RUCK,Gold Coast Suns,Player Hitouts,-1.2350421291038838,-2.2936496683357843,Terrible,Excellent,Terrible,8,8,14,14,17,9.801864396448254,2.6196584516519366,-7.594681708299756,-0.451671183378501,0.5384615384615384,2026-09-25T06:30:47.528746+00:00,dvp_v2_2026_positions_shrunk_per100tog,10,30.0
RUCK,Hawthorn Hawks,Player Hitouts,-0.5167035227225598,-1.0334070454451196,Terrible,Excellent,Terrible,8,8,12,12,17,11.388359500285695,3.287536211559089,-7.063809455767963,6.515106076509587,0.5,2026-09-25T06:30:47.528746+00:00,dvp_v2_2026_positions_shrunk_per100tog,10,30.0
RUCK,Melbourne Demons,Player Hitouts,-1.548717948717949,-3.8717948717948723,Terrible,Excellent,Terrible,6,6,8,8,13,9.75012149092317,3.4471885118122323,-11.57509157509157,8.53258321612752,0.4,2026-09-25T06:30:47.528746+00:00,dvp_v2_2026_positions_shrunk_per100tog,10,30.0
RUCK,North Melbourne Kangaroos,Player Hitouts,-0.15307069082812627,-0.32005689900426404,Terrible,Excellent,Terrible,7,7,11,11,18,6.7797002631744165,2.044156542183936,-11.24401913875598,3.6640547400949153,0.4782608695652174,2026-09-25T06:30:47.528746+00:00,dvp_v2_2026_positions_shrunk_per100tog,10,30.0
RUCK,Port Adelaide Power,Player Hitouts,-6.00448977473269,-11.151195295932139,Terrible,Excellent,Terrible,8,8,14,14,23,9.171189195889196,2.4511034143071555,-14.904492870594565,0.007143538219072796,0.5384615384615384,2026-09-25T06:30:47.528746+00:00,dvp_v2_2026_positions_shrunk_per100tog,10,30.0
RUCK,Richmond Tigers,Player Hitouts,1.0072639225181612,1.9370460048426175,Excellent,Terrible,Excellent,9,9,13,13,19,7.196983439374178,1.9960840630252907,-3.3366633366633422,6.384469189347236,0.52,2026-09-25T06:30:47.528746+00:00,dvp_v2_2026_positions_shrunk_per100tog,10,30.0
RUCK,St Kilda Saints,Player Hitouts,-0.9430361251640451,-1.8860722503280902,Terrible,Excellent,Terrible,7,7,12,12,21,10.885266692215444,3.142305827475727,-5.7343587171271135,5.957927049476348,0.5,2026-09-25T06:30:47.528746+00:00,dvp_v2_2026_positions_shrunk_per100tog,10,30.0
RUCK,Sydney Swans,Player Hitouts,-1.9592562209461306,-4.096626643796455,Terrible,Excellent,Terrible,5,5,11,11,11,12.72097471938202,3.8355181919806123,-12.262808349146109,6.044723969252271,0.4782608695652174,2026-09-25T06:30:47.528746+00:00,dvp_v2_2026_positions_shrunk_per100tog,10,30.0
RUCK,West Coast Eagles,Player Hitouts,0.337404239843265,0.8435105996081624,Excellent,Terrible,Excellent,6,6,8,8,8,10.862932614118874,3.840626657507982,-2.333297448075063,4.782067247820677,0.4,2026-09-25T06:30:47.528746+00:00,dvp_v2_2026_positions_shrunk_per100tog,10,30.0
RUCK,Western Bulldogs,Player Hitouts,1.6257816257816273,4.064454064454068,Excellent,Terrible,Excellent,6,6,8,8,8,12.956558337935666,4.580835130796706,0.7292921182925198,18.298368298368295,0.4,2026-09-25T06:30:47.528746+00:00,dvp_v2_2026_positions_shrunk_per100tog,10,30.0
KEY_DEFENDER,Adelaide Crows,Player Kicks,1.338107319333358,2.2301788655555965,Excellent,Terrible,Excellent,7,7,18,18,18,3.1922455485239816,0.7524194915246258,0.2569987649394645,3.735714678545895,0.6,2026-09-25T06:30:47.528746+00:00,dvp_v2_2026_positions_shrunk_per100tog,10,30.0
KEY_DEFENDER,Brisbane Lions,Player Kicks,-1.1192930780559638,-1.7032720753025536,Terrible,Excellent,Terrible,8,8,23,23,23,3.2013251537644334,0.6675224386433657,-2.983682983682984,0.378606727243743,0.6571428571428571,2026-09-25T06:30:47.528746+00:00,dvp_v2_2026_positions_shrunk_per100tog,10,30.0
KEY_DEFENDER,Carlton,Player Kicks,-1.0632095563177348,-1.9745320331615077,Terrible,Excellent,Terrible,6,6,14,14,14,2.5693497750988823,0.6866876118003356,-3.5765830747256473,-1.3768115942028984,0.5384615384615384,2026-09-25T06:30:47.528746+00:00,dvp_v2_2026_positions_shrunk_per100tog,10,30.0
KEY_DEFENDER,Collingwood Magpies,Player Kicks,-0.7023037337885818,-1.0534556006828728,Terrible,Excellent,Terrible,8,8,24,24,36,3.838621789325002,0.7835553916146336,-3.448923152448053,0.7802349294220097,0.6666666666666666,2026-09-25T06:30:47.528746+00:00,dvp_v2_2026_positions_shrunk_per100tog,10,30.0
KEY_DEFENDER,Essendon Bombers,Player Kicks,0.1306880414218859,0.20536692223439212,Neutral,Neutral,Neutral,7,7,21,21,26,4.378807811210036,0.9555342023111377,-1.2850773669027005,2.5301857585139174,0.6363636363636364,2026-09-25T06:30:47.528746+00:00,dvp_v2_2026_positions_shrunk_per100tog,10,30.0
KEY_DEFENDER,Fremantle Dockers,Player Kicks,1.552395180717593,2.268885264125713,Excellent,Terrible,Excellent,7,7,26,26,36,2.9738277044452524,0.5832155959626607,-0.2403379221242088,3.506153646845447,0.6842105263157895,2026-09-25T06:30:47.528746+00:00,dvp_v2_2026_positions_shrunk_per100tog,10,30.0
KEY_DEFENDER,GWS Giants,Player Kicks,-0.5161290322580645,-0.8421052631578947,Bad,Good,Bad,7,7,19,19,26,3.130934332787852,0.7182855976570626,-3.01832760595647,0.2974862412613408,0.6129032258064516,2026-09-25T06:30:47.528746+00:00,dvp_v2_2026_positions_shrunk_per100tog,10,30.0
KEY_DEFENDER,Geelong Cats,Player Kicks,-0.04079254079254076,-0.07575757575757569,Neutral,Neutral,Neutral,5,5,14,14,15,3.892646742654611,1.0403536027682248,-4.634129709430914,1.6015238109454917,0.5384615384615384,2026-09-25T06:30:47.528746+00:00,dvp_v2_2026_positions_shrunk_per100tog,10,30.0
KEY_DEFENDER,Gold Coast Suns,Player Kicks,0.0,0.0,Neutral,Neutral,Neutral,8,8,27,27,34,3.1719765045161656,0.6104471629151921,-0.7398025824749964,1.3735903488067152,0.6923076923076923,2026-09-25T06:30:47.528746+00:00,dvp_v2_2026_positions_shrunk_per100tog,10,30.0
KEY_DEFENDER,Hawthorn Hawks,Player Kicks,-0.8402059002601434,-1.2785741960480443,Terrible,Excellent,Terrible,8,8,23,23,35,3.503260774303675,0.7304803676430649,-1.8827554874066497,1.0526315789473681,0.6571428571428571,2026-09-25T06:30:47.528746+00:00,dvp_v2_2026_positions_shrunk_per100tog,10,30.0
KEY_DEFENDER,Melbourne Demons,Player Kicks,1.3620071684587813,2.2222222222222223,Excellent,Terrible,Excellent,6,6,19,19,31,3.744181532885976,0.858974154111641,-1.0606060606060606,3.267540014527965,0.6129032258064516,2026-09-25T06:30:47.528746+00:00,dvp_v2_2026_positions_shrunk_per100tog,10,30.0
KEY_DEFENDER,North Melbourne Kangaroos,Player Kicks,-0.37895710643290587,-0.5955040243945664,Bad,Good,Bad,7,7,21,21,30,3.88164435626086,0.8470442420696916,-3.0015082956259436,-0.21971437131728777,0.6363636363636364,2026-09-25T06:30:47.528746+00:00,dvp_v2_2026_positions_shrunk_per100tog,10,30.0
KEY_DEFENDER,Port Adelaide Power,Player Kicks,0.7371857693096614,1.1392870980240222,Excellent,Terrible,Excellent,8,8,22,22,38,3.258930783991551,0.6948063777003498,0.17472262037479336,2.3227975447622438,0.6470588235294118,2026-09-25T06:30:47.528746+00:00,dvp_v2_2026_positions_shrunk_per100tog,10,30.0
KEY_DEFENDER,Richmond Tigers,Player Kicks,0.3338165795720978,0.4878857701438353,Good,Bad,Good,9,9,26,26,38,5.097265567402179,0.9996560228518581,-1.314835902136626,2.798310531184576,0.6842105263157895,2026-09-25T06:30:47.528746+00:00,dvp_v2_2026_positions_shrunk_per100tog,10,30.0
KEY_DEFENDER,St Kilda Saints,Player Kicks,0.04445234708392587,0.07112375533428139,Neutral,Neutral,Neutral,7,7,20,20,35,3.177966795542455,0.7106149785070105,-0.799588804014375,0.8767121455323679,0.625,2026-09-25T06:30:47.528746+00:00,dvp_v2_2026_positions_shrunk_per100tog,10,30.0
KEY_DEFENDER,Sydney Swans,Player Kicks,-0.5473684210526315,-1.0526315789473681,Bad,Good,Bad,5,5,13,13,13,2.7822395298329514,0.7716544065719637,-2.5106382978723403,1.5757575757575744,0.52,2026-09-25T06:30:47.528746+00:00,dvp_v2_2026_positions_shrunk_per100tog,10,30.0
KEY_DEFENDER,West Coast Eagles,Player Kicks,-0.48273003592152486,-0.8447775628626686,Bad,Good,Bad,6,6,16,16,16,3.3356139130212155,0.8339034782553039,-2.5106382978723403,1.5050167224080262,0.5714285714285714,2026-09-25T06:30:47.528746+00:00,dvp_v2_2026_positions_shrunk_per100tog,10,30.0
KEY_DEFENDER,Western Bulldogs,Player Kicks,0.5482456140350875,0.9868421052631575,Good,Bad,Good,6,6,15,15,15,2.813105953445559,0.7263408339207724,-0.32085561497326154,4.020039100684263,0.5555555555555556,2026-09-25T06:30:47.528746+00:00,dvp_v2_2026_positions_shrunk_per100tog,10,30.0
KEY_FORWARD,Adelaide Crows,Player Kicks,0.3333385321891196,0.5151595497468211,Good,Bad,Good,8,8,22,22,22,2.9681742772245028,0.6328168821725602,-2.0705501102345476,1.140531463421489,0.6470588235294118,2026-09-25T06:30:47.528746+00:00,dvp_v2_2026_positions_shrunk_per100tog,10,30.0
KEY_FORWARD,Brisbane Lions,Player Kicks,-0.9916992577220848,-1.5583845478489904,Terrible,Excellent,Terrible,8,8,21,21,21,4.98006992061282,1.0867403513038556,-3.2250470809792855,0.9053906186800411,0.6363636363636364,2026-09-25T06:30:47.528746+00:00,dvp_v2_2026_positions_shrunk_per100tog,10,30.0
KEY_FORWARD,Carlton,Player Kicks,0.05171778370544823,0.09050612148453441,Neutral,Neutral,Neutral,6,6,16,16,16,4.609035952010584,1.152258988002646,-1.3275737560740906,2.3436574238653876,0.5714285714285714,2026-09-25T06:30:47.528746+00:00,dvp_v2_2026_positions_shrunk_per100tog,10,30.0
KEY_FORWARD,Collingwood Magpies,Player Kicks,0.47041999096793563,0.6962215866325447,Good,Bad,Good,8,8,25,25,41,3.4913342639242657,0.6982668527848531,-2.5974025974025974,2.5288018433179724,0.6756756756756757,2026-09-25T06:30:47.528746+00:00,dvp_v2_2026_positions_shrunk_per100tog,10,30.0
KEY_FORWARD,Essendon Bombers,Player Kicks,0.7852920540890465,1.3088200901484108,Excellent,Terrible,Excellent,7,7,18,18,21,4.250524004708487,1.0018581157751907,-1.9743176247087195,4.254540131196825,0.6,2026-09-25T06:30:47.528746+00:00,dvp_v2_2026_positions_shrunk_per100tog,10,30.0
KEY_FORWARD,Fremantle Dockers,Player Kicks,-1.2564594464032572,-2.094099077338762,Terrible,Excellent,Terrible,7,7,18,18,33,3.475462895737451,0.8191744604460623,-3.3057269744644247,0.393447964662359,0.6,2026-09-25T06:30:47.528746+00:00,dvp_v2_2026_positions_shrunk_per100tog,10,30.0
KEY_FORWARD,GWS Giants,Player Kicks,0.36688271982389736,0.5429864253393681,Good,Bad,Good,7,7,25,25,37,5.0633530346425735,1.0126706069285147,-1.9061801935964269,1.3565891472868223,0.6756756756756757,2026-09-25T06:30:47.528746+00:00,dvp_v2_2026_positions_shrunk_per100tog,10,30.0
KEY_FORWARD,Geelong Cats,Player Kicks,0.19706032364260243,0.45980742183273904,Good,Bad,Good,5,5,9,9,9,2.147510485845185,0.7158368286150617,-1.8474483263215662,2.718733043950081,0.42857142857142855,2026-09-25T06:30:47.528746+00:00,dvp_v2_2026_positions_shrunk_per100tog,10,30.0
KEY_FORWARD,Gold Coast Suns,Player Kicks,-0.16027997698520774,-0.24041996547781164,Neutral,Neutral,Neutral,8,8,24,24,31,3.564199619675255,0.7275392008021868,-2.0590253946465342,2.0054581923723944,0.6666666666666666,2026-09-25T06:30:47.528746+00:00,dvp_v2_2026_positions_shrunk_per100tog,10,30.0
KEY_FORWARD,Hawthorn Hawks,Player Kicks,-0.21103168022021662,-0.308430917244932,Neutral,Neutral,Neutral,8,8,26,26,37,4.133906687514052,0.8107258025771487,-2.9246974450918874,3.078575564176697,0.6842105263157895,2026-09-25T06:30:47.528746+00:00,dvp_v2_2026_positions_shrunk_per100tog,10,30.0
KEY_FORWARD,Melbourne Demons,Player Kicks,0.23480361950367426,0.42264651510661366,Good,Bad,Good,6,6,15,15,25,4.409316410036516,1.1384806016153668,-1.9647846274446739,2.1948488241881297,0.5555555555555556,2026-09-25T06:30:47.528746+00:00,dvp_v2_2026_positions_shrunk_per100tog,10,30.0
KEY_FORWARD,North Melbourne Kangaroos,Player Kicks,-0.20842714081768715,-0.3555521813948781,Neutral,Neutral,Neutral,7,7,17,17,31,2.895243735689736,0.7021997490680377,-0.7947639083683962,1.8752115809327288,0.5862068965517241,2026-09-25T06:30:47.528746+00:00,dvp_v2_2026_positions_shrunk_per100tog,10,30.0
KEY_FORWARD,Port Adelaide Power,Player Kicks,0.8943088907970378,1.3414633361955568,Excellent,Terrible,Excellent,8,8,24,24,39,2.909865694098988,0.593973847547677,-0.09795696433376211,3.2051815193938475,0.6666666666666666,2026-09-25T06:30:47.528746+00:00,dvp_v2_2026_positions_shrunk_per100tog,10,30.0
KEY_FORWARD,Richmond Tigers,Player Kicks,-0.43779749662102657,-0.6323741617859273,Bad,Good,Bad,9,9,27,27,38,4.176445729461575,0.8037573553868343,-2.6080246913580254,1.0486854917234663,0.6923076923076923,2026-09-25T06:30:47.528746+00:00,dvp_v2_2026_positions_shrunk_per100tog,10,30.0
KEY_FORWARD,St Kilda Saints,Player Kicks,-0.11585446519288473,-0.18536714430861556,Neutral,Neutral,Neutral,7,7,20,20,29,2.978978359299517,0.6661198114894512,-1.9707207207207205,1.2062216170943394,0.625,2026-09-25T06:30:47.528746+00:00,dvp_v2_2026_positions_shrunk_per100tog,10,30.0
KEY_FORWARD,Sydney Swans,Player Kicks,-0.54673018035087,-1.09346036070174,Bad,Good,Bad,5,5,12,12,12,3.873489602339707,1.1181801323070233,-2.923901333287231,2.646389039946463,0.5,2026-09-25T06:30:47.528746+00:00,dvp_v2_2026_positions_shrunk_per100tog,10,30.0
KEY_FORWARD,West Coast Eagles,Player Kicks,-0.25814515909893726,-0.464661286378087,Bad,Good,Bad,6,6,15,15,15,4.12976105968659,1.0662997205321372,-1.2262615301139448,0.7910223631071468,0.5555555555555556,2026-09-25T06:30:47.528746+00:00,dvp_v2_2026_positions_shrunk_per100tog,10,30.0
KEY_FORWARD,Western Bulldogs,Player Kicks,0.7380568974771872,1.3285024154589369,Excellent,Terrible,Excellent,6,6,15,15,15,3.5384918868115394,0.9136346765540768,-0.9043927648578807,4.324894514767932,0.5555555555555556,2026-09-25T06:30:47.528746+00:00,dvp_v2_2026_positions_shrunk_per100tog,10,30.0
MEDIUM_DEFENDER,Adelaide Crows,Player Kicks,-1.2017468316587154,-1.56227088115633,Terrible,Excellent,Terrible,8,8,40,40,40,4.677266743824309,0.7395408067322055,-2.3550500657280686,0.297999148573858,0.7692307692307693,2026-09-25T06:30:47.528746+00:00,dvp_v2_2026_positions_shrunk_per100tog,10,30.0
MEDIUM_DEFENDER,Brisbane Lions,Player Kicks,-1.6109160611699078,-2.082403688829393,Terrible,Excellent,Terrible,8,8,41,41,41,4.008846015359545,0.6260765630508488,-2.9635784517379875,-0.6547619047619051,0.7735849056603774,2026-09-25T06:30:47.528746+00:00,dvp_v2_2026_positions_shrunk_per100tog,10,30.0
MEDIUM_DEFENDER,Carlton,Player Kicks,-1.6411240171174417,-2.370512469169638,Terrible,Excellent,Terrible,6,6,27,27,28,4.117712193986599,0.7924540812145225,-3.689284969772771,0.051369863013698946,0.6923076923076923,2026-09-25T06:30:47.528746+00:00,dvp_v2_2026_positions_shrunk_per100tog,10,30.0
MEDIUM_DEFENDER,Collingwood Magpies,Player Kicks,0.2047221888562194,0.2548582351067221,Good,Bad,Good,8,8,49,49,67,4.068639152733487,0.5812341646762125,-0.34913062287093133,1.457215265354801,0.8032786885245902,2026-09-25T06:30:47.528746+00:00,dvp_v2_2026_positions_shrunk_per100tog,10,30.0
MEDIUM_DEFENDER,Essendon Bombers,Player Kicks,-0.8828380061256768,-1.129211403184005,Terrible,Excellent,Terrible,7,7,43,43,71,3.659709873014645,0.5581005234668516,-2.281812125249833,-0.019401599671211352,0.7818181818181819,2026-09-25T06:30:47.528746+00:00,dvp_v2_2026_positions_shrunk_per100tog,10,30.0
MEDIUM_DEFENDER,Fremantle Dockers,Player Kicks,1.2936993546085875,1.7372534190458175,Excellent,Terrible,Excellent,7,7,35,35,59,4.472974847672414,0.7560707447607957,-0.08795200469585573,3.20093117997963,0.7446808510638298,2026-09-25T06:30:47.528746+00:00,dvp_v2_2026_positions_shrunk_per100tog,10,30.0
MEDIUM_DEFENDER,GWS Giants,Player Kicks,-0.949557087300977,-1.2085272020194253,Terrible,Excellent,Terrible,7,7,44,44,69,4.302353068125469,0.6486041292093884,-3.0455828963291633,1.1147862258897252,0.7857142857142857,2026-09-25T06:30:47.528746+00:00,dvp_v2_2026_positions_shrunk_per100tog,10,30.0
MEDIUM_DEFENDER,Geelong Cats,Player Kicks,0.16080337365477834,0.23798899300907195,Neutral,Neutral,Neutral,5,5,25,25,25,4.740033743692616,0.9480067487385233,-0.7938555347091931,2.184873949579835,0.6756756756756757,2026-09-25T06:30:47.528746+00:00,dvp_v2_2026_positions_shrunk_per100tog,10,30.0
MEDIUM_DEFENDER,Gold Coast Suns,Player Kicks,0.6086533013014139,0.7867957309506082,Good,Bad,Good,8,8,41,41,54,5.353999996906381,0.8361543206684549,-0.0022391401701745087,1.4014014014014045,0.7735849056603774,2026-09-25T06:30:47.528746+00:00,dvp_v2_2026_positions_shrunk_per100tog,10,30.0
MEDIUM_DEFENDER,Hawthorn Hawks,Player Kicks,-0.3810371963076674,-0.4826471153230454,Bad,Good,Bad,8,8,45,45,61,4.350196769604016,0.648489046155638,-2.4865378523915105,0.6568144499178992,0.7894736842105263,2026-09-25T06:30:47.528746+00:00,dvp_v2_2026_positions_shrunk_per100tog,10,30.0
MEDIUM_DEFENDER,Melbourne Demons,Player Kicks,-0.10738926401577109,-0.1396060432205024,Neutral,Neutral,Neutral,6,6,40,40,58,4.66884811262434,0.7382097042635625,-1.7261904761904763,1.9775280898876417,0.7692307692307693,2026-09-25T06:30:47.528746+00:00,dvp_v2_2026_positions_shrunk_per100tog,10,30.0
MEDIUM_DEFENDER,North Melbourne Kangaroos,Player Kicks,0.7010869565217396,0.8967391304347831,Excellent,Terrible,Excellent,7,7,43,43,62,3.704598482447415,0.5649459722295677,-0.47704233750745306,2.282238086486403,0.7818181818181819,2026-09-25T06:30:47.528746+00:00,dvp_v2_2026_positions_shrunk_per100tog,10,30.0
MEDIUM_DEFENDER,Port Adelaide Power,Player Kicks,0.0,0.0,Neutral,Neutral,Neutral,8,8,43,43,64,4.193625515520807,0.6395218956272554,-1.386961592441045,1.5004462482905119,0.7818181818181819,2026-09-25T06:30:47.528746+00:00,dvp_v2_2026_positions_shrunk_per100tog,10,30.0
MEDIUM_DEFENDER,Richmond Tigers,Player Kicks,0.8132002801120455,1.0008618832148253,Excellent,Terrible,Excellent,9,9,52,52,86,4.548114085987201,0.6307099439879573,-0.41809697296293,2.016149742768098,0.8125,2026-09-25T06:30:47.528746+00:00,dvp_v2_2026_positions_shrunk_per100tog,10,30.0
MEDIUM_DEFENDER,St Kilda Saints,Player Kicks,-0.4916354840449403,-0.6355287964483374,Bad,Good,Bad,7,7,41,41,61,4.340366715726576,0.6778513979711135,-2.369095255796326,0.12486393033233156,0.7735849056603774,2026-09-25T06:30:47.528746+00:00,dvp_v2_2026_positions_shrunk_per100tog,10,30.0
MEDIUM_DEFENDER,Sydney Swans,Player Kicks,-0.10406720084139445,-0.1561008012620917,Neutral,Neutral,Neutral,5,5,24,24,24,5.186464059421215,1.0586825429054891,-2.5282512626262617,3.203070441132832,0.6666666666666666,2026-09-25T06:30:47.528746+00:00,dvp_v2_2026_positions_shrunk_per100tog,10,30.0
MEDIUM_DEFENDER,West Coast Eagles,Player Kicks,1.6348127231924254,2.3613961557223924,Excellent,Terrible,Excellent,6,6,27,27,28,5.42256410593579,1.0435729487533436,-2.499188575137941,3.663003663003664,0.6923076923076923,2026-09-25T06:30:47.528746+00:00,dvp_v2_2026_positions_shrunk_per100tog,10,30.0
MEDIUM_DEFENDER,Western Bulldogs,Player Kicks,1.9657492104283059,2.7029051643389206,Excellent,Terrible,Excellent,6,6,32,32,32,4.4968693221872424,0.7949416979570881,2.1557271557271562,5.273059467072818,0.7272727272727273,2026-09-25T06:30:47.528746+00:00,dvp_v2_2026_positions_shrunk_per100tog,10,30.0
MEDIUM_FORWARD,Adelaide Crows,Player Kicks,-1.0067290045673867,-1.4713731605215652,Terrible,Excellent,Terrible,8,8,26,26,27,3.458413399275335,0.6782506695759881,-3.1283422459893035,1.2124137635530792,0.6842105263157895,2026-09-25T06:30:47.528746+00:00,dvp_v2_2026_positions_shrunk_per100tog,10,30.0
MEDIUM_FORWARD,Brisbane Lions,Player Kicks,-0.21195204735706566,-0.29143406511596526,Neutral,Neutral,Neutral,8,8,32,32,32,4.508890731763838,0.797066803014846,-2.356774981993994,0.9799264355989495,0.7272727272727273,2026-09-25T06:30:47.528746+00:00,dvp_v2_2026_positions_shrunk_per100tog,10,30.0
MEDIUM_FORWARD,Carlton,Player Kicks,-0.8366124185084998,-1.2549186277627498,Terrible,Excellent,Terrible,6,6,24,24,25,3.3818821562479124,0.6903238044192266,-2.9943887167068945,0.8483563096500522,0.6666666666666666,2026-09-25T06:30:47.528746+00:00,dvp_v2_2026_positions_shrunk_per100tog,10,30.0
MEDIUM_FORWARD,Collingwood Magpies,Player Kicks,-0.24946475891217718,-0.32247883469135097,Bad,Good,Bad,8,8,41,41,57,3.9253854398323265,0.6130422110013749,-2.5641025641025657,1.427316873370752,0.7735849056603774,2026-09-25T06:30:47.528746+00:00,dvp_v2_2026_positions_shrunk_per100tog,10,30.0
MEDIUM_FORWARD,Essendon Bombers,Player Kicks,0.6684241736709127,0.8795054916722536,Excellent,Terrible,Excellent,7,7,38,38,51,3.8536301327692883,0.6251413566501631,-1.1988304093567246,1.1742424242424248,0.76,2026-09-25T06:30:47.528746+00:00,dvp_v2_2026_positions_shrunk_per100tog,10,30.0
MEDIUM_FORWARD,Fremantle Dockers,Player Kicks,-0.15385706182643186,-0.213414634146341,Neutral,Neutral,Neutral,7,7,31,31,51,4.1899523976935225,0.7525376658655548,-2.6234567901234573,0.7357578305654844,0.7209302325581395,2026-09-25T06:30:47.528746+00:00,dvp_v2_2026_positions_shrunk_per100tog,10,30.0
MEDIUM_FORWARD,GWS Giants,Player Kicks,-0.4164550294410895,-0.5592396109637487,Bad,Good,Bad,7,7,35,35,49,4.111144109827861,0.6949101872446193,-2.2413518252829583,1.6756323337076733,0.7446808510638298,2026-09-25T06:30:47.528746+00:00,dvp_v2_2026_positions_shrunk_per100tog,10,30.0
MEDIUM_FORWARD,Geelong Cats,Player Kicks,-0.6034220448827734,-0.9654752718124375,Terrible,Excellent,Terrible,5,5,20,20,20,4.292160761527077,0.9597563233131807,-3.1867067510059743,3.392270816188355,0.625,2026-09-25T06:30:47.528746+00:00,dvp_v2_2026_positions_shrunk_per100tog,10,30.0
MEDIUM_FORWARD,Gold Coast Suns,Player Kicks,0.03236986741051815,0.04259193080331336,Neutral,Neutral,Neutral,8,8,38,38,49,3.900915100370715,0.6328119912925887,-2.2516755032182596,0.9288496313812766,0.76,2026-09-25T06:30:47.528746+00:00,dvp_v2_2026_positions_shrunk_per100tog,10,30.0
MEDIUM_FORWARD,Hawthorn Hawks,Player Kicks,0.16775754005953727,0.21808480207739844,Neutral,Neutral,Neutral,8,8,40,40,56,4.051427621473759,0.640586952958779,-0.5917569000535765,1.8162452791575987,0.7692307692307693,2026-09-25T06:30:47.528746+00:00,dvp_v2_2026_positions_shrunk_per100tog,10,30.0
MEDIUM_FORWARD,Melbourne Demons,Player Kicks,0.5147236897994609,0.7077450734742587,Good,Bad,Good,6,6,32,32,49,4.086514366849876,0.7224005050539495,-0.3213769139257643,2.2839874488964047,0.7272727272727273,2026-09-25T06:30:47.528746+00:00,dvp_v2_2026_positions_shrunk_per100tog,10,30.0
MEDIUM_FORWARD,North Melbourne Kangaroos,Player Kicks,-0.40592264302981396,-0.5308219178082183,Bad,Good,Bad,7,7,39,39,53,3.3841534594381684,0.5418982456529328,-1.6397423546365797,1.6083916083916083,0.7647058823529411,2026-09-25T06:30:47.528746+00:00,dvp_v2_2026_positions_shrunk_per100tog,10,30.0
MEDIUM_FORWARD,Port Adelaide Power,Player Kicks,-1.0677959584510544,-1.4141081611919368,Terrible,Excellent,Terrible,8,8,37,37,62,4.511192903328247,0.7416355448462785,-2.9485425055045305,0.7990727340042314,0.7551020408163265,2026-09-25T06:30:47.528746+00:00,dvp_v2_2026_positions_shrunk_per100tog,10,30.0
MEDIUM_FORWARD,Richmond Tigers,Player Kicks,0.7399537054604787,0.937274693583273,Excellent,Terrible,Excellent,9,9,45,45,58,4.122062890538489,0.6144808553848891,-0.041208791208790174,2.768860353130014,0.7894736842105263,2026-09-25T06:30:47.528746+00:00,dvp_v2_2026_positions_shrunk_per100tog,10,30.0
MEDIUM_FORWARD,St Kilda Saints,Player Kicks,-0.5772898541939561,-0.7752178042033124,Bad,Good,Bad,7,7,35,35,50,4.558479505515399,0.7705236698358167,-2.9114452798663315,1.566951566951568,0.7446808510638298,2026-09-25T06:30:47.528746+00:00,dvp_v2_2026_positions_shrunk_per100tog,10,30.0
MEDIUM_FORWARD,Sydney Swans,Player Kicks,0.1953710700754696,0.3125937121207514,Good,Bad,Good,5,5,20,20,20,3.232769550745404,0.7228692471058179,-1.9288728149487646,1.7126866696002252,0.625,2026-09-25T06:30:47.528746+00:00,dvp_v2_2026_positions_shrunk_per100tog,10,30.0
MEDIUM_FORWARD,West Coast Eagles,Player Kicks,0.1509518143961924,0.213414634146341,Neutral,Neutral,Neutral,6,6,29,29,30,3.864372704325249,0.7175959961718457,-0.5833333333333339,2.6190476190476195,0.7073170731707317,2026-09-25T06:30:47.528746+00:00,dvp_v2_2026_positions_shrunk_per100tog,10,30.0
MEDIUM_FORWARD,Western Bulldogs,Player Kicks,0.6810743677778763,1.0525694774748997,Excellent,Terrible,Excellent,6,6,22,22,24,5.235670315363997,1.116248661837409,-1.1363636363636367,5.804745978659022,0.6470588235294118,2026-09-25T06:30:47.528746+00:00,dvp_v2_2026_positions_shrunk_per100tog,10,30.0
MIDFIELDER,Adelaide Crows,Player Kicks,-0.4735655494546985,-0.5998496959759514,Bad,Good,Bad,8,8,45,45,45,4.569769574418563,0.6812210273273461,-1.8394648829431457,0.3241741278172263,0.7894736842105263,2026-09-25T06:30:47.528746+00:00,dvp_v2_2026_positions_shrunk_per100tog,10,30.0
MIDFIELDER,Brisbane Lions,Player Kicks,-1.0077905607391975,-1.27653471026965,Terrible,Excellent,Terrible,8,8,45,45,45,5.235553378156366,0.7804702168924198,-2.6972740315638433,1.481851481851482,0.7894736842105263,2026-09-25T06:30:47.528746+00:00,dvp_v2_2026_positions_shrunk_per100tog,10,30.0
MIDFIELDER,Carlton,Player Kicks,-0.49147130816629625,-0.6552950775550617,Bad,Good,Bad,6,6,36,36,36,5.126480566945919,0.8544134278243197,-1.9096035543403955,0.8880090984981044,0.75,2026-09-25T06:30:47.528746+00:00,dvp_v2_2026_positions_shrunk_per100tog,10,30.0
MIDFIELDER,Collingwood Magpies,Player Kicks,0.9864376761938122,1.2231827184803272,Excellent,Terrible,Excellent,8,8,50,50,79,4.275932556602148,0.604708181333942,-1.8391331665975628,2.2727272727272716,0.8064516129032258,2026-09-25T06:30:47.528746+00:00,dvp_v2_2026_positions_shrunk_per100tog,10,30.0
MIDFIELDER,Essendon Bombers,Player Kicks,0.9009948963771703,1.1310361465160224,Excellent,Terrible,Excellent,7,7,47,47,64,5.337762534504405,0.7785926867132651,-1.0562770562770556,1.9499048826886494,0.7966101694915254,2026-09-25T06:30:47.528746+00:00,dvp_v2_2026_positions_shrunk_per100tog,10,30.0
MIDFIELDER,Fremantle Dockers,Player Kicks,0.6180502636296806,0.7504896058360409,Good,Bad,Good,7,7,56,56,90,4.618614297075397,0.6171882964754248,-1.082812261705048,1.4819080242538778,0.8235294117647058,2026-09-25T06:30:47.528746+00:00,dvp_v2_2026_positions_shrunk_per100tog,10,30.0
MIDFIELDER,GWS Giants,Player Kicks,0.4218964004831385,0.5273705006039231,Good,Bad,Good,7,7,48,48,77,5.135847554437999,0.7412957420179149,-1.214011094490894,1.5028443339361022,0.8,2026-09-25T06:30:47.528746+00:00,dvp_v2_2026_positions_shrunk_per100tog,10,30.0
MIDFIELDER,Geelong Cats,Player Kicks,-0.41196476633227286,-0.5885210947603898,Bad,Good,Bad,5,5,28,28,28,5.641000403067316,1.0660488722950883,-1.771771771771773,1.079361314208108,0.7,2026-09-25T06:30:47.528746+00:00,dvp_v2_2026_positions_shrunk_per100tog,10,30.0
MIDFIELDER,Gold Coast Suns,Player Kicks,0.5112537055862862,0.6248656401610164,Good,Bad,Good,8,8,54,54,68,4.355469488152618,0.5927043242352743,-0.723684210526315,1.1682490268039079,0.8181818181818182,2026-09-25T06:30:47.528746+00:00,dvp_v2_2026_positions_shrunk_per100tog,10,30.0
MIDFIELDER,Hawthorn Hawks,Player Kicks,0.3385729588503332,0.41983046897441323,Good,Bad,Good,8,8,50,50,74,4.721547039677227,0.6677275858894072,-0.8450660198594924,2.21610420141859,0.8064516129032258,2026-09-25T06:30:47.528746+00:00,dvp_v2_2026_positions_shrunk_per100tog,10,30.0
MIDFIELDER,Melbourne Demons,Player Kicks,0.49019607843137214,0.6410256410256405,Good,Bad,Good,6,6,39,39,64,4.2752335124719485,0.6845852494377711,-1.163502755664421,2.355290106294124,0.7647058823529411,2026-09-25T06:30:47.528746+00:00,dvp_v2_2026_positions_shrunk_per100tog,10,30.0
MIDFIELDER,North Melbourne Kangaroos,Player Kicks,-0.7432977771960811,-0.9330759330759317,Terrible,Excellent,Terrible,7,7,47,47,71,5.27863042222011,0.769967381657664,-2.051006445366843,0.9038560013912935,0.7966101694915254,2026-09-25T06:30:47.528746+00:00,dvp_v2_2026_positions_shrunk_per100tog,10,30.0
MIDFIELDER,Port Adelaide Power,Player Kicks,-0.7253969212146748,-0.8896377335651673,Terrible,Excellent,Terrible,8,8,53,53,81,4.818758108100205,0.661907331260962,-2.467059153350153,0.012295081967213406,0.8153846153846154,2026-09-25T06:30:47.528746+00:00,dvp_v2_2026_positions_shrunk_per100tog,10,30.0
MIDFIELDER,Richmond Tigers,Player Kicks,-0.30311124541163803,-0.36373349449396564,Bad,Good,Bad,9,9,60,60,82,4.202599852524888,0.5425533079867546,-1.4485668805822405,0.3585415945973143,0.8333333333333334,2026-09-25T06:30:47.528746+00:00,dvp_v2_2026_positions_shrunk_per100tog,10,30.0
MIDFIELDER,St Kilda Saints,Player Kicks,0.25499707103913133,0.32151804609281776,Good,Bad,Good,7,7,46,46,72,3.973789145439496,0.5859032449506963,-0.3620541984268664,1.5244559372228588,0.7931034482758621,2026-09-25T06:30:47.528746+00:00,dvp_v2_2026_positions_shrunk_per100tog,10,30.0
MIDFIELDER,Sydney Swans,Player Kicks,-1.2564475205513966e-15,-1.7763568394002505e-15,Neutral,Neutral,Neutral,5,5,29,29,29,5.3257169087011835,0.9889608023965095,-1.5293337859902678,2.756024096385545,0.7073170731707317,2026-09-25T06:30:47.528746+00:00,dvp_v2_2026_positions_shrunk_per100tog,10,30.0
MIDFIELDER,West Coast Eagles,Player Kicks,-0.9357188188523806,-1.2476250918031742,Terrible,Excellent,Terrible,6,6,36,36,36,4.297394782282233,0.7162324637137055,-2.7955320706273064,1.7078024295345884,0.75,2026-09-25T06:30:47.528746+00:00,dvp_v2_2026_positions_shrunk_per100tog,10,30.0
MIDFIELDER,Western Bulldogs,Player Kicks,1.460572961578998,1.934272300469484,Excellent,Terrible,Excellent,6,6,37,37,37,4.300522332625365,0.707001516367683,0.3922995435959882,3.90055578350554,0.7551020408163265,2026-09-25T06:30:47.528746+00:00,dvp_v2_2026_positions_shrunk_per100tog,10,30.0
MIDFIELDER_FORWARD,Adelaide Crows,Player Kicks,-0.7245385257232777,-1.2075642095387962,Terrible,Excellent,Terrible,8,8,18,18,19,3.6613205019644295,0.8629815183454608,-4.323842161346685,-0.1909917992472882,0.6,2026-09-25T06:30:47.528746+00:00,dvp_v2_2026_positions_shrunk_per100tog,10,30.0
MIDFIELDER_FORWARD,Brisbane Lions,Player Kicks,-0.10586893726428599,-0.264672343160715,Neutral,Neutral,Neutral,6,6,8,8,9,3.056336342282002,1.0805780766072461,-3.769559032716928,2.5316455696202524,0.4,2026-09-25T06:30:47.528746+00:00,dvp_v2_2026_positions_shrunk_per100tog,10,30.0
MIDFIELDER_FORWARD,Carlton,Player Kicks,-0.862870459237234,-2.157176148093085,Terrible,Excellent,Terrible,5,5,8,8,8,5.0555950447239155,1.7874227695286937,-5.578470794715519,3.1911634117516483,0.4,2026-09-25T06:30:47.528746+00:00,dvp_v2_2026_positions_shrunk_per100tog,10,30.0
MIDFIELDER_FORWARD,Collingwood Magpies,Player Kicks,0.16636528028933079,0.3881856540084385,Neutral,Neutral,Neutral,8,8,9,9,23,4.039100043666017,1.3463666812220056,-0.461804554023724,0.7169068381883017,0.42857142857142855,2026-09-25T06:30:47.528746+00:00,dvp_v2_2026_positions_shrunk_per100tog,10,30.0
MIDFIELDER_FORWARD,Essendon Bombers,Player Kicks,-0.13152286086059184,-0.2630457217211837,Neutral,Neutral,Neutral,6,6,12,12,20,4.134855580856644,1.1936299913339048,-1.2418797167874436,2.0555555555555562,0.5,2026-09-25T06:30:47.528746+00:00,dvp_v2_2026_positions_shrunk_per100tog,10,30.0
MIDFIELDER_FORWARD,Fremantle Dockers,Player Kicks,-0.043813285857349775,-0.11892177589852082,Neutral,Neutral,Neutral,4,4,7,7,7,2.519187715626266,0.9521634573480006,-1.8421052631578938,1.2987012987012996,0.3684210526315789,2026-09-25T06:30:47.528746+00:00,dvp_v2_2026_positions_shrunk_per100tog,10,30.0
MIDFIELDER_FORWARD,GWS Giants,Player Kicks,0.0784929356357925,0.1831501831501825,Neutral,Neutral,Neutral,7,7,9,9,22,4.47623831374087,1.4920794379136233,-0.23373983739837456,3.0844219927277052,0.42857142857142855,2026-09-25T06:30:47.528746+00:00,dvp_v2_2026_positions_shrunk_per100tog,10,30.0
MIDFIELDER_FORWARD,Geelong Cats,Player Kicks,0.14069264069264087,0.32828282828282873,Neutral,Neutral,Neutral,5,5,9,9,9,1.8858192389538877,0.6286064129846293,-0.3881856540084385,2.2968580715059606,0.42857142857142855,2026-09-25T06:30:47.528746+00:00,dvp_v2_2026_positions_shrunk_per100tog,10,30.0
MIDFIELDER_FORWARD,Gold Coast Suns,Player Kicks,-0.8263013698630143,-1.589041095890412,Terrible,Excellent,Terrible,6,6,13,13,21,2.4787883886048068,0.6874922027799529,-2.3856578204404286,0.9699161597895785,0.52,2026-09-25T06:30:47.528746+00:00,dvp_v2_2026_positions_shrunk_per100tog,10,30.0
MIDFIELDER_FORWARD,Hawthorn Hawks,Player Kicks,-0.2546658722134283,-0.47295090553922403,Bad,Good,Bad,7,7,14,14,15,4.398930292071606,1.1756635729452412,-2.744947665757255,2.8614457831325293,0.5384615384615384,2026-09-25T06:30:47.528746+00:00,dvp_v2_2026_positions_shrunk_per100tog,10,30.0
MIDFIELDER_FORWARD,Melbourne Demons,Player Kicks,0.20676842555631159,0.45489053622388553,Good,Bad,Good,6,6,10,10,13,4.486570107871056,1.4187780422899874,-5.246913580246915,2.0688142029530523,0.45454545454545453,2026-09-25T06:30:47.528746+00:00,dvp_v2_2026_positions_shrunk_per100tog,10,30.0
MIDFIELDER_FORWARD,North Melbourne Kangaroos,Player Kicks,0.6235186868679745,1.3717411111095439,Excellent,Terrible,Excellent,6,6,10,10,10,4.583005478376645,1.449273584069976,-2.4964838255977497,5.8087201125175785,0.45454545454545453,2026-09-25T06:30:47.528746+00:00,dvp_v2_2026_positions_shrunk_per100tog,10,30.0
MIDFIELDER_FORWARD,Port Adelaide Power,Player Kicks,0.34013605442176903,0.7936507936507944,Good,Bad,Good,7,7,9,9,13,3.773129185837873,1.2577097286126244,-0.9411764705882355,4.621192496990567,0.42857142857142855,2026-09-25T06:30:47.528746+00:00,dvp_v2_2026_positions_shrunk_per100tog,10,30.0
MIDFIELDER_FORWARD,Richmond Tigers,Player Kicks,1.6674715490839351,3.3349430981678703,Excellent,Terrible,Excellent,7,7,12,12,23,6.511980244360657,1.8798467735195754,-5.069842947749925,4.3592717693794745,0.5,2026-09-25T06:30:47.528746+00:00,dvp_v2_2026_positions_shrunk_per100tog,10,30.0
MIDFIELDER_FORWARD,St Kilda Saints,Player Kicks,0.8451837355946951,1.6253533376821059,Excellent,Terrible,Excellent,6,6,13,13,26,5.03741468302796,1.3971274565717298,-2.217604433077579,4.9783549783549805,0.52,2026-09-25T06:30:47.528746+00:00,dvp_v2_2026_positions_shrunk_per100tog,10,30.0
MIDFIELDER_FORWARD,Sydney Swans,Player Kicks,-0.6265745208252953,-1.8797235624758861,Terrible,Excellent,Terrible,4,4,6,6,6,5.085093484177248,2.0759807217642905,-6.299352658903281,3.649515041920105,0.3333333333333333,2026-09-25T06:30:47.528746+00:00,dvp_v2_2026_positions_shrunk_per100tog,10,30.0
MIDFIELDER_FORWARD,West Coast Eagles,Player Kicks,-0.5188447584797446,-1.7640721788311318,Bad,Good,Bad,4,4,5,5,5,2.7737834645848105,1.2404736763353033,-4.763491005996003,1.1024182076813656,0.29411764705882354,2026-09-25T06:30:47.528746+00:00,dvp_v2_2026_positions_shrunk_per100tog,10,30.0
MIDFIELDER_FORWARD,Western Bulldogs,Player Kicks,0.49109516214779336,1.332972582972582,Good,Bad,Good,4,4,7,7,7,4.568041733829707,1.7265574866111018,-2.4343527957985778,3.7053087757313126,0.3684210526315789,2026-09-25T06:30:47.528746+00:00,dvp_v2_2026_positions_shrunk_per100tog,10,30.0
RUCK,Adelaide Crows,Player Kicks,0.961975458263899,2.011403230915425,Excellent,Terrible,Excellent,8,8,11,11,11,3.4089028236251333,1.027822873886149,-1.9578208602598846,4.2951046531741905,0.4782608695652174,2026-09-25T06:30:47.528746+00:00,dvp_v2_2026_positions_shrunk_per100tog,10,30.0
RUCK,Brisbane Lions,Player Kicks,0.3903639528602017,0.8162155377986036,Good,Bad,Good,8,8,11,11,12,2.7395332249536555,0.8260003461712336,-1.3963811920177553,3.0674464716641814,0.4782608695652174,2026-09-25T06:30:47.528746+00:00,dvp_v2_2026_positions_shrunk_per100tog,10,30.0
RUCK,Carlton,Player Kicks,-0.4774809652858435,-1.114122252333635,Bad,Good,Bad,6,6,9,9,9,2.36871639537812,0.7895721317927067,-2.105263157894737,2.222222222222223,0.42857142857142855,2026-09-25T06:30:47.528746+00:00,dvp_v2_2026_positions_shrunk_per100tog,10,30.0
RUCK,Collingwood Magpies,Player Kicks,0.8024202100458238,1.7653244621008124,Excellent,Terrible,Excellent,8,8,10,10,16,3.393209026404071,1.073026910047929,0.13839749447425342,4.685592185592186,0.45454545454545453,2026-09-25T06:30:47.528746+00:00,dvp_v2_2026_positions_shrunk_per100tog,10,30.0
RUCK,Essendon Bombers,Player Kicks,0.7898412698412703,1.5189255189255197,Excellent,Terrible,Excellent,6,6,13,13,22,4.2796695260455175,1.186966762938291,-1.1599511599511594,2.9982363315696654,0.52,2026-09-25T06:30:47.528746+00:00,dvp_v2_2026_positions_shrunk_per100tog,10,30.0
RUCK,Fremantle Dockers,Player Kicks,-1.129294388222223,-2.0972610066984143,Terrible,Excellent,Terrible,7,7,14,14,23,3.2654775150127837,0.872735576099414,-2.5,2.105263157894737,0.5384615384615384,2026-09-25T06:30:47.528746+00:00,dvp_v2_2026_positions_shrunk_per100tog,10,30.0
RUCK,GWS Giants,Player Kicks,-0.31901936296145117,-0.7018425985151926,Bad,Good,Bad,7,7,10,10,16,3.249316564695866,1.02752411833528,-2.1371972965910784,3.1369737072109936,0.45454545454545453,2026-09-25T06:30:47.528746+00:00,dvp_v2_2026_positions_shrunk_per100tog,10,30.0
RUCK,Geelong Cats,Player Kicks,0.8613884539967018,2.1534711349917544,Excellent,Terrible,Excellent,5,5,8,8,8,4.350941835777155,1.5382902383131358,-1.397561700862326,6.207063155073426,0.4,2026-09-25T06:30:47.528746+00:00,dvp_v2_2026_positions_shrunk_per100tog,10,30.0
RUCK,Gold Coast Suns,Player Kicks,0.24130539992967026,0.44813859986938764,Good,Bad,Good,8,8,14,14,17,4.705266050728066,1.2575352482459514,-3.4509092303616,2.6555534018220577,0.5384615384615384,2026-09-25T06:30:47.528746+00:00,dvp_v2_2026_positions_shrunk_per100tog,10,30.0
RUCK,Hawthorn Hawks,Player Kicks,-0.22019529434783713,-0.44039058869567427,Bad,Good,Bad,8,8,12,12,17,4.220974332638515,1.2184903335956738,-4.795487559522422,1.7030005519892581,0.5,2026-09-25T06:30:47.528746+00:00,dvp_v2_2026_positions_shrunk_per100tog,10,30.0
RUCK,Melbourne Demons,Player Kicks,-0.2987053524687932,-0.7467633811719829,Bad,Good,Bad,6,6,8,8,13,2.587423654691135,0.9147924060172906,-2.235664268796799,1.8534482758620685,0.4,2026-09-25T06:30:47.528746+00:00,dvp_v2_2026_positions_shrunk_per100tog,10,30.0
RUCK,North Melbourne Kangaroos,Player Kicks,0.23488614427988175,0.4911255744033891,Good,Bad,Good,7,7,11,11,18,3.849653732973595,1.1607142731876756,-2.7234950584007205,5.050237969328398,0.4782608695652174,2026-09-25T06:30:47.528746+00:00,dvp_v2_2026_positions_shrunk_per100tog,10,30.0
RUCK,Port Adelaide Power,Player Kicks,-0.3555226824457593,-0.6602564102564101,Bad,Good,Bad,8,8,14,14,23,2.986733157219188,0.7982380128594164,-2.5092697497167578,0.7917888563049855,0.5384615384615384,2026-09-25T06:30:47.528746+00:00,dvp_v2_2026_positions_shrunk_per100tog,10,30.0
RUCK,Richmond Tigers,Player Kicks,0.20415537488708255,0.3926064901674664,Good,Bad,Good,9,9,13,13,19,2.7376155056201092,0.7592779290783522,-1.2279496818970514,1.9736842105263168,0.52,2026-09-25T06:30:47.528746+00:00,dvp_v2_2026_positions_shrunk_per100tog,10,30.0
RUCK,St Kilda Saints,Player Kicks,-1.9700931668136792,-3.9401863336273584,Terrible,Excellent,Terrible,7,7,12,12,21,3.8420839762742918,1.1091141089755552,-4.7356221166251125,-0.7469349927740261,0.5,2026-09-25T06:30:47.528746+00:00,dvp_v2_2026_positions_shrunk_per100tog,10,30.0
RUCK,Sydney Swans,Player Kicks,-0.5693144832255028,-1.190384828562415,Bad,Good,Bad,5,5,11,11,11,4.508933434556088,1.3594945824646398,-3.634920634920636,2.796582849774338,0.4782608695652174,2026-09-25T06:30:47.528746+00:00,dvp_v2_2026_positions_shrunk_per100tog,10,30.0
RUCK,West Coast Eagles,Player Kicks,0.5522245248272645,1.3805613120681612,Good,Bad,Good,6,6,8,8,8,4.122908699259109,1.457668349729562,-3.0209933435739877,5.073772959951821,0.4,2026-09-25T06:30:47.528746+00:00,dvp_v2_2026_positions_shrunk_per100tog,10,30.0
RUCK,Western Bulldogs,Player Kicks,-0.16034040115785475,-0.4008510028946368,Neutral,Neutral,Neutral,6,6,8,8,8,3.236820048947125,1.1443887030455422,-2.6756576756576758,1.1745241020632435,0.4,2026-09-25T06:30:47.528746+00:00,dvp_v2_2026_positions_shrunk_per100tog,10,30.0
KEY_DEFENDER,Adelaide Crows,Player Marks,0.34574468085106397,0.5762411347517733,Good,Bad,Good,7,7,18,18,18,2.3349079766642937,0.5503430879152944,-1.121024937085335,2.212087985114301,0.6,2026-09-25T06:30:47.528746+00:00,dvp_v2_2026_positions_shrunk_per100tog,10,30.0
KEY_DEFENDER,Brisbane Lions,Player Marks,-1.4532967032967035,-2.2115384615384617,Terrible,Excellent,Terrible,8,8,23,23,23,2.8498297788003253,0.5942305864889529,-2.7014652014652016,-1.2239948574100048,0.6571428571428571,2026-09-25T06:30:47.528746+00:00,dvp_v2_2026_positions_shrunk_per100tog,10,30.0
KEY_DEFENDER,Carlton,Player Marks,-0.7985790577271988,-1.4830753929219407,Terrible,Excellent,Terrible,6,6,14,14,14,1.952857847782577,0.5219232136767957,-2.735774475396651,-0.6837635869565222,0.5384615384615384,2026-09-25T06:30:47.528746+00:00,dvp_v2_2026_positions_shrunk_per100tog,10,30.0
KEY_DEFENDER,Collingwood Magpies,Player Marks,-0.6022946397002681,-0.9034419595504022,Terrible,Excellent,Terrible,8,8,24,24,36,2.8454630324801413,0.5808277092940687,-1.5979315628192037,0.5990189482393871,0.6666666666666666,2026-09-25T06:30:47.528746+00:00,dvp_v2_2026_positions_shrunk_per100tog,10,30.0
KEY_DEFENDER,Essendon Bombers,Player Marks,0.8045977011494253,1.264367816091954,Excellent,Terrible,Excellent,7,7,21,21,26,3.249153987042148,0.7090235281042006,-1.1151546038748519,2.6757821801038144,0.6363636363636364,2026-09-25T06:30:47.528746+00:00,dvp_v2_2026_positions_shrunk_per100tog,10,30.0
KEY_DEFENDER,Fremantle Dockers,Player Marks,1.381885509241008,2.0196788211983963,Excellent,Terrible,Excellent,7,7,26,26,36,3.7183924690306718,0.729236759953225,-0.9318996415770604,3.7803484279712087,0.6842105263157895,2026-09-25T06:30:47.528746+00:00,dvp_v2_2026_positions_shrunk_per100tog,10,30.0
KEY_DEFENDER,GWS Giants,Player Marks,-0.10122154449184503,-0.1651509410130103,Neutral,Neutral,Neutral,7,7,19,19,26,2.406546404080858,0.5520996093857715,-1.7597157450588496,1.8615531151949813,0.6129032258064516,2026-09-25T06:30:47.528746+00:00,dvp_v2_2026_positions_shrunk_per100tog,10,30.0
KEY_DEFENDER,Geelong Cats,Player Marks,-0.5329611140178201,-0.9897849260330944,Terrible,Excellent,Terrible,5,5,14,14,15,3.5443147896868363,0.9472579724202771,-1.8591934381408066,0.63348643226692,0.5384615384615384,2026-09-25T06:30:47.528746+00:00,dvp_v2_2026_positions_shrunk_per100tog,10,30.0
KEY_DEFENDER,Gold Coast Suns,Player Marks,-0.08815574669233164,-0.12733607855559015,Neutral,Neutral,Neutral,8,8,27,27,34,2.7624734383258187,0.5316382610822008,-1.7276422764227646,1.1904761904761902,0.6923076923076923,2026-09-25T06:30:47.528746+00:00,dvp_v2_2026_positions_shrunk_per100tog,10,30.0
KEY_DEFENDER,Hawthorn Hawks,Player Marks,-0.030423280423280703,-0.046296296296296724,Neutral,Neutral,Neutral,8,8,23,23,35,3.382282800919099,0.7052547164089676,-2.264521193092622,0.5572755417956659,0.6571428571428571,2026-09-25T06:30:47.528746+00:00,dvp_v2_2026_positions_shrunk_per100tog,10,30.0
KEY_DEFENDER,Melbourne Demons,Player Marks,0.6794783802333563,1.1086226203807392,Excellent,Terrible,Excellent,6,6,19,19,31,3.3457859059233312,0.7675759289811833,-1.7703349282296648,3.100102145045966,0.6129032258064516,2026-09-25T06:30:47.528746+00:00,dvp_v2_2026_positions_shrunk_per100tog,10,30.0
KEY_DEFENDER,North Melbourne Kangaroos,Player Marks,0.0,0.0,Neutral,Neutral,Neutral,7,7,21,21,30,3.012129024151965,0.6573004407690404,-1.6563467492260076,0.0966702470461871,0.6363636363636364,2026-09-25T06:30:47.528746+00:00,dvp_v2_2026_positions_shrunk_per100tog,10,30.0
KEY_DEFENDER,Port Adelaide Power,Player Marks,0.1340526922843441,0.20717234262125905,Good,Bad,Good,8,8,22,22,38,2.954523342066688,0.6299064930179901,-0.8735632183908044,2.112614886380082,0.6470588235294118,2026-09-25T06:30:47.528746+00:00,dvp_v2_2026_positions_shrunk_per100tog,10,30.0
KEY_DEFENDER,Richmond Tigers,Player Marks,0.8842813446132557,1.2924111959732199,Excellent,Terrible,Excellent,9,9,26,26,38,4.461352041116753,0.8749431197946664,-1.8382977295408882,2.256169834692755,0.6842105263157895,2026-09-25T06:30:47.528746+00:00,dvp_v2_2026_positions_shrunk_per100tog,10,30.0
KEY_DEFENDER,St Kilda Saints,Player Marks,-0.04420721256027618,-0.07073154009644189,Neutral,Neutral,Neutral,7,7,20,20,35,2.9206015465668025,0.6530663593314388,-1.3973252759347519,1.1388848751941625,0.625,2026-09-25T06:30:47.528746+00:00,dvp_v2_2026_positions_shrunk_per100tog,10,30.0
KEY_DEFENDER,Sydney Swans,Player Marks,0.0,0.0,Neutral,Neutral,Neutral,5,5,13,13,13,2.1017890317955787,0.582931394180521,-2.155172413793103,0.8496732026143787,0.52,2026-09-25T06:30:47.528746+00:00,dvp_v2_2026_positions_shrunk_per100tog,10,30.0
KEY_DEFENDER,West Coast Eagles,Player Marks,-0.04520150024611245,-0.0791026254306968,Neutral,Neutral,Neutral,6,6,16,16,16,2.9710556066307183,0.7427639016576796,-0.8270463670380148,1.5886287625418065,0.5714285714285714,2026-09-25T06:30:47.528746+00:00,dvp_v2_2026_positions_shrunk_per100tog,10,30.0
KEY_DEFENDER,Western Bulldogs,Player Marks,0.5616917732291343,1.0110451918124417,Excellent,Terrible,Excellent,6,6,15,15,15,2.9126217464134863,0.7520357011773996,-1.5021705822267624,3.2464530527658217,0.5555555555555556,2026-09-25T06:30:47.528746+00:00,dvp_v2_2026_positions_shrunk_per100tog,10,30.0
KEY_FORWARD,Adelaide Crows,Player Marks,-0.9098585741363105,-1.4061450691197526,Terrible,Excellent,Terrible,8,8,22,22,22,1.6791260887140511,0.35799088496522996,-2.3713830250504184,-0.7398752162749969,0.6470588235294118,2026-09-25T06:30:47.528746+00:00,dvp_v2_2026_positions_shrunk_per100tog,10,30.0
KEY_FORWARD,Brisbane Lions,Player Marks,-0.2079619726678554,-0.32679738562091565,Bad,Good,Bad,8,8,21,21,21,3.394311523789857,0.740699499525139,-2.159548751007252,1.8199233716475103,0.6363636363636364,2026-09-25T06:30:47.528746+00:00,dvp_v2_2026_positions_shrunk_per100tog,10,30.0
KEY_FORWARD,Carlton,Player Marks,-0.2866358438415328,-0.5016127267226824,Bad,Good,Bad,6,6,16,16,16,2.186121772484023,0.5465304431210057,-1.7514931312500104,0.6485671191553548,0.5714285714285714,2026-09-25T06:30:47.528746+00:00,dvp_v2_2026_positions_shrunk_per100tog,10,30.0
KEY_FORWARD,Collingwood Magpies,Player Marks,0.750750750750751,1.1111111111111116,Excellent,Terrible,Excellent,8,8,25,25,41,2.695757540912786,0.5391515081825572,0.5668155273102031,2.846790890269151,0.6756756756756757,2026-09-25T06:30:47.528746+00:00,dvp_v2_2026_positions_shrunk_per100tog,10,30.0
KEY_FORWARD,Essendon Bombers,Player Marks,0.7250558147409943,1.2084263579016572,Excellent,Terrible,Excellent,7,7,18,18,21,3.281742032707513,0.7735140151441358,-1.024363233665559,3.4656153894601727,0.6,2026-09-25T06:30:47.528746+00:00,dvp_v2_2026_positions_shrunk_per100tog,10,30.0
KEY_FORWARD,Fremantle Dockers,Player Marks,-0.5648768437852622,-0.9414614063087703,Terrible,Excellent,Terrible,7,7,18,18,33,1.6991690467052298,0.40049798510251655,-1.8183455264247947,-0.25077257484473003,0.6,2026-09-25T06:30:47.528746+00:00,dvp_v2_2026_positions_shrunk_per100tog,10,30.0
KEY_FORWARD,GWS Giants,Player Marks,-0.34972861059817584,-0.5175983436853002,Bad,Good,Bad,7,7,25,25,37,3.4595863736660437,0.6919172747332087,-0.9225870696131658,2.393980848153215,0.6756756756756757,2026-09-25T06:30:47.528746+00:00,dvp_v2_2026_positions_shrunk_per100tog,10,30.0
KEY_FORWARD,Geelong Cats,Player Marks,0.2593670697118973,0.6051898293277604,Good,Bad,Good,5,5,9,9,9,2.326786996677608,0.7755956655592026,-0.9713228492136912,2.5681574829091502,0.42857142857142855,2026-09-25T06:30:47.528746+00:00,dvp_v2_2026_positions_shrunk_per100tog,10,30.0
KEY_FORWARD,Gold Coast Suns,Player Marks,0.5096678515768795,0.7645017773653193,Good,Bad,Good,8,8,24,24,31,2.972550718943787,0.6067693746629641,-0.8317187986305637,2.1959459459459456,0.6666666666666666,2026-09-25T06:30:47.528746+00:00,dvp_v2_2026_positions_shrunk_per100tog,10,30.0
KEY_FORWARD,Hawthorn Hawks,Player Marks,0.4147110803457553,0.6061161943514886,Good,Bad,Good,8,8,26,26,37,2.812485736945802,0.551573832861078,-1.1048481630723315,1.8163891898317808,0.6842105263157895,2026-09-25T06:30:47.528746+00:00,dvp_v2_2026_positions_shrunk_per100tog,10,30.0
KEY_FORWARD,Melbourne Demons,Player Marks,0.569090685369755,1.024363233665559,Excellent,Terrible,Excellent,6,6,15,15,25,4.284241617760157,1.106186429114254,-1.7480834043183582,2.193446088794926,0.5555555555555556,2026-09-25T06:30:47.528746+00:00,dvp_v2_2026_positions_shrunk_per100tog,10,30.0
KEY_FORWARD,North Melbourne Kangaroos,Player Marks,0.7257799671592775,1.2380952380952381,Excellent,Terrible,Excellent,7,7,17,17,31,1.961558007146129,0.4757476973082101,-0.19585253456221263,1.7647265585525425,0.5862068965517241,2026-09-25T06:30:47.528746+00:00,dvp_v2_2026_positions_shrunk_per100tog,10,30.0
KEY_FORWARD,Port Adelaide Power,Player Marks,-0.5424781256791468,-0.8137171885187202,Terrible,Excellent,Terrible,8,8,24,24,39,2.282738203310629,0.46596198453905724,-1.3536116883934763,0.19082283466243144,0.6666666666666666,2026-09-25T06:30:47.528746+00:00,dvp_v2_2026_positions_shrunk_per100tog,10,30.0
KEY_FORWARD,Richmond Tigers,Player Marks,0.3010968528209909,0.43491767629698685,Good,Bad,Good,9,9,27,27,38,3.1890890048299427,0.613740465136081,-0.8588298443370919,1.5992928482904416,0.6923076923076923,2026-09-25T06:30:47.528746+00:00,dvp_v2_2026_positions_shrunk_per100tog,10,30.0
KEY_FORWARD,St Kilda Saints,Player Marks,-0.16359780809054314,-0.261756492944869,Bad,Good,Bad,7,7,20,20,29,2.3429176460554797,0.5238923122263844,-1.1989045185961527,0.41737053336059105,0.625,2026-09-25T06:30:47.528746+00:00,dvp_v2_2026_positions_shrunk_per100tog,10,30.0
KEY_FORWARD,Sydney Swans,Player Marks,-0.4288394532296975,-0.857678906459395,Bad,Good,Bad,5,5,12,12,12,2.478824062971118,0.7155748700150485,-3.5311722277005226,0.22451404804345998,0.5,2026-09-25T06:30:47.528746+00:00,dvp_v2_2026_positions_shrunk_per100tog,10,30.0
KEY_FORWARD,West Coast Eagles,Player Marks,0.20645195663176993,0.3716135219371859,Good,Bad,Good,6,6,15,15,15,3.2018660962456695,0.8267182711697088,-1.3138138138138138,2.184235517568851,0.5555555555555556,2026-09-25T06:30:47.528746+00:00,dvp_v2_2026_positions_shrunk_per100tog,10,30.0
KEY_FORWARD,Western Bulldogs,Player Marks,0.6491398896462187,1.1684518013631937,Excellent,Terrible,Excellent,6,6,15,15,15,2.883654402793196,0.7445563652157162,-0.5613305613305606,3.17432950191568,0.5555555555555556,2026-09-25T06:30:47.528746+00:00,dvp_v2_2026_positions_shrunk_per100tog,10,30.0
MEDIUM_DEFENDER,Adelaide Crows,Player Marks,-0.4270107792823918,-0.5551140130671093,Bad,Good,Bad,8,8,40,40,40,3.2045883219880476,0.5066899030329638,-1.4822447685478757,0.9253342194729166,0.7692307692307693,2026-09-25T06:30:47.528746+00:00,dvp_v2_2026_positions_shrunk_per100tog,10,30.0
MEDIUM_DEFENDER,Brisbane Lions,Player Marks,-1.1603773584905661,-1.5,Terrible,Excellent,Terrible,8,8,41,41,41,2.72259790005852,0.42519835616215823,-2.4229691876750703,-0.7326007326007336,0.7735849056603774,2026-09-25T06:30:47.528746+00:00,dvp_v2_2026_positions_shrunk_per100tog,10,30.0
MEDIUM_DEFENDER,Carlton,Player Marks,-1.1352690243566805,-1.639833035181872,Terrible,Excellent,Terrible,6,6,27,27,28,2.6460886910392567,0.5092400060237131,-2.4839743589743577,-0.5260243632336659,0.6923076923076923,2026-09-25T06:30:47.528746+00:00,dvp_v2_2026_positions_shrunk_per100tog,10,30.0
MEDIUM_DEFENDER,Collingwood Magpies,Player Marks,0.7885875185790666,0.9817109925167973,Excellent,Terrible,Excellent,8,8,49,49,67,2.610349803956669,0.37290711485095274,0.13495276653171473,2.0274032638490467,0.8032786885245902,2026-09-25T06:30:47.528746+00:00,dvp_v2_2026_positions_shrunk_per100tog,10,30.0
MEDIUM_DEFENDER,Essendon Bombers,Player Marks,-0.7818181818181819,-1.0,Terrible,Excellent,Terrible,7,7,43,43,71,3.2923247482637366,0.5020748171808724,-1.8981018981018982,0.8186592523941929,0.7818181818181819,2026-09-25T06:30:47.528746+00:00,dvp_v2_2026_positions_shrunk_per100tog,10,30.0
MEDIUM_DEFENDER,Fremantle Dockers,Player Marks,0.8804108584005872,1.182266009852217,Excellent,Terrible,Excellent,7,7,35,35,59,2.5827804031990667,0.43656956935862495,-0.40784125610478483,2.1365787694388096,0.7446808510638298,2026-09-25T06:30:47.528746+00:00,dvp_v2_2026_positions_shrunk_per100tog,10,30.0
MEDIUM_DEFENDER,GWS Giants,Player Marks,-0.9418625510132164,-1.1987341558350026,Terrible,Excellent,Terrible,7,7,44,44,69,3.102592033285115,0.4677333478160263,-1.997446106821107,0.11685087713188098,0.7857142857142857,2026-09-25T06:30:47.528746+00:00,dvp_v2_2026_positions_shrunk_per100tog,10,30.0
MEDIUM_DEFENDER,Geelong Cats,Player Marks,-0.9919829739649559,-1.4681348014681348,Terrible,Excellent,Terrible,5,5,25,25,25,2.375753538311486,0.4751507076622972,-2.2148394241417497,0.07285089849441473,0.6756756756756757,2026-09-25T06:30:47.528746+00:00,dvp_v2_2026_positions_shrunk_per100tog,10,30.0
MEDIUM_DEFENDER,Gold Coast Suns,Player Marks,0.04978023845948353,0.06435006435006407,Neutral,Neutral,Neutral,8,8,41,41,54,3.2143835557287925,0.5020023720510394,-0.7818352059925093,1.215451215451215,0.7735849056603774,2026-09-25T06:30:47.528746+00:00,dvp_v2_2026_positions_shrunk_per100tog,10,30.0
MEDIUM_DEFENDER,Hawthorn Hawks,Player Marks,-1.0778607005620318,-1.3652902207119069,Terrible,Excellent,Terrible,8,8,45,45,61,3.241060805986545,0.4831488187597448,-2.0185029436501267,-0.11998746867167931,0.7894736842105263,2026-09-25T06:30:47.528746+00:00,dvp_v2_2026_positions_shrunk_per100tog,10,30.0
MEDIUM_DEFENDER,Melbourne Demons,Player Marks,0.23376173709858306,0.30389025822815796,Good,Bad,Good,6,6,40,40,58,3.228541959032555,0.5104773055982451,-0.775202633720296,1.6063233044365113,0.7692307692307693,2026-09-25T06:30:47.528746+00:00,dvp_v2_2026_positions_shrunk_per100tog,10,30.0
MEDIUM_DEFENDER,North Melbourne Kangaroos,Player Marks,0.48406139315230207,0.6191482935668979,Good,Bad,Good,7,7,43,43,62,3.6757731590547715,0.5605501516228145,-1.25,1.547097480832421,0.7818181818181819,2026-09-25T06:30:47.528746+00:00,dvp_v2_2026_positions_shrunk_per100tog,10,30.0
MEDIUM_DEFENDER,Port Adelaide Power,Player Marks,-0.45505474917239636,-0.5820467721972511,Bad,Good,Bad,8,8,43,43,64,2.831734791967912,0.4318355073362023,-1.757798869425641,0.34090909090908994,0.7818181818181819,2026-09-25T06:30:47.528746+00:00,dvp_v2_2026_positions_shrunk_per100tog,10,30.0
MEDIUM_DEFENDER,Richmond Tigers,Player Marks,0.6600608556415186,0.8123825915587921,Excellent,Terrible,Excellent,9,9,52,52,86,3.7195445660758724,0.5158080251676928,-1.2574739318925365,1.9080914345706748,0.8125,2026-09-25T06:30:47.528746+00:00,dvp_v2_2026_positions_shrunk_per100tog,10,30.0
MEDIUM_DEFENDER,St Kilda Saints,Player Marks,0.7162823200559061,0.9259259259259274,Excellent,Terrible,Excellent,7,7,41,41,61,3.8655642184676595,0.6036997058200839,-0.14570179698882946,2.2061482820976486,0.7735849056603774,2026-09-25T06:30:47.528746+00:00,dvp_v2_2026_positions_shrunk_per100tog,10,30.0
MEDIUM_DEFENDER,Sydney Swans,Player Marks,-0.8414628667793222,-1.2621943001689835,Terrible,Excellent,Terrible,5,5,24,24,24,3.7779085194715947,0.7711623473015712,-2.251369112814896,1.2632066858372932,0.6666666666666666,2026-09-25T06:30:47.528746+00:00,dvp_v2_2026_positions_shrunk_per100tog,10,30.0
MEDIUM_DEFENDER,West Coast Eagles,Player Marks,0.5947070590374721,0.8590213074985709,Excellent,Terrible,Excellent,6,6,27,27,28,3.215871912688996,0.6188948381567828,-1.0676873489121679,1.8964003511852496,0.6923076923076923,2026-09-25T06:30:47.528746+00:00,dvp_v2_2026_positions_shrunk_per100tog,10,30.0
MEDIUM_DEFENDER,Western Bulldogs,Player Marks,2.2667006196417963,3.1167133520074697,Excellent,Terrible,Excellent,6,6,32,32,32,3.0852630768560547,0.5454026108473471,2.2539210974953954,4.669650920012263,0.7272727272727273,2026-09-25T06:30:47.528746+00:00,dvp_v2_2026_positions_shrunk_per100tog,10,30.0
MEDIUM_FORWARD,Adelaide Crows,Player Marks,-0.5539713167363358,-0.80965038599926,Terrible,Excellent,Terrible,8,8,26,26,27,2.2849799139267852,0.44812142958770157,-2.2871336525297217,0.39611729859407896,0.6842105263157895,2026-09-25T06:30:47.528746+00:00,dvp_v2_2026_positions_shrunk_per100tog,10,30.0
MEDIUM_FORWARD,Brisbane Lions,Player Marks,-0.2165429507201657,-0.2977465572402278,Bad,Good,Bad,8,8,32,32,32,2.543245723969762,0.4495865744106773,-1.478054278895384,1.2220015345015347,0.7272727272727273,2026-09-25T06:30:47.528746+00:00,dvp_v2_2026_positions_shrunk_per100tog,10,30.0
MEDIUM_FORWARD,Carlton,Player Marks,-0.60841893560418,-0.9126284034062702,Terrible,Excellent,Terrible,6,6,24,24,25,2.5897450978333776,0.5286295044638231,-2.218637992831541,0.44128412383712057,0.6666666666666666,2026-09-25T06:30:47.528746+00:00,dvp_v2_2026_positions_shrunk_per100tog,10,30.0
MEDIUM_FORWARD,Collingwood Magpies,Player Marks,0.1904041610275192,0.2461322081575248,Good,Bad,Good,8,8,41,41,57,2.786289180138675,0.43514526297177686,-0.9066358024691357,2.2475106685633,0.7735849056603774,2026-09-25T06:30:47.528746+00:00,dvp_v2_2026_positions_shrunk_per100tog,10,30.0
MEDIUM_FORWARD,Essendon Bombers,Player Marks,0.43144724556489245,0.5676937441643322,Good,Bad,Good,7,7,38,38,51,2.231776367795558,0.3620419340298468,-0.6142013559816286,1.1902511865602734,0.76,2026-09-25T06:30:47.528746+00:00,dvp_v2_2026_positions_shrunk_per100tog,10,30.0
MEDIUM_FORWARD,Fremantle Dockers,Player Marks,0.3288590363089391,0.4561593084285285,Good,Bad,Good,7,7,31,31,51,2.846913891153304,0.5113208292648102,-1.136842696944999,1.9476446639025489,0.7209302325581395,2026-09-25T06:30:47.528746+00:00,dvp_v2_2026_positions_shrunk_per100tog,10,30.0
MEDIUM_FORWARD,GWS Giants,Player Marks,-0.047131699434419194,-0.06329113924050578,Neutral,Neutral,Neutral,7,7,35,35,49,2.8813337210410914,0.4870342907261254,-1.2820512820512817,0.6270220588235276,0.7446808510638298,2026-09-25T06:30:47.528746+00:00,dvp_v2_2026_positions_shrunk_per100tog,10,30.0
MEDIUM_FORWARD,Geelong Cats,Player Marks,-0.8167561562910414,-1.3068098500656662,Terrible,Excellent,Terrible,5,5,20,20,20,2.9449309947941282,0.6585065893405749,-2.4818981742894786,1.094894082594073,0.625,2026-09-25T06:30:47.528746+00:00,dvp_v2_2026_positions_shrunk_per100tog,10,30.0
MEDIUM_FORWARD,Gold Coast Suns,Player Marks,-0.43350216944435177,-0.570397591374147,Bad,Good,Bad,8,8,38,38,49,2.406496284698009,0.39038524724961116,-1.4084507042253522,0.5114783195797744,0.76,2026-09-25T06:30:47.528746+00:00,dvp_v2_2026_positions_shrunk_per100tog,10,30.0
MEDIUM_FORWARD,Hawthorn Hawks,Player Marks,-0.46454361862952437,-0.6039067042183817,Bad,Good,Bad,8,8,40,40,56,3.0150123933033415,0.4767153168236978,-1.7857142857142856,0.8292911907369742,0.7692307692307693,2026-09-25T06:30:47.528746+00:00,dvp_v2_2026_positions_shrunk_per100tog,10,30.0
MEDIUM_FORWARD,Melbourne Demons,Player Marks,0.24888260347426666,0.34221357977711664,Good,Bad,Good,6,6,32,32,49,2.6429187121116864,0.4672064358647475,-1.238095238095238,0.9408765571119904,0.7272727272727273,2026-09-25T06:30:47.528746+00:00,dvp_v2_2026_positions_shrunk_per100tog,10,30.0
MEDIUM_FORWARD,North Melbourne Kangaroos,Player Marks,-0.23251418743739538,-0.30405701434120935,Bad,Good,Bad,7,7,39,39,53,2.186622769820986,0.35013986719960044,-1.369216916546372,0.6914103923647943,0.7647058823529411,2026-09-25T06:30:47.528746+00:00,dvp_v2_2026_positions_shrunk_per100tog,10,30.0
MEDIUM_FORWARD,Port Adelaide Power,Player Marks,0.11987774999308687,0.15875702026111504,Good,Bad,Good,8,8,37,37,62,2.2046717637083657,0.3624458052943713,-1.2974683544303796,1.1314395763119878,0.7551020408163265,2026-09-25T06:30:47.528746+00:00,dvp_v2_2026_positions_shrunk_per100tog,10,30.0
MEDIUM_FORWARD,Richmond Tigers,Player Marks,0.08202323991797679,0.10389610389610393,Neutral,Neutral,Neutral,9,9,45,45,58,3.169613881613272,0.47249814011428315,-1.1358218916857359,0.5656819610307986,0.7894736842105263,2026-09-25T06:30:47.528746+00:00,dvp_v2_2026_positions_shrunk_per100tog,10,30.0
MEDIUM_FORWARD,St Kilda Saints,Player Marks,0.0867785273597419,0.11653116531165342,Good,Bad,Good,7,7,35,35,50,3.1021678498776764,0.5243620714412265,-1.2050665383998718,1.4084507042253522,0.7446808510638298,2026-09-25T06:30:47.528746+00:00,dvp_v2_2026_positions_shrunk_per100tog,10,30.0
MEDIUM_FORWARD,Sydney Swans,Player Marks,0.04171601648283882,0.06674562637254211,Neutral,Neutral,Neutral,5,5,20,20,20,1.4610328323502122,0.3266968730494128,-0.6534392252980723,1.6511627906976747,0.625,2026-09-25T06:30:47.528746+00:00,dvp_v2_2026_positions_shrunk_per100tog,10,30.0
MEDIUM_FORWARD,West Coast Eagles,Player Marks,0.1523077246276336,0.21533161068044748,Good,Bad,Good,6,6,29,29,30,3.104142609641059,0.5764248116470928,-0.8292911907369742,1.785714285714286,0.7073170731707317,2026-09-25T06:30:47.528746+00:00,dvp_v2_2026_positions_shrunk_per100tog,10,30.0
MEDIUM_FORWARD,Western Bulldogs,Player Marks,0.10124218463756801,0.15646519443987783,Good,Bad,Good,6,6,22,22,24,3.010158894853477,0.6417680327269739,-0.34429963524662766,2.114052614052614,0.6470588235294118,2026-09-25T06:30:47.528746+00:00,dvp_v2_2026_positions_shrunk_per100tog,10,30.0
MIDFIELDER,Adelaide Crows,Player Marks,-0.9851435818461819,-1.2478485370051637,Terrible,Excellent,Terrible,8,8,45,45,45,2.19047447529731,0.3265366553161979,-1.8327067669172932,-0.3456221198156677,0.7894736842105263,2026-09-25T06:30:47.528746+00:00,dvp_v2_2026_positions_shrunk_per100tog,10,30.0
MIDFIELDER,Brisbane Lions,Player Marks,-0.4507497284915077,-0.5709496560892431,Bad,Good,Bad,8,8,45,45,45,3.289664592146582,0.4903942434142585,-1.5737042487095048,0.5369384514803399,0.7894736842105263,2026-09-25T06:30:47.528746+00:00,dvp_v2_2026_positions_shrunk_per100tog,10,30.0
MIDFIELDER,Carlton,Player Marks,-0.6315730815070606,-0.842097442009414,Terrible,Excellent,Terrible,6,6,36,36,36,2.9057875902277277,0.48429793170462127,-1.998694795970857,0.5007607214206488,0.75,2026-09-25T06:30:47.528746+00:00,dvp_v2_2026_positions_shrunk_per100tog,10,30.0
MIDFIELDER,Collingwood Magpies,Player Marks,0.3135976906533516,0.38886113641015596,Good,Bad,Good,8,8,50,50,79,2.9856215642168573,0.4222306508229054,-0.3235382760699217,1.338324305923128,0.8064516129032258,2026-09-25T06:30:47.528746+00:00,dvp_v2_2026_positions_shrunk_per100tog,10,30.0
MIDFIELDER,Essendon Bombers,Player Marks,-0.1386336305674665,-0.17402945113788348,Neutral,Neutral,Neutral,7,7,47,47,64,3.403945624180472,0.49651649953037996,-0.9158797133480672,0.6078323221180364,0.7966101694915254,2026-09-25T06:30:47.528746+00:00,dvp_v2_2026_positions_shrunk_per100tog,10,30.0
MIDFIELDER,Fremantle Dockers,Player Marks,-0.3262417916550932,-0.39615074700975605,Bad,Good,Bad,7,7,56,56,90,2.4833651893398074,0.3318536323125199,-1.1746680286006126,0.18515782468471764,0.8235294117647058,2026-09-25T06:30:47.528746+00:00,dvp_v2_2026_positions_shrunk_per100tog,10,30.0
MIDFIELDER,GWS Giants,Player Marks,-0.011391492429704542,-0.014239365537130677,Neutral,Neutral,Neutral,7,7,48,48,77,2.74251452792827,0.39584787523896153,-1.1055871158763628,0.5270891898798871,0.8,2026-09-25T06:30:47.528746+00:00,dvp_v2_2026_positions_shrunk_per100tog,10,30.0
MIDFIELDER,Geelong Cats,Player Marks,-0.44149335296532777,-0.6307047899504683,Bad,Good,Bad,5,5,28,28,28,3.0046799670835167,0.5678311401600518,-1.7898032821010998,1.143790849673203,0.7,2026-09-25T06:30:47.528746+00:00,dvp_v2_2026_positions_shrunk_per100tog,10,30.0
MIDFIELDER,Gold Coast Suns,Player Marks,-0.09362777199098779,-0.11443394354454062,Neutral,Neutral,Neutral,8,8,54,54,68,2.5749149010757977,0.3504015354847071,-0.6896162235147484,1.0659560293137904,0.8181818181818182,2026-09-25T06:30:47.528746+00:00,dvp_v2_2026_positions_shrunk_per100tog,10,30.0
MIDFIELDER,Hawthorn Hawks,Player Marks,0.054654100272055924,0.06777108433734935,Neutral,Neutral,Neutral,8,8,50,50,74,2.5638275754106705,0.36257997287318994,-0.610139748113619,1.1746471078971517,0.8064516129032258,2026-09-25T06:30:47.528746+00:00,dvp_v2_2026_positions_shrunk_per100tog,10,30.0
MIDFIELDER,Melbourne Demons,Player Marks,0.5608110190121102,0.7333682556312211,Excellent,Terrible,Excellent,6,6,39,39,64,2.902592285199362,0.4647867438778628,-0.1597239969332982,1.4871794871794872,0.7647058823529411,2026-09-25T06:30:47.528746+00:00,dvp_v2_2026_positions_shrunk_per100tog,10,30.0
MIDFIELDER,North Melbourne Kangaroos,Player Marks,0.39487554283395293,0.495694830366026,Good,Bad,Good,7,7,47,47,71,2.4981575597632486,0.3643937312152673,-0.23860146468225896,1.136860719437851,0.7966101694915254,2026-09-25T06:30:47.528746+00:00,dvp_v2_2026_positions_shrunk_per100tog,10,30.0
MIDFIELDER,Port Adelaide Power,Player Marks,-0.3055677185030419,-0.37475286231505134,Bad,Good,Bad,8,8,53,53,81,2.6222173724700566,0.36018925707853655,-1.2758597414869568,0.176437658727293,0.8153846153846154,2026-09-25T06:30:47.528746+00:00,dvp_v2_2026_positions_shrunk_per100tog,10,30.0
MIDFIELDER,Richmond Tigers,Player Marks,-0.03170979198376463,-0.03805175038051756,Neutral,Neutral,Neutral,9,9,60,60,82,2.49610132450582,0.3222452953419105,-0.8174637158426407,1.157206648203153,0.8333333333333334,2026-09-25T06:30:47.528746+00:00,dvp_v2_2026_positions_shrunk_per100tog,10,30.0
MIDFIELDER,St Kilda Saints,Player Marks,0.2047675408716268,0.2581851602294425,Good,Bad,Good,7,7,46,46,72,2.7402424854040137,0.40402671238672494,-0.9075009348917485,1.4233265750732231,0.7931034482758621,2026-09-25T06:30:47.528746+00:00,dvp_v2_2026_positions_shrunk_per100tog,10,30.0
MIDFIELDER,Sydney Swans,Player Marks,0.38274466441264243,0.5411217669282187,Good,Bad,Good,5,5,29,29,29,2.8983494392469313,0.5382099792762276,-1.107385051047023,1.823983908868497,0.7073170731707317,2026-09-25T06:30:47.528746+00:00,dvp_v2_2026_positions_shrunk_per100tog,10,30.0
MIDFIELDER,West Coast Eagles,Player Marks,-0.14767148473409353,-0.19689531297879137,Neutral,Neutral,Neutral,6,6,36,36,36,2.947513271402862,0.49125221190047696,-1.5355382581945085,0.5234169472732524,0.75,2026-09-25T06:30:47.528746+00:00,dvp_v2_2026_positions_shrunk_per100tog,10,30.0
MIDFIELDER,Western Bulldogs,Player Marks,0.2493821331098811,0.33026282492930203,Good,Bad,Good,6,6,37,37,37,2.6235355821552337,0.43130659286589146,0.0,1.1983122362869199,0.7551020408163265,2026-09-25T06:30:47.528746+00:00,dvp_v2_2026_positions_shrunk_per100tog,10,30.0
MIDFIELDER_FORWARD,Adelaide Crows,Player Marks,-0.7374739852476886,-1.2291233087461477,Terrible,Excellent,Terrible,8,8,18,18,19,1.1035404582305126,0.2601069804428352,-1.7530059895566221,-0.20015797724967221,0.6,2026-09-25T06:30:47.528746+00:00,dvp_v2_2026_positions_shrunk_per100tog,10,30.0
MIDFIELDER_FORWARD,Brisbane Lions,Player Marks,0.9201214273440634,2.3003035683601585,Excellent,Terrible,Excellent,6,6,8,8,9,1.9417234230529832,0.6865028998147599,-0.6186909801367637,2.563291139240506,0.4,2026-09-25T06:30:47.528746+00:00,dvp_v2_2026_positions_shrunk_per100tog,10,30.0
MIDFIELDER_FORWARD,Carlton,Player Marks,-0.3741658422258953,-0.9354146055647381,Bad,Good,Bad,5,5,8,8,8,2.7316991565165787,0.9658014988672223,-3.587147887323943,1.2974683544303796,0.4,2026-09-25T06:30:47.528746+00:00,dvp_v2_2026_positions_shrunk_per100tog,10,30.0
MIDFIELDER_FORWARD,Collingwood Magpies,Player Marks,0.7472527472527472,1.7435897435897434,Excellent,Terrible,Excellent,8,8,9,9,23,1.9052965576026681,0.6350988525342227,0.047468354430379556,2.548166372894634,0.42857142857142855,2026-09-25T06:30:47.528746+00:00,dvp_v2_2026_positions_shrunk_per100tog,10,30.0
MIDFIELDER_FORWARD,Essendon Bombers,Player Marks,-0.41065266152765023,-0.8213053230553005,Bad,Good,Bad,6,6,12,12,20,3.0043640459427094,0.8672851953343282,-2.513229123197478,1.338802099277028,0.5,2026-09-25T06:30:47.528746+00:00,dvp_v2_2026_positions_shrunk_per100tog,10,30.0
MIDFIELDER_FORWARD,Fremantle Dockers,Player Marks,-0.010854244009407604,-0.029461519454106355,Neutral,Neutral,Neutral,4,4,7,7,7,1.2522553698609518,0.47330804094246953,-0.9883720930232558,0.5411804498562489,0.3684210526315789,2026-09-25T06:30:47.528746+00:00,dvp_v2_2026_positions_shrunk_per100tog,10,30.0
MIDFIELDER_FORWARD,GWS Giants,Player Marks,0.05203464272485141,0.12141416635798663,Neutral,Neutral,Neutral,7,7,9,9,22,2.420486512150208,0.8068288373834026,-2.338967082736094,2.5447525447525448,0.42857142857142855,2026-09-25T06:30:47.528746+00:00,dvp_v2_2026_positions_shrunk_per100tog,10,30.0
MIDFIELDER_FORWARD,Geelong Cats,Player Marks,-0.16806722689075607,-0.39215686274509753,Bad,Good,Bad,5,5,9,9,9,1.6979901199864753,0.5659967066621584,-1.6679778554778557,1.4835680751173712,0.42857142857142855,2026-09-25T06:30:47.528746+00:00,dvp_v2_2026_positions_shrunk_per100tog,10,30.0
MIDFIELDER_FORWARD,Gold Coast Suns,Player Marks,-0.09904761904761916,-0.1904761904761907,Neutral,Neutral,Neutral,6,6,13,13,21,2.1352952268245127,0.5922243406591762,-1.2974683544303796,1.5350877192982457,0.52,2026-09-25T06:30:47.528746+00:00,dvp_v2_2026_positions_shrunk_per100tog,10,30.0
MIDFIELDER_FORWARD,Hawthorn Hawks,Player Marks,-0.012988760152685224,-0.02412198314070113,Neutral,Neutral,Neutral,7,7,14,14,15,2.4406600407915837,0.652293833587987,-1.860258562561194,1.2257931662153616,0.5384615384615384,2026-09-25T06:30:47.528746+00:00,dvp_v2_2026_positions_shrunk_per100tog,10,30.0
MIDFIELDER_FORWARD,Melbourne Demons,Player Marks,-0.16352194382497434,-0.35974827641494356,Bad,Good,Bad,6,6,10,10,13,1.808265611381917,0.5718237946523752,-2.5,0.46898266740335587,0.45454545454545453,2026-09-25T06:30:47.528746+00:00,dvp_v2_2026_positions_shrunk_per100tog,10,30.0
MIDFIELDER_FORWARD,North Melbourne Kangaroos,Player Marks,0.716701970044216,1.5767443340972753,Excellent,Terrible,Excellent,6,6,10,10,10,3.6585285248678083,1.1569283023278245,-1.5803473634798935,3.7487828627069133,0.45454545454545453,2026-09-25T06:30:47.528746+00:00,dvp_v2_2026_positions_shrunk_per100tog,10,30.0
MIDFIELDER_FORWARD,Port Adelaide Power,Player Marks,-0.6070782743477137,-1.4165159734779986,Terrible,Excellent,Terrible,7,7,9,9,13,2.7874014956637425,0.9291338318879142,-2.11764705882353,3.354978354978355,0.42857142857142855,2026-09-25T06:30:47.528746+00:00,dvp_v2_2026_positions_shrunk_per100tog,10,30.0
MIDFIELDER_FORWARD,Richmond Tigers,Player Marks,0.27036159108394153,0.5407231821678831,Good,Bad,Good,7,7,12,12,23,3.607801342794602,1.0414825382225783,-1.5617005551496215,3.525641025641026,0.5,2026-09-25T06:30:47.528746+00:00,dvp_v2_2026_positions_shrunk_per100tog,10,30.0
MIDFIELDER_FORWARD,St Kilda Saints,Player Marks,-0.017771701982228407,-0.03417634996582386,Neutral,Neutral,Neutral,6,6,13,13,26,2.5172622687360344,0.6981629372091219,-1.308112177677395,1.6406757634827809,0.52,2026-09-25T06:30:47.528746+00:00,dvp_v2_2026_positions_shrunk_per100tog,10,30.0
MIDFIELDER_FORWARD,Sydney Swans,Player Marks,-0.15491656356080075,-0.46474969068240224,Bad,Good,Bad,4,4,6,6,6,2.6060909944622974,1.0639321932825017,-2.195354637162501,2.9305644789042327,0.3333333333333333,2026-09-25T06:30:47.528746+00:00,dvp_v2_2026_positions_shrunk_per100tog,10,30.0
MIDFIELDER_FORWARD,West Coast Eagles,Player Marks,-0.3719191025692573,-1.2645249487354748,Bad,Good,Bad,4,4,5,5,5,1.7093559132427285,0.7644472039503948,-2.663159625184942,1.5131578947368425,0.29411764705882354,2026-09-25T06:30:47.528746+00:00,dvp_v2_2026_positions_shrunk_per100tog,10,30.0
MIDFIELDER_FORWARD,Western Bulldogs,Player Marks,0.5574792243767314,1.5131578947368425,Excellent,Terrible,Excellent,4,4,7,7,7,2.5982993871461515,0.9820648585828932,0.016228497241155715,3.8434538434538434,0.3684210526315789,2026-09-25T06:30:47.528746+00:00,dvp_v2_2026_positions_shrunk_per100tog,10,30.0
RUCK,Adelaide Crows,Player Marks,-0.061766869374301675,-0.1291489086917217,Neutral,Neutral,Neutral,8,8,11,11,11,2.329280246289905,0.7023044189572937,-2.659069325735992,1.2904506650784193,0.4782608695652174,2026-09-25T06:30:47.528746+00:00,dvp_v2_2026_positions_shrunk_per100tog,10,30.0
RUCK,Brisbane Lions,Player Marks,0.6020066889632106,1.2587412587412585,Excellent,Terrible,Excellent,8,8,11,11,12,1.734419106445199,0.5229470368456552,-0.9024873431653091,1.887510339123243,0.4782608695652174,2026-09-25T06:30:47.528746+00:00,dvp_v2_2026_positions_shrunk_per100tog,10,30.0
RUCK,Carlton,Player Marks,-0.44624746450304237,-1.0412440838404322,Bad,Good,Bad,6,6,9,9,9,1.201013958789383,0.4003379862631277,-1.681159420289855,0.0,0.42857142857142855,2026-09-25T06:30:47.528746+00:00,dvp_v2_2026_positions_shrunk_per100tog,10,30.0
RUCK,Collingwood Magpies,Player Marks,0.7297218722576009,1.605388118966722,Excellent,Terrible,Excellent,8,8,10,10,16,2.3243617540229113,0.7350277248896442,0.04326195111399489,3.3571898614094056,0.45454545454545453,2026-09-25T06:30:47.528746+00:00,dvp_v2_2026_positions_shrunk_per100tog,10,30.0
RUCK,Essendon Bombers,Player Marks,0.8070953436807093,1.5521064301552103,Excellent,Terrible,Excellent,6,6,13,13,22,2.498244658661938,0.6928884011892038,0.9304029304029307,2.7925121021732418,0.52,2026-09-25T06:30:47.528746+00:00,dvp_v2_2026_positions_shrunk_per100tog,10,30.0
RUCK,Fremantle Dockers,Player Marks,0.03477086003238661,0.06457445434586084,Neutral,Neutral,Neutral,7,7,14,14,23,1.771717974842964,0.473511546275096,-0.6293706293706293,0.8146321614488194,0.5384615384615384,2026-09-25T06:30:47.528746+00:00,dvp_v2_2026_positions_shrunk_per100tog,10,30.0
RUCK,GWS Giants,Player Marks,0.020787139689578682,0.0457317073170731,Neutral,Neutral,Neutral,7,7,10,10,16,3.1258588632100732,0.988483365196854,-1.4084507042253522,2.289743850657169,0.45454545454545453,2026-09-25T06:30:47.528746+00:00,dvp_v2_2026_positions_shrunk_per100tog,10,30.0
RUCK,Geelong Cats,Player Marks,-0.7376356520192137,-1.844089130048034,Terrible,Excellent,Terrible,5,5,8,8,8,2.78779763854165,0.9856353073943221,-3.571428571428571,1.4737027355237955,0.4,2026-09-25T06:30:47.528746+00:00,dvp_v2_2026_positions_shrunk_per100tog,10,30.0
RUCK,Gold Coast Suns,Player Marks,-0.24810805632723437,-0.460772104607721,Bad,Good,Bad,8,8,14,14,17,3.079497756355561,0.8230303948301116,-1.4470383947520744,1.3513513513513515,0.5384615384615384,2026-09-25T06:30:47.528746+00:00,dvp_v2_2026_positions_shrunk_per100tog,10,30.0
RUCK,Hawthorn Hawks,Player Marks,-0.6172766206727305,-1.234553241345461,Terrible,Excellent,Terrible,8,8,12,12,17,2.437096454774984,0.7035291471027098,-1.589627477785372,1.9320843091334892,0.5,2026-09-25T06:30:47.528746+00:00,dvp_v2_2026_positions_shrunk_per100tog,10,30.0
RUCK,Melbourne Demons,Player Marks,-0.5864309305169519,-1.4660773262923799,Terrible,Excellent,Terrible,6,6,8,8,13,2.543560920020434,0.8992845874537712,-1.5297143630702585,1.6918297923163876,0.4,2026-09-25T06:30:47.528746+00:00,dvp_v2_2026_positions_shrunk_per100tog,10,30.0
RUCK,North Melbourne Kangaroos,Player Marks,0.1311807947963554,0.27428711639237946,Good,Bad,Good,7,7,11,11,18,2.3331240177619987,0.7034633596620943,-1.4375788146279946,1.4681348014681348,0.4782608695652174,2026-09-25T06:30:47.528746+00:00,dvp_v2_2026_positions_shrunk_per100tog,10,30.0
RUCK,Port Adelaide Power,Player Marks,-0.5615106390771285,-1.04280547257181,Terrible,Excellent,Terrible,8,8,14,14,23,2.525894482869206,0.675073696431365,-1.9138755980861237,0.10571706774238443,0.5384615384615384,2026-09-25T06:30:47.528746+00:00,dvp_v2_2026_positions_shrunk_per100tog,10,30.0
RUCK,Richmond Tigers,Player Marks,1.1004016064257025,2.1161569354340433,Excellent,Terrible,Excellent,9,9,13,13,19,3.066678929958755,0.8505437021039486,-1.246051246051246,2.920469361147327,0.52,2026-09-25T06:30:47.528746+00:00,dvp_v2_2026_positions_shrunk_per100tog,10,30.0
RUCK,St Kilda Saints,Player Marks,-0.32943767988814937,-0.6588753597762987,Bad,Good,Bad,7,7,12,12,21,1.863887797002757,0.5380580606694002,-2.9492330914115277,0.1716059330886084,0.5,2026-09-25T06:30:47.528746+00:00,dvp_v2_2026_positions_shrunk_per100tog,10,30.0
RUCK,Sydney Swans,Player Marks,-0.32522429261559704,-0.6800144300144302,Bad,Good,Bad,5,5,11,11,11,3.262720796951808,0.9837473344707721,-1.287810721772986,3.465982028241335,0.4782608695652174,2026-09-25T06:30:47.528746+00:00,dvp_v2_2026_positions_shrunk_per100tog,10,30.0
RUCK,West Coast Eagles,Player Marks,0.33895324506636637,0.8473831126659158,Good,Bad,Good,6,6,8,8,8,2.007936858343177,0.7099128843644362,-0.677476579415611,2.6844674131495836,0.4,2026-09-25T06:30:47.528746+00:00,dvp_v2_2026_positions_shrunk_per100tog,10,30.0
RUCK,Western Bulldogs,Player Marks,0.08242556281771973,0.20606390704429933,Neutral,Neutral,Neutral,6,6,8,8,8,2.1938628019520574,0.7756476321266097,-1.275016878671046,1.1481272350837566,0.4,2026-09-25T06:30:47.528746+00:00,dvp_v2_2026_positions_shrunk_per100tog,10,30.0
KEY_DEFENDER,Adelaide Crows,Player Tackles,-0.1887855167211466,-0.31464252786857766,Bad,Good,Bad,7,7,18,18,18,1.371157716193302,0.32318497306551447,-1.0208333333333335,0.6470259294189488,0.6,2026-09-25T06:30:47.528746+00:00,dvp_v2_2026_positions_shrunk_per100tog,10,30.0
KEY_DEFENDER,Brisbane Lions,Player Tackles,0.0,0.0,Neutral,Neutral,Neutral,8,8,23,23,23,1.371523543582759,0.2859824280556419,-1.0,0.15503875968992276,0.6571428571428571,2026-09-25T06:30:47.528746+00:00,dvp_v2_2026_positions_shrunk_per100tog,10,30.0
KEY_DEFENDER,Carlton,Player Tackles,0.3320700071846485,0.6167014419143473,Good,Bad,Good,6,6,14,14,14,1.1975176450521068,0.32005005302866785,-0.43057571359458136,1.924731182795699,0.5384615384615384,2026-09-25T06:30:47.528746+00:00,dvp_v2_2026_positions_shrunk_per100tog,10,30.0
KEY_DEFENDER,Collingwood Magpies,Player Tackles,-0.5484396606875033,-0.8226594910312549,Terrible,Excellent,Terrible,8,8,24,24,36,1.5370249576837292,0.31374390568733695,-1.1751642586095445,0.6684641550192647,0.6666666666666666,2026-09-25T06:30:47.528746+00:00,dvp_v2_2026_positions_shrunk_per100tog,10,30.0
KEY_DEFENDER,Essendon Bombers,Player Tackles,0.540701128936423,0.849673202614379,Excellent,Terrible,Excellent,7,7,21,21,26,1.574482628826808,0.3435802774758051,-0.0029239766081872176,1.302660753880266,0.6363636363636364,2026-09-25T06:30:47.528746+00:00,dvp_v2_2026_positions_shrunk_per100tog,10,30.0
KEY_DEFENDER,Fremantle Dockers,Player Tackles,-0.6451253293696372,-0.9428754813863928,Terrible,Excellent,Terrible,7,7,26,26,36,1.469758485282168,0.2882433537200903,-1.3758313921234715,0.19765970904490826,0.6842105263157895,2026-09-25T06:30:47.528746+00:00,dvp_v2_2026_positions_shrunk_per100tog,10,30.0
KEY_DEFENDER,GWS Giants,Player Tackles,0.06751687921980502,0.11015911872705031,Good,Bad,Good,7,7,19,19,26,1.79220700311881,0.4111604848684619,-1.0818713450292399,2.0062942564909525,0.6129032258064516,2026-09-25T06:30:47.528746+00:00,dvp_v2_2026_positions_shrunk_per100tog,10,30.0
KEY_DEFENDER,Geelong Cats,Player Tackles,0.5913997550849072,1.0983138308719704,Excellent,Terrible,Excellent,5,5,14,14,15,1.5020731415527058,0.401445933254673,-1.0414333706606942,1.2987012987012987,0.5384615384615384,2026-09-25T06:30:47.528746+00:00,dvp_v2_2026_positions_shrunk_per100tog,10,30.0
KEY_DEFENDER,Gold Coast Suns,Player Tackles,0.0,0.0,Neutral,Neutral,Neutral,8,8,27,27,34,1.4380312848886774,0.27674924981119375,-0.5548913043478254,0.9602294724245946,0.6923076923076923,2026-09-25T06:30:47.528746+00:00,dvp_v2_2026_positions_shrunk_per100tog,10,30.0
KEY_DEFENDER,Hawthorn Hawks,Player Tackles,0.00839048591857582,0.012768130745658857,Neutral,Neutral,Neutral,8,8,23,23,35,1.8001781809077348,0.3753630985903071,-1.0526315789473684,0.9473684210526316,0.6571428571428571,2026-09-25T06:30:47.528746+00:00,dvp_v2_2026_positions_shrunk_per100tog,10,30.0
KEY_DEFENDER,Melbourne Demons,Player Tackles,-0.11822978892871358,-0.1929012345679011,Bad,Good,Bad,6,6,19,19,31,1.9535994817366626,0.44818645879176555,-1.0,0.8857509627727855,0.6129032258064516,2026-09-25T06:30:47.528746+00:00,dvp_v2_2026_positions_shrunk_per100tog,10,30.0
KEY_DEFENDER,North Melbourne Kangaroos,Player Tackles,-0.05696349686119513,-0.08951406649616378,Bad,Good,Bad,7,7,21,21,30,1.3764731590761856,0.30037106874007674,-1.0,0.9496567505720823,0.6363636363636364,2026-09-25T06:30:47.528746+00:00,dvp_v2_2026_positions_shrunk_per100tog,10,30.0
KEY_DEFENDER,Port Adelaide Power,Player Tackles,0.04028582057057828,0.06225990451816643,Neutral,Neutral,Neutral,8,8,22,22,38,1.2586785365378925,0.26835116565131006,-0.4428920647456116,1.2507949561403502,0.6470588235294118,2026-09-25T06:30:47.528746+00:00,dvp_v2_2026_positions_shrunk_per100tog,10,30.0
KEY_DEFENDER,Richmond Tigers,Player Tackles,-0.004468459550129183,-0.0065308254963426515,Neutral,Neutral,Neutral,9,9,26,26,38,1.7842816438006486,0.34992641998018914,-0.8963244594684552,1.0757168458781357,0.6842105263157895,2026-09-25T06:30:47.528746+00:00,dvp_v2_2026_positions_shrunk_per100tog,10,30.0
KEY_DEFENDER,St Kilda Saints,Player Tackles,-0.0603070175438597,-0.09649122807017552,Bad,Good,Bad,7,7,20,20,35,1.8532867998605311,0.4144075266291195,-0.7651862251461686,0.9630734746931716,0.625,2026-09-25T06:30:47.528746+00:00,dvp_v2_2026_positions_shrunk_per100tog,10,30.0
KEY_DEFENDER,Sydney Swans,Player Tackles,0.0,0.0,Neutral,Neutral,Neutral,5,5,13,13,13,2.15130416685746,0.5966644217479931,-1.0755813953488373,1.7902366939285077,0.52,2026-09-25T06:30:47.528746+00:00,dvp_v2_2026_positions_shrunk_per100tog,10,30.0
KEY_DEFENDER,West Coast Eagles,Player Tackles,0.00721500721500723,0.012626262626262652,Neutral,Neutral,Neutral,6,6,16,16,16,1.473904806265041,0.36847620156626026,-0.849673202614379,1.0869565217391304,0.5714285714285714,2026-09-25T06:30:47.528746+00:00,dvp_v2_2026_positions_shrunk_per100tog,10,30.0
KEY_DEFENDER,Western Bulldogs,Player Tackles,0.2560719555101579,0.4609295199182841,Good,Bad,Good,6,6,15,15,15,1.549986775105461,0.40020486445501274,-0.04010695187165769,1.1616161616161618,0.5555555555555556,2026-09-25T06:30:47.528746+00:00,dvp_v2_2026_positions_shrunk_per100tog,10,30.0
KEY_FORWARD,Adelaide Crows,Player Tackles,0.08672183211494013,0.1340246496321802,Good,Bad,Good,8,8,22,22,22,1.879752247863709,0.4007645258156117,-0.7115487715043123,1.1370650953984285,0.6470588235294118,2026-09-25T06:30:47.528746+00:00,dvp_v2_2026_positions_shrunk_per100tog,10,30.0
KEY_FORWARD,Brisbane Lions,Player Tackles,-0.013967595179184283,-0.02194907813871816,Neutral,Neutral,Neutral,8,8,21,21,21,1.9930847695276455,0.4349267534678119,-1.36986301369863,1.0828625235404894,0.6363636363636364,2026-09-25T06:30:47.528746+00:00,dvp_v2_2026_positions_shrunk_per100tog,10,30.0
KEY_FORWARD,Carlton,Player Tackles,-0.5717145717145716,-1.0005005005005003,Terrible,Excellent,Terrible,6,6,16,16,16,1.7244321106030052,0.4311080276507513,-1.3318123447433792,-0.3839947175656371,0.5714285714285714,2026-09-25T06:30:47.528746+00:00,dvp_v2_2026_positions_shrunk_per100tog,10,30.0
KEY_FORWARD,Collingwood Magpies,Player Tackles,-0.06435006435006442,-0.09523809523809534,Bad,Good,Bad,8,8,25,25,41,1.6468708507626468,0.32937417015252934,-1.0929288103201147,0.11926058437686304,0.6756756756756757,2026-09-25T06:30:47.528746+00:00,dvp_v2_2026_positions_shrunk_per100tog,10,30.0
KEY_FORWARD,Essendon Bombers,Player Tackles,-0.2785542840357469,-0.4642571400595782,Terrible,Excellent,Terrible,7,7,18,18,21,2.1670645587396895,0.5107820149179559,-1.4095691880087355,0.8909370199692781,0.6,2026-09-25T06:30:47.528746+00:00,dvp_v2_2026_positions_shrunk_per100tog,10,30.0
KEY_FORWARD,Fremantle Dockers,Player Tackles,0.0,0.0,Neutral,Neutral,Neutral,7,7,18,18,33,1.1364970432175512,0.2678749220191971,-0.8025839561646291,0.12059103642344282,0.6,2026-09-25T06:30:47.528746+00:00,dvp_v2_2026_positions_shrunk_per100tog,10,30.0
KEY_FORWARD,GWS Giants,Player Tackles,0.05419858361034823,0.08021390374331538,Neutral,Neutral,Neutral,7,7,25,25,37,1.8958988933880268,0.37917977867760533,-0.1705127676431408,1.2335054503729204,0.6756756756756757,2026-09-25T06:30:47.528746+00:00,dvp_v2_2026_positions_shrunk_per100tog,10,30.0
KEY_FORWARD,Geelong Cats,Player Tackles,0.40902893500984694,0.9544008483563096,Good,Bad,Good,5,5,9,9,9,2.0144850739784492,0.6714950246594831,-0.10152396053558414,1.8240186779512624,0.42857142857142855,2026-09-25T06:30:47.528746+00:00,dvp_v2_2026_positions_shrunk_per100tog,10,30.0
KEY_FORWARD,Gold Coast Suns,Player Tackles,-0.011687704534829368,-0.017531556802244053,Neutral,Neutral,Neutral,8,8,24,24,31,2.02528846517233,0.4134102768013924,-0.6493506493506493,1.1337145937961324,0.6666666666666666,2026-09-25T06:30:47.528746+00:00,dvp_v2_2026_positions_shrunk_per100tog,10,30.0
KEY_FORWARD,Hawthorn Hawks,Player Tackles,0.011995275706798562,0.017531556802244053,Neutral,Neutral,Neutral,8,8,26,26,37,1.8648425563526616,0.3657257147930952,-1.1986792994544933,0.9373679063812457,0.6842105263157895,2026-09-25T06:30:47.528746+00:00,dvp_v2_2026_positions_shrunk_per100tog,10,30.0
KEY_FORWARD,Melbourne Demons,Player Tackles,-0.014512945547428114,-0.026123301985370606,Neutral,Neutral,Neutral,6,6,15,15,25,1.664497121211124,0.42977130868405805,-1.1627906976744187,0.18315018315018294,0.5555555555555556,2026-09-25T06:30:47.528746+00:00,dvp_v2_2026_positions_shrunk_per100tog,10,30.0
KEY_FORWARD,North Melbourne Kangaroos,Player Tackles,0.04392159564573384,0.07492507492507539,Neutral,Neutral,Neutral,7,7,17,17,31,1.3083291570989164,0.3173164298702444,-0.315004262574595,0.7226379941897108,0.5862068965517241,2026-09-25T06:30:47.528746+00:00,dvp_v2_2026_positions_shrunk_per100tog,10,30.0
KEY_FORWARD,Port Adelaide Power,Player Tackles,0.007316359379572719,0.01097453906935908,Neutral,Neutral,Neutral,8,8,24,24,39,2.4082866515177406,0.4915894542145293,-1.1904761904761905,1.5700483091787447,0.6666666666666666,2026-09-25T06:30:47.528746+00:00,dvp_v2_2026_positions_shrunk_per100tog,10,30.0
KEY_FORWARD,Richmond Tigers,Player Tackles,0.7858420649118324,1.1351052048726469,Excellent,Terrible,Excellent,9,9,27,27,38,1.7372026500648392,0.33432480588395536,0.1364272388059706,1.3492063492063493,0.6923076923076923,2026-09-25T06:30:47.528746+00:00,dvp_v2_2026_positions_shrunk_per100tog,10,30.0
KEY_FORWARD,St Kilda Saints,Player Tackles,-0.09954690450255696,-0.15927504720409114,Bad,Good,Bad,7,7,20,20,29,1.538236926203948,0.34396023324923547,-0.8018757488534795,0.7920743411443443,0.625,2026-09-25T06:30:47.528746+00:00,dvp_v2_2026_positions_shrunk_per100tog,10,30.0
KEY_FORWARD,Sydney Swans,Player Tackles,-0.10379212898592743,-0.20758425797185487,Bad,Good,Bad,5,5,12,12,12,1.2555936258360305,0.36245865893460527,-1.0346478692473626,0.4454265251713654,0.5,2026-09-25T06:30:47.528746+00:00,dvp_v2_2026_positions_shrunk_per100tog,10,30.0
KEY_FORWARD,West Coast Eagles,Player Tackles,0.12359411692003486,0.22246941045606272,Good,Bad,Good,6,6,15,15,15,1.9862139412197386,0.5128382344232696,-0.6493506493506493,1.5277777777777777,0.5555555555555556,2026-09-25T06:30:47.528746+00:00,dvp_v2_2026_positions_shrunk_per100tog,10,30.0
KEY_FORWARD,Western Bulldogs,Player Tackles,0.5470665912092059,0.9847198641765704,Excellent,Terrible,Excellent,6,6,15,15,15,1.5497391105138103,0.40014091773241883,-1.1912943871706758,1.4444444444444444,0.5555555555555556,2026-09-25T06:30:47.528746+00:00,dvp_v2_2026_positions_shrunk_per100tog,10,30.0
MEDIUM_DEFENDER,Adelaide Crows,Player Tackles,0.460730192449319,0.5989492501841147,Excellent,Terrible,Excellent,8,8,40,40,40,2.1856804952699878,0.345586430122902,-0.045787545787545736,1.3218186134852798,0.7692307692307693,2026-09-25T06:30:47.528746+00:00,dvp_v2_2026_positions_shrunk_per100tog,10,30.0
MEDIUM_DEFENDER,Brisbane Lions,Player Tackles,0.046026173176282784,0.05949724825226799,Neutral,Neutral,Neutral,8,8,41,41,41,2.306863312613248,0.3602715216936224,-0.4299754299754297,1.0740484273924418,0.7735849056603774,2026-09-25T06:30:47.528746+00:00,dvp_v2_2026_positions_shrunk_per100tog,10,30.0
MEDIUM_DEFENDER,Carlton,Player Tackles,-0.8028266913809083,-1.1596385542168677,Terrible,Excellent,Terrible,6,6,27,27,28,2.164159218204771,0.4164926357332448,-1.3822202822639311,-0.04131332898456197,0.6923076923076923,2026-09-25T06:30:47.528746+00:00,dvp_v2_2026_positions_shrunk_per100tog,10,30.0
MEDIUM_DEFENDER,Collingwood Magpies,Player Tackles,-0.07933616676786075,-0.09876543209876543,Bad,Good,Bad,8,8,49,49,67,1.9412570573450982,0.2773224367635855,-0.7803172437318784,0.29855202268995384,0.8032786885245902,2026-09-25T06:30:47.528746+00:00,dvp_v2_2026_positions_shrunk_per100tog,10,30.0
MEDIUM_DEFENDER,Essendon Bombers,Player Tackles,-0.013017285744558552,-0.016650016650016752,Neutral,Neutral,Neutral,7,7,43,43,71,1.7666328970541472,0.269408991103305,-0.10072522159548747,0.6423505572441743,0.7818181818181819,2026-09-25T06:30:47.528746+00:00,dvp_v2_2026_positions_shrunk_per100tog,10,30.0
MEDIUM_DEFENDER,Fremantle Dockers,Player Tackles,-0.789181944018189,-1.059758610538711,Terrible,Excellent,Terrible,7,7,35,35,59,2.045484961379687,0.3457500636186476,-1.4012394514767932,0.14355440712029832,0.7446808510638298,2026-09-25T06:30:47.528746+00:00,dvp_v2_2026_positions_shrunk_per100tog,10,30.0
MEDIUM_DEFENDER,GWS Giants,Player Tackles,-0.14373309163817144,-0.1829330257213091,Bad,Good,Bad,7,7,44,44,69,2.402298768863348,0.36216016593874717,-1.0246738513896767,0.6102427145867353,0.7857142857142857,2026-09-25T06:30:47.528746+00:00,dvp_v2_2026_positions_shrunk_per100tog,10,30.0
MEDIUM_DEFENDER,Geelong Cats,Player Tackles,0.719704667073088,1.0651629072681703,Excellent,Terrible,Excellent,5,5,25,25,25,2.356051947258378,0.4712103894516756,-0.07698170731707227,2.09204590916784,0.6756756756756757,2026-09-25T06:30:47.528746+00:00,dvp_v2_2026_positions_shrunk_per100tog,10,30.0
MEDIUM_DEFENDER,Gold Coast Suns,Player Tackles,-0.22102425876010773,-0.2857142857142856,Bad,Good,Bad,8,8,41,41,54,2.170719818072738,0.3390094799945701,-1.2216862820760177,0.4800128949065119,0.7735849056603774,2026-09-25T06:30:47.528746+00:00,dvp_v2_2026_positions_shrunk_per100tog,10,30.0
MEDIUM_DEFENDER,Hawthorn Hawks,Player Tackles,-0.022646978893015854,-0.028686173264486747,Bad,Good,Bad,8,8,45,45,61,2.95355873868247,0.4402905410155027,-0.10233500054854439,0.5,0.7894736842105263,2026-09-25T06:30:47.528746+00:00,dvp_v2_2026_positions_shrunk_per100tog,10,30.0
MEDIUM_DEFENDER,Melbourne Demons,Player Tackles,0.09761462556821209,0.1268990132386757,Good,Bad,Good,6,6,40,40,58,2.179968849104615,0.34468333956932484,-0.2704022636611783,1.0509086580815359,0.7692307692307693,2026-09-25T06:30:47.528746+00:00,dvp_v2_2026_positions_shrunk_per100tog,10,30.0
MEDIUM_DEFENDER,North Melbourne Kangaroos,Player Tackles,-0.6586122664554043,-0.8424110384894705,Terrible,Excellent,Terrible,7,7,43,43,62,2.158924938741088,0.329232966613422,-1.2535602553903602,-0.19753086419753085,0.7818181818181819,2026-09-25T06:30:47.528746+00:00,dvp_v2_2026_positions_shrunk_per100tog,10,30.0
MEDIUM_DEFENDER,Port Adelaide Power,Player Tackles,0.45811503948510124,0.5859610970158271,Excellent,Terrible,Excellent,8,8,43,43,64,1.849934631165056,0.2821123864614454,0.11489631130987243,1.2777777777777777,0.7818181818181819,2026-09-25T06:30:47.528746+00:00,dvp_v2_2026_positions_shrunk_per100tog,10,30.0
MEDIUM_DEFENDER,Richmond Tigers,Player Tackles,0.1010947718062081,0.12442433453071766,Good,Bad,Good,9,9,52,52,86,2.180212407482497,0.3023410625608051,-0.5343427794688299,0.6880285677754032,0.8125,2026-09-25T06:30:47.528746+00:00,dvp_v2_2026_positions_shrunk_per100tog,10,30.0
MEDIUM_DEFENDER,St Kilda Saints,Player Tackles,-0.02005652008030987,-0.025926721079424953,Neutral,Neutral,Neutral,7,7,41,41,61,1.9424055937540818,0.30335278869004645,-0.7103308102046539,0.65284178187404,0.7735849056603774,2026-09-25T06:30:47.528746+00:00,dvp_v2_2026_positions_shrunk_per100tog,10,30.0
MEDIUM_DEFENDER,Sydney Swans,Player Tackles,0.7005223866641105,1.0507835799961658,Excellent,Terrible,Excellent,5,5,24,24,24,1.8916256979399486,0.3861264786907479,0.042957042957042946,2.461211967592753,0.6666666666666666,2026-09-25T06:30:47.528746+00:00,dvp_v2_2026_positions_shrunk_per100tog,10,30.0
MEDIUM_DEFENDER,West Coast Eagles,Player Tackles,0.5470433181276553,0.7901736817399465,Excellent,Terrible,Excellent,6,6,27,27,28,2.510791383273821,0.4832020270040444,-0.861265745152616,2.1748038871326543,0.6923076923076923,2026-09-25T06:30:47.528746+00:00,dvp_v2_2026_positions_shrunk_per100tog,10,30.0
MEDIUM_DEFENDER,Western Bulldogs,Player Tackles,-0.007922328690990875,-0.010893201950112452,Neutral,Neutral,Neutral,6,6,32,32,32,1.7383124436410613,0.30729312917988816,-0.3926642060516299,0.9838414058542369,0.7272727272727273,2026-09-25T06:30:47.528746+00:00,dvp_v2_2026_positions_shrunk_per100tog,10,30.0
MEDIUM_FORWARD,Adelaide Crows,Player Tackles,-0.13636039311863643,-0.1992959591733917,Bad,Good,Bad,8,8,26,26,27,2.075430734069414,0.4070254543126977,-0.5780983465635114,1.2019230769230758,0.6842105263157895,2026-09-25T06:30:47.528746+00:00,dvp_v2_2026_positions_shrunk_per100tog,10,30.0
MEDIUM_FORWARD,Brisbane Lions,Player Tackles,0.2811048218684956,0.3865191300691815,Good,Bad,Good,8,8,32,32,32,2.5411045263661047,0.44920806057432566,-1.2865880156788196,1.332675117923948,0.7272727272727273,2026-09-25T06:30:47.528746+00:00,dvp_v2_2026_positions_shrunk_per100tog,10,30.0
MEDIUM_FORWARD,Carlton,Player Tackles,0.010548523206750962,0.015822784810126445,Neutral,Neutral,Neutral,6,6,24,24,25,2.841980085626093,0.5801167557445978,-1.1764705882352944,1.1755485893416928,0.6666666666666666,2026-09-25T06:30:47.528746+00:00,dvp_v2_2026_positions_shrunk_per100tog,10,30.0
MEDIUM_FORWARD,Collingwood Magpies,Player Tackles,-0.4566280041376906,-0.5902752248609171,Terrible,Excellent,Terrible,8,8,41,41,57,2.4366593930899043,0.38054226386005807,-1.25,0.8904109589041092,0.7735849056603774,2026-09-25T06:30:47.528746+00:00,dvp_v2_2026_positions_shrunk_per100tog,10,30.0
MEDIUM_FORWARD,Essendon Bombers,Player Tackles,0.7891896186286267,1.0384073929324036,Excellent,Terrible,Excellent,7,7,38,38,51,2.76285936976317,0.4481949733474244,-0.29499491447015525,1.8849206349206349,0.76,2026-09-25T06:30:47.528746+00:00,dvp_v2_2026_positions_shrunk_per100tog,10,30.0
MEDIUM_FORWARD,Fremantle Dockers,Player Tackles,-0.49629022293904734,-0.6884025673025496,Terrible,Excellent,Terrible,7,7,31,31,51,2.463346104298896,0.44243002105908263,-1.1858974358974361,0.047483380816714105,0.7209302325581395,2026-09-25T06:30:47.528746+00:00,dvp_v2_2026_positions_shrunk_per100tog,10,30.0
MEDIUM_FORWARD,GWS Giants,Player Tackles,-0.2250409165302784,-0.30219780219780246,Bad,Good,Bad,7,7,35,35,49,2.169243037090961,0.36666899646752693,-1.282051282051282,0.725376491081071,0.7446808510638298,2026-09-25T06:30:47.528746+00:00,dvp_v2_2026_positions_shrunk_per100tog,10,30.0
MEDIUM_FORWARD,Geelong Cats,Player Tackles,0.656320513760795,1.050112822017272,Excellent,Terrible,Excellent,5,5,20,20,20,2.6238154365763733,0.5867029676598059,-0.038922210696583304,2.356828226646384,0.625,2026-09-25T06:30:47.528746+00:00,dvp_v2_2026_positions_shrunk_per100tog,10,30.0
MEDIUM_FORWARD,Gold Coast Suns,Player Tackles,-0.029772079772079806,-0.03917378917378922,Bad,Good,Bad,8,8,38,38,49,2.0844999144938123,0.33815053847613924,-0.7233881641141993,1.1543481531571813,0.76,2026-09-25T06:30:47.528746+00:00,dvp_v2_2026_positions_shrunk_per100tog,10,30.0
MEDIUM_FORWARD,Hawthorn Hawks,Player Tackles,0.08486252195265451,0.11032127853845086,Good,Bad,Good,8,8,40,40,56,3.5620028245442334,0.5632020978756448,-0.941234039323387,0.6619342470401051,0.7692307692307693,2026-09-25T06:30:47.528746+00:00,dvp_v2_2026_positions_shrunk_per100tog,10,30.0
MEDIUM_FORWARD,Melbourne Demons,Player Tackles,-0.6036315487641725,-0.8299933795507372,Terrible,Excellent,Terrible,6,6,32,32,49,1.7151531001043692,0.3031990969642322,-1.6443089430894315,-0.2736055000925856,0.7272727272727273,2026-09-25T06:30:47.528746+00:00,dvp_v2_2026_positions_shrunk_per100tog,10,30.0
MEDIUM_FORWARD,North Melbourne Kangaroos,Player Tackles,0.14032259268381916,0.18349877504807122,Good,Bad,Good,7,7,39,39,53,2.325162704157486,0.3723240111131822,-0.5614164994995384,1.0751631417564278,0.7647058823529411,2026-09-25T06:30:47.528746+00:00,dvp_v2_2026_positions_shrunk_per100tog,10,30.0
MEDIUM_FORWARD,Port Adelaide Power,Player Tackles,-0.011947817101524049,-0.015822784810126445,Neutral,Neutral,Neutral,8,8,37,37,62,2.3746936934647507,0.3903972383660236,-1.1904761904761905,1.1838826521437569,0.7551020408163265,2026-09-25T06:30:47.528746+00:00,dvp_v2_2026_positions_shrunk_per100tog,10,30.0
MEDIUM_FORWARD,Richmond Tigers,Player Tackles,0.44659102186641997,0.5656819610307986,Excellent,Terrible,Excellent,9,9,45,45,58,2.897325033395903,0.4319077151723391,-0.28998778998778985,1.3243640950178688,0.7894736842105263,2026-09-25T06:30:47.528746+00:00,dvp_v2_2026_positions_shrunk_per100tog,10,30.0
MEDIUM_FORWARD,St Kilda Saints,Player Tackles,-0.3396424806511578,-0.45609133116012623,Terrible,Excellent,Terrible,7,7,35,35,50,2.338172918573383,0.3952233580846576,-1.2275395837039673,0.17028522775649213,0.7446808510638298,2026-09-25T06:30:47.528746+00:00,dvp_v2_2026_positions_shrunk_per100tog,10,30.0
MEDIUM_FORWARD,Sydney Swans,Player Tackles,-0.07147226128772027,-0.11435561806035244,Bad,Good,Bad,5,5,20,20,20,2.214477482534624,0.4951722185590022,-1.0702018494237135,1.3662659079489399,0.625,2026-09-25T06:30:47.528746+00:00,dvp_v2_2026_positions_shrunk_per100tog,10,30.0
MEDIUM_FORWARD,West Coast Eagles,Player Tackles,1.6667062483672546,2.3563777994157737,Excellent,Terrible,Excellent,6,6,29,29,30,2.265780009470061,0.4207447850933468,0.19407026388755627,2.7582376897445395,0.7073170731707317,2026-09-25T06:30:47.528746+00:00,dvp_v2_2026_positions_shrunk_per100tog,10,30.0
MEDIUM_FORWARD,Western Bulldogs,Player Tackles,0.35214643666797346,0.5442263112141408,Good,Bad,Good,6,6,22,22,24,2.8473842255269193,0.6070643566220042,-1.4829810341149792,2.287448270111844,0.6470588235294118,2026-09-25T06:30:47.528746+00:00,dvp_v2_2026_positions_shrunk_per100tog,10,30.0
MIDFIELDER,Adelaide Crows,Player Tackles,-0.3226517250062961,-0.408692185007975,Terrible,Excellent,Terrible,8,8,45,45,45,3.109502636035278,0.4635372846926446,-1.0223608270970121,1.0164940544687378,0.7894736842105263,2026-09-25T06:30:47.528746+00:00,dvp_v2_2026_positions_shrunk_per100tog,10,30.0
MIDFIELDER,Brisbane Lions,Player Tackles,-0.24527972790302124,-0.3106876553438269,Bad,Good,Bad,8,8,45,45,45,3.1280213410446858,0.46629789024306467,-1.9719771665801769,0.4517221908526263,0.7894736842105263,2026-09-25T06:30:47.528746+00:00,dvp_v2_2026_positions_shrunk_per100tog,10,30.0
MIDFIELDER,Carlton,Player Tackles,-0.5248381230233177,-0.6997841640310902,Terrible,Excellent,Terrible,6,6,36,36,36,2.6242564519840017,0.43737607533066697,-1.2693470912648994,0.204771163272674,0.75,2026-09-25T06:30:47.528746+00:00,dvp_v2_2026_positions_shrunk_per100tog,10,30.0
MIDFIELDER,Collingwood Magpies,Player Tackles,0.031707816699783245,0.03931769270773122,Neutral,Neutral,Neutral,8,8,50,50,79,2.428870891610482,0.34349421561687754,-0.9519271927881114,0.8617521708344036,0.8064516129032258,2026-09-25T06:30:47.528746+00:00,dvp_v2_2026_positions_shrunk_per100tog,10,30.0
MIDFIELDER,Essendon Bombers,Player Tackles,0.07699506289636611,0.0966533768273532,Good,Bad,Good,7,7,47,47,64,2.716175853595361,0.3961949677914738,-0.46775810223855707,0.6758742286218045,0.7966101694915254,2026-09-25T06:30:47.528746+00:00,dvp_v2_2026_positions_shrunk_per100tog,10,30.0
MIDFIELDER,Fremantle Dockers,Player Tackles,-0.6784583167858912,-0.8238422418114393,Terrible,Excellent,Terrible,7,7,56,56,90,2.7395647354860375,0.3660897367527404,-1.6487751300202245,0.05430778589436428,0.8235294117647058,2026-09-25T06:30:47.528746+00:00,dvp_v2_2026_positions_shrunk_per100tog,10,30.0
MIDFIELDER,GWS Giants,Player Tackles,-0.3795475521510097,-0.47443444018876213,Terrible,Excellent,Terrible,7,7,48,48,77,2.881318425874261,0.4158824921998834,-1.2398641412539841,0.5851004093348973,0.8,2026-09-25T06:30:47.528746+00:00,dvp_v2_2026_positions_shrunk_per100tog,10,30.0
MIDFIELDER,Geelong Cats,Player Tackles,0.1647058823529412,0.23529411764705888,Good,Bad,Good,5,5,28,28,28,3.185295343078331,0.6019642378626735,-0.39382988097011373,1.3523325854839374,0.7,2026-09-25T06:30:47.528746+00:00,dvp_v2_2026_positions_shrunk_per100tog,10,30.0
MIDFIELDER,Gold Coast Suns,Player Tackles,0.6839290740219532,0.8359133126934983,Excellent,Terrible,Excellent,8,8,54,54,68,2.805881324496775,0.3818320846567627,-0.14492990636067604,1.919160506052229,0.8181818181818182,2026-09-25T06:30:47.528746+00:00,dvp_v2_2026_positions_shrunk_per100tog,10,30.0
MIDFIELDER,Hawthorn Hawks,Player Tackles,0.5534147805912849,0.6862343279331933,Excellent,Terrible,Excellent,8,8,50,50,74,3.3170124753339985,0.4690964029178092,-0.41705100199180195,1.5259831281698397,0.8064516129032258,2026-09-25T06:30:47.528746+00:00,dvp_v2_2026_positions_shrunk_per100tog,10,30.0
MIDFIELDER,Melbourne Demons,Player Tackles,-0.22345301757066457,-0.29220779220779214,Bad,Good,Bad,6,6,39,39,64,2.8125000413991015,0.45036043920596924,-1.1111111111111112,0.6518282988871222,0.7647058823529411,2026-09-25T06:30:47.528746+00:00,dvp_v2_2026_positions_shrunk_per100tog,10,30.0
MIDFIELDER,North Melbourne Kangaroos,Player Tackles,0.057104671648138206,0.0716845878136203,Good,Bad,Good,7,7,47,47,71,2.7617958237081988,0.40284932434411713,-0.5925925925925934,1.0256410256410247,0.7966101694915254,2026-09-25T06:30:47.528746+00:00,dvp_v2_2026_positions_shrunk_per100tog,10,30.0
MIDFIELDER,Port Adelaide Power,Player Tackles,0.3332413200834258,0.408692185007975,Good,Bad,Good,8,8,53,53,81,3.063149334520577,0.42075592004879797,-0.2932551319648091,2.181878747501665,0.8153846153846154,2026-09-25T06:30:47.528746+00:00,dvp_v2_2026_positions_shrunk_per100tog,10,30.0
MIDFIELDER,Richmond Tigers,Player Tackles,0.9962302222427993,1.1954762666913592,Excellent,Terrible,Excellent,9,9,60,60,82,3.0783955096056212,0.3974191513914088,0.013850224635484576,1.673095531268394,0.8333333333333334,2026-09-25T06:30:47.528746+00:00,dvp_v2_2026_positions_shrunk_per100tog,10,30.0
MIDFIELDER,St Kilda Saints,Player Tackles,-0.9031433917205408,-1.1387460156476383,Terrible,Excellent,Terrible,7,7,46,46,72,2.9348361389846724,0.43271798132598566,-1.8940817154954221,-0.05056589424684521,0.7931034482758621,2026-09-25T06:30:47.528746+00:00,dvp_v2_2026_positions_shrunk_per100tog,10,30.0
MIDFIELDER,Sydney Swans,Player Tackles,0.08363579404929396,0.11824370882831214,Good,Bad,Good,5,5,29,29,29,2.564342425358874,0.47618643387877746,-1.4479773100462756,1.264679313459801,0.7073170731707317,2026-09-25T06:30:47.528746+00:00,dvp_v2_2026_positions_shrunk_per100tog,10,30.0
MIDFIELDER,West Coast Eagles,Player Tackles,-0.47666815505329885,-0.6355575400710651,Terrible,Excellent,Terrible,6,6,36,36,36,2.3348181260955663,0.389136354349261,-1.36477451217592,0.012223071046589337,0.75,2026-09-25T06:30:47.528746+00:00,dvp_v2_2026_positions_shrunk_per100tog,10,30.0
MIDFIELDER,Western Bulldogs,Player Tackles,0.42988729981599366,0.5693102078644241,Good,Bad,Good,6,6,37,37,37,2.8591708245885203,0.4700447880953761,-0.21407685881370053,1.2976694915254234,0.7551020408163265,2026-09-25T06:30:47.528746+00:00,dvp_v2_2026_positions_shrunk_per100tog,10,30.0
MIDFIELDER_FORWARD,Adelaide Crows,Player Tackles,0.23733524694494562,0.3955587449082427,Good,Bad,Good,8,8,18,18,19,2.143292080399131,0.505178788037883,-0.9622884748063214,2.0433996383363473,0.6,2026-09-25T06:30:47.528746+00:00,dvp_v2_2026_positions_shrunk_per100tog,10,30.0
MIDFIELDER_FORWARD,Brisbane Lions,Player Tackles,-0.04117455513628446,-0.10293638784071113,Bad,Good,Bad,6,6,8,8,9,2.957189197461345,1.0455242673882605,-3.287152467004788,2.4525316455696204,0.4,2026-09-25T06:30:47.528746+00:00,dvp_v2_2026_positions_shrunk_per100tog,10,30.0
MIDFIELDER_FORWARD,Carlton,Player Tackles,-0.34255935826074063,-0.8563983956518515,Terrible,Excellent,Terrible,5,5,8,8,8,1.9453831396393864,0.6877968050224932,-3.3596836968547494,0.0,0.4,2026-09-25T06:30:47.528746+00:00,dvp_v2_2026_positions_shrunk_per100tog,10,30.0
MIDFIELDER_FORWARD,Collingwood Magpies,Player Tackles,-0.09144482828693397,-0.21337126600284595,Bad,Good,Bad,8,8,9,9,23,2.989684452015025,0.9965614840050083,-1.4157228514323785,3.1428571428571432,0.42857142857142855,2026-09-25T06:30:47.528746+00:00,dvp_v2_2026_positions_shrunk_per100tog,10,30.0
MIDFIELDER_FORWARD,Essendon Bombers,Player Tackles,0.8941537845233122,1.7883075690466244,Excellent,Terrible,Excellent,6,6,12,12,20,3.2305249411866774,0.9325722222089642,-0.9230392497797562,3.377522126036419,0.5,2026-09-25T06:30:47.528746+00:00,dvp_v2_2026_positions_shrunk_per100tog,10,30.0
MIDFIELDER_FORWARD,Fremantle Dockers,Player Tackles,-0.14113398085486875,-0.3830779480346438,Bad,Good,Bad,4,4,7,7,7,2.926277480835585,1.106028925922791,-2.2023809523809526,2.504018485031143,0.3684210526315789,2026-09-25T06:30:47.528746+00:00,dvp_v2_2026_positions_shrunk_per100tog,10,30.0
MIDFIELDER_FORWARD,GWS Giants,Player Tackles,0.02893309222423149,0.06751054852320681,Neutral,Neutral,Neutral,7,7,9,9,22,4.356247289990335,1.4520824299967783,-2.876101660176264,5.974642446161434,0.42857142857142855,2026-09-25T06:30:47.528746+00:00,dvp_v2_2026_positions_shrunk_per100tog,10,30.0
MIDFIELDER_FORWARD,Geelong Cats,Player Tackles,0.8333333333333334,1.9444444444444446,Excellent,Terrible,Excellent,5,5,9,9,9,2.833736743435332,0.944578914478444,-2.1298604895651314,2.701754385964912,0.42857142857142855,2026-09-25T06:30:47.528746+00:00,dvp_v2_2026_positions_shrunk_per100tog,10,30.0
MIDFIELDER_FORWARD,Gold Coast Suns,Player Tackles,-0.3487059785128772,-0.6705884202170715,Terrible,Excellent,Terrible,6,6,13,13,21,2.030702981408006,0.5632156711310895,-0.9523809523809526,-0.02795638803466627,0.52,2026-09-25T06:30:47.528746+00:00,dvp_v2_2026_positions_shrunk_per100tog,10,30.0
MIDFIELDER_FORWARD,Hawthorn Hawks,Player Tackles,0.3318896525750869,0.6163664976394472,Good,Bad,Good,7,7,14,14,15,3.0469405892046746,0.8143291259042155,-1.8581081081081088,3.9048874824191278,0.5384615384615384,2026-09-25T06:30:47.528746+00:00,dvp_v2_2026_positions_shrunk_per100tog,10,30.0
MIDFIELDER_FORWARD,Melbourne Demons,Player Tackles,-0.6939421107043753,-1.5266726435496256,Terrible,Excellent,Terrible,6,6,10,10,13,2.9706550424663116,0.9394036076857765,-3.2495703628211947,-0.04868549172346626,0.45454545454545453,2026-09-25T06:30:47.528746+00:00,dvp_v2_2026_positions_shrunk_per100tog,10,30.0
MIDFIELDER_FORWARD,North Melbourne Kangaroos,Player Tackles,-0.8520119054006522,-1.8744261918814349,Terrible,Excellent,Terrible,6,6,10,10,10,4.512265100830295,1.426903512511306,-3.846153846153846,0.4621478873239431,0.45454545454545453,2026-09-25T06:30:47.528746+00:00,dvp_v2_2026_positions_shrunk_per100tog,10,30.0
MIDFIELDER_FORWARD,Port Adelaide Power,Player Tackles,0.5687666370896185,1.32712215320911,Excellent,Terrible,Excellent,7,7,9,9,13,2.0603365021409052,0.6867788340469684,-0.7058823529411764,3.571428571428571,0.42857142857142855,2026-09-25T06:30:47.528746+00:00,dvp_v2_2026_positions_shrunk_per100tog,10,30.0
MIDFIELDER_FORWARD,Richmond Tigers,Player Tackles,-0.4082100376374461,-0.8164200752748922,Terrible,Excellent,Terrible,7,7,12,12,23,3.113715637054541,0.8988522806166932,-2.300150829562594,0.6005429132053074,0.5,2026-09-25T06:30:47.528746+00:00,dvp_v2_2026_positions_shrunk_per100tog,10,30.0
MIDFIELDER_FORWARD,St Kilda Saints,Player Tackles,-1.3982069305468166,-2.688859481820801,Terrible,Excellent,Terrible,6,6,13,13,26,2.743685175415519,0.7609613525916203,-3.5116374030216413,1.0204305839706214,0.52,2026-09-25T06:30:47.528746+00:00,dvp_v2_2026_positions_shrunk_per100tog,10,30.0
MIDFIELDER_FORWARD,Sydney Swans,Player Tackles,0.9089638423705566,2.72689152711167,Excellent,Terrible,Excellent,4,4,6,6,6,2.745916432105126,1.121015689163548,-0.6121367117262329,4.545454545454546,0.3333333333333333,2026-09-25T06:30:47.528746+00:00,dvp_v2_2026_positions_shrunk_per100tog,10,30.0
MIDFIELDER_FORWARD,West Coast Eagles,Player Tackles,0.4457812438766313,1.5156562291805464,Excellent,Terrible,Excellent,4,4,5,5,5,0.6279547392196764,0.2808298967376699,1.1024182076813656,2.665755297334245,0.29411764705882354,2026-09-25T06:30:47.528746+00:00,dvp_v2_2026_positions_shrunk_per100tog,10,30.0
MIDFIELDER_FORWARD,Western Bulldogs,Player Tackles,0.4432603518346042,1.2031352406939257,Excellent,Terrible,Excellent,4,4,7,7,7,2.8268228649560387,1.068438614443543,-2.249200075287032,1.551078623640578,0.3684210526315789,2026-09-25T06:30:47.528746+00:00,dvp_v2_2026_positions_shrunk_per100tog,10,30.0
RUCK,Adelaide Crows,Player Tackles,0.10614750885065152,0.22194479123318045,Good,Bad,Good,8,8,11,11,11,3.306815201439735,0.9970422976562827,-1.5857983047915591,1.530924678505817,0.4782608695652174,2026-09-25T06:30:47.528746+00:00,dvp_v2_2026_positions_shrunk_per100tog,10,30.0
RUCK,Brisbane Lions,Player Tackles,0.008809533155653885,0.01841993296182176,Neutral,Neutral,Neutral,8,8,11,11,12,1.9555122754681793,0.5896091355147328,-0.5575379125780549,1.3157894736842102,0.4782608695652174,2026-09-25T06:30:47.528746+00:00,dvp_v2_2026_positions_shrunk_per100tog,10,30.0
RUCK,Carlton,Player Tackles,-0.041918175720992705,-0.09780907668231631,Bad,Good,Bad,6,6,9,9,9,3.4430197835353367,1.1476732611784455,-2.353266888150609,2.0743034055727554,0.42857142857142855,2026-09-25T06:30:47.528746+00:00,dvp_v2_2026_positions_shrunk_per100tog,10,30.0
RUCK,Collingwood Magpies,Player Tackles,0.061579777570186664,0.13547551065441066,Good,Bad,Good,8,8,10,10,16,3.6828736451114477,1.1646269053158818,-3.1285397183529184,2.148468815135481,0.45454545454545453,2026-09-25T06:30:47.528746+00:00,dvp_v2_2026_positions_shrunk_per100tog,10,30.0
RUCK,Essendon Bombers,Player Tackles,-0.2285714285714287,-0.4395604395604398,Bad,Good,Bad,6,6,13,13,22,2.823486145810055,0.7830941595600267,-1.7857142857142856,0.0,0.52,2026-09-25T06:30:47.528746+00:00,dvp_v2_2026_positions_shrunk_per100tog,10,30.0
RUCK,Fremantle Dockers,Player Tackles,-0.2650836365526439,-0.49229818216919585,Terrible,Excellent,Terrible,7,7,14,14,23,2.625909391557393,0.7018038051371275,-1.1863468172513993,1.9948572570826293,0.5384615384615384,2026-09-25T06:30:47.528746+00:00,dvp_v2_2026_positions_shrunk_per100tog,10,30.0
RUCK,GWS Giants,Player Tackles,-0.030901466308164954,-0.0679832258779629,Bad,Good,Bad,7,7,10,10,16,3.0229472939056232,0.9559398695384208,-1.811610403159699,2.2582259825772737,0.45454545454545453,2026-09-25T06:30:47.528746+00:00,dvp_v2_2026_positions_shrunk_per100tog,10,30.0
RUCK,Geelong Cats,Player Tackles,0.010822510822510801,0.027056277056277,Neutral,Neutral,Neutral,5,5,8,8,8,1.9084253616668034,0.674730257311493,-2.4140365862148525,0.6505931879066207,0.4,2026-09-25T06:30:47.528746+00:00,dvp_v2_2026_positions_shrunk_per100tog,10,30.0
RUCK,Gold Coast Suns,Player Tackles,0.2585825454864559,0.4802247273319895,Good,Bad,Good,8,8,14,14,17,3.265935435103394,0.8728579603915272,-1.4511494252873565,3.668797135778268,0.5384615384615384,2026-09-25T06:30:47.528746+00:00,dvp_v2_2026_positions_shrunk_per100tog,10,30.0
RUCK,Hawthorn Hawks,Player Tackles,0.5456689536878216,1.0913379073756433,Excellent,Terrible,Excellent,8,8,12,12,17,2.4533773749471246,0.70822904392473,-0.9252204636372886,2.2919743421663306,0.5,2026-09-25T06:30:47.528746+00:00,dvp_v2_2026_positions_shrunk_per100tog,10,30.0
RUCK,Melbourne Demons,Player Tackles,0.013843417352189125,0.03460854338047281,Neutral,Neutral,Neutral,6,6,8,8,13,1.5254967056496025,0.5393445326212862,-1.1979289173557206,1.4076246334310853,0.4,2026-09-25T06:30:47.528746+00:00,dvp_v2_2026_positions_shrunk_per100tog,10,30.0
RUCK,North Melbourne Kangaroos,Player Tackles,-0.022148542894344685,-0.04631058968817525,Bad,Good,Bad,7,7,11,11,18,3.226094578009735,0.9727041139507482,-2.4691358024691357,2.5767543859649127,0.4782608695652174,2026-09-25T06:30:47.528746+00:00,dvp_v2_2026_positions_shrunk_per100tog,10,30.0
RUCK,Port Adelaide Power,Player Tackles,-0.027085590465872094,-0.05030181086519103,Bad,Good,Bad,8,8,14,14,23,3.279075684316362,0.8763698397152238,-1.9800597173828103,1.52534965034965,0.5384615384615384,2026-09-25T06:30:47.528746+00:00,dvp_v2_2026_positions_shrunk_per100tog,10,30.0
RUCK,Richmond Tigers,Player Tackles,0.4579945799457996,0.8807588075880761,Excellent,Terrible,Excellent,9,9,13,13,19,2.81888149783157,0.7818170599914198,-0.8367840557275534,3.497444175410278,0.52,2026-09-25T06:30:47.528746+00:00,dvp_v2_2026_positions_shrunk_per100tog,10,30.0
RUCK,St Kilda Saints,Player Tackles,0.34215535722114787,0.6843107144422957,Good,Bad,Good,7,7,12,12,21,3.532727213908237,1.0198105039617187,-0.6218840176109198,2.710754627015117,0.5,2026-09-25T06:30:47.528746+00:00,dvp_v2_2026_positions_shrunk_per100tog,10,30.0
RUCK,Sydney Swans,Player Tackles,-0.6505754475703325,-1.3602941176470589,Terrible,Excellent,Terrible,5,5,11,11,11,1.789461410303165,0.5395429158905284,-2.409080767514502,0.19841269841269837,0.4782608695652174,2026-09-25T06:30:47.528746+00:00,dvp_v2_2026_positions_shrunk_per100tog,10,30.0
RUCK,West Coast Eagles,Player Tackles,1.1718587173734476,2.929646793433619,Excellent,Terrible,Excellent,6,6,8,8,8,2.533052031432015,0.8955691342619686,-0.051264524948735346,4.6568322523621735,0.4,2026-09-25T06:30:47.528746+00:00,dvp_v2_2026_positions_shrunk_per100tog,10,30.0
RUCK,Western Bulldogs,Player Tackles,0.20857913543661782,0.5214478385915445,Good,Bad,Good,6,6,8,8,8,4.12202277230736,1.457355127251953,-3.671637004970338,4.065102782208045,0.4,2026-09-25T06:30:47.528746+00:00,dvp_v2_2026_positions_shrunk_per100tog,10,30.0
