match,market_name,player_name,player_team,under_line,opposition_team,over_price,over_agency,under_price,under_agency,over_line,margin
Hawthorn Hawks v Brisbane Lions,Player Disposals,Dayne Zorko,Brisbane Lions,25.5,Hawthorn Hawks,2.15,Pointsbet,1.93,Sportsbet,25.5,1.674900590432582
Sydney Swans v Fremantle Dockers,Player Disposals,Murphy Reid,Fremantle Dockers,22.5,Sydney Swans,2.15,Pointsbet,1.91,Sportsbet,22.5,1.1323511506148742
Hawthorn Hawks v Brisbane Lions,Player Disposals,Conor McKenna,Brisbane Lions,12.5,Hawthorn Hawks,2.25,Pointsbet,1.83,Sportsbet,12.5,0.9107468123861651
Hawthorn Hawks v Brisbane Lions,Player Disposals,Kai Lohmann,Brisbane Lions,12.5,Hawthorn Hawks,2.25,Pointsbet,1.83,Sportsbet,12.5,0.9107468123861651
Hawthorn Hawks v Brisbane Lions,Player Disposals,Levi Ashcroft,Brisbane Lions,18.5,Hawthorn Hawks,2.15,Pointsbet,1.9,Sportsbet,18.5,0.8567931456548328
Sydney Swans v Fremantle Dockers,Player Disposals,Shai Bolton,Fremantle Dockers,21.5,Sydney Swans,2.15,Pointsbet,1.86,Sportsbet,21.5,-0.2750687671917884
Hawthorn Hawks v Brisbane Lions,Player Disposals,Ryan Lester,Brisbane Lions,15.5,Hawthorn Hawks,2.05,Pointsbet,1.89,Sportsbet,15.5,-1.690540714930977
Sydney Swans v Fremantle Dockers,Player Disposals,Heath Chapman,Fremantle Dockers,14.5,Sydney Swans,1.88,Pointsbet,1.96,Sportsbet,14.5,-4.211897524967423
Sydney Swans v Fremantle Dockers,Player Disposals,Karl Worner,Fremantle Dockers,17.5,Sydney Swans,1.9,Pointsbet,1.91,Sportsbet,17.5,-4.987599889776795
Hawthorn Hawks v Brisbane Lions,Player Disposals,Dayne Zorko,Brisbane Lions,25.5,Hawthorn Hawks,1.88,Pointsbet,1.93,Sportsbet,24.5,-5.004960864292807
Sydney Swans v Fremantle Dockers,Player Disposals,Corey Wagner,Fremantle Dockers,15.5,Sydney Swans,1.88,Pointsbet,1.92,Sportsbet,15.5,-5.274822695035475
Hawthorn Hawks v Brisbane Lions,Player Disposals,Will Ashcroft,Brisbane Lions,28.5,Hawthorn Hawks,1.9,Pointsbet,1.89,Sportsbet,28.5,-5.541631857421336
Sydney Swans v Fremantle Dockers,Player Disposals,Caleb Serong,Fremantle Dockers,23.5,Sydney Swans,1.88,Pointsbet,1.91,Sportsbet,23.5,-5.547510304110492
Hawthorn Hawks v Brisbane Lions,Player Disposals,Josh Dunkley,Brisbane Lions,22.5,Hawthorn Hawks,1.88,Pointsbet,1.91,Sportsbet,22.5,-5.547510304110492
Sydney Swans v Fremantle Dockers,Player Disposals,Murphy Reid,Fremantle Dockers,22.5,Sydney Swans,1.88,Pointsbet,1.91,Sportsbet,21.5,-5.547510304110492
Sydney Swans v Fremantle Dockers,Player Disposals,Sam Wicks,Sydney Swans,15.5,Fremantle Dockers,1.88,Pointsbet,1.91,Sportsbet,15.5,-5.547510304110492
Hawthorn Hawks v Brisbane Lions,Player Disposals,Will Day,Hawthorn Hawks,22.5,Brisbane Lions,1.88,Pointsbet,1.91,Sportsbet,22.5,-5.547510304110492
Hawthorn Hawks v Brisbane Lions,Player Disposals,Harry Morrison,Hawthorn Hawks,15.5,Brisbane Lions,1.9,Pointsbet,1.88,Sportsbet,15.5,-5.823068309070534
Hawthorn Hawks v Brisbane Lions,Player Disposals,Jack Ginnivan,Hawthorn Hawks,16.5,Brisbane Lions,1.88,Pointsbet,1.9,Sportsbet,16.5,-5.823068309070534
Hawthorn Hawks v Brisbane Lions,Player Disposals,Levi Ashcroft,Brisbane Lions,18.5,Hawthorn Hawks,1.88,Pointsbet,1.9,Sportsbet,17.5,-5.823068309070534
Hawthorn Hawks v Brisbane Lions,Player Disposals,Massimo D'Ambrosio,Hawthorn Hawks,18.5,Brisbane Lions,1.9,Pointsbet,1.88,Sportsbet,18.5,-5.823068309070534
Hawthorn Hawks v Brisbane Lions,Player Disposals,Dayne Zorko,Brisbane Lions,25.5,Hawthorn Hawks,1.85,Neds,1.93,Sportsbet,25.5,-5.867525556644715
Sydney Swans v Fremantle Dockers,Player Disposals,Caiden Cleary,Sydney Swans,14.5,Fremantle Dockers,2.05,TAB,1.75,Sportsbet,14.5,-5.923344947735187
Sydney Swans v Fremantle Dockers,Player Disposals,Heath Chapman,Fremantle Dockers,14.5,Sydney Swans,1.82,BetRight,1.96,Sportsbet,14.5,-5.965463108320246
Hawthorn Hawks v Brisbane Lions,Player Disposals,Blake Hardwick,Hawthorn Hawks,15.5,Brisbane Lions,1.88,Pointsbet,1.89,Sportsbet,15.5,-6.101542271755056
Hawthorn Hawks v Brisbane Lions,Player Disposals,Lachie Neale,Brisbane Lions,26.5,Hawthorn Hawks,1.88,Pointsbet,1.89,Sportsbet,26.5,-6.101542271755056
Hawthorn Hawks v Brisbane Lions,Player Disposals,Bailey Macdonald,Hawthorn Hawks,10.5,Brisbane Lions,1.88,Pointsbet,1.88,Sportsbet,10.5,-6.382978723404253
Hawthorn Hawks v Brisbane Lions,Player Disposals,Darcy Wilmot,Brisbane Lions,18.5,Hawthorn Hawks,1.88,Pointsbet,1.88,Sportsbet,18.5,-6.382978723404253
Hawthorn Hawks v Brisbane Lions,Player Disposals,Jai Newcombe,Hawthorn Hawks,23.5,Brisbane Lions,1.88,Pointsbet,1.88,Sportsbet,23.5,-6.382978723404253
Hawthorn Hawks v Brisbane Lions,Player Disposals,Josh Battle,Hawthorn Hawks,17.5,Brisbane Lions,1.88,Pointsbet,1.88,Sportsbet,17.5,-6.382978723404253
Hawthorn Hawks v Brisbane Lions,Player Disposals,Josh Ward,Hawthorn Hawks,20.5,Brisbane Lions,1.88,Pointsbet,1.88,Sportsbet,20.5,-6.382978723404253
Hawthorn Hawks v Brisbane Lions,Player Disposals,Mitch Lewis,Hawthorn Hawks,11.5,Brisbane Lions,1.88,Pointsbet,1.88,Sportsbet,11.5,-6.382978723404253
Sydney Swans v Fremantle Dockers,Player Disposals,Neil Erasmus,Fremantle Dockers,16.5,Sydney Swans,1.9,Pointsbet,1.86,Sportsbet,16.5,-6.3950198075834574
Sydney Swans v Fremantle Dockers,Player Disposals,Caleb Serong,Fremantle Dockers,23.5,Sydney Swans,1.85,Neds,1.91,Sportsbet,23.5,-6.410074996462423
Sydney Swans v Fremantle Dockers,Player Disposals,Jordan Clark,Fremantle Dockers,22.5,Sydney Swans,1.83,Pointsbet,1.93,Sportsbet,22.5,-6.458280245760073
Sydney Swans v Fremantle Dockers,Player Disposals,Luke Ryan,Fremantle Dockers,19.5,Sydney Swans,1.83,Pointsbet,1.93,Sportsbet,19.5,-6.458280245760073
Sydney Swans v Fremantle Dockers,Player Disposals,Dane Rampe,Sydney Swans,14.5,Fremantle Dockers,1.88,BetRight,1.87,Sportsbet,14.5,-6.667425190579124
Sydney Swans v Fremantle Dockers,Player Disposals,Dane Rampe,Sydney Swans,14.5,Fremantle Dockers,1.88,Pointsbet,1.87,Sportsbet,14.5,-6.667425190579124
Sydney Swans v Fremantle Dockers,Player Disposals,Isaiah Dudley,Fremantle Dockers,10.5,Sydney Swans,1.88,Pointsbet,1.87,Sportsbet,10.5,-6.667425190579124
Hawthorn Hawks v Brisbane Lions,Player Disposals,Zac Bailey,Brisbane Lions,21.5,Hawthorn Hawks,1.88,Pointsbet,1.87,Sportsbet,21.5,-6.667425190579124
Sydney Swans v Fremantle Dockers,Player Disposals,Oscar McDonald,Fremantle Dockers,12.5,Sydney Swans,1.88,Pointsbet,1.86,Sportsbet,12.5,-6.954930221917177
Sydney Swans v Fremantle Dockers,Player Disposals,Shai Bolton,Fremantle Dockers,21.5,Sydney Swans,1.88,Pointsbet,1.86,Sportsbet,20.5,-6.954930221917177
Sydney Swans v Fremantle Dockers,Player Disposals,Tom Papley,Sydney Swans,15.5,Fremantle Dockers,1.88,Pointsbet,1.86,Sportsbet,15.5,-6.954930221917177
Sydney Swans v Fremantle Dockers,Player Disposals,Hayden Young,Fremantle Dockers,19.5,Sydney Swans,1.83,Pointsbet,1.91,Sportsbet,19.5,-7.000829685577781
Sydney Swans v Fremantle Dockers,Player Disposals,Karl Worner,Fremantle Dockers,17.5,Sydney Swans,1.83,Sportsbet,1.91,Sportsbet,17.5,-7.000829685577781
Hawthorn Hawks v Brisbane Lions,Player Disposals,Dayne Zorko,Brisbane Lions,25.5,Hawthorn Hawks,1.81,Sportsbet,1.93,Sportsbet,25.5,-7.062090287121059
Sydney Swans v Fremantle Dockers,Player Disposals,Braeden Campbell,Sydney Swans,16.5,Fremantle Dockers,2,Sportsbet,1.75,Sportsbet,16.5,-7.14285714285714
Sydney Swans v Fremantle Dockers,Player Disposals,Caiden Cleary,Sydney Swans,14.5,Fremantle Dockers,2,BetRight,1.75,Sportsbet,14.5,-7.14285714285714
Sydney Swans v Fremantle Dockers,Player Disposals,Caiden Cleary,Sydney Swans,14.5,Fremantle Dockers,2,Sportsbet,1.75,Sportsbet,14.5,-7.14285714285714
Sydney Swans v Fremantle Dockers,Player Disposals,Hayden McLean,Sydney Swans,9.5,Fremantle Dockers,1.79,Sportsbet,1.95,Sportsbet,9.5,-7.147973069760782
Sydney Swans v Fremantle Dockers,Player Disposals,Heath Chapman,Fremantle Dockers,14.5,Sydney Swans,1.78,Sportsbet,1.96,Sportsbet,14.5,-7.2001834441641765
Sydney Swans v Fremantle Dockers,Player Disposals,Jake Lloyd,Sydney Swans,20.5,Fremantle Dockers,1.78,Sportsbet,1.96,Sportsbet,20.5,-7.2001834441641765
Sydney Swans v Fremantle Dockers,Player Disposals,Harry Kyle,Sydney Swans,10.5,Fremantle Dockers,1.74,Sportsbet,2.01,Sportsbet,10.5,-7.222508148910611
Sydney Swans v Fremantle Dockers,Player Disposals,Angus Sheldrick,Sydney Swans,17.5,Fremantle Dockers,1.87,Sportsbet,1.86,Sportsbet,17.5,-7.2393766890920475
Sydney Swans v Fremantle Dockers,Player Disposals,Dane Rampe,Sydney Swans,14.5,Fremantle Dockers,1.86,Sportsbet,1.87,Sportsbet,14.5,-7.2393766890920475
Hawthorn Hawks v Brisbane Lions,Player Disposals,Harris Andrews,Brisbane Lions,12.5,Hawthorn Hawks,1.86,Sportsbet,1.87,Sportsbet,12.5,-7.2393766890920475
Hawthorn Hawks v Brisbane Lions,Player Disposals,Hugh McCluggage,Brisbane Lions,17.5,Hawthorn Hawks,1.86,Sportsbet,1.87,Sportsbet,17.5,-7.2393766890920475
Sydney Swans v Fremantle Dockers,Player Disposals,Isaiah Dudley,Fremantle Dockers,10.5,Sydney Swans,1.86,Sportsbet,1.87,Sportsbet,10.5,-7.2393766890920475
Sydney Swans v Fremantle Dockers,Player Disposals,Neil Erasmus,Fremantle Dockers,16.5,Sydney Swans,1.87,Sportsbet,1.86,Sportsbet,16.5,-7.2393766890920475
Sydney Swans v Fremantle Dockers,Player Disposals,Oscar McDonald,Fremantle Dockers,12.5,Sydney Swans,1.87,Sportsbet,1.86,Sportsbet,12.5,-7.2393766890920475
Sydney Swans v Fremantle Dockers,Player Disposals,Shai Bolton,Fremantle Dockers,21.5,Sydney Swans,1.87,Sportsbet,1.86,Sportsbet,21.5,-7.2393766890920475
Sydney Swans v Fremantle Dockers,Player Disposals,Tom Papley,Sydney Swans,15.5,Fremantle Dockers,1.87,Sportsbet,1.86,Sportsbet,15.5,-7.2393766890920475
Hawthorn Hawks v Brisbane Lions,Player Disposals,Zac Bailey,Brisbane Lions,21.5,Hawthorn Hawks,1.86,Sportsbet,1.87,Sportsbet,21.5,-7.2393766890920475
Hawthorn Hawks v Brisbane Lions,Player Disposals,Bailey Macdonald,Hawthorn Hawks,10.5,Brisbane Lions,1.85,Sportsbet,1.88,Sportsbet,10.5,-7.245543415756162
Hawthorn Hawks v Brisbane Lions,Player Disposals,Darcy Wilmot,Brisbane Lions,18.5,Hawthorn Hawks,1.85,Sportsbet,1.88,Sportsbet,18.5,-7.245543415756162
Sydney Swans v Fremantle Dockers,Player Disposals,Errol Gulden,Sydney Swans,30.5,Fremantle Dockers,1.85,Sportsbet,1.88,Sportsbet,30.5,-7.245543415756162
Hawthorn Hawks v Brisbane Lions,Player Disposals,Harry Morrison,Hawthorn Hawks,15.5,Brisbane Lions,1.85,Sportsbet,1.88,Sportsbet,15.5,-7.245543415756162
Hawthorn Hawks v Brisbane Lions,Player Disposals,Jai Newcombe,Hawthorn Hawks,23.5,Brisbane Lions,1.85,Sportsbet,1.88,Sportsbet,23.5,-7.245543415756162
Hawthorn Hawks v Brisbane Lions,Player Disposals,Josh Battle,Hawthorn Hawks,17.5,Brisbane Lions,1.85,Sportsbet,1.88,Sportsbet,17.5,-7.245543415756162
Hawthorn Hawks v Brisbane Lions,Player Disposals,Josh Ward,Hawthorn Hawks,20.5,Brisbane Lions,1.85,Sportsbet,1.88,Sportsbet,20.5,-7.245543415756162
Hawthorn Hawks v Brisbane Lions,Player Disposals,Josh Weddle,Hawthorn Hawks,13.5,Brisbane Lions,1.85,Sportsbet,1.88,Sportsbet,13.5,-7.245543415756162
Sydney Swans v Fremantle Dockers,Player Disposals,Justin McInerney,Sydney Swans,19.5,Fremantle Dockers,1.85,Sportsbet,1.88,Sportsbet,19.5,-7.245543415756162
Hawthorn Hawks v Brisbane Lions,Player Disposals,Lloyd Meek,Hawthorn Hawks,10.5,Brisbane Lions,1.85,Sportsbet,1.88,Sportsbet,10.5,-7.245543415756162
Sydney Swans v Fremantle Dockers,Player Disposals,Luke Jackson,Fremantle Dockers,18.5,Sydney Swans,1.85,Sportsbet,1.88,Sportsbet,18.5,-7.245543415756162
Hawthorn Hawks v Brisbane Lions,Player Disposals,Massimo D'Ambrosio,Hawthorn Hawks,18.5,Brisbane Lions,1.85,Sportsbet,1.88,Sportsbet,18.5,-7.245543415756162
Hawthorn Hawks v Brisbane Lions,Player Disposals,Mitch Lewis,Hawthorn Hawks,11.5,Brisbane Lions,1.85,Sportsbet,1.88,Sportsbet,11.5,-7.245543415756162
Hawthorn Hawks v Brisbane Lions,Player Disposals,Nick Watson,Hawthorn Hawks,12.5,Brisbane Lions,1.85,Sportsbet,1.88,Sportsbet,12.5,-7.245543415756162
Hawthorn Hawks v Brisbane Lions,Player Disposals,Blake Hardwick,Hawthorn Hawks,15.5,Brisbane Lions,1.84,Sportsbet,1.89,Sportsbet,15.5,-7.257878997009426
Hawthorn Hawks v Brisbane Lions,Player Disposals,Cam Rayner,Brisbane Lions,15.5,Hawthorn Hawks,1.84,Sportsbet,1.89,Sportsbet,15.5,-7.257878997009426
Hawthorn Hawks v Brisbane Lions,Player Disposals,Eric Hipwood,Brisbane Lions,10.5,Hawthorn Hawks,1.89,Sportsbet,1.84,Sportsbet,10.5,-7.257878997009426
Hawthorn Hawks v Brisbane Lions,Player Disposals,James Sicily,Hawthorn Hawks,19.5,Brisbane Lions,1.89,Sportsbet,1.84,Sportsbet,19.5,-7.257878997009426
Sydney Swans v Fremantle Dockers,Player Disposals,Judd McVee,Fremantle Dockers,13.5,Sydney Swans,1.84,Sportsbet,1.89,Sportsbet,13.5,-7.257878997009426
Hawthorn Hawks v Brisbane Lions,Player Disposals,Lachie Neale,Brisbane Lions,26.5,Hawthorn Hawks,1.84,Sportsbet,1.89,Sportsbet,26.5,-7.257878997009426
Hawthorn Hawks v Brisbane Lions,Player Disposals,Ryan Lester,Brisbane Lions,15.5,Hawthorn Hawks,1.84,Sportsbet,1.89,Sportsbet,15.5,-7.257878997009426
Hawthorn Hawks v Brisbane Lions,Player Disposals,Will Ashcroft,Brisbane Lions,28.5,Hawthorn Hawks,1.84,Sportsbet,1.89,Sportsbet,28.5,-7.257878997009426
Sydney Swans v Fremantle Dockers,Player Disposals,Andrew Brayshaw,Fremantle Dockers,24.5,Sydney Swans,1.83,Pointsbet,1.9,Sportsbet,24.5,-7.276387690537822
Sydney Swans v Fremantle Dockers,Player Disposals,Andrew Brayshaw,Fremantle Dockers,24.5,Sydney Swans,1.83,Sportsbet,1.9,Sportsbet,24.5,-7.276387690537822
Hawthorn Hawks v Brisbane Lions,Player Disposals,Charlie Cameron,Brisbane Lions,10.5,Hawthorn Hawks,1.9,Sportsbet,1.83,Sportsbet,10.5,-7.276387690537822
Hawthorn Hawks v Brisbane Lions,Player Disposals,Conor McKenna,Brisbane Lions,12.5,Hawthorn Hawks,1.9,Sportsbet,1.83,Sportsbet,12.5,-7.276387690537822
Hawthorn Hawks v Brisbane Lions,Player Disposals,Dylan Moore,Hawthorn Hawks,16.5,Brisbane Lions,1.83,Sportsbet,1.9,Sportsbet,16.5,-7.276387690537822
Sydney Swans v Fremantle Dockers,Player Disposals,Harry Cunningham,Sydney Swans,13.5,Fremantle Dockers,1.9,Pointsbet,1.83,Sportsbet,13.5,-7.276387690537822
Hawthorn Hawks v Brisbane Lions,Player Disposals,Jack Ginnivan,Hawthorn Hawks,16.5,Brisbane Lions,1.83,Sportsbet,1.9,Sportsbet,16.5,-7.276387690537822
Hawthorn Hawks v Brisbane Lions,Player Disposals,Jarman Impey,Hawthorn Hawks,18.5,Brisbane Lions,1.83,Sportsbet,1.9,Sportsbet,18.5,-7.276387690537822
Hawthorn Hawks v Brisbane Lions,Player Disposals,Levi Ashcroft,Brisbane Lions,18.5,Hawthorn Hawks,1.83,Sportsbet,1.9,Sportsbet,18.5,-7.276387690537822
Sydney Swans v Fremantle Dockers,Player Disposals,Tom McCartin,Sydney Swans,15.5,Fremantle Dockers,1.83,Sportsbet,1.9,Sportsbet,15.5,-7.276387690537822
Sydney Swans v Fremantle Dockers,Player Disposals,Caleb Serong,Fremantle Dockers,23.5,Sydney Swans,1.82,Sportsbet,1.91,Sportsbet,23.5,-7.301075887463315
Sydney Swans v Fremantle Dockers,Player Disposals,Hayden Young,Fremantle Dockers,19.5,Sydney Swans,1.82,Sportsbet,1.91,Sportsbet,19.5,-7.301075887463315
Sydney Swans v Fremantle Dockers,Player Disposals,Jai Serong,Sydney Swans,16.5,Fremantle Dockers,1.82,Sportsbet,1.91,Sportsbet,16.5,-7.301075887463315
Hawthorn Hawks v Brisbane Lions,Player Disposals,Jarrod Berry,Brisbane Lions,18.5,Hawthorn Hawks,1.82,Sportsbet,1.91,Sportsbet,18.5,-7.301075887463315
Hawthorn Hawks v Brisbane Lions,Player Disposals,Jaspa Fletcher,Brisbane Lions,17.5,Hawthorn Hawks,1.82,Sportsbet,1.91,Sportsbet,17.5,-7.301075887463315
Hawthorn Hawks v Brisbane Lions,Player Disposals,Josh Dunkley,Brisbane Lions,22.5,Hawthorn Hawks,1.82,Sportsbet,1.91,Sportsbet,22.5,-7.301075887463315
Sydney Swans v Fremantle Dockers,Player Disposals,Josh Treacy,Fremantle Dockers,11.5,Sydney Swans,1.91,Sportsbet,1.82,Sportsbet,11.5,-7.301075887463315
Sydney Swans v Fremantle Dockers,Player Disposals,Murphy Reid,Fremantle Dockers,22.5,Sydney Swans,1.82,Sportsbet,1.91,Sportsbet,22.5,-7.301075887463315
Sydney Swans v Fremantle Dockers,Player Disposals,Sam Wicks,Sydney Swans,15.5,Fremantle Dockers,1.82,Sportsbet,1.91,Sportsbet,15.5,-7.301075887463315
Hawthorn Hawks v Brisbane Lions,Player Disposals,Will Day,Hawthorn Hawks,22.5,Brisbane Lions,1.82,Sportsbet,1.91,Sportsbet,22.5,-7.301075887463315
Sydney Swans v Fremantle Dockers,Player Disposals,Brodie Grundy,Sydney Swans,16.5,Fremantle Dockers,1.76,Sportsbet,1.98,Sportsbet,16.5,-7.3232323232323315
Sydney Swans v Fremantle Dockers,Player Disposals,Corey Wagner,Fremantle Dockers,15.5,Sydney Swans,1.81,Sportsbet,1.92,Sportsbet,15.5,-7.331952117863727
Sydney Swans v Fremantle Dockers,Player Disposals,Jordan Clark,Fremantle Dockers,22.5,Sydney Swans,1.8,Sportsbet,1.93,Sportsbet,22.5,-7.369027058146238
Sydney Swans v Fremantle Dockers,Player Disposals,Logan McDonald,Sydney Swans,11.5,Fremantle Dockers,1.93,Sportsbet,1.8,Sportsbet,11.5,-7.369027058146238
Hawthorn Hawks v Brisbane Lions,Player Disposals,Logan Morris,Brisbane Lions,10.5,Hawthorn Hawks,1.93,Sportsbet,1.8,Sportsbet,10.5,-7.369027058146238
Sydney Swans v Fremantle Dockers,Player Disposals,Luke Ryan,Fremantle Dockers,19.5,Sydney Swans,1.8,Sportsbet,1.93,Sportsbet,19.5,-7.369027058146238
Sydney Swans v Fremantle Dockers,Player Disposals,James Rowbottom,Sydney Swans,16.5,Fremantle Dockers,1.79,Sportsbet,1.94,Sportsbet,16.5,-7.412313540286819
Sydney Swans v Fremantle Dockers,Player Disposals,Matt Roberts,Sydney Swans,16.5,Fremantle Dockers,2,Sportsbet,1.74,Sportsbet,16.5,-7.471264367816088
Sydney Swans v Fremantle Dockers,Player Disposals,Michael Frederick,Fremantle Dockers,10.5,Sydney Swans,2,Sportsbet,1.74,Sportsbet,10.5,-7.471264367816088
Hawthorn Hawks v Brisbane Lions,Player Disposals,Eric Hipwood,Brisbane Lions,10.5,Hawthorn Hawks,1.88,Pointsbet,1.84,Sportsbet,10.5,-7.539315448658646
Hawthorn Hawks v Brisbane Lions,Player Disposals,James Sicily,Hawthorn Hawks,19.5,Brisbane Lions,1.88,Pointsbet,1.84,Sportsbet,19.5,-7.539315448658646
Hawthorn Hawks v Brisbane Lions,Player Disposals,Cam Mackenzie,Hawthorn Hawks,18.5,Brisbane Lions,1.83,Pointsbet,1.89,Sportsbet,18.5,-7.5548616532223
Hawthorn Hawks v Brisbane Lions,Player Disposals,Cam Mackenzie,Hawthorn Hawks,18.5,Brisbane Lions,1.83,Sportsbet,1.89,Sportsbet,18.5,-7.5548616532223
Hawthorn Hawks v Brisbane Lions,Player Disposals,Cam Rayner,Brisbane Lions,15.5,Hawthorn Hawks,1.83,Pointsbet,1.89,Sportsbet,15.5,-7.5548616532223
Sydney Swans v Fremantle Dockers,Player Disposals,Charlie Curnow,Sydney Swans,10.5,Fremantle Dockers,1.89,Sportsbet,1.83,Sportsbet,10.5,-7.5548616532223
Hawthorn Hawks v Brisbane Lions,Player Disposals,Connor Macdonald,Hawthorn Hawks,17.5,Brisbane Lions,1.83,Sportsbet,1.89,Sportsbet,17.5,-7.5548616532223
Sydney Swans v Fremantle Dockers,Player Disposals,Harry Cunningham,Sydney Swans,13.5,Fremantle Dockers,1.89,Sportsbet,1.83,Sportsbet,13.5,-7.5548616532223
Sydney Swans v Fremantle Dockers,Player Disposals,Judd McVee,Fremantle Dockers,13.5,Sydney Swans,1.83,Pointsbet,1.89,Sportsbet,13.5,-7.5548616532223
Hawthorn Hawks v Brisbane Lions,Player Disposals,Kai Lohmann,Brisbane Lions,12.5,Hawthorn Hawks,1.89,Sportsbet,1.83,Sportsbet,12.5,-7.5548616532223
Hawthorn Hawks v Brisbane Lions,Player Disposals,Karl Amon,Hawthorn Hawks,17.5,Brisbane Lions,1.83,Sportsbet,1.89,Sportsbet,17.5,-7.5548616532223
Sydney Swans v Fremantle Dockers,Player Disposals,Matthew Johnson,Fremantle Dockers,15.5,Sydney Swans,1.83,Sportsbet,1.89,Sportsbet,15.5,-7.5548616532223
Hawthorn Hawks v Brisbane Lions,Player Disposals,Noah Answerth,Brisbane Lions,11.5,Hawthorn Hawks,1.89,Sportsbet,1.83,Sportsbet,11.5,-7.5548616532223
Sydney Swans v Fremantle Dockers,Player Disposals,Sam Switkowski,Fremantle Dockers,12.5,Sydney Swans,1.83,Pointsbet,1.89,Sportsbet,12.5,-7.5548616532223
Sydney Swans v Fremantle Dockers,Player Disposals,Sam Switkowski,Fremantle Dockers,12.5,Sydney Swans,1.83,Sportsbet,1.89,Sportsbet,12.5,-7.5548616532223
Sydney Swans v Fremantle Dockers,Player Disposals,Shai Bolton,Fremantle Dockers,21.5,Sydney Swans,1.85,Neds,1.86,Sportsbet,21.5,-7.817494914269085
Hawthorn Hawks v Brisbane Lions,Player Disposals,Charlie Cameron,Brisbane Lions,10.5,Hawthorn Hawks,1.88,Pointsbet,1.83,Sportsbet,10.5,-7.83629810487152
Hawthorn Hawks v Brisbane Lions,Player Disposals,Conor McKenna,Brisbane Lions,12.5,Hawthorn Hawks,1.88,Pointsbet,1.83,Sportsbet,11.5,-7.83629810487152
Hawthorn Hawks v Brisbane Lions,Player Disposals,Kai Lohmann,Brisbane Lions,12.5,Hawthorn Hawks,1.88,Pointsbet,1.83,Sportsbet,11.5,-7.83629810487152
Sydney Swans v Fremantle Dockers,Player Disposals,Luke Jackson,Fremantle Dockers,18.5,Sydney Swans,1.83,Pointsbet,1.88,Sportsbet,18.5,-7.83629810487152
Sydney Swans v Fremantle Dockers,Player Disposals,Karl Worner,Fremantle Dockers,17.5,Sydney Swans,1.8,Neds,1.91,Sportsbet,17.5,-7.911576497963946
Sydney Swans v Fremantle Dockers,Player Disposals,Josh Treacy,Fremantle Dockers,11.5,Sydney Swans,1.88,Pointsbet,1.82,Sportsbet,11.5,-8.136544306757054
Sydney Swans v Fremantle Dockers,Player Disposals,Hayden Young,Fremantle Dockers,19.5,Sydney Swans,1.78,BetRight,1.91,Sportsbet,19.5,-8.535796223307246
Sydney Swans v Fremantle Dockers,Player Disposals,Justin McInerney,Sydney Swans,19.5,Fremantle Dockers,1.8,BetRight,1.88,Sportsbet,19.5,-8.747044917257686
Sydney Swans v Fremantle Dockers,Player Disposals,Logan McDonald,Sydney Swans,11.5,Fremantle Dockers,1.88,Pointsbet,1.8,Sportsbet,11.5,-8.747044917257686
Sydney Swans v Fremantle Dockers,Player Disposals,Luke Ryan,Fremantle Dockers,19.5,Sydney Swans,1.75,BetRight,1.93,Sportsbet,19.5,-8.956328645447819
Sydney Swans v Fremantle Dockers,Player Disposals,Dane Rampe,Sydney Swans,14.5,Fremantle Dockers,1.8,TAB,1.87,Sportsbet,14.5,-9.031491384432556
Hawthorn Hawks v Brisbane Lions,Player Disposals,Zac Bailey,Brisbane Lions,21.5,Hawthorn Hawks,1.8,Neds,1.87,Sportsbet,21.5,-9.031491384432556
Sydney Swans v Fremantle Dockers,Player Disposals,Charlie Curnow,Sydney Swans,10.5,Fremantle Dockers,1.83,Pointsbet,1.83,Sportsbet,10.5,-9.289617486338786
Sydney Swans v Fremantle Dockers,Player Disposals,Andrew Brayshaw,Fremantle Dockers,24.5,Sydney Swans,1.75,BetRight,1.9,Sportsbet,24.5,-9.774436090225569
Hawthorn Hawks v Brisbane Lions,Player Disposals,Ryan Lester,Brisbane Lions,15.5,Hawthorn Hawks,1.75,TAB,1.89,Sportsbet,14.5,-10.052910052910047
Hawthorn Hawks v Brisbane Lions,Player Disposals,Logan Morris,Brisbane Lions,10.5,Hawthorn Hawks,1.83,Pointsbet,1.8,Sportsbet,10.5,-10.200364298724951
Sydney Swans v Fremantle Dockers,Player Disposals,Braeden Campbell,Sydney Swans,16.5,Fremantle Dockers,1.88,Pointsbet,1.75,Sportsbet,16.5,-10.334346504559267
Sydney Swans v Fremantle Dockers,Player Disposals,Caiden Cleary,Sydney Swans,14.5,Fremantle Dockers,1.88,Pointsbet,1.75,Sportsbet,14.5,-10.334346504559267
Hawthorn Hawks v Brisbane Lions,Player Disposals,Ryan Lester,Brisbane Lions,15.5,Hawthorn Hawks,1.74,Pointsbet,1.89,Sportsbet,14.5,-10.381317277869018
Hawthorn Hawks v Brisbane Lions,Player Disposals,James Sicily,Hawthorn Hawks,19.5,Brisbane Lions,1.78,BetRight,1.84,Sportsbet,19.5,-10.5276013678554
Sydney Swans v Fremantle Dockers,Player Disposals,Michael Frederick,Fremantle Dockers,10.5,Sydney Swans,1.88,Pointsbet,1.74,Sportsbet,10.5,-10.662753729518215
Hawthorn Hawks v Brisbane Lions,Player Disposals,Jai Newcombe,Hawthorn Hawks,23.5,Brisbane Lions,1.73,Neds,1.88,Sportsbet,23.5,-10.994957569794606
Hawthorn Hawks v Brisbane Lions,Player Disposals,Dayne Zorko,Brisbane Lions,25.5,Hawthorn Hawks,1.6800000000000002,Neds,1.93,Sportsbet,24.5,-11.337281026400214
Hawthorn Hawks v Brisbane Lions,Player Disposals,Dayne Zorko,Brisbane Lions,25.5,Hawthorn Hawks,1.68,TAB,1.93,Sportsbet,24.5,-11.337281026400214
Sydney Swans v Fremantle Dockers,Player Disposals,Luke Ryan,Fremantle Dockers,19.5,Sydney Swans,1.6800000000000002,Neds,1.93,Sportsbet,19.5,-11.337281026400214
Hawthorn Hawks v Brisbane Lions,Player Disposals,Dayne Zorko,Brisbane Lions,25.5,Hawthorn Hawks,1.67,Pointsbet,1.93,Sportsbet,23.5,-11.693711023548769
Sydney Swans v Fremantle Dockers,Player Disposals,Brodie Grundy,Sydney Swans,16.5,Fremantle Dockers,1.63,Pointsbet,1.98,Sportsbet,16.5,-11.854743756584263
Sydney Swans v Fremantle Dockers,Player Disposals,Hayden Young,Fremantle Dockers,19.5,Sydney Swans,1.6800000000000002,Neds,1.91,Sportsbet,19.5,-11.8798304662179
Hawthorn Hawks v Brisbane Lions,Player Disposals,Will Ashcroft,Brisbane Lions,28.5,Hawthorn Hawks,1.69,Pointsbet,1.89,Sportsbet,27.5,-12.081650543189015
Sydney Swans v Fremantle Dockers,Player Disposals,Matt Roberts,Sydney Swans,16.5,Fremantle Dockers,1.83,Pointsbet,1.74,Sportsbet,16.5,-12.116073110985482
Sydney Swans v Fremantle Dockers,Player Disposals,James Rowbottom,Sydney Swans,16.5,Fremantle Dockers,1.65,Pointsbet,1.94,Sportsbet,16.5,-12.152452358637934
Sydney Swans v Fremantle Dockers,Player Disposals,Andrew Brayshaw,Fremantle Dockers,24.5,Sydney Swans,1.6800000000000002,Neds,1.9,Sportsbet,24.5,-12.155388471177941
Sydney Swans v Fremantle Dockers,Player Disposals,Luke Ryan,Fremantle Dockers,19.5,Sydney Swans,1.65,TAB,1.93,Sportsbet,19.5,-12.419532108651277
Sydney Swans v Fremantle Dockers,Player Disposals,Harry Kyle,Sydney Swans,10.5,Fremantle Dockers,1.59,Pointsbet,2.01,Sportsbet,10.5,-12.64432554210082
Sydney Swans v Fremantle Dockers,Player Disposals,Errol Gulden,Sydney Swans,30.5,Fremantle Dockers,1.68,BetRight,1.88,Sportsbet,29.5,-12.715298885511661
Sydney Swans v Fremantle Dockers,Player Disposals,Justin McInerney,Sydney Swans,19.5,Fremantle Dockers,1.6800000000000002,Neds,1.88,Sportsbet,19.5,-12.715298885511661
Sydney Swans v Fremantle Dockers,Player Disposals,Heath Chapman,Fremantle Dockers,14.5,Sydney Swans,1.62,Neds,1.96,Sportsbet,14.5,-12.748803224993699
Hawthorn Hawks v Brisbane Lions,Player Disposals,Lachie Neale,Brisbane Lions,26.5,Hawthorn Hawks,1.67,Pointsbet,1.89,Sportsbet,25.5,-12.790292431010997
Sydney Swans v Fremantle Dockers,Player Disposals,Caleb Serong,Fremantle Dockers,23.5,Sydney Swans,1.65,Pointsbet,1.91,Sportsbet,22.5,-12.962081548468984
Sydney Swans v Fremantle Dockers,Player Disposals,Hayden Young,Fremantle Dockers,19.5,Sydney Swans,1.65,TAB,1.91,Sportsbet,19.5,-12.962081548468984
Hawthorn Hawks v Brisbane Lions,Player Disposals,Josh Dunkley,Brisbane Lions,22.5,Hawthorn Hawks,1.65,Pointsbet,1.91,Sportsbet,21.5,-12.962081548468984
Sydney Swans v Fremantle Dockers,Player Disposals,Murphy Reid,Fremantle Dockers,22.5,Sydney Swans,1.65,Pointsbet,1.91,Sportsbet,20.5,-12.962081548468984
Sydney Swans v Fremantle Dockers,Player Disposals,Murphy Reid,Fremantle Dockers,22.5,Sydney Swans,1.65,Neds,1.91,Sportsbet,21.5,-12.962081548468984
Hawthorn Hawks v Brisbane Lions,Player Disposals,Will Day,Hawthorn Hawks,22.5,Brisbane Lions,1.65,Pointsbet,1.91,Sportsbet,21.5,-12.962081548468984
Sydney Swans v Fremantle Dockers,Player Disposals,Corey Wagner,Fremantle Dockers,15.5,Sydney Swans,1.64,Neds,1.92,Sportsbet,15.5,-13.058943089430898
Hawthorn Hawks v Brisbane Lions,Player Disposals,Jai Newcombe,Hawthorn Hawks,23.5,Brisbane Lions,1.67,Pointsbet,1.88,Sportsbet,22.5,-13.071728882660217
Sydney Swans v Fremantle Dockers,Player Disposals,Jordan Clark,Fremantle Dockers,22.5,Sydney Swans,1.63,Pointsbet,1.93,Sportsbet,21.5,-13.163164754124423
Sydney Swans v Fremantle Dockers,Player Disposals,Luke Ryan,Fremantle Dockers,19.5,Sydney Swans,1.63,Pointsbet,1.93,Sportsbet,18.5,-13.163164754124423
Sydney Swans v Fremantle Dockers,Player Disposals,Andrew Brayshaw,Fremantle Dockers,24.5,Sydney Swans,1.65,Pointsbet,1.9,Sportsbet,23.5,-13.237639553429027
Sydney Swans v Fremantle Dockers,Player Disposals,Andrew Brayshaw,Fremantle Dockers,24.5,Sydney Swans,1.65,TAB,1.9,Sportsbet,24.5,-13.237639553429027
Hawthorn Hawks v Brisbane Lions,Player Disposals,Dylan Moore,Hawthorn Hawks,16.5,Brisbane Lions,1.65,Pointsbet,1.9,Sportsbet,16.5,-13.237639553429027
Hawthorn Hawks v Brisbane Lions,Player Disposals,Jarman Impey,Hawthorn Hawks,18.5,Brisbane Lions,1.65,Pointsbet,1.9,Sportsbet,18.5,-13.237639553429027
Sydney Swans v Fremantle Dockers,Player Disposals,Sam Wicks,Sydney Swans,15.5,Fremantle Dockers,1.64,Neds,1.91,Sportsbet,15.5,-13.331630698505936
Sydney Swans v Fremantle Dockers,Player Disposals,Corey Wagner,Fremantle Dockers,15.5,Sydney Swans,1.63,Pointsbet,1.92,Sportsbet,14.5,-13.433026584867092
Hawthorn Hawks v Brisbane Lions,Player Disposals,Karl Amon,Hawthorn Hawks,17.5,Brisbane Lions,1.65,Pointsbet,1.89,Sportsbet,17.5,-13.516113516113526
Hawthorn Hawks v Brisbane Lions,Player Disposals,Dayne Zorko,Brisbane Lions,25.5,Hawthorn Hawks,1.62,BetRight,1.93,Sportsbet,24.5,-13.541866564319083
Hawthorn Hawks v Brisbane Lions,Player Disposals,Levi Ashcroft,Brisbane Lions,18.5,Hawthorn Hawks,1.64,Neds,1.9,Sportsbet,17.5,-13.607188703465978
Sydney Swans v Fremantle Dockers,Player Disposals,Hayden Young,Fremantle Dockers,19.5,Sydney Swans,1.63,Pointsbet,1.91,Sportsbet,18.5,-13.705714193942109
Sydney Swans v Fremantle Dockers,Player Disposals,Jai Serong,Sydney Swans,16.5,Fremantle Dockers,1.63,Pointsbet,1.91,Sportsbet,16.5,-13.705714193942109
Hawthorn Hawks v Brisbane Lions,Player Disposals,Jarrod Berry,Brisbane Lions,18.5,Hawthorn Hawks,1.63,Pointsbet,1.91,Sportsbet,18.5,-13.705714193942109
Hawthorn Hawks v Brisbane Lions,Player Disposals,Jaspa Fletcher,Brisbane Lions,17.5,Hawthorn Hawks,1.63,Pointsbet,1.91,Sportsbet,17.5,-13.705714193942109
Sydney Swans v Fremantle Dockers,Player Disposals,Karl Worner,Fremantle Dockers,17.5,Sydney Swans,1.63,Pointsbet,1.91,Sportsbet,16.5,-13.705714193942109
Sydney Swans v Fremantle Dockers,Player Disposals,Sam Wicks,Sydney Swans,15.5,Fremantle Dockers,1.63,Pointsbet,1.91,Sportsbet,14.5,-13.705714193942109
Hawthorn Hawks v Brisbane Lions,Player Disposals,Josh Ward,Hawthorn Hawks,20.5,Brisbane Lions,1.65,Pointsbet,1.88,Sportsbet,19.5,-13.797549967762723
Hawthorn Hawks v Brisbane Lions,Player Disposals,Massimo D'Ambrosio,Hawthorn Hawks,18.5,Brisbane Lions,1.65,Pointsbet,1.88,Sportsbet,17.5,-13.797549967762723
Hawthorn Hawks v Brisbane Lions,Player Disposals,James Sicily,Hawthorn Hawks,19.5,Brisbane Lions,1.6800000000000002,Neds,1.84,Sportsbet,19.5,-13.871635610766031
Hawthorn Hawks v Brisbane Lions,Player Disposals,Blake Hardwick,Hawthorn Hawks,15.5,Brisbane Lions,1.64,Neds,1.89,Sportsbet,15.5,-13.885662666150477
Hawthorn Hawks v Brisbane Lions,Player Disposals,Connor Macdonald,Hawthorn Hawks,17.5,Brisbane Lions,1.64,Neds,1.89,Sportsbet,17.5,-13.885662666150477
Hawthorn Hawks v Brisbane Lions,Player Disposals,Karl Amon,Hawthorn Hawks,17.5,Brisbane Lions,1.64,Neds,1.89,Sportsbet,17.5,-13.885662666150477
Sydney Swans v Fremantle Dockers,Player Disposals,Matthew Johnson,Fremantle Dockers,15.5,Sydney Swans,1.64,Neds,1.89,Sportsbet,15.5,-13.885662666150477
Sydney Swans v Fremantle Dockers,Player Disposals,Heath Chapman,Fremantle Dockers,14.5,Sydney Swans,1.59,Pointsbet,1.96,Sportsbet,13.5,-13.913489924271595
Hawthorn Hawks v Brisbane Lions,Player Disposals,Jack Ginnivan,Hawthorn Hawks,16.5,Brisbane Lions,1.63,Pointsbet,1.9,Sportsbet,15.5,-13.98127219890215
Hawthorn Hawks v Brisbane Lions,Player Disposals,Levi Ashcroft,Brisbane Lions,18.5,Hawthorn Hawks,1.63,Pointsbet,1.9,Sportsbet,16.5,-13.98127219890215
Sydney Swans v Fremantle Dockers,Player Disposals,Tom McCartin,Sydney Swans,15.5,Fremantle Dockers,1.63,Pointsbet,1.9,Sportsbet,15.5,-13.98127219890215
Hawthorn Hawks v Brisbane Lions,Player Disposals,Zac Bailey,Brisbane Lions,21.5,Hawthorn Hawks,1.65,Pointsbet,1.87,Sportsbet,20.5,-14.081996434937594
Hawthorn Hawks v Brisbane Lions,Player Disposals,Harry Morrison,Hawthorn Hawks,15.5,Brisbane Lions,1.64,Neds,1.88,Sportsbet,15.5,-14.167099117799697
Hawthorn Hawks v Brisbane Lions,Player Disposals,Josh Battle,Hawthorn Hawks,17.5,Brisbane Lions,1.64,Neds,1.88,Sportsbet,17.5,-14.167099117799697
Hawthorn Hawks v Brisbane Lions,Player Disposals,Cam Mackenzie,Hawthorn Hawks,18.5,Brisbane Lions,1.63,Pointsbet,1.89,Sportsbet,17.5,-14.259746161586673
Hawthorn Hawks v Brisbane Lions,Player Disposals,Connor Macdonald,Hawthorn Hawks,17.5,Brisbane Lions,1.63,Pointsbet,1.89,Sportsbet,17.5,-14.259746161586673
Hawthorn Hawks v Brisbane Lions,Player Disposals,Lachie Neale,Brisbane Lions,26.5,Hawthorn Hawks,1.63,Sportsbet,1.89,Sportsbet,25.5,-14.259746161586673
Sydney Swans v Fremantle Dockers,Player Disposals,Matthew Johnson,Fremantle Dockers,15.5,Sydney Swans,1.63,Pointsbet,1.89,Sportsbet,15.5,-14.259746161586673
Sydney Swans v Fremantle Dockers,Player Disposals,Heath Chapman,Fremantle Dockers,14.5,Sydney Swans,1.58,TAB,1.96,Sportsbet,14.5,-14.31154740377163
Sydney Swans v Fremantle Dockers,Player Disposals,Caleb Serong,Fremantle Dockers,23.5,Sydney Swans,1.61,Sportsbet,1.91,Sportsbet,22.5,-14.467822184644398
Hawthorn Hawks v Brisbane Lions,Player Disposals,Darcy Wilmot,Brisbane Lions,18.5,Hawthorn Hawks,1.63,Pointsbet,1.88,Sportsbet,17.5,-14.54118261323587
Sydney Swans v Fremantle Dockers,Player Disposals,Errol Gulden,Sydney Swans,30.5,Fremantle Dockers,1.63,Pointsbet,1.88,Sportsbet,30.5,-14.54118261323587
Hawthorn Hawks v Brisbane Lions,Player Disposals,Harry Morrison,Hawthorn Hawks,15.5,Brisbane Lions,1.63,Pointsbet,1.88,Sportsbet,14.5,-14.54118261323587
Hawthorn Hawks v Brisbane Lions,Player Disposals,Josh Battle,Hawthorn Hawks,17.5,Brisbane Lions,1.63,Pointsbet,1.88,Sportsbet,16.5,-14.54118261323587
Hawthorn Hawks v Brisbane Lions,Player Disposals,Josh Weddle,Hawthorn Hawks,13.5,Brisbane Lions,1.63,Pointsbet,1.88,Sportsbet,13.5,-14.54118261323587
Sydney Swans v Fremantle Dockers,Player Disposals,Justin McInerney,Sydney Swans,19.5,Fremantle Dockers,1.63,Pointsbet,1.88,Sportsbet,19.5,-14.54118261323587
Sydney Swans v Fremantle Dockers,Player Disposals,Luke Jackson,Fremantle Dockers,18.5,Sydney Swans,1.63,Pointsbet,1.88,Sportsbet,17.5,-14.54118261323587
Hawthorn Hawks v Brisbane Lions,Player Disposals,Nick Watson,Hawthorn Hawks,12.5,Brisbane Lions,1.63,Pointsbet,1.88,Sportsbet,12.5,-14.54118261323587
Hawthorn Hawks v Brisbane Lions,Player Disposals,Cam Rayner,Brisbane Lions,15.5,Hawthorn Hawks,1.62,Neds,1.89,Sportsbet,14.5,-14.63844797178131
Hawthorn Hawks v Brisbane Lions,Player Disposals,Ryan Lester,Brisbane Lions,15.5,Hawthorn Hawks,1.62,BetRight,1.89,Sportsbet,14.5,-14.63844797178131
Hawthorn Hawks v Brisbane Lions,Player Disposals,Ryan Lester,Brisbane Lions,15.5,Hawthorn Hawks,1.62,Neds,1.89,Sportsbet,14.5,-14.63844797178131
Sydney Swans v Fremantle Dockers,Player Disposals,Shai Bolton,Fremantle Dockers,21.5,Sydney Swans,1.64,Sportsbet,1.86,Sportsbet,20.5,-14.739050616312621
Sydney Swans v Fremantle Dockers,Player Disposals,Tom Papley,Sydney Swans,15.5,Fremantle Dockers,1.64,Neds,1.86,Sportsbet,15.5,-14.739050616312621
Hawthorn Hawks v Brisbane Lions,Player Disposals,Harris Andrews,Brisbane Lions,12.5,Hawthorn Hawks,1.63,Pointsbet,1.87,Sportsbet,12.5,-14.82562908041074
Hawthorn Hawks v Brisbane Lions,Player Disposals,Hugh McCluggage,Brisbane Lions,17.5,Hawthorn Hawks,1.63,Pointsbet,1.87,Sportsbet,17.5,-14.82562908041074
Sydney Swans v Fremantle Dockers,Player Disposals,Justin McInerney,Sydney Swans,19.5,Fremantle Dockers,1.62,TAB,1.88,Sportsbet,19.5,-14.91988442343053
Hawthorn Hawks v Brisbane Lions,Player Disposals,James Sicily,Hawthorn Hawks,19.5,Brisbane Lions,1.65,Pointsbet,1.84,Sportsbet,18.5,-14.953886693017138
Sydney Swans v Fremantle Dockers,Player Disposals,Angus Sheldrick,Sydney Swans,17.5,Fremantle Dockers,1.63,Pointsbet,1.86,Sportsbet,17.5,-15.113134111748794
Sydney Swans v Fremantle Dockers,Player Disposals,Neil Erasmus,Fremantle Dockers,16.5,Sydney Swans,1.63,Pointsbet,1.86,Sportsbet,15.5,-15.113134111748794
Sydney Swans v Fremantle Dockers,Player Disposals,Shai Bolton,Fremantle Dockers,21.5,Sydney Swans,1.63,Pointsbet,1.86,Sportsbet,19.5,-15.113134111748794
Sydney Swans v Fremantle Dockers,Player Disposals,Tom Papley,Sydney Swans,15.5,Fremantle Dockers,1.63,Pointsbet,1.86,Sportsbet,14.5,-15.113134111748794
Sydney Swans v Fremantle Dockers,Player Disposals,Jake Lloyd,Sydney Swans,20.5,Fremantle Dockers,1.56,Sportsbet,1.96,Sportsbet,19.5,-15.122972265829393
Sydney Swans v Fremantle Dockers,Player Disposals,Dane Rampe,Sydney Swans,14.5,Fremantle Dockers,1.62,Neds,1.87,Sportsbet,14.5,-15.2043308906054
Hawthorn Hawks v Brisbane Lions,Player Disposals,Hugh McCluggage,Brisbane Lions,17.5,Hawthorn Hawks,1.62,Sportsbet,1.87,Sportsbet,16.5,-15.2043308906054
Sydney Swans v Fremantle Dockers,Player Disposals,Errol Gulden,Sydney Swans,30.5,Fremantle Dockers,1.61,Sportsbet,1.88,Sportsbet,29.5,-15.303290603938136
Hawthorn Hawks v Brisbane Lions,Player Disposals,Josh Ward,Hawthorn Hawks,20.5,Brisbane Lions,1.61,Sportsbet,1.88,Sportsbet,19.5,-15.303290603938136
Sydney Swans v Fremantle Dockers,Player Disposals,Luke Jackson,Fremantle Dockers,18.5,Sydney Swans,1.61,Sportsbet,1.88,Sportsbet,17.5,-15.303290603938136
Sydney Swans v Fremantle Dockers,Player Disposals,Hayden McLean,Sydney Swans,9.5,Fremantle Dockers,1.56,Pointsbet,1.95,Sportsbet,9.5,-15.384615384615374
Hawthorn Hawks v Brisbane Lions,Player Disposals,Logan Morris,Brisbane Lions,10.5,Hawthorn Hawks,1.67,Sportsbet,1.8,Sportsbet,9.5,-15.435795076513648
Sydney Swans v Fremantle Dockers,Player Disposals,Neil Erasmus,Fremantle Dockers,16.5,Sydney Swans,1.62,Sportsbet,1.86,Sportsbet,15.5,-15.491835921943453
Hawthorn Hawks v Brisbane Lions,Player Disposals,Dayne Zorko,Brisbane Lions,25.5,Hawthorn Hawks,1.57,Sportsbet,1.93,Sportsbet,24.5,-15.507739018514233
Hawthorn Hawks v Brisbane Lions,Player Disposals,Jarman Impey,Hawthorn Hawks,18.5,Brisbane Lions,1.59,Sportsbet,1.9,Sportsbet,17.5,-15.524660708374704
Sydney Swans v Fremantle Dockers,Player Disposals,Tom McCartin,Sydney Swans,15.5,Fremantle Dockers,1.59,Sportsbet,1.9,Sportsbet,14.5,-15.524660708374704
Hawthorn Hawks v Brisbane Lions,Player Disposals,Zac Bailey,Brisbane Lions,21.5,Hawthorn Hawks,1.61,Sportsbet,1.87,Sportsbet,20.5,-15.587737071113006
Sydney Swans v Fremantle Dockers,Player Disposals,Caiden Cleary,Sydney Swans,14.5,Fremantle Dockers,1.71,Sportsbet,1.75,Sportsbet,13.5,-15.622389306599826
Sydney Swans v Fremantle Dockers,Player Disposals,Hayden Young,Fremantle Dockers,19.5,Sydney Swans,1.58,Sportsbet,1.91,Sportsbet,18.5,-15.6471601829147
Sydney Swans v Fremantle Dockers,Player Disposals,Karl Worner,Fremantle Dockers,17.5,Sydney Swans,1.58,Sportsbet,1.91,Sportsbet,16.5,-15.6471601829147
Sydney Swans v Fremantle Dockers,Player Disposals,Errol Gulden,Sydney Swans,30.5,Fremantle Dockers,1.6,TAB,1.88,Sportsbet,29.5,-15.691489361702127
Sydney Swans v Fremantle Dockers,Player Disposals,Justin McInerney,Sydney Swans,19.5,Fremantle Dockers,1.6,Sportsbet,1.88,Sportsbet,18.5,-15.691489361702127
Hawthorn Hawks v Brisbane Lions,Player Disposals,Massimo D'Ambrosio,Hawthorn Hawks,18.5,Brisbane Lions,1.6,Sportsbet,1.88,Sportsbet,17.5,-15.691489361702127
Sydney Swans v Fremantle Dockers,Player Disposals,Corey Wagner,Fremantle Dockers,15.5,Sydney Swans,1.57,BetRight,1.92,Sportsbet,14.5,-15.7776008492569
Sydney Swans v Fremantle Dockers,Player Disposals,Hayden McLean,Sydney Swans,9.5,Fremantle Dockers,1.55,TAB,1.95,Sportsbet,9.5,-15.798180314309352
Hawthorn Hawks v Brisbane Lions,Player Disposals,Blake Hardwick,Hawthorn Hawks,15.5,Brisbane Lions,1.59,Pointsbet,1.89,Sportsbet,14.5,-15.803134671059205
Hawthorn Hawks v Brisbane Lions,Player Disposals,Cam Rayner,Brisbane Lions,15.5,Hawthorn Hawks,1.59,Pointsbet,1.89,Sportsbet,14.5,-15.803134671059205
Hawthorn Hawks v Brisbane Lions,Player Disposals,Connor Macdonald,Hawthorn Hawks,17.5,Brisbane Lions,1.59,Sportsbet,1.89,Sportsbet,16.5,-15.803134671059205
Sydney Swans v Fremantle Dockers,Player Disposals,Judd McVee,Fremantle Dockers,13.5,Sydney Swans,1.59,Pointsbet,1.89,Sportsbet,12.5,-15.803134671059205
Hawthorn Hawks v Brisbane Lions,Player Disposals,Karl Amon,Hawthorn Hawks,17.5,Brisbane Lions,1.59,Sportsbet,1.89,Sportsbet,16.5,-15.803134671059205
Sydney Swans v Fremantle Dockers,Player Disposals,Sam Switkowski,Fremantle Dockers,12.5,Sydney Swans,1.59,Pointsbet,1.89,Sportsbet,11.5,-15.803134671059205
Hawthorn Hawks v Brisbane Lions,Player Disposals,Will Ashcroft,Brisbane Lions,28.5,Hawthorn Hawks,1.59,Sportsbet,1.89,Sportsbet,27.5,-15.803134671059205
Sydney Swans v Fremantle Dockers,Player Disposals,Angus Sheldrick,Sydney Swans,17.5,Fremantle Dockers,1.61,Sportsbet,1.86,Sportsbet,16.5,-15.87524210245106
Sydney Swans v Fremantle Dockers,Player Disposals,Andrew Brayshaw,Fremantle Dockers,24.5,Sydney Swans,1.58,Sportsbet,1.9,Sportsbet,23.5,-15.92271818787474
Hawthorn Hawks v Brisbane Lions,Player Disposals,Levi Ashcroft,Brisbane Lions,18.5,Hawthorn Hawks,1.58,Sportsbet,1.9,Sportsbet,17.5,-15.92271818787474
Sydney Swans v Fremantle Dockers,Player Disposals,Harry Cunningham,Sydney Swans,13.5,Fremantle Dockers,1.63,Pointsbet,1.83,Sportsbet,12.5,-15.994501994703135
Sydney Swans v Fremantle Dockers,Player Disposals,Jai Serong,Sydney Swans,16.5,Fremantle Dockers,1.57,Sportsbet,1.91,Sportsbet,15.5,-16.05028845833194
Hawthorn Hawks v Brisbane Lions,Player Disposals,James Sicily,Hawthorn Hawks,19.5,Brisbane Lions,1.62,Sportsbet,1.84,Sportsbet,18.5,-16.0762211486849
Hawthorn Hawks v Brisbane Lions,Player Disposals,Darcy Wilmot,Brisbane Lions,18.5,Hawthorn Hawks,1.59,Sportsbet,1.88,Sportsbet,17.5,-16.084571122708404
Hawthorn Hawks v Brisbane Lions,Player Disposals,Lloyd Meek,Hawthorn Hawks,10.5,Brisbane Lions,1.59,Pointsbet,1.88,Sportsbet,10.5,-16.084571122708404
Hawthorn Hawks v Brisbane Lions,Player Disposals,Cam Mackenzie,Hawthorn Hawks,18.5,Brisbane Lions,1.58,Sportsbet,1.89,Sportsbet,17.5,-16.20119215055924
Sydney Swans v Fremantle Dockers,Player Disposals,Oscar McDonald,Fremantle Dockers,12.5,Sydney Swans,1.6,Sportsbet,1.86,Sportsbet,11.5,-16.26344086021505
Sydney Swans v Fremantle Dockers,Player Disposals,Brodie Grundy,Sydney Swans,16.5,Fremantle Dockers,1.52,Sportsbet,1.98,Sportsbet,15.5,-16.29452418926105
Sydney Swans v Fremantle Dockers,Player Disposals,Matt Roberts,Sydney Swans,16.5,Fremantle Dockers,1.7,Sportsbet,1.74,Sportsbet,15.5,-16.294793779580807
Hawthorn Hawks v Brisbane Lions,Player Disposals,Dylan Moore,Hawthorn Hawks,16.5,Brisbane Lions,1.57,Sportsbet,1.9,Sportsbet,15.5,-16.32584646329198
Hawthorn Hawks v Brisbane Lions,Player Disposals,Jack Ginnivan,Hawthorn Hawks,16.5,Brisbane Lions,1.57,Sportsbet,1.9,Sportsbet,15.5,-16.32584646329198
Sydney Swans v Fremantle Dockers,Player Disposals,Dane Rampe,Sydney Swans,14.5,Fremantle Dockers,1.59,Pointsbet,1.87,Sportsbet,13.5,-16.36901758988327
Sydney Swans v Fremantle Dockers,Player Disposals,Harry Cunningham,Sydney Swans,13.5,Fremantle Dockers,1.62,Sportsbet,1.83,Sportsbet,12.5,-16.373203804897773
Hawthorn Hawks v Brisbane Lions,Player Disposals,Jaspa Fletcher,Brisbane Lions,17.5,Hawthorn Hawks,1.56,Sportsbet,1.91,Sportsbet,16.5,-16.458585044972462
Hawthorn Hawks v Brisbane Lions,Player Disposals,Josh Dunkley,Brisbane Lions,22.5,Hawthorn Hawks,1.56,Sportsbet,1.91,Sportsbet,21.5,-16.458585044972462
Sydney Swans v Fremantle Dockers,Player Disposals,Murphy Reid,Fremantle Dockers,22.5,Sydney Swans,1.56,Sportsbet,1.91,Sportsbet,21.5,-16.458585044972462
Hawthorn Hawks v Brisbane Lions,Player Disposals,Will Day,Hawthorn Hawks,22.5,Brisbane Lions,1.56,Sportsbet,1.91,Sportsbet,21.5,-16.458585044972462
Sydney Swans v Fremantle Dockers,Player Disposals,James Rowbottom,Sydney Swans,16.5,Fremantle Dockers,1.54,Sportsbet,1.94,Sportsbet,15.5,-16.48145668764225
Hawthorn Hawks v Brisbane Lions,Player Disposals,Jai Newcombe,Hawthorn Hawks,23.5,Brisbane Lions,1.58,Sportsbet,1.88,Sportsbet,22.5,-16.482628602208436
Hawthorn Hawks v Brisbane Lions,Player Disposals,Nick Watson,Hawthorn Hawks,12.5,Brisbane Lions,1.58,Sportsbet,1.88,Sportsbet,11.5,-16.482628602208436
Hawthorn Hawks v Brisbane Lions,Player Disposals,Blake Hardwick,Hawthorn Hawks,15.5,Brisbane Lions,1.57,BetRight,1.89,Sportsbet,14.5,-16.604320425976482
Hawthorn Hawks v Brisbane Lions,Player Disposals,Cam Rayner,Brisbane Lions,15.5,Hawthorn Hawks,1.57,Sportsbet,1.89,Sportsbet,14.5,-16.604320425976482
Sydney Swans v Fremantle Dockers,Player Disposals,Matthew Johnson,Fremantle Dockers,15.5,Sydney Swans,1.57,Sportsbet,1.89,Sportsbet,14.5,-16.604320425976482
Hawthorn Hawks v Brisbane Lions,Player Disposals,Ryan Lester,Brisbane Lions,15.5,Hawthorn Hawks,1.57,Sportsbet,1.89,Sportsbet,14.5,-16.604320425976482
Sydney Swans v Fremantle Dockers,Player Disposals,Oscar McDonald,Fremantle Dockers,12.5,Sydney Swans,1.59,Pointsbet,1.86,Sportsbet,11.5,-16.656522621221328
Sydney Swans v Fremantle Dockers,Player Disposals,Tom Papley,Sydney Swans,15.5,Fremantle Dockers,1.59,Sportsbet,1.86,Sportsbet,14.5,-16.656522621221328
Sydney Swans v Fremantle Dockers,Player Disposals,Braeden Campbell,Sydney Swans,16.5,Fremantle Dockers,1.68,Sportsbet,1.75,Sportsbet,15.5,-16.66666666666665
Sydney Swans v Fremantle Dockers,Player Disposals,Josh Treacy,Fremantle Dockers,11.5,Sydney Swans,1.62,Sportsbet,1.82,Sportsbet,10.5,-16.67345000678333
Sydney Swans v Fremantle Dockers,Player Disposals,Jordan Clark,Fremantle Dockers,22.5,Sydney Swans,1.54,Sportsbet,1.93,Sportsbet,21.5,-16.748536437655616
Hawthorn Hawks v Brisbane Lions,Player Disposals,Charlie Cameron,Brisbane Lions,10.5,Hawthorn Hawks,1.61,Sportsbet,1.83,Sportsbet,9.5,-16.756609985405426
Hawthorn Hawks v Brisbane Lions,Player Disposals,Conor McKenna,Brisbane Lions,12.5,Hawthorn Hawks,1.61,Sportsbet,1.83,Sportsbet,11.5,-16.756609985405426
Hawthorn Hawks v Brisbane Lions,Player Disposals,Kai Lohmann,Brisbane Lions,12.5,Hawthorn Hawks,1.61,Sportsbet,1.83,Sportsbet,11.5,-16.756609985405426
Sydney Swans v Fremantle Dockers,Player Disposals,Dane Rampe,Sydney Swans,14.5,Fremantle Dockers,1.58,Sportsbet,1.87,Sportsbet,13.5,-16.76707506938331
Sydney Swans v Fremantle Dockers,Player Disposals,Heath Chapman,Fremantle Dockers,14.5,Sydney Swans,1.52,Sportsbet,1.96,Sportsbet,13.5,-16.80988184747583
Hawthorn Hawks v Brisbane Lions,Player Disposals,Eric Hipwood,Brisbane Lions,10.5,Hawthorn Hawks,1.6,Sportsbet,1.84,Sportsbet,9.5,-16.84782608695652
Sydney Swans v Fremantle Dockers,Player Disposals,Sam Wicks,Sydney Swans,15.5,Fremantle Dockers,1.55,Sportsbet,1.91,Sportsbet,14.5,-16.87214997466644
Sydney Swans v Fremantle Dockers,Player Disposals,Sam Wicks,Sydney Swans,15.5,Fremantle Dockers,1.55,TAB,1.91,Sportsbet,14.5,-16.87214997466644
Hawthorn Hawks v Brisbane Lions,Player Disposals,Harry Morrison,Hawthorn Hawks,15.5,Brisbane Lions,1.57,Sportsbet,1.88,Sportsbet,14.5,-16.88575687762568
Sydney Swans v Fremantle Dockers,Player Disposals,Logan McDonald,Sydney Swans,11.5,Fremantle Dockers,1.63,Sportsbet,1.8,Sportsbet,10.5,-16.9052488070893
Sydney Swans v Fremantle Dockers,Player Disposals,Michael Frederick,Fremantle Dockers,10.5,Sydney Swans,1.68,Sportsbet,1.74,Sportsbet,9.5,-16.995073891625623
Hawthorn Hawks v Brisbane Lions,Player Disposals,Blake Hardwick,Hawthorn Hawks,15.5,Brisbane Lions,1.56,Sportsbet,1.89,Sportsbet,14.5,-17.012617012617028
Sydney Swans v Fremantle Dockers,Player Disposals,Charlie Curnow,Sydney Swans,10.5,Fremantle Dockers,1.6,Sportsbet,1.83,Sportsbet,9.5,-17.144808743169392
Hawthorn Hawks v Brisbane Lions,Player Disposals,Noah Answerth,Brisbane Lions,11.5,Hawthorn Hawks,1.6,Sportsbet,1.83,Sportsbet,10.5,-17.144808743169392
Hawthorn Hawks v Brisbane Lions,Player Disposals,Bailey Macdonald,Hawthorn Hawks,10.5,Brisbane Lions,1.56,Pointsbet,1.88,Sportsbet,9.5,-17.294053464266224
Hawthorn Hawks v Brisbane Lions,Player Disposals,Josh Weddle,Hawthorn Hawks,13.5,Brisbane Lions,1.56,Sportsbet,1.88,Sportsbet,12.5,-17.294053464266224
Hawthorn Hawks v Brisbane Lions,Player Disposals,Mitch Lewis,Hawthorn Hawks,11.5,Brisbane Lions,1.56,Pointsbet,1.88,Sportsbet,10.5,-17.294053464266224
Sydney Swans v Fremantle Dockers,Player Disposals,Matthew Johnson,Fremantle Dockers,15.5,Sydney Swans,1.55,BetRight,1.89,Sportsbet,14.5,-17.426181942310983
Sydney Swans v Fremantle Dockers,Player Disposals,Corey Wagner,Fremantle Dockers,15.5,Sydney Swans,1.53,Sportsbet,1.92,Sportsbet,14.5,-17.442810457516345
Sydney Swans v Fremantle Dockers,Player Disposals,Tom Papley,Sydney Swans,15.5,Fremantle Dockers,1.57,BetRight,1.86,Sportsbet,14.5,-17.457708376138605
Hawthorn Hawks v Brisbane Lions,Player Disposals,Conor McKenna,Brisbane Lions,12.5,Hawthorn Hawks,1.59,Pointsbet,1.83,Sportsbet,10.5,-17.537890504175692
Hawthorn Hawks v Brisbane Lions,Player Disposals,Harris Andrews,Brisbane Lions,12.5,Hawthorn Hawks,1.56,Sportsbet,1.87,Sportsbet,11.5,-17.578499931441094
Sydney Swans v Fremantle Dockers,Player Disposals,Isaiah Dudley,Fremantle Dockers,10.5,Sydney Swans,1.56,Pointsbet,1.87,Sportsbet,9.5,-17.578499931441094
Sydney Swans v Fremantle Dockers,Player Disposals,Luke Ryan,Fremantle Dockers,19.5,Sydney Swans,1.52,Sportsbet,1.93,Sportsbet,18.5,-17.60294518680121
Sydney Swans v Fremantle Dockers,Player Disposals,Jake Lloyd,Sydney Swans,20.5,Fremantle Dockers,1.5,BetRight,1.96,Sportsbet,19.5,-17.68707482993197
Sydney Swans v Fremantle Dockers,Player Disposals,Errol Gulden,Sydney Swans,30.5,Fremantle Dockers,1.55,Neds,1.88,Sportsbet,29.5,-17.70761839396018
Hawthorn Hawks v Brisbane Lions,Player Disposals,Harry Morrison,Hawthorn Hawks,15.5,Brisbane Lions,1.55,BetRight,1.88,Sportsbet,14.5,-17.70761839396018
Sydney Swans v Fremantle Dockers,Player Disposals,Judd McVee,Fremantle Dockers,13.5,Sydney Swans,1.54,Sportsbet,1.89,Sportsbet,12.5,-17.845117845117862
Sydney Swans v Fremantle Dockers,Player Disposals,Sam Switkowski,Fremantle Dockers,12.5,Sydney Swans,1.54,Sportsbet,1.89,Sportsbet,11.5,-17.845117845117862
Hawthorn Hawks v Brisbane Lions,Player Disposals,Josh Battle,Hawthorn Hawks,17.5,Brisbane Lions,1.54,Sportsbet,1.88,Sportsbet,16.5,-18.12655429676706
Hawthorn Hawks v Brisbane Lions,Player Disposals,Jarrod Berry,Brisbane Lions,18.5,Hawthorn Hawks,1.52,Sportsbet,1.91,Sportsbet,17.5,-18.1454946266189
Hawthorn Hawks v Brisbane Lions,Player Disposals,Jaspa Fletcher,Brisbane Lions,17.5,Hawthorn Hawks,1.52,Neds,1.91,Sportsbet,17.5,-18.1454946266189
Sydney Swans v Fremantle Dockers,Player Disposals,Harry Kyle,Sydney Swans,10.5,Fremantle Dockers,1.46,Sportsbet,2.01,Sportsbet,9.5,-18.244394466026037
Hawthorn Hawks v Brisbane Lions,Player Disposals,Will Ashcroft,Brisbane Lions,28.5,Hawthorn Hawks,1.53,Pointsbet,1.89,Sportsbet,26.5,-18.269530034235927
Sydney Swans v Fremantle Dockers,Player Disposals,Tom Papley,Sydney Swans,15.5,Fremantle Dockers,1.55,TAB,1.86,Sportsbet,14.5,-18.279569892473102
Hawthorn Hawks v Brisbane Lions,Player Disposals,Eric Hipwood,Brisbane Lions,10.5,Hawthorn Hawks,1.56,Pointsbet,1.84,Sportsbet,9.5,-18.450390189520615
Hawthorn Hawks v Brisbane Lions,Player Disposals,Dayne Zorko,Brisbane Lions,25.5,Hawthorn Hawks,1.5,Pointsbet,1.93,Sportsbet,22.5,-18.48013816925733
Hawthorn Hawks v Brisbane Lions,Player Disposals,Dayne Zorko,Brisbane Lions,25.5,Hawthorn Hawks,1.5,Neds,1.93,Sportsbet,23.5,-18.48013816925733
Sydney Swans v Fremantle Dockers,Player Disposals,Jordan Clark,Fremantle Dockers,22.5,Sydney Swans,1.5,Neds,1.93,Sportsbet,21.5,-18.48013816925733
Sydney Swans v Fremantle Dockers,Player Disposals,Braeden Campbell,Sydney Swans,16.5,Fremantle Dockers,1.63,Pointsbet,1.75,Sportsbet,15.5,-18.492550394390882
Hawthorn Hawks v Brisbane Lions,Player Disposals,Bailey Macdonald,Hawthorn Hawks,10.5,Brisbane Lions,1.53,Sportsbet,1.88,Sportsbet,9.5,-18.550966485885123
Hawthorn Hawks v Brisbane Lions,Player Disposals,Mitch Lewis,Hawthorn Hawks,11.5,Brisbane Lions,1.53,Sportsbet,1.88,Sportsbet,10.5,-18.550966485885123
Sydney Swans v Fremantle Dockers,Player Disposals,Jake Lloyd,Sydney Swans,20.5,Fremantle Dockers,1.48,Pointsbet,1.96,Sportsbet,20.5,-18.587975730832884
Hawthorn Hawks v Brisbane Lions,Player Disposals,Lachie Neale,Brisbane Lions,26.5,Hawthorn Hawks,1.52,Neds,1.89,Sportsbet,25.5,-18.69952659426346
Hawthorn Hawks v Brisbane Lions,Player Disposals,Will Ashcroft,Brisbane Lions,28.5,Hawthorn Hawks,1.52,Neds,1.89,Sportsbet,27.5,-18.69952659426346
Hawthorn Hawks v Brisbane Lions,Player Disposals,Charlie Cameron,Brisbane Lions,10.5,Hawthorn Hawks,1.56,Pointsbet,1.83,Sportsbet,9.5,-18.74737284573349
Sydney Swans v Fremantle Dockers,Player Disposals,Charlie Curnow,Sydney Swans,10.5,Fremantle Dockers,1.56,Pointsbet,1.83,Sportsbet,9.5,-18.74737284573349
Hawthorn Hawks v Brisbane Lions,Player Disposals,Kai Lohmann,Brisbane Lions,12.5,Hawthorn Hawks,1.56,Pointsbet,1.83,Sportsbet,10.5,-18.74737284573349
Sydney Swans v Fremantle Dockers,Player Disposals,Matt Roberts,Sydney Swans,16.5,Fremantle Dockers,1.63,Pointsbet,1.74,Sportsbet,15.5,-18.820957619349834
Hawthorn Hawks v Brisbane Lions,Player Disposals,Josh Ward,Hawthorn Hawks,20.5,Brisbane Lions,1.52,Neds,1.88,Sportsbet,19.5,-18.98096304591266
Hawthorn Hawks v Brisbane Lions,Player Disposals,Lloyd Meek,Hawthorn Hawks,10.5,Brisbane Lions,1.52,Sportsbet,1.88,Sportsbet,9.5,-18.98096304591266
Sydney Swans v Fremantle Dockers,Player Disposals,Caleb Serong,Fremantle Dockers,23.5,Sydney Swans,1.5,Neds,1.91,Sportsbet,21.5,-19.02268760907504
Hawthorn Hawks v Brisbane Lions,Player Disposals,Josh Dunkley,Brisbane Lions,22.5,Hawthorn Hawks,1.5,Neds,1.91,Sportsbet,21.5,-19.02268760907504
Hawthorn Hawks v Brisbane Lions,Player Disposals,Will Day,Hawthorn Hawks,22.5,Brisbane Lions,1.5,Neds,1.91,Sportsbet,21.5,-19.02268760907504
Sydney Swans v Fremantle Dockers,Player Disposals,Josh Treacy,Fremantle Dockers,11.5,Sydney Swans,1.56,Pointsbet,1.82,Sportsbet,10.5,-19.047619047619023
Sydney Swans v Fremantle Dockers,Player Disposals,Isaiah Dudley,Fremantle Dockers,10.5,Sydney Swans,1.52,Sportsbet,1.87,Sportsbet,9.5,-19.265409513087526
Sydney Swans v Fremantle Dockers,Player Disposals,Andrew Brayshaw,Fremantle Dockers,24.5,Sydney Swans,1.5,Neds,1.9,Sportsbet,23.5,-19.298245614035082
Sydney Swans v Fremantle Dockers,Player Disposals,Tom McCartin,Sydney Swans,15.5,Fremantle Dockers,1.5,BetRight,1.9,Sportsbet,14.5,-19.298245614035082
Sydney Swans v Fremantle Dockers,Player Disposals,Tom McCartin,Sydney Swans,15.5,Fremantle Dockers,1.5,TAB,1.9,Sportsbet,14.5,-19.298245614035082
Sydney Swans v Fremantle Dockers,Player Disposals,Jordan Clark,Fremantle Dockers,22.5,Sydney Swans,1.48,Pointsbet,1.93,Sportsbet,20.5,-19.381039070158245
Sydney Swans v Fremantle Dockers,Player Disposals,Shai Bolton,Fremantle Dockers,21.5,Sydney Swans,1.52,Neds,1.86,Sportsbet,19.5,-19.552914544425583
Hawthorn Hawks v Brisbane Lions,Player Disposals,Lachie Neale,Brisbane Lions,26.5,Hawthorn Hawks,1.5,Pointsbet,1.89,Sportsbet,24.5,-19.576719576719583
Hawthorn Hawks v Brisbane Lions,Player Disposals,Ryan Lester,Brisbane Lions,15.5,Hawthorn Hawks,1.5,Pointsbet,1.89,Sportsbet,13.5,-19.576719576719583
Sydney Swans v Fremantle Dockers,Player Disposals,Logan McDonald,Sydney Swans,11.5,Fremantle Dockers,1.56,Pointsbet,1.8,Sportsbet,10.5,-19.658119658119656
Hawthorn Hawks v Brisbane Lions,Player Disposals,Logan Morris,Brisbane Lions,10.5,Hawthorn Hawks,1.56,Pointsbet,1.8,Sportsbet,9.5,-19.658119658119656
Hawthorn Hawks v Brisbane Lions,Player Disposals,Jai Newcombe,Hawthorn Hawks,23.5,Brisbane Lions,1.5,Pointsbet,1.88,Sportsbet,21.5,-19.85815602836878
Sydney Swans v Fremantle Dockers,Player Disposals,Caleb Serong,Fremantle Dockers,23.5,Sydney Swans,1.48,Pointsbet,1.91,Sportsbet,21.5,-19.923588509975954
Hawthorn Hawks v Brisbane Lions,Player Disposals,Josh Dunkley,Brisbane Lions,22.5,Hawthorn Hawks,1.48,Pointsbet,1.91,Sportsbet,20.5,-19.923588509975954
Sydney Swans v Fremantle Dockers,Player Disposals,Murphy Reid,Fremantle Dockers,22.5,Sydney Swans,1.48,Pointsbet,1.91,Sportsbet,19.5,-19.923588509975954
Hawthorn Hawks v Brisbane Lions,Player Disposals,Will Day,Hawthorn Hawks,22.5,Brisbane Lions,1.48,Pointsbet,1.91,Sportsbet,20.5,-19.923588509975954
Sydney Swans v Fremantle Dockers,Player Disposals,Brodie Grundy,Sydney Swans,16.5,Fremantle Dockers,1.44,Pointsbet,1.98,Sportsbet,15.5,-19.94949494949494
Sydney Swans v Fremantle Dockers,Player Disposals,Caiden Cleary,Sydney Swans,14.5,Fremantle Dockers,1.59,Pointsbet,1.75,Sportsbet,13.5,-20.03593890386344
Hawthorn Hawks v Brisbane Lions,Player Disposals,James Sicily,Hawthorn Hawks,19.5,Brisbane Lions,1.52,TAB,1.84,Sportsbet,19.5,-20.13729977116705
Sydney Swans v Fremantle Dockers,Player Disposals,Andrew Brayshaw,Fremantle Dockers,24.5,Sydney Swans,1.48,Pointsbet,1.9,Sportsbet,22.5,-20.199146514935997
Hawthorn Hawks v Brisbane Lions,Player Disposals,Jarman Impey,Hawthorn Hawks,18.5,Brisbane Lions,1.48,Pointsbet,1.9,Sportsbet,17.5,-20.199146514935997
Hawthorn Hawks v Brisbane Lions,Player Disposals,Lachie Neale,Brisbane Lions,26.5,Hawthorn Hawks,1.48,TAB,1.89,Sportsbet,24.5,-20.477620477620473
Sydney Swans v Fremantle Dockers,Player Disposals,Errol Gulden,Sydney Swans,30.5,Fremantle Dockers,1.48,Pointsbet,1.88,Sportsbet,29.5,-20.759056929269693
Hawthorn Hawks v Brisbane Lions,Player Disposals,Josh Ward,Hawthorn Hawks,20.5,Brisbane Lions,1.48,Pointsbet,1.88,Sportsbet,18.5,-20.759056929269693
Sydney Swans v Fremantle Dockers,Player Disposals,Jai Serong,Sydney Swans,16.5,Fremantle Dockers,1.46,Neds,1.91,Sportsbet,15.5,-20.849171627339878
Hawthorn Hawks v Brisbane Lions,Player Disposals,Lachie Neale,Brisbane Lions,26.5,Hawthorn Hawks,1.47,Sportsbet,1.89,Sportsbet,24.5,-20.937263794406658
Sydney Swans v Fremantle Dockers,Player Disposals,James Rowbottom,Sydney Swans,16.5,Fremantle Dockers,1.44,Pointsbet,1.94,Sportsbet,15.5,-20.99083619702178
Hawthorn Hawks v Brisbane Lions,Player Disposals,Zac Bailey,Brisbane Lions,21.5,Hawthorn Hawks,1.48,Neds,1.87,Sportsbet,19.5,-21.043503396444564
Hawthorn Hawks v Brisbane Lions,Player Disposals,Zac Bailey,Brisbane Lions,21.5,Hawthorn Hawks,1.48,Pointsbet,1.87,Sportsbet,19.5,-21.043503396444564
Sydney Swans v Fremantle Dockers,Player Disposals,Corey Wagner,Fremantle Dockers,15.5,Sydney Swans,1.45,TAB,1.92,Sportsbet,14.5,-21.048850574712663
Hawthorn Hawks v Brisbane Lions,Player Disposals,Dylan Moore,Hawthorn Hawks,16.5,Brisbane Lions,1.46,Neds,1.9,Sportsbet,15.5,-21.12472963229992
Hawthorn Hawks v Brisbane Lions,Player Disposals,Jack Ginnivan,Hawthorn Hawks,16.5,Brisbane Lions,1.46,Neds,1.9,Sportsbet,15.5,-21.12472963229992
Sydney Swans v Fremantle Dockers,Player Disposals,Tom McCartin,Sydney Swans,15.5,Fremantle Dockers,1.46,Neds,1.9,Sportsbet,15.5,-21.12472963229992
Sydney Swans v Fremantle Dockers,Player Disposals,Luke Ryan,Fremantle Dockers,19.5,Sydney Swans,1.44,Pointsbet,1.93,Sportsbet,17.5,-21.257915947035123
Sydney Swans v Fremantle Dockers,Player Disposals,Caleb Serong,Fremantle Dockers,23.5,Sydney Swans,1.45,Sportsbet,1.91,Sportsbet,21.5,-21.32153818378768
Hawthorn Hawks v Brisbane Lions,Player Disposals,Cam Mackenzie,Hawthorn Hawks,18.5,Brisbane Lions,1.46,Neds,1.89,Sportsbet,17.5,-21.403203594984422
Sydney Swans v Fremantle Dockers,Player Disposals,Heath Chapman,Fremantle Dockers,14.5,Sydney Swans,1.42,Neds,1.96,Sportsbet,13.5,-21.44294337453292
Sydney Swans v Fremantle Dockers,Player Disposals,Jake Lloyd,Sydney Swans,20.5,Fremantle Dockers,1.42,Neds,1.96,Sportsbet,19.5,-21.44294337453292
Sydney Swans v Fremantle Dockers,Player Disposals,Corey Wagner,Fremantle Dockers,15.5,Sydney Swans,1.44,Neds,1.92,Sportsbet,14.5,-21.527777777777768
Sydney Swans v Fremantle Dockers,Player Disposals,Michael Frederick,Fremantle Dockers,10.5,Sydney Swans,1.56,Pointsbet,1.74,Sportsbet,9.5,-21.573828470380185
Hawthorn Hawks v Brisbane Lions,Player Disposals,Darcy Wilmot,Brisbane Lions,18.5,Hawthorn Hawks,1.46,Neds,1.88,Sportsbet,17.5,-21.68464004663364
Sydney Swans v Fremantle Dockers,Player Disposals,Luke Jackson,Fremantle Dockers,18.5,Sydney Swans,1.46,Neds,1.88,Sportsbet,17.5,-21.68464004663364
Hawthorn Hawks v Brisbane Lions,Player Disposals,Massimo D'Ambrosio,Hawthorn Hawks,18.5,Brisbane Lions,1.46,Neds,1.88,Sportsbet,17.5,-21.68464004663364
Sydney Swans v Fremantle Dockers,Player Disposals,Hayden Young,Fremantle Dockers,19.5,Sydney Swans,1.44,Pointsbet,1.91,Sportsbet,17.5,-21.800465386852828
Sydney Swans v Fremantle Dockers,Player Disposals,Jai Serong,Sydney Swans,16.5,Fremantle Dockers,1.44,Pointsbet,1.91,Sportsbet,15.5,-21.800465386852828
Hawthorn Hawks v Brisbane Lions,Player Disposals,Jarrod Berry,Brisbane Lions,18.5,Hawthorn Hawks,1.44,Pointsbet,1.91,Sportsbet,17.5,-21.800465386852828
Hawthorn Hawks v Brisbane Lions,Player Disposals,Jaspa Fletcher,Brisbane Lions,17.5,Hawthorn Hawks,1.44,Pointsbet,1.91,Sportsbet,16.5,-21.800465386852828
Sydney Swans v Fremantle Dockers,Player Disposals,Karl Worner,Fremantle Dockers,17.5,Sydney Swans,1.44,Pointsbet,1.91,Sportsbet,15.5,-21.800465386852828
Sydney Swans v Fremantle Dockers,Player Disposals,Sam Wicks,Sydney Swans,15.5,Fremantle Dockers,1.44,Neds,1.91,Sportsbet,14.5,-21.800465386852828
Hawthorn Hawks v Brisbane Lions,Player Disposals,Hugh McCluggage,Brisbane Lions,17.5,Hawthorn Hawks,1.46,Neds,1.87,Sportsbet,17.5,-21.969086513808513
Hawthorn Hawks v Brisbane Lions,Player Disposals,Dylan Moore,Hawthorn Hawks,16.5,Brisbane Lions,1.44,Pointsbet,1.9,Sportsbet,15.5,-22.07602339181287
Hawthorn Hawks v Brisbane Lions,Player Disposals,Levi Ashcroft,Brisbane Lions,18.5,Hawthorn Hawks,1.44,Pointsbet,1.9,Sportsbet,15.5,-22.07602339181287
Sydney Swans v Fremantle Dockers,Player Disposals,Errol Gulden,Sydney Swans,30.5,Fremantle Dockers,1.45,Sportsbet,1.88,Sportsbet,28.5,-22.15700660308144
Sydney Swans v Fremantle Dockers,Player Disposals,Angus Sheldrick,Sydney Swans,17.5,Fremantle Dockers,1.46,Neds,1.86,Sportsbet,17.5,-22.256591545146563
Sydney Swans v Fremantle Dockers,Player Disposals,Neil Erasmus,Fremantle Dockers,16.5,Sydney Swans,1.46,Neds,1.86,Sportsbet,15.5,-22.256591545146563
Sydney Swans v Fremantle Dockers,Player Disposals,Shai Bolton,Fremantle Dockers,21.5,Sydney Swans,1.46,Sportsbet,1.86,Sportsbet,19.5,-22.256591545146563
Hawthorn Hawks v Brisbane Lions,Player Disposals,Blake Hardwick,Hawthorn Hawks,15.5,Brisbane Lions,1.44,Neds,1.89,Sportsbet,14.5,-22.354497354497347
Hawthorn Hawks v Brisbane Lions,Player Disposals,Cam Mackenzie,Hawthorn Hawks,18.5,Brisbane Lions,1.44,Pointsbet,1.89,Sportsbet,16.5,-22.354497354497347
Hawthorn Hawks v Brisbane Lions,Player Disposals,Connor Macdonald,Hawthorn Hawks,17.5,Brisbane Lions,1.44,Pointsbet,1.89,Sportsbet,16.5,-22.354497354497347
Hawthorn Hawks v Brisbane Lions,Player Disposals,Karl Amon,Hawthorn Hawks,17.5,Brisbane Lions,1.44,Pointsbet,1.89,Sportsbet,16.5,-22.354497354497347
Sydney Swans v Fremantle Dockers,Player Disposals,Matthew Johnson,Fremantle Dockers,15.5,Sydney Swans,1.44,Neds,1.89,Sportsbet,14.5,-22.354497354497347
Sydney Swans v Fremantle Dockers,Player Disposals,Heath Chapman,Fremantle Dockers,14.5,Sydney Swans,1.4,Pointsbet,1.96,Sportsbet,12.5,-22.44897959183674
Sydney Swans v Fremantle Dockers,Player Disposals,Corey Wagner,Fremantle Dockers,15.5,Sydney Swans,1.42,Pointsbet,1.92,Sportsbet,13.5,-22.50586854460095
Sydney Swans v Fremantle Dockers,Player Disposals,Josh Treacy,Fremantle Dockers,11.5,Sydney Swans,1.48,TAB,1.82,Sportsbet,9.5,-22.512622512622514
Hawthorn Hawks v Brisbane Lions,Player Disposals,Darcy Wilmot,Brisbane Lions,18.5,Hawthorn Hawks,1.44,Pointsbet,1.88,Sportsbet,16.5,-22.635933806146568
Hawthorn Hawks v Brisbane Lions,Player Disposals,Harry Morrison,Hawthorn Hawks,15.5,Brisbane Lions,1.44,Neds,1.88,Sportsbet,14.5,-22.635933806146568
Hawthorn Hawks v Brisbane Lions,Player Disposals,Josh Battle,Hawthorn Hawks,17.5,Brisbane Lions,1.44,Pointsbet,1.88,Sportsbet,15.5,-22.635933806146568
Sydney Swans v Fremantle Dockers,Player Disposals,Justin McInerney,Sydney Swans,19.5,Fremantle Dockers,1.44,Pointsbet,1.88,Sportsbet,18.5,-22.635933806146568
Sydney Swans v Fremantle Dockers,Player Disposals,Luke Jackson,Fremantle Dockers,18.5,Sydney Swans,1.44,Pointsbet,1.88,Sportsbet,16.5,-22.635933806146568
Hawthorn Hawks v Brisbane Lions,Player Disposals,Massimo D'Ambrosio,Hawthorn Hawks,18.5,Brisbane Lions,1.44,Pointsbet,1.88,Sportsbet,16.5,-22.635933806146568
Sydney Swans v Fremantle Dockers,Player Disposals,Karl Worner,Fremantle Dockers,17.5,Sydney Swans,1.42,Neds,1.91,Sportsbet,15.5,-22.77855615367599
Sydney Swans v Fremantle Dockers,Player Disposals,Sam Wicks,Sydney Swans,15.5,Fremantle Dockers,1.42,Pointsbet,1.91,Sportsbet,13.5,-22.77855615367599
Hawthorn Hawks v Brisbane Lions,Player Disposals,Will Ashcroft,Brisbane Lions,28.5,Hawthorn Hawks,1.43,Sportsbet,1.89,Sportsbet,26.5,-22.840122840122845
Hawthorn Hawks v Brisbane Lions,Player Disposals,Hugh McCluggage,Brisbane Lions,17.5,Hawthorn Hawks,1.44,Pointsbet,1.87,Sportsbet,16.5,-22.920380273321438
Sydney Swans v Fremantle Dockers,Player Disposals,Jake Lloyd,Sydney Swans,20.5,Fremantle Dockers,1.39,Sportsbet,1.96,Sportsbet,18.5,-22.962854206430784
Hawthorn Hawks v Brisbane Lions,Player Disposals,Jack Ginnivan,Hawthorn Hawks,16.5,Brisbane Lions,1.42,Pointsbet,1.9,Sportsbet,14.5,-23.05411415863603
Sydney Swans v Fremantle Dockers,Player Disposals,Tom McCartin,Sydney Swans,15.5,Fremantle Dockers,1.42,Pointsbet,1.9,Sportsbet,14.5,-23.05411415863603
Sydney Swans v Fremantle Dockers,Player Disposals,Angus Sheldrick,Sydney Swans,17.5,Fremantle Dockers,1.44,Pointsbet,1.86,Sportsbet,16.5,-23.20788530465949
Sydney Swans v Fremantle Dockers,Player Disposals,Neil Erasmus,Fremantle Dockers,16.5,Sydney Swans,1.44,Pointsbet,1.86,Sportsbet,14.5,-23.20788530465949
Sydney Swans v Fremantle Dockers,Player Disposals,Shai Bolton,Fremantle Dockers,21.5,Sydney Swans,1.44,Pointsbet,1.86,Sportsbet,18.5,-23.20788530465949
Sydney Swans v Fremantle Dockers,Player Disposals,Tom Papley,Sydney Swans,15.5,Fremantle Dockers,1.44,Neds,1.86,Sportsbet,14.5,-23.20788530465949
Sydney Swans v Fremantle Dockers,Player Disposals,Harry Kyle,Sydney Swans,10.5,Fremantle Dockers,1.36,Pointsbet,2.01,Sportsbet,9.5,-23.28065554580041
Hawthorn Hawks v Brisbane Lions,Player Disposals,Eric Hipwood,Brisbane Lions,10.5,Hawthorn Hawks,1.45,TAB,1.84,Sportsbet,9.5,-23.313343328335833
Hawthorn Hawks v Brisbane Lions,Player Disposals,Cam Rayner,Brisbane Lions,15.5,Hawthorn Hawks,1.42,Neds,1.89,Sportsbet,13.5,-23.33258812132053
Hawthorn Hawks v Brisbane Lions,Player Disposals,Lachie Neale,Brisbane Lions,26.5,Hawthorn Hawks,1.42,BetRight,1.89,Sportsbet,24.5,-23.33258812132053
Sydney Swans v Fremantle Dockers,Player Disposals,Matthew Johnson,Fremantle Dockers,15.5,Sydney Swans,1.42,Pointsbet,1.89,Sportsbet,14.5,-23.33258812132053
Hawthorn Hawks v Brisbane Lions,Player Disposals,Ryan Lester,Brisbane Lions,15.5,Hawthorn Hawks,1.42,Neds,1.89,Sportsbet,13.5,-23.33258812132053
Hawthorn Hawks v Brisbane Lions,Player Disposals,Hugh McCluggage,Brisbane Lions,17.5,Hawthorn Hawks,1.43,Sportsbet,1.87,Sportsbet,15.5,-23.406005758946936
Hawthorn Hawks v Brisbane Lions,Player Disposals,Zac Bailey,Brisbane Lions,21.5,Hawthorn Hawks,1.43,Sportsbet,1.87,Sportsbet,19.5,-23.406005758946936
Hawthorn Hawks v Brisbane Lions,Player Disposals,Harry Morrison,Hawthorn Hawks,15.5,Brisbane Lions,1.42,Pointsbet,1.88,Sportsbet,13.5,-23.614024572969726
Hawthorn Hawks v Brisbane Lions,Player Disposals,Jai Newcombe,Hawthorn Hawks,23.5,Brisbane Lions,1.42,Neds,1.88,Sportsbet,21.5,-23.614024572969726
Hawthorn Hawks v Brisbane Lions,Player Disposals,Josh Ward,Hawthorn Hawks,20.5,Brisbane Lions,1.42,Sportsbet,1.88,Sportsbet,18.5,-23.614024572969726
Hawthorn Hawks v Brisbane Lions,Player Disposals,Josh Weddle,Hawthorn Hawks,13.5,Brisbane Lions,1.42,Pointsbet,1.88,Sportsbet,12.5,-23.614024572969726
Sydney Swans v Fremantle Dockers,Player Disposals,Justin McInerney,Sydney Swans,19.5,Fremantle Dockers,1.42,Sportsbet,1.88,Sportsbet,17.5,-23.614024572969726
Sydney Swans v Fremantle Dockers,Player Disposals,Luke Jackson,Fremantle Dockers,18.5,Sydney Swans,1.42,Sportsbet,1.88,Sportsbet,16.5,-23.614024572969726
Sydney Swans v Fremantle Dockers,Player Disposals,Neil Erasmus,Fremantle Dockers,16.5,Sydney Swans,1.43,Sportsbet,1.86,Sportsbet,14.5,-23.69351079028499
Hawthorn Hawks v Brisbane Lions,Player Disposals,Dayne Zorko,Brisbane Lions,25.5,Hawthorn Hawks,1.39,Sportsbet,1.93,Sportsbet,23.5,-23.755917545756144
Sydney Swans v Fremantle Dockers,Player Disposals,Hayden Young,Fremantle Dockers,19.5,Sydney Swans,1.4,Sportsbet,1.91,Sportsbet,17.5,-23.78459237097981
Hawthorn Hawks v Brisbane Lions,Player Disposals,James Sicily,Hawthorn Hawks,19.5,Brisbane Lions,1.44,Pointsbet,1.84,Sportsbet,17.5,-23.79227053140096
Sydney Swans v Fremantle Dockers,Player Disposals,Braeden Campbell,Sydney Swans,16.5,Fremantle Dockers,1.5,Neds,1.75,Sportsbet,15.5,-23.809523809523814
Sydney Swans v Fremantle Dockers,Player Disposals,Dane Rampe,Sydney Swans,14.5,Fremantle Dockers,1.42,Neds,1.87,Sportsbet,13.5,-23.8984710401446
Hawthorn Hawks v Brisbane Lions,Player Disposals,Zac Bailey,Brisbane Lions,21.5,Hawthorn Hawks,1.42,TAB,1.87,Sportsbet,19.5,-23.8984710401446
Sydney Swans v Fremantle Dockers,Player Disposals,Brodie Grundy,Sydney Swans,16.5,Fremantle Dockers,1.36,BetRight,1.98,Sportsbet,14.5,-24.034462269756386
Sydney Swans v Fremantle Dockers,Player Disposals,Andrew Brayshaw,Fremantle Dockers,24.5,Sydney Swans,1.4,Sportsbet,1.9,Sportsbet,22.5,-24.06015037593985
Hawthorn Hawks v Brisbane Lions,Player Disposals,Jack Ginnivan,Hawthorn Hawks,16.5,Brisbane Lions,1.4,BetRight,1.9,Sportsbet,14.5,-24.06015037593985
Hawthorn Hawks v Brisbane Lions,Player Disposals,Jarman Impey,Hawthorn Hawks,18.5,Brisbane Lions,1.4,Sportsbet,1.9,Sportsbet,16.5,-24.06015037593985
Hawthorn Hawks v Brisbane Lions,Player Disposals,Levi Ashcroft,Brisbane Lions,18.5,Hawthorn Hawks,1.4,Sportsbet,1.9,Sportsbet,16.5,-24.06015037593985
Sydney Swans v Fremantle Dockers,Player Disposals,Tom McCartin,Sydney Swans,15.5,Fremantle Dockers,1.4,Sportsbet,1.9,Sportsbet,13.5,-24.06015037593985
Hawthorn Hawks v Brisbane Lions,Player Disposals,Massimo D'Ambrosio,Hawthorn Hawks,18.5,Brisbane Lions,1.41,Sportsbet,1.88,Sportsbet,16.5,-24.113475177304977
Sydney Swans v Fremantle Dockers,Player Disposals,Shai Bolton,Fremantle Dockers,21.5,Sydney Swans,1.42,BetRight,1.86,Sportsbet,19.5,-24.18597607148265
Sydney Swans v Fremantle Dockers,Player Disposals,Tom Papley,Sydney Swans,15.5,Fremantle Dockers,1.42,Pointsbet,1.86,Sportsbet,13.5,-24.18597607148265
Sydney Swans v Fremantle Dockers,Player Disposals,Caiden Cleary,Sydney Swans,14.5,Fremantle Dockers,1.49,Sportsbet,1.75,Sportsbet,12.5,-24.256951102588697
Sydney Swans v Fremantle Dockers,Player Disposals,Karl Worner,Fremantle Dockers,17.5,Sydney Swans,1.39,Sportsbet,1.91,Sportsbet,15.5,-24.298466985573853
Hawthorn Hawks v Brisbane Lions,Player Disposals,Blake Hardwick,Hawthorn Hawks,15.5,Brisbane Lions,1.4,Pointsbet,1.89,Sportsbet,13.5,-24.33862433862435
Hawthorn Hawks v Brisbane Lions,Player Disposals,Cam Rayner,Brisbane Lions,15.5,Hawthorn Hawks,1.4,Pointsbet,1.89,Sportsbet,13.5,-24.33862433862435
Sydney Swans v Fremantle Dockers,Player Disposals,Judd McVee,Fremantle Dockers,13.5,Sydney Swans,1.4,Pointsbet,1.89,Sportsbet,11.5,-24.33862433862435
Hawthorn Hawks v Brisbane Lions,Player Disposals,Karl Amon,Hawthorn Hawks,17.5,Brisbane Lions,1.4,Sportsbet,1.89,Sportsbet,15.5,-24.33862433862435
Hawthorn Hawks v Brisbane Lions,Player Disposals,Lachie Neale,Brisbane Lions,26.5,Hawthorn Hawks,1.4,Pointsbet,1.89,Sportsbet,23.5,-24.33862433862435
Hawthorn Hawks v Brisbane Lions,Player Disposals,Lachie Neale,Brisbane Lions,26.5,Hawthorn Hawks,1.4,Neds,1.89,Sportsbet,24.5,-24.33862433862435
Hawthorn Hawks v Brisbane Lions,Player Disposals,Will Ashcroft,Brisbane Lions,28.5,Hawthorn Hawks,1.4,Pointsbet,1.89,Sportsbet,25.5,-24.33862433862435
Sydney Swans v Fremantle Dockers,Player Disposals,Jake Lloyd,Sydney Swans,20.5,Fremantle Dockers,1.36,TAB,1.96,Sportsbet,19.5,-24.549819927971186
Hawthorn Hawks v Brisbane Lions,Player Disposals,Darcy Wilmot,Brisbane Lions,18.5,Hawthorn Hawks,1.4,Sportsbet,1.88,Sportsbet,16.5,-24.62006079027357
Hawthorn Hawks v Brisbane Lions,Player Disposals,Nick Watson,Hawthorn Hawks,12.5,Brisbane Lions,1.4,Pointsbet,1.88,Sportsbet,11.5,-24.62006079027357
Sydney Swans v Fremantle Dockers,Player Disposals,Angus Sheldrick,Sydney Swans,17.5,Fremantle Dockers,1.41,Sportsbet,1.86,Sportsbet,15.5,-24.6854266758179
Sydney Swans v Fremantle Dockers,Player Disposals,Braeden Campbell,Sydney Swans,16.5,Fremantle Dockers,1.48,BetRight,1.75,Sportsbet,14.5,-24.710424710424704
Sydney Swans v Fremantle Dockers,Player Disposals,Jai Serong,Sydney Swans,16.5,Fremantle Dockers,1.38,BetRight,1.91,Sportsbet,14.5,-24.819789058350405
Hawthorn Hawks v Brisbane Lions,Player Disposals,Jaspa Fletcher,Brisbane Lions,17.5,Hawthorn Hawks,1.38,Sportsbet,1.91,Sportsbet,15.5,-24.819789058350405
Hawthorn Hawks v Brisbane Lions,Player Disposals,Josh Dunkley,Brisbane Lions,22.5,Hawthorn Hawks,1.38,Sportsbet,1.91,Sportsbet,20.5,-24.819789058350405
Sydney Swans v Fremantle Dockers,Player Disposals,Murphy Reid,Fremantle Dockers,22.5,Sydney Swans,1.38,Neds,1.91,Sportsbet,19.5,-24.819789058350405
Hawthorn Hawks v Brisbane Lions,Player Disposals,Will Day,Hawthorn Hawks,22.5,Brisbane Lions,1.38,Sportsbet,1.91,Sportsbet,20.5,-24.819789058350405
Hawthorn Hawks v Brisbane Lions,Player Disposals,Cam Mackenzie,Hawthorn Hawks,18.5,Brisbane Lions,1.39,Sportsbet,1.89,Sportsbet,16.5,-24.852498953218394
Hawthorn Hawks v Brisbane Lions,Player Disposals,Connor Macdonald,Hawthorn Hawks,17.5,Brisbane Lions,1.39,Sportsbet,1.89,Sportsbet,15.5,-24.852498953218394
Sydney Swans v Fremantle Dockers,Player Disposals,Dane Rampe,Sydney Swans,14.5,Fremantle Dockers,1.4,Pointsbet,1.87,Sportsbet,12.5,-24.904507257448437
Hawthorn Hawks v Brisbane Lions,Player Disposals,Harris Andrews,Brisbane Lions,12.5,Hawthorn Hawks,1.4,Pointsbet,1.87,Sportsbet,11.5,-24.904507257448437
Sydney Swans v Fremantle Dockers,Player Disposals,Harry Cunningham,Sydney Swans,13.5,Fremantle Dockers,1.42,Sportsbet,1.83,Sportsbet,11.5,-25.067343954437014
Sydney Swans v Fremantle Dockers,Player Disposals,James Rowbottom,Sydney Swans,16.5,Fremantle Dockers,1.36,Sportsbet,1.94,Sportsbet,14.5,-25.0758035172832
Hawthorn Hawks v Brisbane Lions,Player Disposals,Dylan Moore,Hawthorn Hawks,16.5,Brisbane Lions,1.38,BetRight,1.9,Sportsbet,14.5,-25.09534706331045
Hawthorn Hawks v Brisbane Lions,Player Disposals,Jack Ginnivan,Hawthorn Hawks,16.5,Brisbane Lions,1.38,Sportsbet,1.9,Sportsbet,14.5,-25.09534706331045
Sydney Swans v Fremantle Dockers,Player Disposals,Brodie Grundy,Sydney Swans,16.5,Fremantle Dockers,1.34,Sportsbet,1.98,Sportsbet,14.5,-25.131916176692304
Hawthorn Hawks v Brisbane Lions,Player Disposals,Jai Newcombe,Hawthorn Hawks,23.5,Brisbane Lions,1.39,Sportsbet,1.88,Sportsbet,21.5,-25.133935404867593
Sydney Swans v Fremantle Dockers,Player Disposals,Oscar McDonald,Fremantle Dockers,12.5,Sydney Swans,1.4,Sportsbet,1.86,Sportsbet,10.5,-25.192012288786493
Hawthorn Hawks v Brisbane Lions,Player Disposals,Dayne Zorko,Brisbane Lions,25.5,Hawthorn Hawks,1.36,Pointsbet,1.93,Sportsbet,21.5,-25.342883267296568
Sydney Swans v Fremantle Dockers,Player Disposals,Jordan Clark,Fremantle Dockers,22.5,Sydney Swans,1.36,Sportsbet,1.93,Sportsbet,20.5,-25.342883267296568
Sydney Swans v Fremantle Dockers,Player Disposals,Jai Serong,Sydney Swans,16.5,Fremantle Dockers,1.37,Sportsbet,1.91,Sportsbet,14.5,-25.348721672335373
Sydney Swans v Fremantle Dockers,Player Disposals,Murphy Reid,Fremantle Dockers,22.5,Sydney Swans,1.37,Sportsbet,1.91,Sportsbet,20.5,-25.348721672335373
Hawthorn Hawks v Brisbane Lions,Player Disposals,Cam Rayner,Brisbane Lions,15.5,Hawthorn Hawks,1.38,Sportsbet,1.89,Sportsbet,13.5,-25.37382102599497
Sydney Swans v Fremantle Dockers,Player Disposals,Sam Switkowski,Fremantle Dockers,12.5,Sydney Swans,1.38,Neds,1.89,Sportsbet,11.5,-25.37382102599497
Sydney Swans v Fremantle Dockers,Player Disposals,James Rowbottom,Sydney Swans,16.5,Fremantle Dockers,1.35,BetRight,1.94,Sportsbet,14.5,-25.620465826651404
Hawthorn Hawks v Brisbane Lions,Player Disposals,Dylan Moore,Hawthorn Hawks,16.5,Brisbane Lions,1.37,Sportsbet,1.9,Sportsbet,14.5,-25.624279677295412
Sydney Swans v Fremantle Dockers,Player Disposals,Braeden Campbell,Sydney Swans,16.5,Fremantle Dockers,1.46,Sportsbet,1.75,Sportsbet,14.5,-25.63600782778863
Hawthorn Hawks v Brisbane Lions,Player Disposals,Nick Watson,Hawthorn Hawks,12.5,Brisbane Lions,1.38,Neds,1.88,Sportsbet,11.5,-25.655257477644167
Sydney Swans v Fremantle Dockers,Player Disposals,Caleb Serong,Fremantle Dockers,23.5,Sydney Swans,1.36,Pointsbet,1.91,Sportsbet,20.5,-25.885432707114255
Sydney Swans v Fremantle Dockers,Player Disposals,Jai Serong,Sydney Swans,16.5,Fremantle Dockers,1.36,TAB,1.91,Sportsbet,14.5,-25.885432707114255
Sydney Swans v Fremantle Dockers,Player Disposals,Murphy Reid,Fremantle Dockers,22.5,Sydney Swans,1.36,TAB,1.91,Sportsbet,19.5,-25.885432707114255
Sydney Swans v Fremantle Dockers,Player Disposals,Luke Ryan,Fremantle Dockers,19.5,Sydney Swans,1.35,Neds,1.93,Sportsbet,17.5,-25.88754557666475
Sydney Swans v Fremantle Dockers,Player Disposals,Matthew Johnson,Fremantle Dockers,15.5,Sydney Swans,1.37,Sportsbet,1.89,Sportsbet,13.5,-25.902753639979935
Hawthorn Hawks v Brisbane Lions,Player Disposals,Ryan Lester,Brisbane Lions,15.5,Hawthorn Hawks,1.37,Sportsbet,1.89,Sportsbet,13.5,-25.902753639979935
Hawthorn Hawks v Brisbane Lions,Player Disposals,Zac Bailey,Brisbane Lions,21.5,Hawthorn Hawks,1.38,BetRight,1.87,Sportsbet,19.5,-25.939703944819037
Sydney Swans v Fremantle Dockers,Player Disposals,Matt Roberts,Sydney Swans,16.5,Fremantle Dockers,1.46,Sportsbet,1.74,Sportsbet,14.5,-25.964415052747604
Sydney Swans v Fremantle Dockers,Player Disposals,Matt Roberts,Sydney Swans,16.5,Fremantle Dockers,1.46,Neds,1.74,Sportsbet,15.5,-25.964415052747604
Hawthorn Hawks v Brisbane Lions,Player Disposals,Conor McKenna,Brisbane Lions,12.5,Hawthorn Hawks,1.4,Sportsbet,1.83,Sportsbet,10.5,-26.073380171740812
Sydney Swans v Fremantle Dockers,Player Disposals,Harry Cunningham,Sydney Swans,13.5,Fremantle Dockers,1.4,Pointsbet,1.83,Sportsbet,11.5,-26.073380171740812
Hawthorn Hawks v Brisbane Lions,Player Disposals,Kai Lohmann,Brisbane Lions,12.5,Hawthorn Hawks,1.4,Sportsbet,1.83,Sportsbet,10.5,-26.073380171740812
Hawthorn Hawks v Brisbane Lions,Player Disposals,Nick Watson,Hawthorn Hawks,12.5,Brisbane Lions,1.37,Sportsbet,1.88,Sportsbet,10.5,-26.184190091629134
Sydney Swans v Fremantle Dockers,Player Disposals,Heath Chapman,Fremantle Dockers,14.5,Sydney Swans,1.33,Sportsbet,1.96,Sportsbet,12.5,-26.208378088077346
Sydney Swans v Fremantle Dockers,Player Disposals,Jake Lloyd,Sydney Swans,20.5,Fremantle Dockers,1.33,Pointsbet,1.96,Sportsbet,19.5,-26.208378088077346
Sydney Swans v Fremantle Dockers,Player Disposals,Neil Erasmus,Fremantle Dockers,16.5,Sydney Swans,1.38,BetRight,1.86,Sportsbet,14.5,-26.22720897615709
Sydney Swans v Fremantle Dockers,Player Disposals,Oscar McDonald,Fremantle Dockers,12.5,Sydney Swans,1.38,Neds,1.86,Sportsbet,11.5,-26.22720897615709
Sydney Swans v Fremantle Dockers,Player Disposals,Tom Papley,Sydney Swans,15.5,Fremantle Dockers,1.38,Sportsbet,1.86,Sportsbet,13.5,-26.22720897615709
Sydney Swans v Fremantle Dockers,Player Disposals,Brodie Grundy,Sydney Swans,16.5,Fremantle Dockers,1.32,Neds,1.98,Sportsbet,15.5,-26.262626262626256
Sydney Swans v Fremantle Dockers,Player Disposals,Josh Treacy,Fremantle Dockers,11.5,Sydney Swans,1.4,Sportsbet,1.82,Sportsbet,9.5,-26.37362637362637
Sydney Swans v Fremantle Dockers,Player Disposals,Hayden Young,Fremantle Dockers,19.5,Sydney Swans,1.35,Neds,1.91,Sportsbet,17.5,-26.430095016482458
Hawthorn Hawks v Brisbane Lions,Player Disposals,Jarrod Berry,Brisbane Lions,18.5,Hawthorn Hawks,1.35,Neds,1.91,Sportsbet,17.5,-26.430095016482458
Sydney Swans v Fremantle Dockers,Player Disposals,Sam Wicks,Sydney Swans,15.5,Fremantle Dockers,1.35,Sportsbet,1.91,Sportsbet,13.5,-26.430095016482458
Sydney Swans v Fremantle Dockers,Player Disposals,Matt Roberts,Sydney Swans,16.5,Fremantle Dockers,1.45,TAB,1.74,Sportsbet,14.5,-26.436781609195403
Sydney Swans v Fremantle Dockers,Player Disposals,Sam Switkowski,Fremantle Dockers,12.5,Sydney Swans,1.36,Pointsbet,1.89,Sportsbet,10.5,-26.439464674758796
Sydney Swans v Fremantle Dockers,Player Disposals,Luke Ryan,Fremantle Dockers,19.5,Sydney Swans,1.34,Sportsbet,1.93,Sportsbet,17.5,-26.440337174232464
Sydney Swans v Fremantle Dockers,Player Disposals,Logan McDonald,Sydney Swans,11.5,Fremantle Dockers,1.41,Sportsbet,1.8,Sportsbet,9.5,-26.477541371158388
Hawthorn Hawks v Brisbane Lions,Player Disposals,Noah Answerth,Brisbane Lions,11.5,Hawthorn Hawks,1.39,Sportsbet,1.83,Sportsbet,9.5,-26.58725478633488
Hawthorn Hawks v Brisbane Lions,Player Disposals,Jarman Impey,Hawthorn Hawks,18.5,Brisbane Lions,1.35,Neds,1.9,Sportsbet,17.5,-26.7056530214425
Sydney Swans v Fremantle Dockers,Player Disposals,Corey Wagner,Fremantle Dockers,15.5,Sydney Swans,1.34,Sportsbet,1.92,Sportsbet,13.5,-26.71019900497513
Sydney Swans v Fremantle Dockers,Player Disposals,Errol Gulden,Sydney Swans,30.5,Fremantle Dockers,1.36,Pointsbet,1.88,Sportsbet,28.5,-26.720901126408016
Hawthorn Hawks v Brisbane Lions,Player Disposals,Harry Morrison,Hawthorn Hawks,15.5,Brisbane Lions,1.36,Sportsbet,1.88,Sportsbet,13.5,-26.720901126408016
Hawthorn Hawks v Brisbane Lions,Player Disposals,Jai Newcombe,Hawthorn Hawks,23.5,Brisbane Lions,1.36,Pointsbet,1.88,Sportsbet,20.5,-26.720901126408016
Hawthorn Hawks v Brisbane Lions,Player Disposals,Lloyd Meek,Hawthorn Hawks,10.5,Brisbane Lions,1.36,Pointsbet,1.88,Sportsbet,9.5,-26.720901126408016
Hawthorn Hawks v Brisbane Lions,Player Disposals,Mitch Lewis,Hawthorn Hawks,11.5,Brisbane Lions,1.36,Pointsbet,1.88,Sportsbet,9.5,-26.720901126408016
Hawthorn Hawks v Brisbane Lions,Player Disposals,James Sicily,Hawthorn Hawks,19.5,Brisbane Lions,1.38,Sportsbet,1.84,Sportsbet,17.5,-26.811594202898558
Hawthorn Hawks v Brisbane Lions,Player Disposals,Blake Hardwick,Hawthorn Hawks,15.5,Brisbane Lions,1.35,Sportsbet,1.89,Sportsbet,13.5,-26.984126984126977
Sydney Swans v Fremantle Dockers,Player Disposals,Jordan Clark,Fremantle Dockers,22.5,Sydney Swans,1.33,Pointsbet,1.93,Sportsbet,19.5,-27.001441427402707
Sydney Swans v Fremantle Dockers,Player Disposals,Dane Rampe,Sydney Swans,14.5,Fremantle Dockers,1.36,Sportsbet,1.87,Sportsbet,12.5,-27.005347593582883
Sydney Swans v Fremantle Dockers,Player Disposals,Charlie Curnow,Sydney Swans,10.5,Fremantle Dockers,1.38,TAB,1.83,Sportsbet,9.5,-27.108576859111434
Sydney Swans v Fremantle Dockers,Player Disposals,Harry Cunningham,Sydney Swans,13.5,Fremantle Dockers,1.38,Neds,1.83,Sportsbet,11.5,-27.108576859111434
Hawthorn Hawks v Brisbane Lions,Player Disposals,Josh Weddle,Hawthorn Hawks,13.5,Brisbane Lions,1.35,Neds,1.88,Sportsbet,11.5,-27.265563435776198
Hawthorn Hawks v Brisbane Lions,Player Disposals,Josh Weddle,Hawthorn Hawks,13.5,Brisbane Lions,1.35,Sportsbet,1.88,Sportsbet,11.5,-27.265563435776198
Sydney Swans v Fremantle Dockers,Player Disposals,Justin McInerney,Sydney Swans,19.5,Fremantle Dockers,1.35,Neds,1.88,Sportsbet,17.5,-27.265563435776198
Sydney Swans v Fremantle Dockers,Player Disposals,Oscar McDonald,Fremantle Dockers,12.5,Sydney Swans,1.36,Pointsbet,1.86,Sportsbet,10.5,-27.29285262492094
Sydney Swans v Fremantle Dockers,Player Disposals,James Rowbottom,Sydney Swans,16.5,Fremantle Dockers,1.32,Neds,1.94,Sportsbet,15.5,-27.303967510153093
Sydney Swans v Fremantle Dockers,Player Disposals,Judd McVee,Fremantle Dockers,13.5,Sydney Swans,1.34,Sportsbet,1.89,Sportsbet,11.5,-27.536918581694714
Hawthorn Hawks v Brisbane Lions,Player Disposals,Lachie Neale,Brisbane Lions,26.5,Hawthorn Hawks,1.34,Sportsbet,1.89,Sportsbet,23.5,-27.536918581694714
Hawthorn Hawks v Brisbane Lions,Player Disposals,Jarrod Berry,Brisbane Lions,18.5,Hawthorn Hawks,1.33,Sportsbet,1.91,Sportsbet,16.5,-27.543990867220415
Hawthorn Hawks v Brisbane Lions,Player Disposals,Josh Dunkley,Brisbane Lions,22.5,Hawthorn Hawks,1.33,Pointsbet,1.91,Sportsbet,19.5,-27.543990867220415
Sydney Swans v Fremantle Dockers,Player Disposals,Murphy Reid,Fremantle Dockers,22.5,Sydney Swans,1.33,Pointsbet,1.91,Sportsbet,18.5,-27.543990867220415
Hawthorn Hawks v Brisbane Lions,Player Disposals,Will Day,Hawthorn Hawks,22.5,Brisbane Lions,1.33,Pointsbet,1.91,Sportsbet,19.5,-27.543990867220415
Hawthorn Hawks v Brisbane Lions,Player Disposals,Harris Andrews,Brisbane Lions,12.5,Hawthorn Hawks,1.35,Sportsbet,1.87,Sportsbet,10.5,-27.550009902951068
Sydney Swans v Fremantle Dockers,Player Disposals,Braeden Campbell,Sydney Swans,16.5,Fremantle Dockers,1.42,Pointsbet,1.75,Sportsbet,14.5,-27.56539235412476
Sydney Swans v Fremantle Dockers,Player Disposals,Braeden Campbell,Sydney Swans,16.5,Fremantle Dockers,1.42,TAB,1.75,Sportsbet,14.5,-27.56539235412476
Hawthorn Hawks v Brisbane Lions,Player Disposals,Josh Battle,Hawthorn Hawks,17.5,Brisbane Lions,1.34,Sportsbet,1.88,Sportsbet,15.5,-27.818355033343913
Sydney Swans v Fremantle Dockers,Player Disposals,Andrew Brayshaw,Fremantle Dockers,24.5,Sydney Swans,1.33,Pointsbet,1.9,Sportsbet,21.5,-27.819548872180455
Sydney Swans v Fremantle Dockers,Player Disposals,Shai Bolton,Fremantle Dockers,21.5,Sydney Swans,1.35,TAB,1.86,Sportsbet,19.5,-27.83751493428912
Sydney Swans v Fremantle Dockers,Player Disposals,Matt Roberts,Sydney Swans,16.5,Fremantle Dockers,1.42,Pointsbet,1.74,Sportsbet,14.5,-27.89379957908369
Hawthorn Hawks v Brisbane Lions,Player Disposals,Logan Morris,Brisbane Lions,10.5,Hawthorn Hawks,1.38,TAB,1.8,Sportsbet,9.5,-28.0193236714976
Hawthorn Hawks v Brisbane Lions,Player Disposals,Cam Rayner,Brisbane Lions,15.5,Hawthorn Hawks,1.33,TAB,1.89,Sportsbet,14.5,-28.098022834864935
Hawthorn Hawks v Brisbane Lions,Player Disposals,Ryan Lester,Brisbane Lions,15.5,Hawthorn Hawks,1.33,Pointsbet,1.89,Sportsbet,12.5,-28.098022834864935
Sydney Swans v Fremantle Dockers,Player Disposals,Sam Switkowski,Fremantle Dockers,12.5,Sydney Swans,1.33,Sportsbet,1.89,Sportsbet,10.5,-28.098022834864935
Sydney Swans v Fremantle Dockers,Player Disposals,Murphy Reid,Fremantle Dockers,22.5,Sydney Swans,1.32,BetRight,1.91,Sportsbet,19.5,-28.113596699984143
Sydney Swans v Fremantle Dockers,Player Disposals,Luke Ryan,Fremantle Dockers,19.5,Sydney Swans,1.31,Pointsbet,1.93,Sportsbet,16.5,-28.149349365186094
Hawthorn Hawks v Brisbane Lions,Player Disposals,Conor McKenna,Brisbane Lions,12.5,Hawthorn Hawks,1.36,Pointsbet,1.83,Sportsbet,9.5,-28.17422050787526
Sydney Swans v Fremantle Dockers,Player Disposals,Errol Gulden,Sydney Swans,30.5,Fremantle Dockers,1.33,Sportsbet,1.88,Sportsbet,27.5,-28.37945928651415
Hawthorn Hawks v Brisbane Lions,Player Disposals,Josh Ward,Hawthorn Hawks,20.5,Brisbane Lions,1.33,Pointsbet,1.88,Sportsbet,17.5,-28.37945928651415
Hawthorn Hawks v Brisbane Lions,Player Disposals,Josh Ward,Hawthorn Hawks,20.5,Brisbane Lions,1.33,TAB,1.88,Sportsbet,19.5,-28.37945928651415
Hawthorn Hawks v Brisbane Lions,Player Disposals,Mitch Lewis,Hawthorn Hawks,11.5,Brisbane Lions,1.33,Sportsbet,1.88,Sportsbet,9.5,-28.37945928651415
Hawthorn Hawks v Brisbane Lions,Player Disposals,Levi Ashcroft,Brisbane Lions,18.5,Hawthorn Hawks,1.32,Neds,1.9,Sportsbet,15.5,-28.389154704944186
Hawthorn Hawks v Brisbane Lions,Player Disposals,James Sicily,Hawthorn Hawks,19.5,Brisbane Lions,1.35,Neds,1.84,Sportsbet,17.5,-28.42190016103059
Sydney Swans v Fremantle Dockers,Player Disposals,James Rowbottom,Sydney Swans,16.5,Fremantle Dockers,1.3,TAB,1.94,Sportsbet,14.5,-28.46946867565423
Sydney Swans v Fremantle Dockers,Player Disposals,Josh Treacy,Fremantle Dockers,11.5,Sydney Swans,1.36,Pointsbet,1.82,Sportsbet,9.5,-28.474466709760815
Sydney Swans v Fremantle Dockers,Player Disposals,Caiden Cleary,Sydney Swans,14.5,Fremantle Dockers,1.4,Pointsbet,1.75,Sportsbet,12.5,-28.57142857142856
Hawthorn Hawks v Brisbane Lions,Player Disposals,Connor Macdonald,Hawthorn Hawks,17.5,Brisbane Lions,1.32,Neds,1.89,Sportsbet,15.5,-28.667628667628662
Hawthorn Hawks v Brisbane Lions,Player Disposals,Karl Amon,Hawthorn Hawks,17.5,Brisbane Lions,1.32,Neds,1.89,Sportsbet,15.5,-28.667628667628662
Sydney Swans v Fremantle Dockers,Player Disposals,Caleb Serong,Fremantle Dockers,23.5,Sydney Swans,1.31,Sportsbet,1.91,Sportsbet,20.5,-28.69189880500378
Hawthorn Hawks v Brisbane Lions,Player Disposals,Jaspa Fletcher,Brisbane Lions,17.5,Hawthorn Hawks,1.31,Pointsbet,1.91,Sportsbet,15.5,-28.69189880500378
Sydney Swans v Fremantle Dockers,Player Disposals,Jordan Clark,Fremantle Dockers,22.5,Sydney Swans,1.3,BetRight,1.93,Sportsbet,19.5,-28.736548425667596
Hawthorn Hawks v Brisbane Lions,Player Disposals,Josh Battle,Hawthorn Hawks,17.5,Brisbane Lions,1.32,Neds,1.88,Sportsbet,15.5,-28.949065119277883
Sydney Swans v Fremantle Dockers,Player Disposals,Shai Bolton,Fremantle Dockers,21.5,Sydney Swans,1.33,Pointsbet,1.86,Sportsbet,17.5,-28.951410785027075
Sydney Swans v Fremantle Dockers,Player Disposals,Shai Bolton,Fremantle Dockers,21.5,Sydney Swans,1.33,Sportsbet,1.86,Sportsbet,18.5,-28.951410785027075
Hawthorn Hawks v Brisbane Lions,Player Disposals,Jarman Impey,Hawthorn Hawks,18.5,Brisbane Lions,1.31,Pointsbet,1.9,Sportsbet,16.5,-28.96745680996382
Sydney Swans v Fremantle Dockers,Player Disposals,James Rowbottom,Sydney Swans,16.5,Fremantle Dockers,1.29,Pointsbet,1.94,Sportsbet,14.5,-29.065771597538557
Sydney Swans v Fremantle Dockers,Player Disposals,Logan McDonald,Sydney Swans,11.5,Fremantle Dockers,1.36,Pointsbet,1.8,Sportsbet,9.5,-29.084967320261423
Sydney Swans v Fremantle Dockers,Player Disposals,Jake Lloyd,Sydney Swans,20.5,Fremantle Dockers,1.28,Sportsbet,1.96,Sportsbet,17.5,-29.145408163265294
Sydney Swans v Fremantle Dockers,Player Disposals,Brodie Grundy,Sydney Swans,16.5,Fremantle Dockers,1.27,Pointsbet,1.98,Sportsbet,14.5,-29.245207985365475
Hawthorn Hawks v Brisbane Lions,Player Disposals,Karl Amon,Hawthorn Hawks,17.5,Brisbane Lions,1.31,Pointsbet,1.89,Sportsbet,15.5,-29.245930772648343
Sydney Swans v Fremantle Dockers,Player Disposals,Jai Serong,Sydney Swans,16.5,Fremantle Dockers,1.3,Neds,1.91,Sportsbet,14.5,-29.279097865485284
Hawthorn Hawks v Brisbane Lions,Player Disposals,Darcy Wilmot,Brisbane Lions,18.5,Hawthorn Hawks,1.31,Pointsbet,1.88,Sportsbet,15.5,-29.527367224297542
Sydney Swans v Fremantle Dockers,Player Disposals,Justin McInerney,Sydney Swans,19.5,Fremantle Dockers,1.31,Pointsbet,1.88,Sportsbet,17.5,-29.527367224297542
Hawthorn Hawks v Brisbane Lions,Player Disposals,Massimo D'Ambrosio,Hawthorn Hawks,18.5,Brisbane Lions,1.31,Pointsbet,1.88,Sportsbet,15.5,-29.527367224297542
Hawthorn Hawks v Brisbane Lions,Player Disposals,Dylan Moore,Hawthorn Hawks,16.5,Brisbane Lions,1.3,Neds,1.9,Sportsbet,14.5,-29.554655870445323
Hawthorn Hawks v Brisbane Lions,Player Disposals,Jack Ginnivan,Hawthorn Hawks,16.5,Brisbane Lions,1.3,Neds,1.9,Sportsbet,14.5,-29.554655870445323
Sydney Swans v Fremantle Dockers,Player Disposals,Tom McCartin,Sydney Swans,15.5,Fremantle Dockers,1.3,Neds,1.9,Sportsbet,14.5,-29.554655870445323
Sydney Swans v Fremantle Dockers,Player Disposals,Logan McDonald,Sydney Swans,11.5,Fremantle Dockers,1.35,TAB,1.8,Sportsbet,9.5,-29.629629629629626
Hawthorn Hawks v Brisbane Lions,Player Disposals,Hugh McCluggage,Brisbane Lions,17.5,Hawthorn Hawks,1.31,Pointsbet,1.87,Sportsbet,15.5,-29.81181369147241
Hawthorn Hawks v Brisbane Lions,Player Disposals,Zac Bailey,Brisbane Lions,21.5,Hawthorn Hawks,1.31,Pointsbet,1.87,Sportsbet,18.5,-29.81181369147241
Hawthorn Hawks v Brisbane Lions,Player Disposals,Charlie Cameron,Brisbane Lions,10.5,Hawthorn Hawks,1.33,TAB,1.83,Sportsbet,9.5,-29.83277866798142
Hawthorn Hawks v Brisbane Lions,Player Disposals,Kai Lohmann,Brisbane Lions,12.5,Hawthorn Hawks,1.33,Pointsbet,1.83,Sportsbet,9.5,-29.83277866798142
Hawthorn Hawks v Brisbane Lions,Player Disposals,Blake Hardwick,Hawthorn Hawks,15.5,Brisbane Lions,1.3,TAB,1.89,Sportsbet,14.5,-29.833129833129846
Hawthorn Hawks v Brisbane Lions,Player Disposals,Will Ashcroft,Brisbane Lions,28.5,Hawthorn Hawks,1.3,Neds,1.89,Sportsbet,25.5,-29.833129833129846
Hawthorn Hawks v Brisbane Lions,Player Disposals,Will Ashcroft,Brisbane Lions,28.5,Hawthorn Hawks,1.3,Sportsbet,1.89,Sportsbet,25.5,-29.833129833129846
Sydney Swans v Fremantle Dockers,Player Disposals,Hayden Young,Fremantle Dockers,19.5,Sydney Swans,1.29,Pointsbet,1.91,Sportsbet,16.5,-29.87540078736961
Sydney Swans v Fremantle Dockers,Player Disposals,Jai Serong,Sydney Swans,16.5,Fremantle Dockers,1.29,Pointsbet,1.91,Sportsbet,14.5,-29.87540078736961
Hawthorn Hawks v Brisbane Lions,Player Disposals,Jarrod Berry,Brisbane Lions,18.5,Hawthorn Hawks,1.29,Pointsbet,1.91,Sportsbet,16.5,-29.87540078736961
Sydney Swans v Fremantle Dockers,Player Disposals,Karl Worner,Fremantle Dockers,17.5,Sydney Swans,1.29,Pointsbet,1.91,Sportsbet,14.5,-29.87540078736961
Hawthorn Hawks v Brisbane Lions,Player Disposals,Will Day,Hawthorn Hawks,22.5,Brisbane Lions,1.29,BetRight,1.91,Sportsbet,19.5,-29.87540078736961
Hawthorn Hawks v Brisbane Lions,Player Disposals,Dayne Zorko,Brisbane Lions,25.5,Hawthorn Hawks,1.28,Neds,1.93,Sportsbet,21.5,-29.93847150259068
Hawthorn Hawks v Brisbane Lions,Player Disposals,Dayne Zorko,Brisbane Lions,25.5,Hawthorn Hawks,1.28,Sportsbet,1.93,Sportsbet,22.5,-29.93847150259068
Sydney Swans v Fremantle Dockers,Player Disposals,Jordan Clark,Fremantle Dockers,22.5,Sydney Swans,1.28,Neds,1.93,Sportsbet,19.5,-29.93847150259068
Sydney Swans v Fremantle Dockers,Player Disposals,Errol Gulden,Sydney Swans,30.5,Fremantle Dockers,1.3,Neds,1.88,Sportsbet,27.5,-30.114566284779045
Hawthorn Hawks v Brisbane Lions,Player Disposals,Harry Morrison,Hawthorn Hawks,15.5,Brisbane Lions,1.3,TAB,1.88,Sportsbet,14.5,-30.114566284779045
Hawthorn Hawks v Brisbane Lions,Player Disposals,Josh Ward,Hawthorn Hawks,20.5,Brisbane Lions,1.3,Sportsbet,1.88,Sportsbet,17.5,-30.114566284779045
Sydney Swans v Fremantle Dockers,Player Disposals,Justin McInerney,Sydney Swans,19.5,Fremantle Dockers,1.3,Sportsbet,1.88,Sportsbet,16.5,-30.114566284779045
Hawthorn Hawks v Brisbane Lions,Player Disposals,Dylan Moore,Hawthorn Hawks,16.5,Brisbane Lions,1.29,Pointsbet,1.9,Sportsbet,14.5,-30.150958792329654
Hawthorn Hawks v Brisbane Lions,Player Disposals,Levi Ashcroft,Brisbane Lions,18.5,Hawthorn Hawks,1.29,Pointsbet,1.9,Sportsbet,14.5,-30.150958792329654
Hawthorn Hawks v Brisbane Lions,Player Disposals,Hugh McCluggage,Brisbane Lions,17.5,Hawthorn Hawks,1.3,Sportsbet,1.87,Sportsbet,14.5,-30.39901275195391
Hawthorn Hawks v Brisbane Lions,Player Disposals,Zac Bailey,Brisbane Lions,21.5,Hawthorn Hawks,1.3,Sportsbet,1.87,Sportsbet,18.5,-30.39901275195391
Hawthorn Hawks v Brisbane Lions,Player Disposals,Cam Mackenzie,Hawthorn Hawks,18.5,Brisbane Lions,1.29,Pointsbet,1.89,Sportsbet,15.5,-30.42943275501415
Hawthorn Hawks v Brisbane Lions,Player Disposals,Connor Macdonald,Hawthorn Hawks,17.5,Brisbane Lions,1.29,Pointsbet,1.89,Sportsbet,15.5,-30.42943275501415
Hawthorn Hawks v Brisbane Lions,Player Disposals,Will Ashcroft,Brisbane Lions,28.5,Hawthorn Hawks,1.29,Pointsbet,1.89,Sportsbet,24.5,-30.42943275501415
Sydney Swans v Fremantle Dockers,Player Disposals,Caleb Serong,Fremantle Dockers,23.5,Sydney Swans,1.28,Neds,1.91,Sportsbet,19.5,-30.481020942408364
Sydney Swans v Fremantle Dockers,Player Disposals,Hayden Young,Fremantle Dockers,19.5,Sydney Swans,1.28,Sportsbet,1.91,Sportsbet,16.5,-30.481020942408364
Hawthorn Hawks v Brisbane Lions,Player Disposals,Josh Dunkley,Brisbane Lions,22.5,Hawthorn Hawks,1.28,Neds,1.91,Sportsbet,19.5,-30.481020942408364
Hawthorn Hawks v Brisbane Lions,Player Disposals,Will Day,Hawthorn Hawks,22.5,Brisbane Lions,1.28,Neds,1.91,Sportsbet,19.5,-30.481020942408364
Hawthorn Hawks v Brisbane Lions,Player Disposals,James Sicily,Hawthorn Hawks,19.5,Brisbane Lions,1.31,Pointsbet,1.84,Sportsbet,16.5,-30.683703949551933
Sydney Swans v Fremantle Dockers,Player Disposals,Neil Erasmus,Fremantle Dockers,16.5,Sydney Swans,1.3,Sportsbet,1.86,Sportsbet,13.5,-30.68651778329197
Sydney Swans v Fremantle Dockers,Player Disposals,Neil Erasmus,Fremantle Dockers,16.5,Sydney Swans,1.3,Neds,1.86,Sportsbet,14.5,-30.68651778329197
Hawthorn Hawks v Brisbane Lions,Player Disposals,Josh Battle,Hawthorn Hawks,17.5,Brisbane Lions,1.29,Pointsbet,1.88,Sportsbet,14.5,-30.71086920666337
Sydney Swans v Fremantle Dockers,Player Disposals,Luke Jackson,Fremantle Dockers,18.5,Sydney Swans,1.29,Pointsbet,1.88,Sportsbet,15.5,-30.71086920666337
Sydney Swans v Fremantle Dockers,Player Disposals,Andrew Brayshaw,Fremantle Dockers,24.5,Sydney Swans,1.28,Neds,1.9,Sportsbet,21.5,-30.756578947368407
Sydney Swans v Fremantle Dockers,Player Disposals,Andrew Brayshaw,Fremantle Dockers,24.5,Sydney Swans,1.28,Sportsbet,1.9,Sportsbet,21.5,-30.756578947368407
Hawthorn Hawks v Brisbane Lions,Player Disposals,Jack Ginnivan,Hawthorn Hawks,16.5,Brisbane Lions,1.28,TAB,1.9,Sportsbet,14.5,-30.756578947368407
Hawthorn Hawks v Brisbane Lions,Player Disposals,Jarman Impey,Hawthorn Hawks,18.5,Brisbane Lions,1.28,Sportsbet,1.9,Sportsbet,15.5,-30.756578947368407
Hawthorn Hawks v Brisbane Lions,Player Disposals,Levi Ashcroft,Brisbane Lions,18.5,Hawthorn Hawks,1.28,Sportsbet,1.9,Sportsbet,15.5,-30.756578947368407
Sydney Swans v Fremantle Dockers,Player Disposals,Tom McCartin,Sydney Swans,15.5,Fremantle Dockers,1.28,Sportsbet,1.9,Sportsbet,12.5,-30.756578947368407
Sydney Swans v Fremantle Dockers,Player Disposals,Corey Wagner,Fremantle Dockers,15.5,Sydney Swans,1.27,Pointsbet,1.92,Sportsbet,12.5,-30.823490813648302
Sydney Swans v Fremantle Dockers,Player Disposals,Michael Frederick,Fremantle Dockers,10.5,Sydney Swans,1.36,TAB,1.74,Sportsbet,9.5,-31.000676132521974
Hawthorn Hawks v Brisbane Lions,Player Disposals,Lachie Neale,Brisbane Lions,26.5,Hawthorn Hawks,1.28,Neds,1.89,Sportsbet,23.5,-31.03505291005293
Sydney Swans v Fremantle Dockers,Player Disposals,Harry Kyle,Sydney Swans,10.5,Fremantle Dockers,1.23,TAB,2.01,Sportsbet,9.5,-31.0520567892246
Sydney Swans v Fremantle Dockers,Player Disposals,Sam Wicks,Sydney Swans,15.5,Fremantle Dockers,1.27,Pointsbet,1.91,Sportsbet,12.5,-31.09617842272332
Sydney Swans v Fremantle Dockers,Player Disposals,Angus Sheldrick,Sydney Swans,17.5,Fremantle Dockers,1.29,Pointsbet,1.86,Sportsbet,15.5,-31.282820705176295
Hawthorn Hawks v Brisbane Lions,Player Disposals,Darcy Wilmot,Brisbane Lions,18.5,Hawthorn Hawks,1.28,Sportsbet,1.88,Sportsbet,15.5,-31.316489361702125
Hawthorn Hawks v Brisbane Lions,Player Disposals,Jai Newcombe,Hawthorn Hawks,23.5,Brisbane Lions,1.28,Sportsbet,1.88,Sportsbet,20.5,-31.316489361702125
Hawthorn Hawks v Brisbane Lions,Player Disposals,Lloyd Meek,Hawthorn Hawks,10.5,Brisbane Lions,1.28,TAB,1.88,Sportsbet,9.5,-31.316489361702125
Sydney Swans v Fremantle Dockers,Player Disposals,Luke Jackson,Fremantle Dockers,18.5,Sydney Swans,1.28,Sportsbet,1.88,Sportsbet,15.5,-31.316489361702125
Hawthorn Hawks v Brisbane Lions,Player Disposals,Massimo D'Ambrosio,Hawthorn Hawks,18.5,Brisbane Lions,1.28,Sportsbet,1.88,Sportsbet,15.5,-31.316489361702125
Hawthorn Hawks v Brisbane Lions,Player Disposals,Jack Ginnivan,Hawthorn Hawks,16.5,Brisbane Lions,1.27,Pointsbet,1.9,Sportsbet,13.5,-31.37173642768336
Sydney Swans v Fremantle Dockers,Player Disposals,Tom McCartin,Sydney Swans,15.5,Fremantle Dockers,1.27,Pointsbet,1.9,Sportsbet,13.5,-31.37173642768336
Sydney Swans v Fremantle Dockers,Player Disposals,Corey Wagner,Fremantle Dockers,15.5,Sydney Swans,1.26,Neds,1.92,Sportsbet,13.5,-31.448412698412696
Hawthorn Hawks v Brisbane Lions,Player Disposals,Lachie Neale,Brisbane Lions,26.5,Hawthorn Hawks,1.27,Pointsbet,1.89,Sportsbet,22.5,-31.65021039036788
Sydney Swans v Fremantle Dockers,Player Disposals,Matthew Johnson,Fremantle Dockers,15.5,Sydney Swans,1.27,Pointsbet,1.89,Sportsbet,13.5,-31.65021039036788
Sydney Swans v Fremantle Dockers,Player Disposals,Heath Chapman,Fremantle Dockers,14.5,Sydney Swans,1.24,Pointsbet,1.96,Sportsbet,11.5,-31.665569453587892
Sydney Swans v Fremantle Dockers,Player Disposals,Jake Lloyd,Sydney Swans,20.5,Fremantle Dockers,1.24,Pointsbet,1.96,Sportsbet,18.5,-31.665569453587892
Sydney Swans v Fremantle Dockers,Player Disposals,Harry Kyle,Sydney Swans,10.5,Fremantle Dockers,1.22,Neds,2.01,Sportsbet,9.5,-31.718456895848625
Hawthorn Hawks v Brisbane Lions,Player Disposals,Josh Dunkley,Brisbane Lions,22.5,Hawthorn Hawks,1.26,BetRight,1.91,Sportsbet,19.5,-31.72110030748774
Hawthorn Hawks v Brisbane Lions,Player Disposals,Josh Dunkley,Brisbane Lions,22.5,Hawthorn Hawks,1.26,TAB,1.91,Sportsbet,19.5,-31.72110030748774
Sydney Swans v Fremantle Dockers,Player Disposals,Karl Worner,Fremantle Dockers,17.5,Sydney Swans,1.26,BetRight,1.91,Sportsbet,14.5,-31.72110030748774
Sydney Swans v Fremantle Dockers,Player Disposals,Karl Worner,Fremantle Dockers,17.5,Sydney Swans,1.26,Neds,1.91,Sportsbet,14.5,-31.72110030748774
Sydney Swans v Fremantle Dockers,Player Disposals,Sam Wicks,Sydney Swans,15.5,Fremantle Dockers,1.26,Neds,1.91,Sportsbet,13.5,-31.72110030748774
Hawthorn Hawks v Brisbane Lions,Player Disposals,Will Day,Hawthorn Hawks,22.5,Brisbane Lions,1.26,TAB,1.91,Sportsbet,19.5,-31.72110030748774
Hawthorn Hawks v Brisbane Lions,Player Disposals,Dayne Zorko,Brisbane Lions,25.5,Hawthorn Hawks,1.25,Pointsbet,1.93,Sportsbet,20.5,-31.813471502590684
Sydney Swans v Fremantle Dockers,Player Disposals,Jordan Clark,Fremantle Dockers,22.5,Sydney Swans,1.25,Sportsbet,1.93,Sportsbet,19.5,-31.813471502590684
Sydney Swans v Fremantle Dockers,Player Disposals,Angus Sheldrick,Sydney Swans,17.5,Fremantle Dockers,1.28,Sportsbet,1.86,Sportsbet,14.5,-31.88844086021505
Sydney Swans v Fremantle Dockers,Player Disposals,Errol Gulden,Sydney Swans,30.5,Fremantle Dockers,1.27,Pointsbet,1.88,Sportsbet,27.5,-31.93164684201708
Hawthorn Hawks v Brisbane Lions,Player Disposals,Harry Morrison,Hawthorn Hawks,15.5,Brisbane Lions,1.27,Pointsbet,1.88,Sportsbet,12.5,-31.93164684201708
Hawthorn Hawks v Brisbane Lions,Player Disposals,Blake Hardwick,Hawthorn Hawks,15.5,Brisbane Lions,1.26,Neds,1.89,Sportsbet,13.5,-32.27513227513228
Sydney Swans v Fremantle Dockers,Player Disposals,Matthew Johnson,Fremantle Dockers,15.5,Sydney Swans,1.26,Neds,1.89,Sportsbet,13.5,-32.27513227513228
Sydney Swans v Fremantle Dockers,Player Disposals,Matthew Johnson,Fremantle Dockers,15.5,Sydney Swans,1.26,TAB,1.89,Sportsbet,14.5,-32.27513227513228
Sydney Swans v Fremantle Dockers,Player Disposals,Braeden Campbell,Sydney Swans,16.5,Fremantle Dockers,1.33,Neds,1.75,Sportsbet,14.5,-32.33082706766916
Sydney Swans v Fremantle Dockers,Player Disposals,Caiden Cleary,Sydney Swans,14.5,Fremantle Dockers,1.33,Sportsbet,1.75,Sportsbet,11.5,-32.33082706766916
Sydney Swans v Fremantle Dockers,Player Disposals,Caleb Serong,Fremantle Dockers,23.5,Sydney Swans,1.25,Pointsbet,1.91,Sportsbet,19.5,-32.35602094240839
Hawthorn Hawks v Brisbane Lions,Player Disposals,Jaspa Fletcher,Brisbane Lions,17.5,Hawthorn Hawks,1.25,Sportsbet,1.91,Sportsbet,14.5,-32.35602094240839
Hawthorn Hawks v Brisbane Lions,Player Disposals,Jaspa Fletcher,Brisbane Lions,17.5,Hawthorn Hawks,1.25,Neds,1.91,Sportsbet,15.5,-32.35602094240839
Hawthorn Hawks v Brisbane Lions,Player Disposals,Josh Dunkley,Brisbane Lions,22.5,Hawthorn Hawks,1.25,Sportsbet,1.91,Sportsbet,19.5,-32.35602094240839
Sydney Swans v Fremantle Dockers,Player Disposals,Karl Worner,Fremantle Dockers,17.5,Sydney Swans,1.25,Sportsbet,1.91,Sportsbet,14.5,-32.35602094240839
Sydney Swans v Fremantle Dockers,Player Disposals,Murphy Reid,Fremantle Dockers,22.5,Sydney Swans,1.25,Sportsbet,1.91,Sportsbet,19.5,-32.35602094240839
Hawthorn Hawks v Brisbane Lions,Player Disposals,Will Day,Hawthorn Hawks,22.5,Brisbane Lions,1.25,Sportsbet,1.91,Sportsbet,19.5,-32.35602094240839
Sydney Swans v Fremantle Dockers,Player Disposals,Jordan Clark,Fremantle Dockers,22.5,Sydney Swans,1.24,TAB,1.93,Sportsbet,19.5,-32.45863279291328
Sydney Swans v Fremantle Dockers,Player Disposals,Brodie Grundy,Sydney Swans,16.5,Fremantle Dockers,1.22,Sportsbet,1.98,Sportsbet,13.5,-32.47226361980462
Sydney Swans v Fremantle Dockers,Player Disposals,Neil Erasmus,Fremantle Dockers,16.5,Sydney Swans,1.27,Pointsbet,1.86,Sportsbet,13.5,-32.503598340530004
Sydney Swans v Fremantle Dockers,Player Disposals,Tom Papley,Sydney Swans,15.5,Fremantle Dockers,1.27,Pointsbet,1.86,Sportsbet,12.5,-32.503598340530004
Hawthorn Hawks v Brisbane Lions,Player Disposals,Harry Morrison,Hawthorn Hawks,15.5,Brisbane Lions,1.26,Neds,1.88,Sportsbet,13.5,-32.55656872678148
Hawthorn Hawks v Brisbane Lions,Player Disposals,Josh Battle,Hawthorn Hawks,17.5,Brisbane Lions,1.26,BetRight,1.88,Sportsbet,14.5,-32.55656872678148
Sydney Swans v Fremantle Dockers,Player Disposals,Andrew Brayshaw,Fremantle Dockers,24.5,Sydney Swans,1.25,Pointsbet,1.9,Sportsbet,20.5,-32.63157894736843
Hawthorn Hawks v Brisbane Lions,Player Disposals,Dylan Moore,Hawthorn Hawks,16.5,Brisbane Lions,1.25,Sportsbet,1.9,Sportsbet,13.5,-32.63157894736843
Hawthorn Hawks v Brisbane Lions,Player Disposals,Jack Ginnivan,Hawthorn Hawks,16.5,Brisbane Lions,1.25,Sportsbet,1.9,Sportsbet,13.5,-32.63157894736843
Sydney Swans v Fremantle Dockers,Player Disposals,Harry Cunningham,Sydney Swans,13.5,Fremantle Dockers,1.28,Sportsbet,1.83,Sportsbet,10.5,-32.76980874316939
Hawthorn Hawks v Brisbane Lions,Player Disposals,Hugh McCluggage,Brisbane Lions,17.5,Hawthorn Hawks,1.26,BetRight,1.87,Sportsbet,14.5,-32.841015193956345
Hawthorn Hawks v Brisbane Lions,Player Disposals,Blake Hardwick,Hawthorn Hawks,15.5,Brisbane Lions,1.25,Pointsbet,1.89,Sportsbet,12.5,-32.91005291005291
Hawthorn Hawks v Brisbane Lions,Player Disposals,Cam Mackenzie,Hawthorn Hawks,18.5,Brisbane Lions,1.25,Sportsbet,1.89,Sportsbet,15.5,-32.91005291005291
Hawthorn Hawks v Brisbane Lions,Player Disposals,Cam Rayner,Brisbane Lions,15.5,Hawthorn Hawks,1.25,Pointsbet,1.89,Sportsbet,12.5,-32.91005291005291
Hawthorn Hawks v Brisbane Lions,Player Disposals,Cam Rayner,Brisbane Lions,15.5,Hawthorn Hawks,1.25,Sportsbet,1.89,Sportsbet,12.5,-32.91005291005291
Hawthorn Hawks v Brisbane Lions,Player Disposals,Connor Macdonald,Hawthorn Hawks,17.5,Brisbane Lions,1.25,Sportsbet,1.89,Sportsbet,14.5,-32.91005291005291
Sydney Swans v Fremantle Dockers,Player Disposals,Judd McVee,Fremantle Dockers,13.5,Sydney Swans,1.25,Neds,1.89,Sportsbet,11.5,-32.91005291005291
Hawthorn Hawks v Brisbane Lions,Player Disposals,Karl Amon,Hawthorn Hawks,17.5,Brisbane Lions,1.25,Sportsbet,1.89,Sportsbet,14.5,-32.91005291005291
Hawthorn Hawks v Brisbane Lions,Player Disposals,Lachie Neale,Brisbane Lions,26.5,Hawthorn Hawks,1.25,Sportsbet,1.89,Sportsbet,22.5,-32.91005291005291
Sydney Swans v Fremantle Dockers,Player Disposals,Matthew Johnson,Fremantle Dockers,15.5,Sydney Swans,1.25,Sportsbet,1.89,Sportsbet,12.5,-32.91005291005291
Sydney Swans v Fremantle Dockers,Player Disposals,Caleb Serong,Fremantle Dockers,23.5,Sydney Swans,1.24,TAB,1.91,Sportsbet,19.5,-33.00118223273096
Hawthorn Hawks v Brisbane Lions,Player Disposals,Jaspa Fletcher,Brisbane Lions,17.5,Hawthorn Hawks,1.24,BetRight,1.91,Sportsbet,14.5,-33.00118223273096
Hawthorn Hawks v Brisbane Lions,Player Disposals,Josh Dunkley,Brisbane Lions,22.5,Hawthorn Hawks,1.24,Pointsbet,1.91,Sportsbet,18.5,-33.00118223273096
Hawthorn Hawks v Brisbane Lions,Player Disposals,Will Day,Hawthorn Hawks,22.5,Brisbane Lions,1.24,Pointsbet,1.91,Sportsbet,18.5,-33.00118223273096
Sydney Swans v Fremantle Dockers,Player Disposals,Angus Sheldrick,Sydney Swans,17.5,Fremantle Dockers,1.26,BetRight,1.86,Sportsbet,14.5,-33.1285202252944
Sydney Swans v Fremantle Dockers,Player Disposals,Neil Erasmus,Fremantle Dockers,16.5,Sydney Swans,1.26,TAB,1.86,Sportsbet,14.5,-33.1285202252944
Sydney Swans v Fremantle Dockers,Player Disposals,Tom Papley,Sydney Swans,15.5,Fremantle Dockers,1.26,Neds,1.86,Sportsbet,13.5,-33.1285202252944
Hawthorn Hawks v Brisbane Lions,Player Disposals,Jai Newcombe,Hawthorn Hawks,23.5,Brisbane Lions,1.25,Pointsbet,1.88,Sportsbet,19.5,-33.19148936170213
Hawthorn Hawks v Brisbane Lions,Player Disposals,Josh Weddle,Hawthorn Hawks,13.5,Brisbane Lions,1.25,Pointsbet,1.88,Sportsbet,11.5,-33.19148936170213
Hawthorn Hawks v Brisbane Lions,Player Disposals,Harris Andrews,Brisbane Lions,12.5,Hawthorn Hawks,1.25,Neds,1.87,Sportsbet,11.5,-33.475935828877
Sydney Swans v Fremantle Dockers,Player Disposals,James Rowbottom,Sydney Swans,16.5,Fremantle Dockers,1.22,Sportsbet,1.94,Sportsbet,13.5,-33.513604867331416
Hawthorn Hawks v Brisbane Lions,Player Disposals,Connor Macdonald,Hawthorn Hawks,17.5,Brisbane Lions,1.24,BetRight,1.89,Sportsbet,14.5,-33.5552142003755
Hawthorn Hawks v Brisbane Lions,Player Disposals,Karl Amon,Hawthorn Hawks,17.5,Brisbane Lions,1.24,BetRight,1.89,Sportsbet,14.5,-33.5552142003755
Hawthorn Hawks v Brisbane Lions,Player Disposals,Will Ashcroft,Brisbane Lions,28.5,Hawthorn Hawks,1.24,BetRight,1.89,Sportsbet,24.5,-33.5552142003755
Hawthorn Hawks v Brisbane Lions,Player Disposals,Will Ashcroft,Brisbane Lions,28.5,Hawthorn Hawks,1.24,Neds,1.89,Sportsbet,24.5,-33.5552142003755
Sydney Swans v Fremantle Dockers,Player Disposals,Oscar McDonald,Fremantle Dockers,12.5,Sydney Swans,1.25,Sportsbet,1.86,Sportsbet,9.5,-33.763440860215056
Sydney Swans v Fremantle Dockers,Player Disposals,Tom Papley,Sydney Swans,15.5,Fremantle Dockers,1.25,Sportsbet,1.86,Sportsbet,12.5,-33.763440860215056
Sydney Swans v Fremantle Dockers,Player Disposals,Jordan Clark,Fremantle Dockers,22.5,Sydney Swans,1.22,Pointsbet,1.93,Sportsbet,18.5,-33.78068461734478
Sydney Swans v Fremantle Dockers,Player Disposals,Luke Ryan,Fremantle Dockers,19.5,Sydney Swans,1.22,Sportsbet,1.93,Sportsbet,16.5,-33.78068461734478
Hawthorn Hawks v Brisbane Lions,Player Disposals,Josh Battle,Hawthorn Hawks,17.5,Brisbane Lions,1.24,TAB,1.88,Sportsbet,14.5,-33.83665065202472
Hawthorn Hawks v Brisbane Lions,Player Disposals,Josh Ward,Hawthorn Hawks,20.5,Brisbane Lions,1.24,Neds,1.88,Sportsbet,17.5,-33.83665065202472
Hawthorn Hawks v Brisbane Lions,Player Disposals,Nick Watson,Hawthorn Hawks,12.5,Brisbane Lions,1.24,Pointsbet,1.88,Sportsbet,10.5,-33.83665065202472
Sydney Swans v Fremantle Dockers,Player Disposals,Corey Wagner,Fremantle Dockers,15.5,Sydney Swans,1.22,Sportsbet,1.92,Sportsbet,12.5,-34.050546448087445
Sydney Swans v Fremantle Dockers,Player Disposals,Braeden Campbell,Sydney Swans,16.5,Fremantle Dockers,1.3,Sportsbet,1.75,Sportsbet,13.5,-34.06593406593406
Sydney Swans v Fremantle Dockers,Player Disposals,Dane Rampe,Sydney Swans,14.5,Fremantle Dockers,1.24,Pointsbet,1.87,Sportsbet,11.5,-34.1210971191996
Hawthorn Hawks v Brisbane Lions,Player Disposals,Ryan Lester,Brisbane Lions,15.5,Hawthorn Hawks,1.23,Sportsbet,1.89,Sportsbet,12.5,-34.21086591818301
Sydney Swans v Fremantle Dockers,Player Disposals,Caleb Serong,Fremantle Dockers,23.5,Sydney Swans,1.22,BetRight,1.91,Sportsbet,19.5,-34.323234057162466
Sydney Swans v Fremantle Dockers,Player Disposals,Caleb Serong,Fremantle Dockers,23.5,Sydney Swans,1.22,Sportsbet,1.91,Sportsbet,19.5,-34.323234057162466
Sydney Swans v Fremantle Dockers,Player Disposals,Jai Serong,Sydney Swans,16.5,Fremantle Dockers,1.22,Sportsbet,1.91,Sportsbet,13.5,-34.323234057162466
Sydney Swans v Fremantle Dockers,Player Disposals,Murphy Reid,Fremantle Dockers,22.5,Sydney Swans,1.22,Pointsbet,1.91,Sportsbet,17.5,-34.323234057162466
Sydney Swans v Fremantle Dockers,Player Disposals,Sam Wicks,Sydney Swans,15.5,Fremantle Dockers,1.22,Sportsbet,1.91,Sportsbet,12.5,-34.323234057162466
Hawthorn Hawks v Brisbane Lions,Player Disposals,James Sicily,Hawthorn Hawks,19.5,Brisbane Lions,1.25,Sportsbet,1.84,Sportsbet,16.5,-34.34782608695652
Sydney Swans v Fremantle Dockers,Player Disposals,Heath Chapman,Fremantle Dockers,14.5,Sydney Swans,1.2,Sportsbet,1.96,Sportsbet,11.5,-34.353741496598644
Sydney Swans v Fremantle Dockers,Player Disposals,Matt Roberts,Sydney Swans,16.5,Fremantle Dockers,1.3,Sportsbet,1.74,Sportsbet,13.5,-34.394341290893
Sydney Swans v Fremantle Dockers,Player Disposals,Matt Roberts,Sydney Swans,16.5,Fremantle Dockers,1.3,Neds,1.74,Sportsbet,14.5,-34.394341290893
Sydney Swans v Fremantle Dockers,Player Disposals,Shai Bolton,Fremantle Dockers,21.5,Sydney Swans,1.24,Neds,1.86,Sportsbet,17.5,-34.40860215053765
Sydney Swans v Fremantle Dockers,Player Disposals,Luke Ryan,Fremantle Dockers,19.5,Sydney Swans,1.21,Pointsbet,1.93,Sportsbet,15.5,-34.458099601764225
Hawthorn Hawks v Brisbane Lions,Player Disposals,Nick Watson,Hawthorn Hawks,12.5,Brisbane Lions,1.23,Sportsbet,1.88,Sportsbet,9.5,-34.4923023698322
Sydney Swans v Fremantle Dockers,Player Disposals,Brodie Grundy,Sydney Swans,16.5,Fremantle Dockers,1.19,Neds,1.98,Sportsbet,14.5,-34.53866395042866
Hawthorn Hawks v Brisbane Lions,Player Disposals,Conor McKenna,Brisbane Lions,12.5,Hawthorn Hawks,1.25,Sportsbet,1.83,Sportsbet,9.5,-34.6448087431694
Hawthorn Hawks v Brisbane Lions,Player Disposals,Kai Lohmann,Brisbane Lions,12.5,Hawthorn Hawks,1.25,Sportsbet,1.83,Sportsbet,9.5,-34.6448087431694
Hawthorn Hawks v Brisbane Lions,Player Disposals,Blake Hardwick,Hawthorn Hawks,15.5,Brisbane Lions,1.22,Sportsbet,1.89,Sportsbet,12.5,-34.87726602480703
Hawthorn Hawks v Brisbane Lions,Player Disposals,Cam Mackenzie,Hawthorn Hawks,18.5,Brisbane Lions,1.22,Neds,1.89,Sportsbet,15.5,-34.87726602480703
Sydney Swans v Fremantle Dockers,Player Disposals,Judd McVee,Fremantle Dockers,13.5,Sydney Swans,1.22,Pointsbet,1.89,Sportsbet,10.5,-34.87726602480703
Sydney Swans v Fremantle Dockers,Player Disposals,Sam Switkowski,Fremantle Dockers,12.5,Sydney Swans,1.22,Pointsbet,1.89,Sportsbet,9.5,-34.87726602480703
Hawthorn Hawks v Brisbane Lions,Player Disposals,Will Ashcroft,Brisbane Lions,28.5,Hawthorn Hawks,1.22,Sportsbet,1.89,Sportsbet,24.5,-34.87726602480703
Sydney Swans v Fremantle Dockers,Player Disposals,Matt Roberts,Sydney Swans,16.5,Fremantle Dockers,1.29,Pointsbet,1.74,Sportsbet,13.5,-34.99064421277733
Sydney Swans v Fremantle Dockers,Player Disposals,Jake Lloyd,Sydney Swans,20.5,Fremantle Dockers,1.19,Neds,1.96,Sportsbet,17.5,-35.05402160864346
Hawthorn Hawks v Brisbane Lions,Player Disposals,Bailey Macdonald,Hawthorn Hawks,10.5,Brisbane Lions,1.22,TAB,1.88,Sportsbet,9.5,-35.15870247645623
Hawthorn Hawks v Brisbane Lions,Player Disposals,Darcy Wilmot,Brisbane Lions,18.5,Hawthorn Hawks,1.22,Neds,1.88,Sportsbet,15.5,-35.15870247645623
Sydney Swans v Fremantle Dockers,Player Disposals,Errol Gulden,Sydney Swans,30.5,Fremantle Dockers,1.22,Sportsbet,1.88,Sportsbet,26.5,-35.15870247645623
Hawthorn Hawks v Brisbane Lions,Player Disposals,Harry Morrison,Hawthorn Hawks,15.5,Brisbane Lions,1.22,Sportsbet,1.88,Sportsbet,12.5,-35.15870247645623
Hawthorn Hawks v Brisbane Lions,Player Disposals,Jai Newcombe,Hawthorn Hawks,23.5,Brisbane Lions,1.22,Neds,1.88,Sportsbet,19.5,-35.15870247645623
Hawthorn Hawks v Brisbane Lions,Player Disposals,Josh Battle,Hawthorn Hawks,17.5,Brisbane Lions,1.22,Sportsbet,1.88,Sportsbet,14.5,-35.15870247645623
Hawthorn Hawks v Brisbane Lions,Player Disposals,Josh Ward,Hawthorn Hawks,20.5,Brisbane Lions,1.22,Pointsbet,1.88,Sportsbet,16.5,-35.15870247645623
Hawthorn Hawks v Brisbane Lions,Player Disposals,Josh Weddle,Hawthorn Hawks,13.5,Brisbane Lions,1.22,Sportsbet,1.88,Sportsbet,10.5,-35.15870247645623
Hawthorn Hawks v Brisbane Lions,Player Disposals,Lloyd Meek,Hawthorn Hawks,10.5,Brisbane Lions,1.22,Neds,1.88,Sportsbet,9.5,-35.15870247645623
Sydney Swans v Fremantle Dockers,Player Disposals,Luke Jackson,Fremantle Dockers,18.5,Sydney Swans,1.22,Neds,1.88,Sportsbet,15.5,-35.15870247645623
Hawthorn Hawks v Brisbane Lions,Player Disposals,Massimo D'Ambrosio,Hawthorn Hawks,18.5,Brisbane Lions,1.22,Neds,1.88,Sportsbet,15.5,-35.15870247645623
Hawthorn Hawks v Brisbane Lions,Player Disposals,Mitch Lewis,Hawthorn Hawks,11.5,Brisbane Lions,1.22,Neds,1.88,Sportsbet,9.5,-35.15870247645623
Sydney Swans v Fremantle Dockers,Player Disposals,Brodie Grundy,Sydney Swans,16.5,Fremantle Dockers,1.18,Pointsbet,1.98,Sportsbet,13.5,-35.25081321691492
Hawthorn Hawks v Brisbane Lions,Player Disposals,Jarman Impey,Hawthorn Hawks,18.5,Brisbane Lions,1.21,Pointsbet,1.9,Sportsbet,15.5,-35.27620704654198
Sydney Swans v Fremantle Dockers,Player Disposals,Harry Cunningham,Sydney Swans,13.5,Fremantle Dockers,1.24,Pointsbet,1.83,Sportsbet,10.5,-35.28997003349197
Sydney Swans v Fremantle Dockers,Player Disposals,Dane Rampe,Sydney Swans,14.5,Fremantle Dockers,1.22,Sportsbet,1.87,Sportsbet,11.5,-35.4431489436311
Hawthorn Hawks v Brisbane Lions,Player Disposals,Harris Andrews,Brisbane Lions,12.5,Hawthorn Hawks,1.22,Pointsbet,1.87,Sportsbet,10.5,-35.4431489436311
Hawthorn Hawks v Brisbane Lions,Player Disposals,Hugh McCluggage,Brisbane Lions,17.5,Hawthorn Hawks,1.22,Neds,1.87,Sportsbet,15.5,-35.4431489436311
Hawthorn Hawks v Brisbane Lions,Player Disposals,Zac Bailey,Brisbane Lions,21.5,Hawthorn Hawks,1.22,Neds,1.87,Sportsbet,17.5,-35.4431489436311
Hawthorn Hawks v Brisbane Lions,Player Disposals,Zac Bailey,Brisbane Lions,21.5,Hawthorn Hawks,1.22,Pointsbet,1.87,Sportsbet,17.5,-35.4431489436311
Hawthorn Hawks v Brisbane Lions,Player Disposals,Will Ashcroft,Brisbane Lions,28.5,Hawthorn Hawks,1.21,Pointsbet,1.89,Sportsbet,23.5,-35.55468100922647
Sydney Swans v Fremantle Dockers,Player Disposals,James Rowbottom,Sydney Swans,16.5,Fremantle Dockers,1.19,Neds,1.94,Sportsbet,14.5,-35.58000519795548
Hawthorn Hawks v Brisbane Lions,Player Disposals,Jarrod Berry,Brisbane Lions,18.5,Hawthorn Hawks,1.2,Sportsbet,1.91,Sportsbet,15.5,-35.689354275741714
Sydney Swans v Fremantle Dockers,Player Disposals,Karl Worner,Fremantle Dockers,17.5,Sydney Swans,1.2,TAB,1.91,Sportsbet,14.5,-35.689354275741714
Sydney Swans v Fremantle Dockers,Player Disposals,Angus Sheldrick,Sydney Swans,17.5,Fremantle Dockers,1.22,Neds,1.86,Sportsbet,15.5,-35.73065397496915
Sydney Swans v Fremantle Dockers,Player Disposals,Oscar McDonald,Fremantle Dockers,12.5,Sydney Swans,1.22,Pointsbet,1.86,Sportsbet,9.5,-35.73065397496915
Sydney Swans v Fremantle Dockers,Player Disposals,Shai Bolton,Fremantle Dockers,21.5,Sydney Swans,1.22,Sportsbet,1.86,Sportsbet,17.5,-35.73065397496915
Sydney Swans v Fremantle Dockers,Player Disposals,Justin McInerney,Sydney Swans,19.5,Fremantle Dockers,1.21,Pointsbet,1.88,Sportsbet,16.5,-35.83611746087567
Sydney Swans v Fremantle Dockers,Player Disposals,Braeden Campbell,Sydney Swans,16.5,Fremantle Dockers,1.27,Pointsbet,1.75,Sportsbet,13.5,-35.883014623172095
Sydney Swans v Fremantle Dockers,Player Disposals,Judd McVee,Fremantle Dockers,13.5,Sydney Swans,1.2,Sportsbet,1.89,Sportsbet,10.5,-36.243386243386254
Sydney Swans v Fremantle Dockers,Player Disposals,Sam Switkowski,Fremantle Dockers,12.5,Sydney Swans,1.2,Sportsbet,1.89,Sportsbet,9.5,-36.243386243386254
Sydney Swans v Fremantle Dockers,Player Disposals,Sam Switkowski,Fremantle Dockers,12.5,Sydney Swans,1.2,TAB,1.89,Sportsbet,9.5,-36.243386243386254
Hawthorn Hawks v Brisbane Lions,Player Disposals,Will Ashcroft,Brisbane Lions,28.5,Hawthorn Hawks,1.2,TAB,1.89,Sportsbet,24.5,-36.243386243386254
Sydney Swans v Fremantle Dockers,Player Disposals,James Rowbottom,Sydney Swans,16.5,Fremantle Dockers,1.18,Pointsbet,1.94,Sportsbet,13.5,-36.29215446444174
Sydney Swans v Fremantle Dockers,Player Disposals,Hayden Young,Fremantle Dockers,19.5,Sydney Swans,1.19,Pointsbet,1.91,Sportsbet,15.5,-36.38963438778653
Hawthorn Hawks v Brisbane Lions,Player Disposals,Jarrod Berry,Brisbane Lions,18.5,Hawthorn Hawks,1.19,Pointsbet,1.91,Sportsbet,15.5,-36.38963438778653
Hawthorn Hawks v Brisbane Lions,Player Disposals,Jaspa Fletcher,Brisbane Lions,17.5,Hawthorn Hawks,1.19,Pointsbet,1.91,Sportsbet,14.5,-36.38963438778653
Sydney Swans v Fremantle Dockers,Player Disposals,Shai Bolton,Fremantle Dockers,21.5,Sydney Swans,1.21,Pointsbet,1.86,Sportsbet,16.5,-36.408068959388594
Sydney Swans v Fremantle Dockers,Player Disposals,Jake Lloyd,Sydney Swans,20.5,Fremantle Dockers,1.17,Sportsbet,1.96,Sportsbet,16.5,-36.49049363335077
Hawthorn Hawks v Brisbane Lions,Player Disposals,Jai Newcombe,Hawthorn Hawks,23.5,Brisbane Lions,1.2,BetRight,1.88,Sportsbet,19.5,-36.524822695035475
Hawthorn Hawks v Brisbane Lions,Player Disposals,Josh Ward,Hawthorn Hawks,20.5,Brisbane Lions,1.2,Sportsbet,1.88,Sportsbet,16.5,-36.524822695035475
Hawthorn Hawks v Brisbane Lions,Player Disposals,Dayne Zorko,Brisbane Lions,25.5,Hawthorn Hawks,1.18,Pointsbet,1.93,Sportsbet,19.5,-36.55923421445508
Hawthorn Hawks v Brisbane Lions,Player Disposals,Conor McKenna,Brisbane Lions,12.5,Hawthorn Hawks,1.22,Neds,1.83,Sportsbet,9.5,-36.612021857923494
Hawthorn Hawks v Brisbane Lions,Player Disposals,Conor McKenna,Brisbane Lions,12.5,Hawthorn Hawks,1.22,TAB,1.83,Sportsbet,9.5,-36.612021857923494
Hawthorn Hawks v Brisbane Lions,Player Disposals,Levi Ashcroft,Brisbane Lions,18.5,Hawthorn Hawks,1.19,Neds,1.9,Sportsbet,14.5,-36.66519239274657
Hawthorn Hawks v Brisbane Lions,Player Disposals,Harris Andrews,Brisbane Lions,12.5,Hawthorn Hawks,1.2,Sportsbet,1.87,Sportsbet,9.5,-36.80926916221034
Hawthorn Hawks v Brisbane Lions,Player Disposals,Hugh McCluggage,Brisbane Lions,17.5,Hawthorn Hawks,1.2,Sportsbet,1.87,Sportsbet,13.5,-36.80926916221034
Sydney Swans v Fremantle Dockers,Player Disposals,Isaiah Dudley,Fremantle Dockers,10.5,Sydney Swans,1.2,TAB,1.87,Sportsbet,9.5,-36.80926916221034
Hawthorn Hawks v Brisbane Lions,Player Disposals,Zac Bailey,Brisbane Lions,21.5,Hawthorn Hawks,1.2,Sportsbet,1.87,Sportsbet,17.5,-36.80926916221034
Hawthorn Hawks v Brisbane Lions,Player Disposals,Cam Mackenzie,Hawthorn Hawks,18.5,Brisbane Lions,1.19,Pointsbet,1.89,Sportsbet,14.5,-36.94366635543107
Hawthorn Hawks v Brisbane Lions,Player Disposals,Connor Macdonald,Hawthorn Hawks,17.5,Brisbane Lions,1.19,Neds,1.89,Sportsbet,14.5,-36.94366635543107
Hawthorn Hawks v Brisbane Lions,Player Disposals,Connor Macdonald,Hawthorn Hawks,17.5,Brisbane Lions,1.19,Pointsbet,1.89,Sportsbet,14.5,-36.94366635543107
Hawthorn Hawks v Brisbane Lions,Player Disposals,Karl Amon,Hawthorn Hawks,17.5,Brisbane Lions,1.19,Neds,1.89,Sportsbet,14.5,-36.94366635543107
Hawthorn Hawks v Brisbane Lions,Player Disposals,Karl Amon,Hawthorn Hawks,17.5,Brisbane Lions,1.19,Pointsbet,1.89,Sportsbet,14.5,-36.94366635543107
Hawthorn Hawks v Brisbane Lions,Player Disposals,Lachie Neale,Brisbane Lions,26.5,Hawthorn Hawks,1.19,Pointsbet,1.89,Sportsbet,21.5,-36.94366635543107
Hawthorn Hawks v Brisbane Lions,Player Disposals,Ryan Lester,Brisbane Lions,15.5,Hawthorn Hawks,1.19,Pointsbet,1.89,Sportsbet,11.5,-36.94366635543107
Sydney Swans v Fremantle Dockers,Player Disposals,Jai Serong,Sydney Swans,16.5,Fremantle Dockers,1.18,Pointsbet,1.91,Sportsbet,13.5,-37.10178365427279
Sydney Swans v Fremantle Dockers,Player Disposals,Karl Worner,Fremantle Dockers,17.5,Sydney Swans,1.18,Pointsbet,1.91,Sportsbet,13.5,-37.10178365427279
Hawthorn Hawks v Brisbane Lions,Player Disposals,Darcy Wilmot,Brisbane Lions,18.5,Hawthorn Hawks,1.19,Pointsbet,1.88,Sportsbet,14.5,-37.22510280708029
Sydney Swans v Fremantle Dockers,Player Disposals,Errol Gulden,Sydney Swans,30.5,Fremantle Dockers,1.19,Pointsbet,1.88,Sportsbet,26.5,-37.22510280708029
Hawthorn Hawks v Brisbane Lions,Player Disposals,Josh Battle,Hawthorn Hawks,17.5,Brisbane Lions,1.19,Neds,1.88,Sportsbet,14.5,-37.22510280708029
Sydney Swans v Fremantle Dockers,Player Disposals,Luke Jackson,Fremantle Dockers,18.5,Sydney Swans,1.19,Pointsbet,1.88,Sportsbet,14.5,-37.22510280708029
Hawthorn Hawks v Brisbane Lions,Player Disposals,Massimo D'Ambrosio,Hawthorn Hawks,18.5,Brisbane Lions,1.19,Pointsbet,1.88,Sportsbet,14.5,-37.22510280708029
Hawthorn Hawks v Brisbane Lions,Player Disposals,Dayne Zorko,Brisbane Lions,25.5,Hawthorn Hawks,1.17,Sportsbet,1.93,Sportsbet,21.5,-37.28355697267616
Sydney Swans v Fremantle Dockers,Player Disposals,Jordan Clark,Fremantle Dockers,22.5,Sydney Swans,1.17,Sportsbet,1.93,Sportsbet,18.5,-37.28355697267616
Hawthorn Hawks v Brisbane Lions,Player Disposals,Dylan Moore,Hawthorn Hawks,16.5,Brisbane Lions,1.18,Pointsbet,1.9,Sportsbet,13.5,-37.37734165923283
Hawthorn Hawks v Brisbane Lions,Player Disposals,Dylan Moore,Hawthorn Hawks,16.5,Brisbane Lions,1.18,TAB,1.9,Sportsbet,14.5,-37.37734165923283
Hawthorn Hawks v Brisbane Lions,Player Disposals,Levi Ashcroft,Brisbane Lions,18.5,Hawthorn Hawks,1.18,Pointsbet,1.9,Sportsbet,13.5,-37.37734165923283
Hawthorn Hawks v Brisbane Lions,Player Disposals,Levi Ashcroft,Brisbane Lions,18.5,Hawthorn Hawks,1.18,BetRight,1.9,Sportsbet,14.5,-37.37734165923283
Hawthorn Hawks v Brisbane Lions,Player Disposals,Hugh McCluggage,Brisbane Lions,17.5,Hawthorn Hawks,1.19,Pointsbet,1.87,Sportsbet,14.5,-37.509549274255164
Sydney Swans v Fremantle Dockers,Player Disposals,Caiden Cleary,Sydney Swans,14.5,Fremantle Dockers,1.24,Pointsbet,1.75,Sportsbet,11.5,-37.788018433179715
Sydney Swans v Fremantle Dockers,Player Disposals,Angus Sheldrick,Sydney Swans,17.5,Fremantle Dockers,1.19,Pointsbet,1.86,Sportsbet,14.5,-37.797054305593214
Sydney Swans v Fremantle Dockers,Player Disposals,Hayden Young,Fremantle Dockers,19.5,Sydney Swans,1.17,Sportsbet,1.91,Sportsbet,15.5,-37.82610641249384
Sydney Swans v Fremantle Dockers,Player Disposals,Jai Serong,Sydney Swans,16.5,Fremantle Dockers,1.17,Neds,1.91,Sportsbet,13.5,-37.82610641249384
Hawthorn Hawks v Brisbane Lions,Player Disposals,Josh Dunkley,Brisbane Lions,22.5,Hawthorn Hawks,1.17,Sportsbet,1.91,Sportsbet,18.5,-37.82610641249384
Sydney Swans v Fremantle Dockers,Player Disposals,Karl Worner,Fremantle Dockers,17.5,Sydney Swans,1.17,Sportsbet,1.91,Sportsbet,13.5,-37.82610641249384
Sydney Swans v Fremantle Dockers,Player Disposals,Murphy Reid,Fremantle Dockers,22.5,Sydney Swans,1.17,Sportsbet,1.91,Sportsbet,18.5,-37.82610641249384
Hawthorn Hawks v Brisbane Lions,Player Disposals,Will Day,Hawthorn Hawks,22.5,Brisbane Lions,1.17,Sportsbet,1.91,Sportsbet,18.5,-37.82610641249384
Hawthorn Hawks v Brisbane Lions,Player Disposals,Josh Battle,Hawthorn Hawks,17.5,Brisbane Lions,1.18,Pointsbet,1.88,Sportsbet,13.5,-37.937252073566526
Sydney Swans v Fremantle Dockers,Player Disposals,Luke Jackson,Fremantle Dockers,18.5,Sydney Swans,1.18,BetRight,1.88,Sportsbet,14.5,-37.937252073566526
Hawthorn Hawks v Brisbane Lions,Player Disposals,Massimo D'Ambrosio,Hawthorn Hawks,18.5,Brisbane Lions,1.18,BetRight,1.88,Sportsbet,14.5,-37.937252073566526
Sydney Swans v Fremantle Dockers,Player Disposals,Jake Lloyd,Sydney Swans,20.5,Fremantle Dockers,1.15,Pointsbet,1.96,Sportsbet,17.5,-37.97692990239576
Sydney Swans v Fremantle Dockers,Player Disposals,Andrew Brayshaw,Fremantle Dockers,24.5,Sydney Swans,1.17,Sportsbet,1.9,Sportsbet,20.5,-38.10166441745388
Hawthorn Hawks v Brisbane Lions,Player Disposals,Dylan Moore,Hawthorn Hawks,16.5,Brisbane Lions,1.17,Neds,1.9,Sportsbet,13.5,-38.10166441745388
Hawthorn Hawks v Brisbane Lions,Player Disposals,Jack Ginnivan,Hawthorn Hawks,16.5,Brisbane Lions,1.17,Neds,1.9,Sportsbet,13.5,-38.10166441745388
Hawthorn Hawks v Brisbane Lions,Player Disposals,Jarman Impey,Hawthorn Hawks,18.5,Brisbane Lions,1.17,BetRight,1.9,Sportsbet,14.5,-38.10166441745388
Hawthorn Hawks v Brisbane Lions,Player Disposals,Jarman Impey,Hawthorn Hawks,18.5,Brisbane Lions,1.17,Sportsbet,1.9,Sportsbet,14.5,-38.10166441745388
Hawthorn Hawks v Brisbane Lions,Player Disposals,Levi Ashcroft,Brisbane Lions,18.5,Hawthorn Hawks,1.17,Sportsbet,1.9,Sportsbet,14.5,-38.10166441745388
Sydney Swans v Fremantle Dockers,Player Disposals,Tom McCartin,Sydney Swans,15.5,Fremantle Dockers,1.17,Sportsbet,1.9,Sportsbet,11.5,-38.10166441745388
Sydney Swans v Fremantle Dockers,Player Disposals,Tom McCartin,Sydney Swans,15.5,Fremantle Dockers,1.17,Neds,1.9,Sportsbet,13.5,-38.10166441745388
Sydney Swans v Fremantle Dockers,Player Disposals,Brodie Grundy,Sydney Swans,16.5,Fremantle Dockers,1.14,Sportsbet,1.98,Sportsbet,12.5,-38.22434875066456
Hawthorn Hawks v Brisbane Lions,Player Disposals,Cam Mackenzie,Hawthorn Hawks,18.5,Brisbane Lions,1.17,Sportsbet,1.89,Sportsbet,14.5,-38.380138380138405
Hawthorn Hawks v Brisbane Lions,Player Disposals,Connor Macdonald,Hawthorn Hawks,17.5,Brisbane Lions,1.17,Sportsbet,1.89,Sportsbet,13.5,-38.380138380138405
Hawthorn Hawks v Brisbane Lions,Player Disposals,Karl Amon,Hawthorn Hawks,17.5,Brisbane Lions,1.17,Sportsbet,1.89,Sportsbet,13.5,-38.380138380138405
Hawthorn Hawks v Brisbane Lions,Player Disposals,Lachie Neale,Brisbane Lions,26.5,Hawthorn Hawks,1.17,Sportsbet,1.89,Sportsbet,21.5,-38.380138380138405
Hawthorn Hawks v Brisbane Lions,Player Disposals,James Sicily,Hawthorn Hawks,19.5,Brisbane Lions,1.19,Pointsbet,1.84,Sportsbet,15.5,-38.38143953233466
Sydney Swans v Fremantle Dockers,Player Disposals,Oscar McDonald,Fremantle Dockers,12.5,Sydney Swans,1.18,TAB,1.86,Sportsbet,9.5,-38.50920357207946
Sydney Swans v Fremantle Dockers,Player Disposals,Caleb Serong,Fremantle Dockers,23.5,Sydney Swans,1.16,Pointsbet,1.91,Sportsbet,18.5,-38.56291749413252
Sydney Swans v Fremantle Dockers,Player Disposals,Murphy Reid,Fremantle Dockers,22.5,Sydney Swans,1.16,Neds,1.91,Sportsbet,17.5,-38.56291749413252
Hawthorn Hawks v Brisbane Lions,Player Disposals,Darcy Wilmot,Brisbane Lions,18.5,Hawthorn Hawks,1.17,BetRight,1.88,Sportsbet,14.5,-38.661574831787604
Hawthorn Hawks v Brisbane Lions,Player Disposals,Darcy Wilmot,Brisbane Lions,18.5,Hawthorn Hawks,1.17,Sportsbet,1.88,Sportsbet,14.5,-38.661574831787604
Hawthorn Hawks v Brisbane Lions,Player Disposals,Darcy Wilmot,Brisbane Lions,18.5,Hawthorn Hawks,1.17,TAB,1.88,Sportsbet,14.5,-38.661574831787604
Sydney Swans v Fremantle Dockers,Player Disposals,Errol Gulden,Sydney Swans,30.5,Fremantle Dockers,1.17,Sportsbet,1.88,Sportsbet,25.5,-38.661574831787604
Hawthorn Hawks v Brisbane Lions,Player Disposals,Jai Newcombe,Hawthorn Hawks,23.5,Brisbane Lions,1.17,Sportsbet,1.88,Sportsbet,19.5,-38.661574831787604
Sydney Swans v Fremantle Dockers,Player Disposals,Justin McInerney,Sydney Swans,19.5,Fremantle Dockers,1.17,Sportsbet,1.88,Sportsbet,15.5,-38.661574831787604
Sydney Swans v Fremantle Dockers,Player Disposals,Luke Jackson,Fremantle Dockers,18.5,Sydney Swans,1.17,Sportsbet,1.88,Sportsbet,14.5,-38.661574831787604
Hawthorn Hawks v Brisbane Lions,Player Disposals,Massimo D'Ambrosio,Hawthorn Hawks,18.5,Brisbane Lions,1.17,Sportsbet,1.88,Sportsbet,14.5,-38.661574831787604
Hawthorn Hawks v Brisbane Lions,Player Disposals,Kai Lohmann,Brisbane Lions,12.5,Hawthorn Hawks,1.19,Neds,1.83,Sportsbet,9.5,-38.678422188547536
Sydney Swans v Fremantle Dockers,Player Disposals,Heath Chapman,Fremantle Dockers,14.5,Sydney Swans,1.14,Neds,1.96,Sportsbet,11.5,-38.739706408879336
Sydney Swans v Fremantle Dockers,Player Disposals,Jordan Clark,Fremantle Dockers,22.5,Sydney Swans,1.15,Pointsbet,1.93,Sportsbet,17.5,-38.769993241721124
Sydney Swans v Fremantle Dockers,Player Disposals,Andrew Brayshaw,Fremantle Dockers,24.5,Sydney Swans,1.16,Pointsbet,1.9,Sportsbet,19.5,-38.83847549909256
Hawthorn Hawks v Brisbane Lions,Player Disposals,Jack Ginnivan,Hawthorn Hawks,16.5,Brisbane Lions,1.16,Pointsbet,1.9,Sportsbet,12.5,-38.83847549909256
Sydney Swans v Fremantle Dockers,Player Disposals,Tom McCartin,Sydney Swans,15.5,Fremantle Dockers,1.16,Pointsbet,1.9,Sportsbet,12.5,-38.83847549909256
Sydney Swans v Fremantle Dockers,Player Disposals,Corey Wagner,Fremantle Dockers,15.5,Sydney Swans,1.15,Pointsbet,1.92,Sportsbet,11.5,-39.039855072463766
Sydney Swans v Fremantle Dockers,Player Disposals,Matthew Johnson,Fremantle Dockers,15.5,Sydney Swans,1.16,Pointsbet,1.89,Sportsbet,12.5,-39.11694946177706
Sydney Swans v Fremantle Dockers,Player Disposals,Angus Sheldrick,Sydney Swans,17.5,Fremantle Dockers,1.17,Sportsbet,1.86,Sportsbet,13.5,-39.23352633030053
Sydney Swans v Fremantle Dockers,Player Disposals,Neil Erasmus,Fremantle Dockers,16.5,Sydney Swans,1.17,Sportsbet,1.86,Sportsbet,12.5,-39.23352633030053
Sydney Swans v Fremantle Dockers,Player Disposals,Neil Erasmus,Fremantle Dockers,16.5,Sydney Swans,1.17,Neds,1.86,Sportsbet,13.5,-39.23352633030053
Sydney Swans v Fremantle Dockers,Player Disposals,James Rowbottom,Sydney Swans,16.5,Fremantle Dockers,1.14,Sportsbet,1.94,Sportsbet,12.5,-39.265689998191355
Sydney Swans v Fremantle Dockers,Player Disposals,Caleb Serong,Fremantle Dockers,23.5,Sydney Swans,1.15,Sportsbet,1.91,Sportsbet,18.5,-39.31254268153883
Hawthorn Hawks v Brisbane Lions,Player Disposals,Jarrod Berry,Brisbane Lions,18.5,Hawthorn Hawks,1.15,BetRight,1.91,Sportsbet,14.5,-39.31254268153883
Hawthorn Hawks v Brisbane Lions,Player Disposals,Jaspa Fletcher,Brisbane Lions,17.5,Hawthorn Hawks,1.15,TAB,1.91,Sportsbet,14.5,-39.31254268153883
Hawthorn Hawks v Brisbane Lions,Player Disposals,Josh Dunkley,Brisbane Lions,22.5,Hawthorn Hawks,1.15,Pointsbet,1.91,Sportsbet,17.5,-39.31254268153883
Sydney Swans v Fremantle Dockers,Player Disposals,Murphy Reid,Fremantle Dockers,22.5,Sydney Swans,1.15,Pointsbet,1.91,Sportsbet,16.5,-39.31254268153883
Sydney Swans v Fremantle Dockers,Player Disposals,Sam Wicks,Sydney Swans,15.5,Fremantle Dockers,1.15,Pointsbet,1.91,Sportsbet,11.5,-39.31254268153883
Hawthorn Hawks v Brisbane Lions,Player Disposals,Will Day,Hawthorn Hawks,22.5,Brisbane Lions,1.15,Pointsbet,1.91,Sportsbet,17.5,-39.31254268153883
Sydney Swans v Fremantle Dockers,Player Disposals,Errol Gulden,Sydney Swans,30.5,Fremantle Dockers,1.16,Neds,1.88,Sportsbet,25.5,-39.39838591342628
Hawthorn Hawks v Brisbane Lions,Player Disposals,Jai Newcombe,Hawthorn Hawks,23.5,Brisbane Lions,1.16,Pointsbet,1.88,Sportsbet,18.5,-39.39838591342628
Hawthorn Hawks v Brisbane Lions,Player Disposals,Jai Newcombe,Hawthorn Hawks,23.5,Brisbane Lions,1.16,TAB,1.88,Sportsbet,19.5,-39.39838591342628
Hawthorn Hawks v Brisbane Lions,Player Disposals,Mitch Lewis,Hawthorn Hawks,11.5,Brisbane Lions,1.16,TAB,1.88,Sportsbet,9.5,-39.39838591342628
Sydney Swans v Fremantle Dockers,Player Disposals,Heath Chapman,Fremantle Dockers,14.5,Sydney Swans,1.13,Pointsbet,1.96,Sportsbet,10.5,-39.51598338450424
Sydney Swans v Fremantle Dockers,Player Disposals,Heath Chapman,Fremantle Dockers,14.5,Sydney Swans,1.13,Sportsbet,1.96,Sportsbet,10.5,-39.51598338450424
Sydney Swans v Fremantle Dockers,Player Disposals,Luke Ryan,Fremantle Dockers,19.5,Sydney Swans,1.14,Neds,1.93,Sportsbet,15.5,-39.53276974820472
Hawthorn Hawks v Brisbane Lions,Player Disposals,Jack Ginnivan,Hawthorn Hawks,16.5,Brisbane Lions,1.15,Sportsbet,1.9,Sportsbet,12.5,-39.588100686498876
Sydney Swans v Fremantle Dockers,Player Disposals,Brodie Grundy,Sydney Swans,16.5,Fremantle Dockers,1.12,TAB,1.98,Sportsbet,14.5,-39.7907647907648
Hawthorn Hawks v Brisbane Lions,Player Disposals,Blake Hardwick,Hawthorn Hawks,15.5,Brisbane Lions,1.15,Pointsbet,1.89,Sportsbet,11.5,-39.86657464918335
Hawthorn Hawks v Brisbane Lions,Player Disposals,Cam Rayner,Brisbane Lions,15.5,Hawthorn Hawks,1.15,Pointsbet,1.89,Sportsbet,11.5,-39.86657464918335
Hawthorn Hawks v Brisbane Lions,Player Disposals,Connor Macdonald,Hawthorn Hawks,17.5,Brisbane Lions,1.15,TAB,1.89,Sportsbet,14.5,-39.86657464918335
Hawthorn Hawks v Brisbane Lions,Player Disposals,Will Ashcroft,Brisbane Lions,28.5,Hawthorn Hawks,1.15,Pointsbet,1.89,Sportsbet,22.5,-39.86657464918335
Sydney Swans v Fremantle Dockers,Player Disposals,Neil Erasmus,Fremantle Dockers,16.5,Sydney Swans,1.16,Pointsbet,1.86,Sportsbet,12.5,-39.970337411939205
Sydney Swans v Fremantle Dockers,Player Disposals,Hayden Young,Fremantle Dockers,19.5,Sydney Swans,1.14,Neds,1.91,Sportsbet,15.5,-40.075319188022405
Sydney Swans v Fremantle Dockers,Player Disposals,Jai Serong,Sydney Swans,16.5,Fremantle Dockers,1.14,Sportsbet,1.91,Sportsbet,12.5,-40.075319188022405
Hawthorn Hawks v Brisbane Lions,Player Disposals,Jarrod Berry,Brisbane Lions,18.5,Hawthorn Hawks,1.14,Neds,1.91,Sportsbet,15.5,-40.075319188022405
Hawthorn Hawks v Brisbane Lions,Player Disposals,Jaspa Fletcher,Brisbane Lions,17.5,Hawthorn Hawks,1.14,Sportsbet,1.91,Sportsbet,13.5,-40.075319188022405
Hawthorn Hawks v Brisbane Lions,Player Disposals,Jaspa Fletcher,Brisbane Lions,17.5,Hawthorn Hawks,1.14,Neds,1.91,Sportsbet,14.5,-40.075319188022405
Sydney Swans v Fremantle Dockers,Player Disposals,Karl Worner,Fremantle Dockers,17.5,Sydney Swans,1.14,Neds,1.91,Sportsbet,13.5,-40.075319188022405
Sydney Swans v Fremantle Dockers,Player Disposals,Sam Wicks,Sydney Swans,15.5,Fremantle Dockers,1.14,Sportsbet,1.91,Sportsbet,11.5,-40.075319188022405
Sydney Swans v Fremantle Dockers,Player Disposals,Harry Cunningham,Sydney Swans,13.5,Fremantle Dockers,1.17,Sportsbet,1.83,Sportsbet,9.5,-40.11489421325487
Hawthorn Hawks v Brisbane Lions,Player Disposals,Harry Morrison,Hawthorn Hawks,15.5,Brisbane Lions,1.15,Pointsbet,1.88,Sportsbet,11.5,-40.14801110083257
Hawthorn Hawks v Brisbane Lions,Player Disposals,Dayne Zorko,Brisbane Lions,25.5,Hawthorn Hawks,1.13,Neds,1.93,Sportsbet,19.5,-40.309046723829624
Hawthorn Hawks v Brisbane Lions,Player Disposals,Dayne Zorko,Brisbane Lions,25.5,Hawthorn Hawks,1.13,TAB,1.93,Sportsbet,19.5,-40.309046723829624
Hawthorn Hawks v Brisbane Lions,Player Disposals,Dayne Zorko,Brisbane Lions,25.5,Hawthorn Hawks,1.13,Sportsbet,1.93,Sportsbet,20.5,-40.309046723829624
Sydney Swans v Fremantle Dockers,Player Disposals,Luke Ryan,Fremantle Dockers,19.5,Sydney Swans,1.13,Sportsbet,1.93,Sportsbet,15.5,-40.309046723829624
Hawthorn Hawks v Brisbane Lions,Player Disposals,Dylan Moore,Hawthorn Hawks,16.5,Brisbane Lions,1.14,Sportsbet,1.9,Sportsbet,12.5,-40.35087719298245
Hawthorn Hawks v Brisbane Lions,Player Disposals,Jarman Impey,Hawthorn Hawks,18.5,Brisbane Lions,1.14,Neds,1.9,Sportsbet,15.5,-40.35087719298245
Sydney Swans v Fremantle Dockers,Player Disposals,Braeden Campbell,Sydney Swans,16.5,Fremantle Dockers,1.2,Sportsbet,1.75,Sportsbet,12.5,-40.47619047619047
Sydney Swans v Fremantle Dockers,Player Disposals,Caiden Cleary,Sydney Swans,14.5,Fremantle Dockers,1.2,Sportsbet,1.75,Sportsbet,10.5,-40.47619047619047
Sydney Swans v Fremantle Dockers,Player Disposals,Corey Wagner,Fremantle Dockers,15.5,Sydney Swans,1.13,Sportsbet,1.92,Sportsbet,11.5,-40.578908554572294
Hawthorn Hawks v Brisbane Lions,Player Disposals,Cam Rayner,Brisbane Lions,15.5,Hawthorn Hawks,1.14,Neds,1.89,Sportsbet,11.5,-40.62935115566697
Hawthorn Hawks v Brisbane Lions,Player Disposals,Cam Rayner,Brisbane Lions,15.5,Hawthorn Hawks,1.14,Sportsbet,1.89,Sportsbet,11.5,-40.62935115566697
Hawthorn Hawks v Brisbane Lions,Player Disposals,Karl Amon,Hawthorn Hawks,17.5,Brisbane Lions,1.14,TAB,1.89,Sportsbet,14.5,-40.62935115566697
Sydney Swans v Fremantle Dockers,Player Disposals,Matthew Johnson,Fremantle Dockers,15.5,Sydney Swans,1.14,Sportsbet,1.89,Sportsbet,11.5,-40.62935115566697
Hawthorn Hawks v Brisbane Lions,Player Disposals,Ryan Lester,Brisbane Lions,15.5,Hawthorn Hawks,1.14,Neds,1.89,Sportsbet,11.5,-40.62935115566697
Hawthorn Hawks v Brisbane Lions,Player Disposals,Ryan Lester,Brisbane Lions,15.5,Hawthorn Hawks,1.14,Sportsbet,1.89,Sportsbet,11.5,-40.62935115566697
Hawthorn Hawks v Brisbane Lions,Player Disposals,Will Ashcroft,Brisbane Lions,28.5,Hawthorn Hawks,1.14,Neds,1.89,Sportsbet,23.5,-40.62935115566697
Hawthorn Hawks v Brisbane Lions,Player Disposals,Will Ashcroft,Brisbane Lions,28.5,Hawthorn Hawks,1.14,Sportsbet,1.89,Sportsbet,23.5,-40.62935115566697
Sydney Swans v Fremantle Dockers,Player Disposals,Shai Bolton,Fremantle Dockers,21.5,Sydney Swans,1.15,Sportsbet,1.86,Sportsbet,16.5,-40.71996259934549
Sydney Swans v Fremantle Dockers,Player Disposals,Tom Papley,Sydney Swans,15.5,Fremantle Dockers,1.15,Pointsbet,1.86,Sportsbet,11.5,-40.71996259934549
Hawthorn Hawks v Brisbane Lions,Player Disposals,Jarrod Berry,Brisbane Lions,18.5,Hawthorn Hawks,1.13,Sportsbet,1.91,Sportsbet,14.5,-40.85159616364731
Sydney Swans v Fremantle Dockers,Player Disposals,Errol Gulden,Sydney Swans,30.5,Fremantle Dockers,1.14,Pointsbet,1.88,Sportsbet,25.5,-40.910787607316166
Hawthorn Hawks v Brisbane Lions,Player Disposals,Harry Morrison,Hawthorn Hawks,15.5,Brisbane Lions,1.14,Sportsbet,1.88,Sportsbet,11.5,-40.910787607316166
Hawthorn Hawks v Brisbane Lions,Player Disposals,Josh Ward,Hawthorn Hawks,20.5,Brisbane Lions,1.14,Pointsbet,1.88,Sportsbet,15.5,-40.910787607316166
Sydney Swans v Fremantle Dockers,Player Disposals,Justin McInerney,Sydney Swans,19.5,Fremantle Dockers,1.14,Neds,1.88,Sportsbet,15.5,-40.910787607316166
Sydney Swans v Fremantle Dockers,Player Disposals,Jake Lloyd,Sydney Swans,20.5,Fremantle Dockers,1.11,Sportsbet,1.96,Sportsbet,15.5,-41.1104982533554
Sydney Swans v Fremantle Dockers,Player Disposals,Andrew Brayshaw,Fremantle Dockers,24.5,Sydney Swans,1.13,BetRight,1.9,Sportsbet,19.5,-41.12715416860735
Sydney Swans v Fremantle Dockers,Player Disposals,Andrew Brayshaw,Fremantle Dockers,24.5,Sydney Swans,1.13,Neds,1.9,Sportsbet,19.5,-41.12715416860735
Sydney Swans v Fremantle Dockers,Player Disposals,Andrew Brayshaw,Fremantle Dockers,24.5,Sydney Swans,1.13,Sportsbet,1.9,Sportsbet,19.5,-41.12715416860735
Sydney Swans v Fremantle Dockers,Player Disposals,Andrew Brayshaw,Fremantle Dockers,24.5,Sydney Swans,1.13,TAB,1.9,Sportsbet,19.5,-41.12715416860735
Hawthorn Hawks v Brisbane Lions,Player Disposals,Levi Ashcroft,Brisbane Lions,18.5,Hawthorn Hawks,1.13,TAB,1.9,Sportsbet,14.5,-41.12715416860735
Sydney Swans v Fremantle Dockers,Player Disposals,Braeden Campbell,Sydney Swans,16.5,Fremantle Dockers,1.19,Neds,1.75,Sportsbet,13.5,-41.17647058823528
Sydney Swans v Fremantle Dockers,Player Disposals,Dane Rampe,Sydney Swans,14.5,Fremantle Dockers,1.14,Sportsbet,1.87,Sportsbet,10.5,-41.19523407449104
Sydney Swans v Fremantle Dockers,Player Disposals,Dane Rampe,Sydney Swans,14.5,Fremantle Dockers,1.14,Neds,1.87,Sportsbet,11.5,-41.19523407449104
Hawthorn Hawks v Brisbane Lions,Player Disposals,Zac Bailey,Brisbane Lions,21.5,Hawthorn Hawks,1.14,Pointsbet,1.87,Sportsbet,16.5,-41.19523407449104
Hawthorn Hawks v Brisbane Lions,Player Disposals,Zac Bailey,Brisbane Lions,21.5,Hawthorn Hawks,1.14,Sportsbet,1.87,Sportsbet,16.5,-41.19523407449104
Hawthorn Hawks v Brisbane Lions,Player Disposals,James Sicily,Hawthorn Hawks,19.5,Brisbane Lions,1.15,Sportsbet,1.84,Sportsbet,15.5,-41.30434782608696
Hawthorn Hawks v Brisbane Lions,Player Disposals,Blake Hardwick,Hawthorn Hawks,15.5,Brisbane Lions,1.13,Sportsbet,1.89,Sportsbet,11.5,-41.40562813129187
Sydney Swans v Fremantle Dockers,Player Disposals,Judd McVee,Fremantle Dockers,13.5,Sydney Swans,1.13,Sportsbet,1.89,Sportsbet,9.5,-41.40562813129187
Hawthorn Hawks v Brisbane Lions,Player Disposals,Lachie Neale,Brisbane Lions,26.5,Hawthorn Hawks,1.13,Pointsbet,1.89,Sportsbet,20.5,-41.40562813129187
Hawthorn Hawks v Brisbane Lions,Player Disposals,Lachie Neale,Brisbane Lions,26.5,Hawthorn Hawks,1.13,Sportsbet,1.89,Sportsbet,20.5,-41.40562813129187
Hawthorn Hawks v Brisbane Lions,Player Disposals,Lachie Neale,Brisbane Lions,26.5,Hawthorn Hawks,1.13,Neds,1.89,Sportsbet,21.5,-41.40562813129187
Sydney Swans v Fremantle Dockers,Player Disposals,Brodie Grundy,Sydney Swans,16.5,Fremantle Dockers,1.1,Pointsbet,1.98,Sportsbet,12.5,-41.41414141414141
Sydney Swans v Fremantle Dockers,Player Disposals,Tom Papley,Sydney Swans,15.5,Fremantle Dockers,1.14,Sportsbet,1.86,Sportsbet,11.5,-41.48273910582909
Sydney Swans v Fremantle Dockers,Player Disposals,Errol Gulden,Sydney Swans,30.5,Fremantle Dockers,1.13,BetRight,1.88,Sportsbet,24.5,-41.68706458294107
Sydney Swans v Fremantle Dockers,Player Disposals,Errol Gulden,Sydney Swans,30.5,Fremantle Dockers,1.13,TAB,1.88,Sportsbet,24.5,-41.68706458294107
Hawthorn Hawks v Brisbane Lions,Player Disposals,Josh Battle,Hawthorn Hawks,17.5,Brisbane Lions,1.13,Sportsbet,1.88,Sportsbet,13.5,-41.68706458294107
Hawthorn Hawks v Brisbane Lions,Player Disposals,Josh Ward,Hawthorn Hawks,20.5,Brisbane Lions,1.13,Sportsbet,1.88,Sportsbet,15.5,-41.68706458294107
Hawthorn Hawks v Brisbane Lions,Player Disposals,Josh Weddle,Hawthorn Hawks,13.5,Brisbane Lions,1.13,Sportsbet,1.88,Sportsbet,9.5,-41.68706458294107
Hawthorn Hawks v Brisbane Lions,Player Disposals,Josh Weddle,Hawthorn Hawks,13.5,Brisbane Lions,1.13,Pointsbet,1.88,Sportsbet,10.5,-41.68706458294107
Sydney Swans v Fremantle Dockers,Player Disposals,Justin McInerney,Sydney Swans,19.5,Fremantle Dockers,1.13,Sportsbet,1.88,Sportsbet,14.5,-41.68706458294107
Sydney Swans v Fremantle Dockers,Player Disposals,Justin McInerney,Sydney Swans,19.5,Fremantle Dockers,1.13,Pointsbet,1.88,Sportsbet,15.5,-41.68706458294107
Hawthorn Hawks v Brisbane Lions,Player Disposals,Nick Watson,Hawthorn Hawks,12.5,Brisbane Lions,1.13,Pointsbet,1.88,Sportsbet,9.5,-41.68706458294107
Hawthorn Hawks v Brisbane Lions,Player Disposals,Dayne Zorko,Brisbane Lions,25.5,Hawthorn Hawks,1.11,Pointsbet,1.93,Sportsbet,18.5,-41.90356159268076
Sydney Swans v Fremantle Dockers,Player Disposals,Luke Ryan,Fremantle Dockers,19.5,Sydney Swans,1.11,BetRight,1.93,Sportsbet,14.5,-41.90356159268076
Sydney Swans v Fremantle Dockers,Player Disposals,Luke Ryan,Fremantle Dockers,19.5,Sydney Swans,1.11,Pointsbet,1.93,Sportsbet,14.5,-41.90356159268076
Sydney Swans v Fremantle Dockers,Player Disposals,Dane Rampe,Sydney Swans,14.5,Fremantle Dockers,1.13,Pointsbet,1.87,Sportsbet,10.5,-41.971511050115936
Hawthorn Hawks v Brisbane Lions,Player Disposals,Hugh McCluggage,Brisbane Lions,17.5,Hawthorn Hawks,1.13,Sportsbet,1.87,Sportsbet,12.5,-41.971511050115936
Hawthorn Hawks v Brisbane Lions,Player Disposals,James Sicily,Hawthorn Hawks,19.5,Brisbane Lions,1.14,Neds,1.84,Sportsbet,15.5,-42.06712433257056
Sydney Swans v Fremantle Dockers,Player Disposals,Sam Switkowski,Fremantle Dockers,12.5,Sydney Swans,1.12,Neds,1.89,Sportsbet,9.5,-42.19576719576721
Sydney Swans v Fremantle Dockers,Player Disposals,Brodie Grundy,Sydney Swans,16.5,Fremantle Dockers,1.09,Neds,1.98,Sportsbet,13.5,-42.24816977110555
Sydney Swans v Fremantle Dockers,Player Disposals,Neil Erasmus,Fremantle Dockers,16.5,Sydney Swans,1.13,Sportsbet,1.86,Sportsbet,11.5,-42.25901608145399
Sydney Swans v Fremantle Dockers,Player Disposals,Shai Bolton,Fremantle Dockers,21.5,Sydney Swans,1.13,Pointsbet,1.86,Sportsbet,15.5,-42.25901608145399
Sydney Swans v Fremantle Dockers,Player Disposals,Hayden Young,Fremantle Dockers,19.5,Sydney Swans,1.11,BetRight,1.91,Sportsbet,14.5,-42.446111032498465
Sydney Swans v Fremantle Dockers,Player Disposals,Hayden Young,Fremantle Dockers,19.5,Sydney Swans,1.11,Pointsbet,1.91,Sportsbet,14.5,-42.446111032498465
Sydney Swans v Fremantle Dockers,Player Disposals,Hayden Young,Fremantle Dockers,19.5,Sydney Swans,1.11,Sportsbet,1.91,Sportsbet,14.5,-42.446111032498465
Hawthorn Hawks v Brisbane Lions,Player Disposals,Jarrod Berry,Brisbane Lions,18.5,Hawthorn Hawks,1.11,Pointsbet,1.91,Sportsbet,14.5,-42.446111032498465
Hawthorn Hawks v Brisbane Lions,Player Disposals,Jaspa Fletcher,Brisbane Lions,17.5,Hawthorn Hawks,1.11,Pointsbet,1.91,Sportsbet,13.5,-42.446111032498465
Hawthorn Hawks v Brisbane Lions,Player Disposals,Will Day,Hawthorn Hawks,22.5,Brisbane Lions,1.11,Sportsbet,1.91,Sportsbet,17.5,-42.446111032498465
Sydney Swans v Fremantle Dockers,Player Disposals,Luke Jackson,Fremantle Dockers,18.5,Sydney Swans,1.12,TAB,1.88,Sportsbet,14.5,-42.4772036474164
Hawthorn Hawks v Brisbane Lions,Player Disposals,Nick Watson,Hawthorn Hawks,12.5,Brisbane Lions,1.12,Neds,1.88,Sportsbet,9.5,-42.4772036474164
Sydney Swans v Fremantle Dockers,Player Disposals,Andrew Brayshaw,Fremantle Dockers,24.5,Sydney Swans,1.11,Pointsbet,1.9,Sportsbet,18.5,-42.72166903745851
Hawthorn Hawks v Brisbane Lions,Player Disposals,Jarman Impey,Hawthorn Hawks,18.5,Brisbane Lions,1.11,Sportsbet,1.9,Sportsbet,13.5,-42.72166903745851
Hawthorn Hawks v Brisbane Lions,Player Disposals,Jarman Impey,Hawthorn Hawks,18.5,Brisbane Lions,1.11,Pointsbet,1.9,Sportsbet,14.5,-42.72166903745851
Hawthorn Hawks v Brisbane Lions,Player Disposals,Levi Ashcroft,Brisbane Lions,18.5,Hawthorn Hawks,1.11,Sportsbet,1.9,Sportsbet,13.5,-42.72166903745851
Sydney Swans v Fremantle Dockers,Player Disposals,Tom McCartin,Sydney Swans,15.5,Fremantle Dockers,1.11,Sportsbet,1.9,Sportsbet,10.5,-42.72166903745851
Sydney Swans v Fremantle Dockers,Player Disposals,Jordan Clark,Fremantle Dockers,22.5,Sydney Swans,1.1,Neds,1.93,Sportsbet,17.5,-42.722562411681594
Sydney Swans v Fremantle Dockers,Player Disposals,Jordan Clark,Fremantle Dockers,22.5,Sydney Swans,1.1,Sportsbet,1.93,Sportsbet,17.5,-42.722562411681594
Hawthorn Hawks v Brisbane Lions,Player Disposals,Harris Andrews,Brisbane Lions,12.5,Hawthorn Hawks,1.12,TAB,1.87,Sportsbet,9.5,-42.761650114591276
Sydney Swans v Fremantle Dockers,Player Disposals,Jake Lloyd,Sydney Swans,20.5,Fremantle Dockers,1.09,Pointsbet,1.96,Sportsbet,16.5,-42.76352742932035
Hawthorn Hawks v Brisbane Lions,Player Disposals,James Sicily,Hawthorn Hawks,19.5,Brisbane Lions,1.13,Pointsbet,1.84,Sportsbet,14.5,-42.84340130819546
Sydney Swans v Fremantle Dockers,Player Disposals,Matt Roberts,Sydney Swans,16.5,Fremantle Dockers,1.17,Sportsbet,1.74,Sportsbet,12.5,-42.94134983790157
Sydney Swans v Fremantle Dockers,Player Disposals,Matt Roberts,Sydney Swans,16.5,Fremantle Dockers,1.17,Neds,1.74,Sportsbet,13.5,-42.94134983790157
Hawthorn Hawks v Brisbane Lions,Player Disposals,Cam Mackenzie,Hawthorn Hawks,18.5,Brisbane Lions,1.11,Pointsbet,1.89,Sportsbet,13.5,-43.000143000142984
Hawthorn Hawks v Brisbane Lions,Player Disposals,Cam Mackenzie,Hawthorn Hawks,18.5,Brisbane Lions,1.11,Sportsbet,1.89,Sportsbet,13.5,-43.000143000142984
Hawthorn Hawks v Brisbane Lions,Player Disposals,Cam Mackenzie,Hawthorn Hawks,18.5,Brisbane Lions,1.11,Neds,1.89,Sportsbet,14.5,-43.000143000142984
Hawthorn Hawks v Brisbane Lions,Player Disposals,Connor Macdonald,Hawthorn Hawks,17.5,Brisbane Lions,1.11,Pointsbet,1.89,Sportsbet,13.5,-43.000143000142984
Sydney Swans v Fremantle Dockers,Player Disposals,Judd McVee,Fremantle Dockers,13.5,Sydney Swans,1.11,Pointsbet,1.89,Sportsbet,9.5,-43.000143000142984
Hawthorn Hawks v Brisbane Lions,Player Disposals,Karl Amon,Hawthorn Hawks,17.5,Brisbane Lions,1.11,Sportsbet,1.89,Sportsbet,12.5,-43.000143000142984
Hawthorn Hawks v Brisbane Lions,Player Disposals,Karl Amon,Hawthorn Hawks,17.5,Brisbane Lions,1.11,Pointsbet,1.89,Sportsbet,13.5,-43.000143000142984
Sydney Swans v Fremantle Dockers,Player Disposals,Oscar McDonald,Fremantle Dockers,12.5,Sydney Swans,1.12,Neds,1.86,Sportsbet,9.5,-43.04915514592933
Sydney Swans v Fremantle Dockers,Player Disposals,Brodie Grundy,Sydney Swans,16.5,Fremantle Dockers,1.08,Sportsbet,1.98,Sportsbet,11.5,-43.09764309764308
Sydney Swans v Fremantle Dockers,Player Disposals,Caleb Serong,Fremantle Dockers,23.5,Sydney Swans,1.1,Neds,1.91,Sportsbet,17.5,-43.265111851499285
Sydney Swans v Fremantle Dockers,Player Disposals,Caleb Serong,Fremantle Dockers,23.5,Sydney Swans,1.1,Pointsbet,1.91,Sportsbet,17.5,-43.265111851499285
Sydney Swans v Fremantle Dockers,Player Disposals,Caleb Serong,Fremantle Dockers,23.5,Sydney Swans,1.1,Sportsbet,1.91,Sportsbet,17.5,-43.265111851499285
Sydney Swans v Fremantle Dockers,Player Disposals,Jai Serong,Sydney Swans,16.5,Fremantle Dockers,1.1,Pointsbet,1.91,Sportsbet,12.5,-43.265111851499285
Hawthorn Hawks v Brisbane Lions,Player Disposals,Jarrod Berry,Brisbane Lions,18.5,Hawthorn Hawks,1.1,TAB,1.91,Sportsbet,14.5,-43.265111851499285
Hawthorn Hawks v Brisbane Lions,Player Disposals,Josh Dunkley,Brisbane Lions,22.5,Hawthorn Hawks,1.1,Neds,1.91,Sportsbet,17.5,-43.265111851499285
Hawthorn Hawks v Brisbane Lions,Player Disposals,Josh Dunkley,Brisbane Lions,22.5,Hawthorn Hawks,1.1,Sportsbet,1.91,Sportsbet,17.5,-43.265111851499285
Sydney Swans v Fremantle Dockers,Player Disposals,Karl Worner,Fremantle Dockers,17.5,Sydney Swans,1.1,Sportsbet,1.91,Sportsbet,12.5,-43.265111851499285
Sydney Swans v Fremantle Dockers,Player Disposals,Murphy Reid,Fremantle Dockers,22.5,Sydney Swans,1.1,Sportsbet,1.91,Sportsbet,17.5,-43.265111851499285
Hawthorn Hawks v Brisbane Lions,Player Disposals,Will Day,Hawthorn Hawks,22.5,Brisbane Lions,1.1,Neds,1.91,Sportsbet,17.5,-43.265111851499285
Hawthorn Hawks v Brisbane Lions,Player Disposals,Darcy Wilmot,Brisbane Lions,18.5,Hawthorn Hawks,1.11,Pointsbet,1.88,Sportsbet,13.5,-43.281579451792204
Hawthorn Hawks v Brisbane Lions,Player Disposals,Darcy Wilmot,Brisbane Lions,18.5,Hawthorn Hawks,1.11,Sportsbet,1.88,Sportsbet,13.5,-43.281579451792204
Hawthorn Hawks v Brisbane Lions,Player Disposals,Darcy Wilmot,Brisbane Lions,18.5,Hawthorn Hawks,1.11,Neds,1.88,Sportsbet,14.5,-43.281579451792204
Sydney Swans v Fremantle Dockers,Player Disposals,Errol Gulden,Sydney Swans,30.5,Fremantle Dockers,1.11,Neds,1.88,Sportsbet,24.5,-43.281579451792204
Sydney Swans v Fremantle Dockers,Player Disposals,Errol Gulden,Sydney Swans,30.5,Fremantle Dockers,1.11,Sportsbet,1.88,Sportsbet,24.5,-43.281579451792204
Hawthorn Hawks v Brisbane Lions,Player Disposals,Jai Newcombe,Hawthorn Hawks,23.5,Brisbane Lions,1.11,Sportsbet,1.88,Sportsbet,18.5,-43.281579451792204
Sydney Swans v Fremantle Dockers,Player Disposals,Justin McInerney,Sydney Swans,19.5,Fremantle Dockers,1.11,BetRight,1.88,Sportsbet,14.5,-43.281579451792204
Sydney Swans v Fremantle Dockers,Player Disposals,Luke Jackson,Fremantle Dockers,18.5,Sydney Swans,1.11,Pointsbet,1.88,Sportsbet,13.5,-43.281579451792204
Sydney Swans v Fremantle Dockers,Player Disposals,Luke Jackson,Fremantle Dockers,18.5,Sydney Swans,1.11,Sportsbet,1.88,Sportsbet,13.5,-43.281579451792204
Sydney Swans v Fremantle Dockers,Player Disposals,Luke Jackson,Fremantle Dockers,18.5,Sydney Swans,1.11,Neds,1.88,Sportsbet,14.5,-43.281579451792204
Hawthorn Hawks v Brisbane Lions,Player Disposals,Massimo D'Ambrosio,Hawthorn Hawks,18.5,Brisbane Lions,1.11,Sportsbet,1.88,Sportsbet,13.5,-43.281579451792204
Hawthorn Hawks v Brisbane Lions,Player Disposals,Massimo D'Ambrosio,Hawthorn Hawks,18.5,Brisbane Lions,1.11,Neds,1.88,Sportsbet,14.5,-43.281579451792204
Hawthorn Hawks v Brisbane Lions,Player Disposals,Nick Watson,Hawthorn Hawks,12.5,Brisbane Lions,1.11,TAB,1.88,Sportsbet,9.5,-43.281579451792204
Sydney Swans v Fremantle Dockers,Player Disposals,James Rowbottom,Sydney Swans,16.5,Fremantle Dockers,1.09,Pointsbet,1.94,Sportsbet,12.5,-43.28951101863237
Sydney Swans v Fremantle Dockers,Player Disposals,James Rowbottom,Sydney Swans,16.5,Fremantle Dockers,1.09,Neds,1.94,Sportsbet,13.5,-43.28951101863237
Sydney Swans v Fremantle Dockers,Player Disposals,Braeden Campbell,Sydney Swans,16.5,Fremantle Dockers,1.16,Pointsbet,1.75,Sportsbet,12.5,-43.349753694581274
Hawthorn Hawks v Brisbane Lions,Player Disposals,Dylan Moore,Hawthorn Hawks,16.5,Brisbane Lions,1.1,Sportsbet,1.9,Sportsbet,11.5,-43.540669856459324
Hawthorn Hawks v Brisbane Lions,Player Disposals,Dylan Moore,Hawthorn Hawks,16.5,Brisbane Lions,1.1,Pointsbet,1.9,Sportsbet,12.5,-43.540669856459324
Hawthorn Hawks v Brisbane Lions,Player Disposals,Jack Ginnivan,Hawthorn Hawks,16.5,Brisbane Lions,1.1,Sportsbet,1.9,Sportsbet,11.5,-43.540669856459324
Hawthorn Hawks v Brisbane Lions,Player Disposals,Dayne Zorko,Brisbane Lions,25.5,Hawthorn Hawks,1.09,BetRight,1.93,Sportsbet,19.5,-43.556590768645705
Sydney Swans v Fremantle Dockers,Player Disposals,Jordan Clark,Fremantle Dockers,22.5,Sydney Swans,1.09,Pointsbet,1.93,Sportsbet,16.5,-43.556590768645705
Hawthorn Hawks v Brisbane Lions,Player Disposals,Harris Andrews,Brisbane Lions,12.5,Hawthorn Hawks,1.11,Pointsbet,1.87,Sportsbet,9.5,-43.56602591896708
Hawthorn Hawks v Brisbane Lions,Player Disposals,Hugh McCluggage,Brisbane Lions,17.5,Hawthorn Hawks,1.11,Pointsbet,1.87,Sportsbet,13.5,-43.56602591896708
Hawthorn Hawks v Brisbane Lions,Player Disposals,Hugh McCluggage,Brisbane Lions,17.5,Hawthorn Hawks,1.11,Neds,1.87,Sportsbet,14.5,-43.56602591896708
Sydney Swans v Fremantle Dockers,Player Disposals,Matt Roberts,Sydney Swans,16.5,Fremantle Dockers,1.16,Pointsbet,1.74,Sportsbet,12.5,-43.67816091954025
Hawthorn Hawks v Brisbane Lions,Player Disposals,Connor Macdonald,Hawthorn Hawks,17.5,Brisbane Lions,1.1,Sportsbet,1.89,Sportsbet,12.5,-43.819143819143825
Hawthorn Hawks v Brisbane Lions,Player Disposals,Ryan Lester,Brisbane Lions,15.5,Hawthorn Hawks,1.1,Pointsbet,1.89,Sportsbet,10.5,-43.819143819143825
Hawthorn Hawks v Brisbane Lions,Player Disposals,Will Ashcroft,Brisbane Lions,28.5,Hawthorn Hawks,1.1,Pointsbet,1.89,Sportsbet,21.5,-43.819143819143825
Hawthorn Hawks v Brisbane Lions,Player Disposals,Will Ashcroft,Brisbane Lions,28.5,Hawthorn Hawks,1.1,Sportsbet,1.89,Sportsbet,22.5,-43.819143819143825
Sydney Swans v Fremantle Dockers,Player Disposals,Angus Sheldrick,Sydney Swans,17.5,Fremantle Dockers,1.11,Sportsbet,1.86,Sportsbet,12.5,-43.85353095030513
Sydney Swans v Fremantle Dockers,Player Disposals,Angus Sheldrick,Sydney Swans,17.5,Fremantle Dockers,1.11,Pointsbet,1.86,Sportsbet,13.5,-43.85353095030513
Sydney Swans v Fremantle Dockers,Player Disposals,Angus Sheldrick,Sydney Swans,17.5,Fremantle Dockers,1.11,Neds,1.86,Sportsbet,14.5,-43.85353095030513
Hawthorn Hawks v Brisbane Lions,Player Disposals,Kai Lohmann,Brisbane Lions,12.5,Hawthorn Hawks,1.12,TAB,1.83,Sportsbet,9.5,-43.93052302888367
Hawthorn Hawks v Brisbane Lions,Player Disposals,Jaspa Fletcher,Brisbane Lions,17.5,Hawthorn Hawks,1.09,Sportsbet,1.91,Sportsbet,12.5,-44.09914020846342
Hawthorn Hawks v Brisbane Lions,Player Disposals,Josh Dunkley,Brisbane Lions,22.5,Hawthorn Hawks,1.09,Pointsbet,1.91,Sportsbet,16.5,-44.09914020846342
Sydney Swans v Fremantle Dockers,Player Disposals,Karl Worner,Fremantle Dockers,17.5,Sydney Swans,1.09,Pointsbet,1.91,Sportsbet,12.5,-44.09914020846342
Hawthorn Hawks v Brisbane Lions,Player Disposals,Will Day,Hawthorn Hawks,22.5,Brisbane Lions,1.09,Pointsbet,1.91,Sportsbet,16.5,-44.09914020846342
Hawthorn Hawks v Brisbane Lions,Player Disposals,Jai Newcombe,Hawthorn Hawks,23.5,Brisbane Lions,1.1,Pointsbet,1.88,Sportsbet,17.5,-44.100580270793046
Hawthorn Hawks v Brisbane Lions,Player Disposals,Josh Battle,Hawthorn Hawks,17.5,Brisbane Lions,1.1,Pointsbet,1.88,Sportsbet,12.5,-44.100580270793046
Hawthorn Hawks v Brisbane Lions,Player Disposals,Massimo D'Ambrosio,Hawthorn Hawks,18.5,Brisbane Lions,1.1,Pointsbet,1.88,Sportsbet,13.5,-44.100580270793046
Hawthorn Hawks v Brisbane Lions,Player Disposals,Massimo D'Ambrosio,Hawthorn Hawks,18.5,Brisbane Lions,1.1,TAB,1.88,Sportsbet,14.5,-44.100580270793046
Sydney Swans v Fremantle Dockers,Player Disposals,James Rowbottom,Sydney Swans,16.5,Fremantle Dockers,1.08,Sportsbet,1.94,Sportsbet,11.5,-44.138984345169916
Hawthorn Hawks v Brisbane Lions,Player Disposals,Levi Ashcroft,Brisbane Lions,18.5,Hawthorn Hawks,1.09,Pointsbet,1.9,Sportsbet,12.5,-44.37469821342346
Hawthorn Hawks v Brisbane Lions,Player Disposals,Levi Ashcroft,Brisbane Lions,18.5,Hawthorn Hawks,1.09,Neds,1.9,Sportsbet,13.5,-44.37469821342346
Hawthorn Hawks v Brisbane Lions,Player Disposals,James Sicily,Hawthorn Hawks,19.5,Brisbane Lions,1.11,BetRight,1.84,Sportsbet,14.5,-44.4379161770466
Hawthorn Hawks v Brisbane Lions,Player Disposals,Connor Macdonald,Hawthorn Hawks,17.5,Brisbane Lions,1.09,Neds,1.89,Sportsbet,13.5,-44.65317217610796
Hawthorn Hawks v Brisbane Lions,Player Disposals,Karl Amon,Hawthorn Hawks,17.5,Brisbane Lions,1.09,Neds,1.89,Sportsbet,13.5,-44.65317217610796
Sydney Swans v Fremantle Dockers,Player Disposals,Shai Bolton,Fremantle Dockers,21.5,Sydney Swans,1.1,Sportsbet,1.86,Sportsbet,15.5,-44.67253176930597
Sydney Swans v Fremantle Dockers,Player Disposals,Harry Cunningham,Sydney Swans,13.5,Fremantle Dockers,1.11,Neds,1.83,Sportsbet,9.5,-44.73489883325947
Sydney Swans v Fremantle Dockers,Player Disposals,Harry Cunningham,Sydney Swans,13.5,Fremantle Dockers,1.11,Pointsbet,1.83,Sportsbet,9.5,-44.73489883325947
Sydney Swans v Fremantle Dockers,Player Disposals,Errol Gulden,Sydney Swans,30.5,Fremantle Dockers,1.09,Pointsbet,1.88,Sportsbet,24.5,-44.93460862775716
Hawthorn Hawks v Brisbane Lions,Player Disposals,Josh Battle,Hawthorn Hawks,17.5,Brisbane Lions,1.09,Neds,1.88,Sportsbet,13.5,-44.93460862775716
Hawthorn Hawks v Brisbane Lions,Player Disposals,Josh Weddle,Hawthorn Hawks,13.5,Brisbane Lions,1.09,Neds,1.88,Sportsbet,9.5,-44.93460862775716
Sydney Swans v Fremantle Dockers,Player Disposals,Jai Serong,Sydney Swans,16.5,Fremantle Dockers,1.08,Sportsbet,1.91,Sportsbet,11.5,-44.94861353500097
Sydney Swans v Fremantle Dockers,Player Disposals,Murphy Reid,Fremantle Dockers,22.5,Sydney Swans,1.08,Pointsbet,1.91,Sportsbet,15.5,-44.94861353500097
Hawthorn Hawks v Brisbane Lions,Player Disposals,Jack Ginnivan,Hawthorn Hawks,16.5,Brisbane Lions,1.08,Pointsbet,1.9,Sportsbet,11.5,-45.22417153996101
Sydney Swans v Fremantle Dockers,Player Disposals,Tom McCartin,Sydney Swans,15.5,Fremantle Dockers,1.08,Pointsbet,1.9,Sportsbet,11.5,-45.22417153996101
Hawthorn Hawks v Brisbane Lions,Player Disposals,Dayne Zorko,Brisbane Lions,25.5,Hawthorn Hawks,1.07,Pointsbet,1.93,Sportsbet,17.5,-45.27141542782434
Sydney Swans v Fremantle Dockers,Player Disposals,Luke Ryan,Fremantle Dockers,19.5,Sydney Swans,1.07,Sportsbet,1.93,Sportsbet,14.5,-45.27141542782434
Sydney Swans v Fremantle Dockers,Player Disposals,Luke Ryan,Fremantle Dockers,19.5,Sydney Swans,1.07,TAB,1.93,Sportsbet,14.5,-45.27141542782434
Sydney Swans v Fremantle Dockers,Player Disposals,Heath Chapman,Fremantle Dockers,14.5,Sydney Swans,1.06,Pointsbet,1.96,Sportsbet,9.5,-45.36003080477473
Sydney Swans v Fremantle Dockers,Player Disposals,Heath Chapman,Fremantle Dockers,14.5,Sydney Swans,1.06,Sportsbet,1.96,Sportsbet,9.5,-45.36003080477473
Sydney Swans v Fremantle Dockers,Player Disposals,Jake Lloyd,Sydney Swans,20.5,Fremantle Dockers,1.06,BetRight,1.96,Sportsbet,14.5,-45.36003080477473
Sydney Swans v Fremantle Dockers,Player Disposals,Jake Lloyd,Sydney Swans,20.5,Fremantle Dockers,1.06,Sportsbet,1.96,Sportsbet,14.5,-45.36003080477473
Sydney Swans v Fremantle Dockers,Player Disposals,Jake Lloyd,Sydney Swans,20.5,Fremantle Dockers,1.06,Neds,1.96,Sportsbet,15.5,-45.36003080477473
Hawthorn Hawks v Brisbane Lions,Player Disposals,Cam Mackenzie,Hawthorn Hawks,18.5,Brisbane Lions,1.08,TAB,1.89,Sportsbet,14.5,-45.50264550264549
Hawthorn Hawks v Brisbane Lions,Player Disposals,Cam Rayner,Brisbane Lions,15.5,Hawthorn Hawks,1.08,Sportsbet,1.89,Sportsbet,10.5,-45.50264550264549
Hawthorn Hawks v Brisbane Lions,Player Disposals,Lachie Neale,Brisbane Lions,26.5,Hawthorn Hawks,1.08,Pointsbet,1.89,Sportsbet,19.5,-45.50264550264549
Hawthorn Hawks v Brisbane Lions,Player Disposals,Lachie Neale,Brisbane Lions,26.5,Hawthorn Hawks,1.08,Sportsbet,1.89,Sportsbet,19.5,-45.50264550264549
Sydney Swans v Fremantle Dockers,Player Disposals,Matthew Johnson,Fremantle Dockers,15.5,Sydney Swans,1.08,Sportsbet,1.89,Sportsbet,10.5,-45.50264550264549
Sydney Swans v Fremantle Dockers,Player Disposals,Matthew Johnson,Fremantle Dockers,15.5,Sydney Swans,1.08,Pointsbet,1.89,Sportsbet,11.5,-45.50264550264549
Hawthorn Hawks v Brisbane Lions,Player Disposals,Ryan Lester,Brisbane Lions,15.5,Hawthorn Hawks,1.08,Sportsbet,1.89,Sportsbet,10.5,-45.50264550264549
Sydney Swans v Fremantle Dockers,Player Disposals,Corey Wagner,Fremantle Dockers,15.5,Sydney Swans,1.07,Pointsbet,1.92,Sportsbet,10.5,-45.54127725856698
Sydney Swans v Fremantle Dockers,Player Disposals,Corey Wagner,Fremantle Dockers,15.5,Sydney Swans,1.07,Neds,1.92,Sportsbet,11.5,-45.54127725856698
Sydney Swans v Fremantle Dockers,Player Disposals,Caiden Cleary,Sydney Swans,14.5,Fremantle Dockers,1.13,Sportsbet,1.75,Sportsbet,9.5,-45.63843236409608
Sydney Swans v Fremantle Dockers,Player Disposals,Caiden Cleary,Sydney Swans,14.5,Fremantle Dockers,1.13,Pointsbet,1.75,Sportsbet,10.5,-45.63843236409608
Sydney Swans v Fremantle Dockers,Player Disposals,Brodie Grundy,Sydney Swans,16.5,Fremantle Dockers,1.05,Pointsbet,1.98,Sportsbet,11.5,-45.74314574314573
Hawthorn Hawks v Brisbane Lions,Player Disposals,Josh Ward,Hawthorn Hawks,20.5,Brisbane Lions,1.08,Pointsbet,1.88,Sportsbet,14.5,-45.784081954294706
Hawthorn Hawks v Brisbane Lions,Player Disposals,Josh Ward,Hawthorn Hawks,20.5,Brisbane Lions,1.08,Neds,1.88,Sportsbet,15.5,-45.784081954294706
Sydney Swans v Fremantle Dockers,Player Disposals,Hayden Young,Fremantle Dockers,19.5,Sydney Swans,1.07,TAB,1.91,Sportsbet,14.5,-45.81396486764202
Sydney Swans v Fremantle Dockers,Player Disposals,Sam Wicks,Sydney Swans,15.5,Fremantle Dockers,1.07,Pointsbet,1.91,Sportsbet,10.5,-45.81396486764202
Sydney Swans v Fremantle Dockers,Player Disposals,Sam Wicks,Sydney Swans,15.5,Fremantle Dockers,1.07,Sportsbet,1.91,Sportsbet,10.5,-45.81396486764202
Sydney Swans v Fremantle Dockers,Player Disposals,Sam Wicks,Sydney Swans,15.5,Fremantle Dockers,1.07,Neds,1.91,Sportsbet,11.5,-45.81396486764202
Hawthorn Hawks v Brisbane Lions,Player Disposals,Zac Bailey,Brisbane Lions,21.5,Hawthorn Hawks,1.08,Pointsbet,1.87,Sportsbet,15.5,-46.06852842146958
Hawthorn Hawks v Brisbane Lions,Player Disposals,Zac Bailey,Brisbane Lions,21.5,Hawthorn Hawks,1.08,Sportsbet,1.87,Sportsbet,15.5,-46.06852842146958
Sydney Swans v Fremantle Dockers,Player Disposals,Andrew Brayshaw,Fremantle Dockers,24.5,Sydney Swans,1.07,Sportsbet,1.9,Sportsbet,18.5,-46.08952287260206
Hawthorn Hawks v Brisbane Lions,Player Disposals,Jarman Impey,Hawthorn Hawks,18.5,Brisbane Lions,1.07,Pointsbet,1.9,Sportsbet,13.5,-46.08952287260206
Hawthorn Hawks v Brisbane Lions,Player Disposals,James Sicily,Hawthorn Hawks,19.5,Brisbane Lions,1.09,Sportsbet,1.84,Sportsbet,14.5,-46.09094535301157
Hawthorn Hawks v Brisbane Lions,Player Disposals,Dayne Zorko,Brisbane Lions,25.5,Hawthorn Hawks,1.06,Sportsbet,1.93,Sportsbet,19.5,-46.153094144100095
Sydney Swans v Fremantle Dockers,Player Disposals,Luke Ryan,Fremantle Dockers,19.5,Sydney Swans,1.06,Pointsbet,1.93,Sportsbet,13.5,-46.153094144100095
Sydney Swans v Fremantle Dockers,Player Disposals,Luke Ryan,Fremantle Dockers,19.5,Sydney Swans,1.06,Neds,1.93,Sportsbet,14.5,-46.153094144100095
Sydney Swans v Fremantle Dockers,Player Disposals,Jake Lloyd,Sydney Swans,20.5,Fremantle Dockers,1.05,Pointsbet,1.96,Sportsbet,15.5,-46.25850340136055
Sydney Swans v Fremantle Dockers,Player Disposals,Neil Erasmus,Fremantle Dockers,16.5,Sydney Swans,1.08,Pointsbet,1.86,Sportsbet,11.5,-46.35603345280763
Sydney Swans v Fremantle Dockers,Player Disposals,Shai Bolton,Fremantle Dockers,21.5,Sydney Swans,1.08,Neds,1.86,Sportsbet,15.5,-46.35603345280763
Sydney Swans v Fremantle Dockers,Player Disposals,Tom Papley,Sydney Swans,15.5,Fremantle Dockers,1.08,Sportsbet,1.86,Sportsbet,10.5,-46.35603345280763
Hawthorn Hawks v Brisbane Lions,Player Disposals,Blake Hardwick,Hawthorn Hawks,15.5,Brisbane Lions,1.07,Pointsbet,1.89,Sportsbet,10.5,-46.36799683528656
Hawthorn Hawks v Brisbane Lions,Player Disposals,Blake Hardwick,Hawthorn Hawks,15.5,Brisbane Lions,1.07,Neds,1.89,Sportsbet,11.5,-46.36799683528656
Hawthorn Hawks v Brisbane Lions,Player Disposals,Cam Rayner,Brisbane Lions,15.5,Hawthorn Hawks,1.07,Pointsbet,1.89,Sportsbet,10.5,-46.36799683528656
Hawthorn Hawks v Brisbane Lions,Player Disposals,Lachie Neale,Brisbane Lions,26.5,Hawthorn Hawks,1.07,TAB,1.89,Sportsbet,19.5,-46.36799683528656
Sydney Swans v Fremantle Dockers,Player Disposals,Matthew Johnson,Fremantle Dockers,15.5,Sydney Swans,1.07,Neds,1.89,Sportsbet,11.5,-46.36799683528656
Sydney Swans v Fremantle Dockers,Player Disposals,Corey Wagner,Fremantle Dockers,15.5,Sydney Swans,1.06,Sportsbet,1.92,Sportsbet,10.5,-46.422955974842765
Sydney Swans v Fremantle Dockers,Player Disposals,Braeden Campbell,Sydney Swans,16.5,Fremantle Dockers,1.12,Sportsbet,1.75,Sportsbet,11.5,-46.428571428571416
Hawthorn Hawks v Brisbane Lions,Player Disposals,Harry Morrison,Hawthorn Hawks,15.5,Brisbane Lions,1.07,Pointsbet,1.88,Sportsbet,10.5,-46.64943328693578
Hawthorn Hawks v Brisbane Lions,Player Disposals,Harry Morrison,Hawthorn Hawks,15.5,Brisbane Lions,1.07,Sportsbet,1.88,Sportsbet,10.5,-46.64943328693578
Hawthorn Hawks v Brisbane Lions,Player Disposals,Harry Morrison,Hawthorn Hawks,15.5,Brisbane Lions,1.07,Neds,1.88,Sportsbet,11.5,-46.64943328693578
Hawthorn Hawks v Brisbane Lions,Player Disposals,Jai Newcombe,Hawthorn Hawks,23.5,Brisbane Lions,1.07,Pointsbet,1.88,Sportsbet,16.5,-46.64943328693578
Hawthorn Hawks v Brisbane Lions,Player Disposals,Josh Ward,Hawthorn Hawks,20.5,Brisbane Lions,1.07,Sportsbet,1.88,Sportsbet,14.5,-46.64943328693578
Sydney Swans v Fremantle Dockers,Player Disposals,Justin McInerney,Sydney Swans,19.5,Fremantle Dockers,1.07,Sportsbet,1.88,Sportsbet,13.5,-46.64943328693578
Sydney Swans v Fremantle Dockers,Player Disposals,Justin McInerney,Sydney Swans,19.5,Fremantle Dockers,1.07,Pointsbet,1.88,Sportsbet,14.5,-46.64943328693578
Sydney Swans v Fremantle Dockers,Player Disposals,Justin McInerney,Sydney Swans,19.5,Fremantle Dockers,1.07,TAB,1.88,Sportsbet,14.5,-46.64943328693578
Sydney Swans v Fremantle Dockers,Player Disposals,Caleb Serong,Fremantle Dockers,23.5,Sydney Swans,1.06,Pointsbet,1.91,Sportsbet,16.5,-46.6956435839178
Sydney Swans v Fremantle Dockers,Player Disposals,Caleb Serong,Fremantle Dockers,23.5,Sydney Swans,1.06,Sportsbet,1.91,Sportsbet,16.5,-46.6956435839178
Sydney Swans v Fremantle Dockers,Player Disposals,Hayden Young,Fremantle Dockers,19.5,Sydney Swans,1.06,Pointsbet,1.91,Sportsbet,13.5,-46.6956435839178
Sydney Swans v Fremantle Dockers,Player Disposals,Hayden Young,Fremantle Dockers,19.5,Sydney Swans,1.06,Sportsbet,1.91,Sportsbet,13.5,-46.6956435839178
Sydney Swans v Fremantle Dockers,Player Disposals,Hayden Young,Fremantle Dockers,19.5,Sydney Swans,1.06,Neds,1.91,Sportsbet,14.5,-46.6956435839178
Hawthorn Hawks v Brisbane Lions,Player Disposals,Jarrod Berry,Brisbane Lions,18.5,Hawthorn Hawks,1.06,Pointsbet,1.91,Sportsbet,13.5,-46.6956435839178
Hawthorn Hawks v Brisbane Lions,Player Disposals,Jarrod Berry,Brisbane Lions,18.5,Hawthorn Hawks,1.06,Sportsbet,1.91,Sportsbet,13.5,-46.6956435839178
Hawthorn Hawks v Brisbane Lions,Player Disposals,Jarrod Berry,Brisbane Lions,18.5,Hawthorn Hawks,1.06,Neds,1.91,Sportsbet,14.5,-46.6956435839178
Hawthorn Hawks v Brisbane Lions,Player Disposals,Jaspa Fletcher,Brisbane Lions,17.5,Hawthorn Hawks,1.06,Pointsbet,1.91,Sportsbet,12.5,-46.6956435839178
Hawthorn Hawks v Brisbane Lions,Player Disposals,Josh Dunkley,Brisbane Lions,22.5,Hawthorn Hawks,1.06,Pointsbet,1.91,Sportsbet,15.5,-46.6956435839178
Hawthorn Hawks v Brisbane Lions,Player Disposals,Zac Bailey,Brisbane Lions,21.5,Hawthorn Hawks,1.07,Neds,1.87,Sportsbet,15.5,-46.93387975411065
Sydney Swans v Fremantle Dockers,Player Disposals,Andrew Brayshaw,Fremantle Dockers,24.5,Sydney Swans,1.06,Pointsbet,1.9,Sportsbet,17.5,-46.97120158887784
Hawthorn Hawks v Brisbane Lions,Player Disposals,Jarman Impey,Hawthorn Hawks,18.5,Brisbane Lions,1.06,Sportsbet,1.9,Sportsbet,12.5,-46.97120158887784
Hawthorn Hawks v Brisbane Lions,Player Disposals,Jarman Impey,Hawthorn Hawks,18.5,Brisbane Lions,1.06,Neds,1.9,Sportsbet,14.5,-46.97120158887784
Hawthorn Hawks v Brisbane Lions,Player Disposals,Levi Ashcroft,Brisbane Lions,18.5,Hawthorn Hawks,1.06,Sportsbet,1.9,Sportsbet,12.5,-46.97120158887784
Sydney Swans v Fremantle Dockers,Player Disposals,Jordan Clark,Fremantle Dockers,22.5,Sydney Swans,1.05,Pointsbet,1.93,Sportsbet,15.5,-47.051566740685914
Sydney Swans v Fremantle Dockers,Player Disposals,Jordan Clark,Fremantle Dockers,22.5,Sydney Swans,1.05,Sportsbet,1.93,Sportsbet,16.5,-47.051566740685914
Sydney Swans v Fremantle Dockers,Player Disposals,Shai Bolton,Fremantle Dockers,21.5,Sydney Swans,1.07,Pointsbet,1.86,Sportsbet,14.5,-47.221384785448706
Sydney Swans v Fremantle Dockers,Player Disposals,Tom Papley,Sydney Swans,15.5,Fremantle Dockers,1.07,Pointsbet,1.86,Sportsbet,10.5,-47.221384785448706
Sydney Swans v Fremantle Dockers,Player Disposals,Tom Papley,Sydney Swans,15.5,Fremantle Dockers,1.07,Neds,1.86,Sportsbet,11.5,-47.221384785448706
Hawthorn Hawks v Brisbane Lions,Player Disposals,Blake Hardwick,Hawthorn Hawks,15.5,Brisbane Lions,1.06,Sportsbet,1.89,Sportsbet,10.5,-47.24967555156234
Hawthorn Hawks v Brisbane Lions,Player Disposals,Cam Mackenzie,Hawthorn Hawks,18.5,Brisbane Lions,1.06,Pointsbet,1.89,Sportsbet,12.5,-47.24967555156234
Hawthorn Hawks v Brisbane Lions,Player Disposals,Karl Amon,Hawthorn Hawks,17.5,Brisbane Lions,1.06,Sportsbet,1.89,Sportsbet,11.5,-47.24967555156234
Hawthorn Hawks v Brisbane Lions,Player Disposals,Karl Amon,Hawthorn Hawks,17.5,Brisbane Lions,1.06,Pointsbet,1.89,Sportsbet,12.5,-47.24967555156234
Hawthorn Hawks v Brisbane Lions,Player Disposals,Will Ashcroft,Brisbane Lions,28.5,Hawthorn Hawks,1.06,Pointsbet,1.89,Sportsbet,20.5,-47.24967555156234
Hawthorn Hawks v Brisbane Lions,Player Disposals,Will Ashcroft,Brisbane Lions,28.5,Hawthorn Hawks,1.06,Sportsbet,1.89,Sportsbet,21.5,-47.24967555156234
Hawthorn Hawks v Brisbane Lions,Player Disposals,Darcy Wilmot,Brisbane Lions,18.5,Hawthorn Hawks,1.06,Pointsbet,1.88,Sportsbet,12.5,-47.53111200321154
Sydney Swans v Fremantle Dockers,Player Disposals,Errol Gulden,Sydney Swans,30.5,Fremantle Dockers,1.06,Pointsbet,1.88,Sportsbet,23.5,-47.53111200321154
Sydney Swans v Fremantle Dockers,Player Disposals,Errol Gulden,Sydney Swans,30.5,Fremantle Dockers,1.06,Sportsbet,1.88,Sportsbet,23.5,-47.53111200321154
Hawthorn Hawks v Brisbane Lions,Player Disposals,Jai Newcombe,Hawthorn Hawks,23.5,Brisbane Lions,1.06,Neds,1.88,Sportsbet,17.5,-47.53111200321154
Hawthorn Hawks v Brisbane Lions,Player Disposals,Jai Newcombe,Hawthorn Hawks,23.5,Brisbane Lions,1.06,Sportsbet,1.88,Sportsbet,17.5,-47.53111200321154
Hawthorn Hawks v Brisbane Lions,Player Disposals,Josh Battle,Hawthorn Hawks,17.5,Brisbane Lions,1.06,Sportsbet,1.88,Sportsbet,12.5,-47.53111200321154
Hawthorn Hawks v Brisbane Lions,Player Disposals,Josh Weddle,Hawthorn Hawks,13.5,Brisbane Lions,1.06,Pointsbet,1.88,Sportsbet,9.5,-47.53111200321154
Sydney Swans v Fremantle Dockers,Player Disposals,Justin McInerney,Sydney Swans,19.5,Fremantle Dockers,1.06,Neds,1.88,Sportsbet,14.5,-47.53111200321154
Sydney Swans v Fremantle Dockers,Player Disposals,Luke Jackson,Fremantle Dockers,18.5,Sydney Swans,1.06,Sportsbet,1.88,Sportsbet,12.5,-47.53111200321154
Hawthorn Hawks v Brisbane Lions,Player Disposals,Massimo D'Ambrosio,Hawthorn Hawks,18.5,Brisbane Lions,1.06,Sportsbet,1.88,Sportsbet,12.5,-47.53111200321154
Sydney Swans v Fremantle Dockers,Player Disposals,Matt Roberts,Sydney Swans,16.5,Fremantle Dockers,1.11,Sportsbet,1.74,Sportsbet,11.5,-47.56135445790617
Sydney Swans v Fremantle Dockers,Player Disposals,Jai Serong,Sydney Swans,16.5,Fremantle Dockers,1.05,Pointsbet,1.91,Sportsbet,11.5,-47.59411618050362
Hawthorn Hawks v Brisbane Lions,Player Disposals,Jaspa Fletcher,Brisbane Lions,17.5,Hawthorn Hawks,1.05,Neds,1.91,Sportsbet,13.5,-47.59411618050362
Hawthorn Hawks v Brisbane Lions,Player Disposals,Josh Dunkley,Brisbane Lions,22.5,Hawthorn Hawks,1.05,Sportsbet,1.91,Sportsbet,16.5,-47.59411618050362
Sydney Swans v Fremantle Dockers,Player Disposals,Karl Worner,Fremantle Dockers,17.5,Sydney Swans,1.05,Sportsbet,1.91,Sportsbet,11.5,-47.59411618050362
Sydney Swans v Fremantle Dockers,Player Disposals,Murphy Reid,Fremantle Dockers,22.5,Sydney Swans,1.05,Sportsbet,1.91,Sportsbet,16.5,-47.59411618050362
Hawthorn Hawks v Brisbane Lions,Player Disposals,Will Day,Hawthorn Hawks,22.5,Brisbane Lions,1.05,Pointsbet,1.91,Sportsbet,15.5,-47.59411618050362
Hawthorn Hawks v Brisbane Lions,Player Disposals,Will Day,Hawthorn Hawks,22.5,Brisbane Lions,1.05,Sportsbet,1.91,Sportsbet,16.5,-47.59411618050362
Sydney Swans v Fremantle Dockers,Player Disposals,James Rowbottom,Sydney Swans,16.5,Fremantle Dockers,1.04,Pointsbet,1.94,Sportsbet,11.5,-47.70023790642348
Sydney Swans v Fremantle Dockers,Player Disposals,Dane Rampe,Sydney Swans,14.5,Fremantle Dockers,1.06,Pointsbet,1.87,Sportsbet,9.5,-47.81555847038641
Sydney Swans v Fremantle Dockers,Player Disposals,Dane Rampe,Sydney Swans,14.5,Fremantle Dockers,1.06,Sportsbet,1.87,Sportsbet,9.5,-47.81555847038641
Hawthorn Hawks v Brisbane Lions,Player Disposals,Hugh McCluggage,Brisbane Lions,17.5,Hawthorn Hawks,1.06,Sportsbet,1.87,Sportsbet,11.5,-47.81555847038641
Hawthorn Hawks v Brisbane Lions,Player Disposals,Hugh McCluggage,Brisbane Lions,17.5,Hawthorn Hawks,1.06,Pointsbet,1.87,Sportsbet,12.5,-47.81555847038641
Hawthorn Hawks v Brisbane Lions,Player Disposals,Dylan Moore,Hawthorn Hawks,16.5,Brisbane Lions,1.05,Pointsbet,1.9,Sportsbet,11.5,-47.869674185463666
Sydney Swans v Fremantle Dockers,Player Disposals,Tom McCartin,Sydney Swans,15.5,Fremantle Dockers,1.05,Sportsbet,1.9,Sportsbet,9.5,-47.869674185463666
Hawthorn Hawks v Brisbane Lions,Player Disposals,Dayne Zorko,Brisbane Lions,25.5,Hawthorn Hawks,1.04,Pointsbet,1.93,Sportsbet,16.5,-47.967317656436826
Sydney Swans v Fremantle Dockers,Player Disposals,Angus Sheldrick,Sydney Swans,17.5,Fremantle Dockers,1.06,TAB,1.86,Sportsbet,14.5,-48.10306350172446
Sydney Swans v Fremantle Dockers,Player Disposals,Neil Erasmus,Fremantle Dockers,16.5,Sydney Swans,1.06,Sportsbet,1.86,Sportsbet,10.5,-48.10306350172446
Sydney Swans v Fremantle Dockers,Player Disposals,Shai Bolton,Fremantle Dockers,21.5,Sydney Swans,1.06,Sportsbet,1.86,Sportsbet,14.5,-48.10306350172446
Hawthorn Hawks v Brisbane Lions,Player Disposals,Cam Mackenzie,Hawthorn Hawks,18.5,Brisbane Lions,1.05,Sportsbet,1.89,Sportsbet,12.5,-48.14814814814814
Hawthorn Hawks v Brisbane Lions,Player Disposals,Connor Macdonald,Hawthorn Hawks,17.5,Brisbane Lions,1.05,Sportsbet,1.89,Sportsbet,11.5,-48.14814814814814
Hawthorn Hawks v Brisbane Lions,Player Disposals,Connor Macdonald,Hawthorn Hawks,17.5,Brisbane Lions,1.05,Pointsbet,1.89,Sportsbet,12.5,-48.14814814814814
Hawthorn Hawks v Brisbane Lions,Player Disposals,Lachie Neale,Brisbane Lions,26.5,Hawthorn Hawks,1.05,Pointsbet,1.89,Sportsbet,18.5,-48.14814814814814
Hawthorn Hawks v Brisbane Lions,Player Disposals,Lachie Neale,Brisbane Lions,26.5,Hawthorn Hawks,1.05,Sportsbet,1.89,Sportsbet,18.5,-48.14814814814814
Hawthorn Hawks v Brisbane Lions,Player Disposals,Lachie Neale,Brisbane Lions,26.5,Hawthorn Hawks,1.05,BetRight,1.89,Sportsbet,19.5,-48.14814814814814
Hawthorn Hawks v Brisbane Lions,Player Disposals,Darcy Wilmot,Brisbane Lions,18.5,Hawthorn Hawks,1.05,Sportsbet,1.88,Sportsbet,12.5,-48.42958459979736
Sydney Swans v Fremantle Dockers,Player Disposals,Errol Gulden,Sydney Swans,30.5,Fremantle Dockers,1.05,Neds,1.88,Sportsbet,23.5,-48.42958459979736
Sydney Swans v Fremantle Dockers,Player Disposals,Luke Jackson,Fremantle Dockers,18.5,Sydney Swans,1.05,Pointsbet,1.88,Sportsbet,12.5,-48.42958459979736
Hawthorn Hawks v Brisbane Lions,Player Disposals,Massimo D'Ambrosio,Hawthorn Hawks,18.5,Brisbane Lions,1.05,Pointsbet,1.88,Sportsbet,12.5,-48.42958459979736
Sydney Swans v Fremantle Dockers,Player Disposals,Karl Worner,Fremantle Dockers,17.5,Sydney Swans,1.04,Pointsbet,1.91,Sportsbet,11.5,-48.50986709625453
Sydney Swans v Fremantle Dockers,Player Disposals,Murphy Reid,Fremantle Dockers,22.5,Sydney Swans,1.04,Pointsbet,1.91,Sportsbet,14.5,-48.50986709625453
Sydney Swans v Fremantle Dockers,Player Disposals,Murphy Reid,Fremantle Dockers,22.5,Sydney Swans,1.04,Neds,1.91,Sportsbet,15.5,-48.50986709625453
Hawthorn Hawks v Brisbane Lions,Player Disposals,James Sicily,Hawthorn Hawks,19.5,Brisbane Lions,1.06,Pointsbet,1.84,Sportsbet,13.5,-48.68744872846595
Hawthorn Hawks v Brisbane Lions,Player Disposals,James Sicily,Hawthorn Hawks,19.5,Brisbane Lions,1.06,Neds,1.84,Sportsbet,14.5,-48.68744872846595
Hawthorn Hawks v Brisbane Lions,Player Disposals,Jack Ginnivan,Hawthorn Hawks,16.5,Brisbane Lions,1.04,Pointsbet,1.9,Sportsbet,10.5,-48.78542510121457
Hawthorn Hawks v Brisbane Lions,Player Disposals,Levi Ashcroft,Brisbane Lions,18.5,Hawthorn Hawks,1.04,Pointsbet,1.9,Sportsbet,11.5,-48.78542510121457
Sydney Swans v Fremantle Dockers,Player Disposals,Braeden Campbell,Sydney Swans,16.5,Fremantle Dockers,1.09,Pointsbet,1.75,Sportsbet,11.5,-48.88597640891219
Sydney Swans v Fremantle Dockers,Player Disposals,Caiden Cleary,Sydney Swans,14.5,Fremantle Dockers,1.09,TAB,1.75,Sportsbet,9.5,-48.88597640891219
Sydney Swans v Fremantle Dockers,Player Disposals,Jordan Clark,Fremantle Dockers,22.5,Sydney Swans,1.03,BetRight,1.93,Sportsbet,14.5,-48.90085014336738
Sydney Swans v Fremantle Dockers,Player Disposals,Harry Cunningham,Sydney Swans,13.5,Fremantle Dockers,1.06,TAB,1.83,Sportsbet,9.5,-48.98443138467883
Sydney Swans v Fremantle Dockers,Player Disposals,Angus Sheldrick,Sydney Swans,17.5,Fremantle Dockers,1.05,Sportsbet,1.86,Sportsbet,11.5,-49.00153609831028
Sydney Swans v Fremantle Dockers,Player Disposals,Angus Sheldrick,Sydney Swans,17.5,Fremantle Dockers,1.05,Pointsbet,1.86,Sportsbet,12.5,-49.00153609831028
Sydney Swans v Fremantle Dockers,Player Disposals,Shai Bolton,Fremantle Dockers,21.5,Sydney Swans,1.05,BetRight,1.86,Sportsbet,14.5,-49.00153609831028
Hawthorn Hawks v Brisbane Lions,Player Disposals,Cam Mackenzie,Hawthorn Hawks,18.5,Brisbane Lions,1.04,Neds,1.89,Sportsbet,13.5,-49.06389906389905
Sydney Swans v Fremantle Dockers,Player Disposals,Judd McVee,Fremantle Dockers,13.5,Sydney Swans,1.04,Neds,1.89,Sportsbet,9.5,-49.06389906389905
Hawthorn Hawks v Brisbane Lions,Player Disposals,Lachie Neale,Brisbane Lions,26.5,Hawthorn Hawks,1.04,Neds,1.89,Sportsbet,19.5,-49.06389906389905
Hawthorn Hawks v Brisbane Lions,Player Disposals,Ryan Lester,Brisbane Lions,15.5,Hawthorn Hawks,1.04,Pointsbet,1.89,Sportsbet,9.5,-49.06389906389905
Hawthorn Hawks v Brisbane Lions,Player Disposals,Will Ashcroft,Brisbane Lions,28.5,Hawthorn Hawks,1.04,Pointsbet,1.89,Sportsbet,19.5,-49.06389906389905
Hawthorn Hawks v Brisbane Lions,Player Disposals,Will Ashcroft,Brisbane Lions,28.5,Hawthorn Hawks,1.04,Neds,1.89,Sportsbet,21.5,-49.06389906389905
Sydney Swans v Fremantle Dockers,Player Disposals,Matt Roberts,Sydney Swans,16.5,Fremantle Dockers,1.09,Pointsbet,1.74,Sportsbet,11.5,-49.214383633871115
Hawthorn Hawks v Brisbane Lions,Player Disposals,Darcy Wilmot,Brisbane Lions,18.5,Hawthorn Hawks,1.04,Neds,1.88,Sportsbet,13.5,-49.34533551554827
Sydney Swans v Fremantle Dockers,Player Disposals,Errol Gulden,Sydney Swans,30.5,Fremantle Dockers,1.04,Pointsbet,1.88,Sportsbet,22.5,-49.34533551554827
Hawthorn Hawks v Brisbane Lions,Player Disposals,Jai Newcombe,Hawthorn Hawks,23.5,Brisbane Lions,1.04,Pointsbet,1.88,Sportsbet,15.5,-49.34533551554827
Hawthorn Hawks v Brisbane Lions,Player Disposals,Josh Battle,Hawthorn Hawks,17.5,Brisbane Lions,1.04,Pointsbet,1.88,Sportsbet,11.5,-49.34533551554827
Hawthorn Hawks v Brisbane Lions,Player Disposals,Josh Ward,Hawthorn Hawks,20.5,Brisbane Lions,1.04,Pointsbet,1.88,Sportsbet,13.5,-49.34533551554827
Sydney Swans v Fremantle Dockers,Player Disposals,Justin McInerney,Sydney Swans,19.5,Fremantle Dockers,1.04,Pointsbet,1.88,Sportsbet,13.5,-49.34533551554827
Sydney Swans v Fremantle Dockers,Player Disposals,Luke Jackson,Fremantle Dockers,18.5,Sydney Swans,1.04,Neds,1.88,Sportsbet,13.5,-49.34533551554827
Hawthorn Hawks v Brisbane Lions,Player Disposals,Massimo D'Ambrosio,Hawthorn Hawks,18.5,Brisbane Lions,1.04,Neds,1.88,Sportsbet,13.5,-49.34533551554827
Sydney Swans v Fremantle Dockers,Player Disposals,Caleb Serong,Fremantle Dockers,23.5,Sydney Swans,1.03,Pointsbet,1.91,Sportsbet,15.5,-49.44339958318507
Sydney Swans v Fremantle Dockers,Player Disposals,Hayden Young,Fremantle Dockers,19.5,Sydney Swans,1.03,Pointsbet,1.91,Sportsbet,12.5,-49.44339958318507
Sydney Swans v Fremantle Dockers,Player Disposals,Murphy Reid,Fremantle Dockers,22.5,Sydney Swans,1.03,BetRight,1.91,Sportsbet,14.5,-49.44339958318507
Hawthorn Hawks v Brisbane Lions,Player Disposals,Will Day,Hawthorn Hawks,22.5,Brisbane Lions,1.03,BetRight,1.91,Sportsbet,14.5,-49.44339958318507
Sydney Swans v Fremantle Dockers,Player Disposals,Brodie Grundy,Sydney Swans,16.5,Fremantle Dockers,1.01,Neds,1.98,Sportsbet,11.5,-49.51495149514953
Hawthorn Hawks v Brisbane Lions,Player Disposals,Harris Andrews,Brisbane Lions,12.5,Hawthorn Hawks,1.04,Neds,1.87,Sportsbet,9.5,-49.629781982723145
Hawthorn Hawks v Brisbane Lions,Player Disposals,Hugh McCluggage,Brisbane Lions,17.5,Hawthorn Hawks,1.04,Neds,1.87,Sportsbet,13.5,-49.629781982723145
Hawthorn Hawks v Brisbane Lions,Player Disposals,Zac Bailey,Brisbane Lions,21.5,Hawthorn Hawks,1.04,BetRight,1.87,Sportsbet,14.5,-49.629781982723145
Hawthorn Hawks v Brisbane Lions,Player Disposals,Zac Bailey,Brisbane Lions,21.5,Hawthorn Hawks,1.04,Pointsbet,1.87,Sportsbet,14.5,-49.629781982723145
Sydney Swans v Fremantle Dockers,Player Disposals,Andrew Brayshaw,Fremantle Dockers,24.5,Sydney Swans,1.03,Pointsbet,1.9,Sportsbet,16.5,-49.71895758814511
Hawthorn Hawks v Brisbane Lions,Player Disposals,Jarman Impey,Hawthorn Hawks,18.5,Brisbane Lions,1.03,Pointsbet,1.9,Sportsbet,12.5,-49.71895758814511
Sydney Swans v Fremantle Dockers,Player Disposals,Tom McCartin,Sydney Swans,15.5,Fremantle Dockers,1.03,Pointsbet,1.9,Sportsbet,10.5,-49.71895758814511
Hawthorn Hawks v Brisbane Lions,Player Disposals,Dayne Zorko,Brisbane Lions,25.5,Hawthorn Hawks,1.02,Neds,1.93,Sportsbet,17.5,-49.8526871888652
Sydney Swans v Fremantle Dockers,Player Disposals,Angus Sheldrick,Sydney Swans,17.5,Fremantle Dockers,1.04,Neds,1.86,Sportsbet,13.5,-49.917287014061195
Sydney Swans v Fremantle Dockers,Player Disposals,Matthew Johnson,Fremantle Dockers,15.5,Sydney Swans,1.03,Pointsbet,1.89,Sportsbet,10.5,-49.99743155082963
Sydney Swans v Fremantle Dockers,Player Disposals,Heath Chapman,Fremantle Dockers,14.5,Sydney Swans,1.01,Neds,1.96,Sportsbet,9.5,-50.03030915336431
Sydney Swans v Fremantle Dockers,Player Disposals,Jake Lloyd,Sydney Swans,20.5,Fremantle Dockers,1.01,Neds,1.96,Sportsbet,14.5,-50.03030915336431
Sydney Swans v Fremantle Dockers,Player Disposals,Caleb Serong,Fremantle Dockers,23.5,Sydney Swans,1.02,BetRight,1.91,Sportsbet,14.5,-50.39523662868288
Sydney Swans v Fremantle Dockers,Player Disposals,Jai Serong,Sydney Swans,16.5,Fremantle Dockers,1.02,Neds,1.91,Sportsbet,11.5,-50.39523662868288
Hawthorn Hawks v Brisbane Lions,Player Disposals,Josh Dunkley,Brisbane Lions,22.5,Hawthorn Hawks,1.02,BetRight,1.91,Sportsbet,14.5,-50.39523662868288
Sydney Swans v Fremantle Dockers,Player Disposals,James Rowbottom,Sydney Swans,16.5,Fremantle Dockers,1.01,Neds,1.94,Sportsbet,11.5,-50.55629274267632
Sydney Swans v Fremantle Dockers,Player Disposals,Andrew Brayshaw,Fremantle Dockers,24.5,Sydney Swans,1.02,Neds,1.9,Sportsbet,17.5,-50.67079463364293
Hawthorn Hawks v Brisbane Lions,Player Disposals,Dylan Moore,Hawthorn Hawks,16.5,Brisbane Lions,1.02,Neds,1.9,Sportsbet,11.5,-50.67079463364293
Hawthorn Hawks v Brisbane Lions,Player Disposals,Jack Ginnivan,Hawthorn Hawks,16.5,Brisbane Lions,1.02,Neds,1.9,Sportsbet,11.5,-50.67079463364293
Sydney Swans v Fremantle Dockers,Player Disposals,Tom McCartin,Sydney Swans,15.5,Fremantle Dockers,1.02,Neds,1.9,Sportsbet,11.5,-50.67079463364293
Sydney Swans v Fremantle Dockers,Player Disposals,Jordan Clark,Fremantle Dockers,22.5,Sydney Swans,1.01,Neds,1.93,Sportsbet,15.5,-50.823372492689685
Sydney Swans v Fremantle Dockers,Player Disposals,Luke Ryan,Fremantle Dockers,19.5,Sydney Swans,1.01,Neds,1.93,Sportsbet,13.5,-50.823372492689685
Sydney Swans v Fremantle Dockers,Player Disposals,Neil Erasmus,Fremantle Dockers,16.5,Sydney Swans,1.03,Pointsbet,1.86,Sportsbet,10.5,-50.85081950099175
Sydney Swans v Fremantle Dockers,Player Disposals,Shai Bolton,Fremantle Dockers,21.5,Sydney Swans,1.03,Pointsbet,1.86,Sportsbet,13.5,-50.85081950099175
Hawthorn Hawks v Brisbane Lions,Player Disposals,Will Ashcroft,Brisbane Lions,28.5,Hawthorn Hawks,1.02,BetRight,1.89,Sportsbet,19.5,-50.94926859632742
Hawthorn Hawks v Brisbane Lions,Player Disposals,Jai Newcombe,Hawthorn Hawks,23.5,Brisbane Lions,1.02,BetRight,1.88,Sportsbet,14.5,-51.23070504797664
Sydney Swans v Fremantle Dockers,Player Disposals,Caleb Serong,Fremantle Dockers,23.5,Sydney Swans,1.01,Neds,1.91,Sportsbet,15.5,-51.365921932507376
Sydney Swans v Fremantle Dockers,Player Disposals,Hayden Young,Fremantle Dockers,19.5,Sydney Swans,1.01,Neds,1.91,Sportsbet,13.5,-51.365921932507376
Hawthorn Hawks v Brisbane Lions,Player Disposals,Jarrod Berry,Brisbane Lions,18.5,Hawthorn Hawks,1.01,Neds,1.91,Sportsbet,13.5,-51.365921932507376
Hawthorn Hawks v Brisbane Lions,Player Disposals,Josh Dunkley,Brisbane Lions,22.5,Hawthorn Hawks,1.01,Neds,1.91,Sportsbet,15.5,-51.365921932507376
Sydney Swans v Fremantle Dockers,Player Disposals,Karl Worner,Fremantle Dockers,17.5,Sydney Swans,1.01,Neds,1.91,Sportsbet,11.5,-51.365921932507376
Hawthorn Hawks v Brisbane Lions,Player Disposals,Will Day,Hawthorn Hawks,22.5,Brisbane Lions,1.01,Neds,1.91,Sportsbet,15.5,-51.365921932507376
Sydney Swans v Fremantle Dockers,Player Disposals,Braeden Campbell,Sydney Swans,16.5,Fremantle Dockers,1.06,Sportsbet,1.75,Sportsbet,10.5,-51.482479784366575
Hawthorn Hawks v Brisbane Lions,Player Disposals,Jarman Impey,Hawthorn Hawks,18.5,Brisbane Lions,1.01,Neds,1.9,Sportsbet,13.5,-51.641479937467416
Hawthorn Hawks v Brisbane Lions,Player Disposals,Levi Ashcroft,Brisbane Lions,18.5,Hawthorn Hawks,1.01,Neds,1.9,Sportsbet,11.5,-51.641479937467416
Sydney Swans v Fremantle Dockers,Player Disposals,Neil Erasmus,Fremantle Dockers,16.5,Sydney Swans,1.02,Neds,1.86,Sportsbet,11.5,-51.802656546489565
Hawthorn Hawks v Brisbane Lions,Player Disposals,Cam Rayner,Brisbane Lions,15.5,Hawthorn Hawks,1.01,Neds,1.89,Sportsbet,9.5,-51.91995390015194
Hawthorn Hawks v Brisbane Lions,Player Disposals,Connor Macdonald,Hawthorn Hawks,17.5,Brisbane Lions,1.01,Neds,1.89,Sportsbet,11.5,-51.91995390015194
Hawthorn Hawks v Brisbane Lions,Player Disposals,Karl Amon,Hawthorn Hawks,17.5,Brisbane Lions,1.01,Neds,1.89,Sportsbet,11.5,-51.91995390015194
Hawthorn Hawks v Brisbane Lions,Player Disposals,Ryan Lester,Brisbane Lions,15.5,Hawthorn Hawks,1.01,Neds,1.89,Sportsbet,9.5,-51.91995390015194
Sydney Swans v Fremantle Dockers,Player Disposals,Errol Gulden,Sydney Swans,30.5,Fremantle Dockers,1.01,BetRight,1.88,Sportsbet,19.5,-52.20139035180114
Hawthorn Hawks v Brisbane Lions,Player Disposals,Josh Battle,Hawthorn Hawks,17.5,Brisbane Lions,1.01,Neds,1.88,Sportsbet,11.5,-52.20139035180114
Hawthorn Hawks v Brisbane Lions,Player Disposals,Josh Ward,Hawthorn Hawks,20.5,Brisbane Lions,1.01,Neds,1.88,Sportsbet,14.5,-52.20139035180114
Sydney Swans v Fremantle Dockers,Player Disposals,Justin McInerney,Sydney Swans,19.5,Fremantle Dockers,1.01,Neds,1.88,Sportsbet,13.5,-52.20139035180114
Sydney Swans v Fremantle Dockers,Player Disposals,Caiden Cleary,Sydney Swans,14.5,Fremantle Dockers,1.05,Pointsbet,1.75,Sportsbet,9.5,-52.38095238095237
Sydney Swans v Fremantle Dockers,Player Disposals,Dane Rampe,Sydney Swans,14.5,Fremantle Dockers,1.01,Neds,1.87,Sportsbet,9.5,-52.485836818976004
Hawthorn Hawks v Brisbane Lions,Player Disposals,Zac Bailey,Brisbane Lions,21.5,Hawthorn Hawks,1.01,Neds,1.87,Sportsbet,14.5,-52.485836818976004
Sydney Swans v Fremantle Dockers,Player Disposals,Matt Roberts,Sydney Swans,16.5,Fremantle Dockers,1.05,Sportsbet,1.74,Sportsbet,10.5,-52.709359605911324
Sydney Swans v Fremantle Dockers,Player Disposals,Shai Bolton,Fremantle Dockers,21.5,Sydney Swans,1.01,Neds,1.86,Sportsbet,14.5,-52.77334185031406
Sydney Swans v Fremantle Dockers,Player Disposals,Braeden Campbell,Sydney Swans,16.5,Fremantle Dockers,1.04,Pointsbet,1.75,Sportsbet,10.5,-53.296703296703285
Hawthorn Hawks v Brisbane Lions,Player Disposals,James Sicily,Hawthorn Hawks,19.5,Brisbane Lions,1.01,Neds,1.84,Sportsbet,13.5,-53.35772707705553
Sydney Swans v Fremantle Dockers,Player Disposals,Matt Roberts,Sydney Swans,16.5,Fremantle Dockers,1.04,Pointsbet,1.74,Sportsbet,10.5,-53.625110521662236
Sydney Swans v Fremantle Dockers,Player Disposals,Braeden Campbell,Sydney Swans,16.5,Fremantle Dockers,1.03,Neds,1.75,Sportsbet,11.5,-54.23023578363384
Sydney Swans v Fremantle Dockers,Player Disposals,Matt Roberts,Sydney Swans,16.5,Fremantle Dockers,1.02,Neds,1.74,Sportsbet,11.5,-55.51048005409061
