player_name,line,emp_prob_last_3,emp_prob_last_5,emp_prob_last_7,emp_prob_last_10
Scott Pendlebury,24.5,0,0,0,0
Scott Pendlebury,29.5,0,0,0,0
Scott Pendlebury,34.5,0,0,0,0
Scott Pendlebury,39.5,0,0,0,0
Scott Pendlebury,44.5,0,0,0,0
Scott Pendlebury,49.5,0,0,0,0
Dayne Zorko,24.5,0,0,0,0
Dayne Zorko,29.5,0,0,0,0
Dayne Zorko,34.5,0,0,0,0
Dayne Zorko,39.5,0,0,0,0
Dayne Zorko,44.5,0,0,0,0
Dayne Zorko,49.5,0,0,0,0
Patrick Dangerfield,24.5,0,0,0,0
Patrick Dangerfield,29.5,0,0,0,0
Patrick Dangerfield,34.5,0,0,0,0
Patrick Dangerfield,39.5,0,0,0,0
Patrick Dangerfield,44.5,0,0,0,0
Patrick Dangerfield,49.5,0,0,0,0
Rhys Stanley,24.5,0,0.2,0.14285714285714285,0.3
Rhys Stanley,29.5,0,0.2,0.14285714285714285,0.2
Rhys Stanley,34.5,0,0,0,0
Rhys Stanley,39.5,0,0,0,0
Rhys Stanley,44.5,0,0,0,0
Rhys Stanley,49.5,0,0,0,0
Taylor Walker,24.5,0,0,0,0
Taylor Walker,29.5,0,0,0,0
Taylor Walker,34.5,0,0,0,0
Taylor Walker,39.5,0,0,0,0
Taylor Walker,44.5,0,0,0,0
Taylor Walker,49.5,0,0,0,0
Jake Melksham,24.5,0,0,0,0
Jake Melksham,29.5,0,0,0,0
Jake Melksham,34.5,0,0,0,0
Jake Melksham,39.5,0,0,0,0
Jake Melksham,44.5,0,0,0,0
Jake Melksham,49.5,0,0,0,0
Steele Sidebottom,24.5,0,0,0,0
Steele Sidebottom,29.5,0,0,0,0
Steele Sidebottom,34.5,0,0,0,0
Steele Sidebottom,39.5,0,0,0,0
Steele Sidebottom,44.5,0,0,0,0
Steele Sidebottom,49.5,0,0,0,0
Steven May,24.5,0,0,0,0
Steven May,29.5,0,0,0,0
Steven May,34.5,0,0,0,0
Steven May,39.5,0,0,0,0
Steven May,44.5,0,0,0,0
Steven May,49.5,0,0,0,0
Tom Campbell,24.5,0,0,0,0
Tom Campbell,29.5,0,0,0,0
Tom Campbell,34.5,0,0,0,0
Tom Campbell,39.5,0,0,0,0
Tom Campbell,44.5,0,0,0,0
Tom Campbell,49.5,0,0,0,0
Dane Rampe,24.5,0,0,0,0
Dane Rampe,29.5,0,0,0,0
Dane Rampe,34.5,0,0,0,0
Dane Rampe,39.5,0,0,0,0
Dane Rampe,44.5,0,0,0,0
Dane Rampe,49.5,0,0,0,0
Max Gawn,24.5,0.6666666666666666,0.8,0.8571428571428571,0.9
Max Gawn,29.5,0.6666666666666666,0.8,0.7142857142857143,0.8
Max Gawn,34.5,0.3333333333333333,0.4,0.2857142857142857,0.4
Max Gawn,39.5,0.3333333333333333,0.2,0.14285714285714285,0.3
Max Gawn,44.5,0.3333333333333333,0.2,0.14285714285714285,0.2
Max Gawn,49.5,0,0,0,0
Dion Prestia,24.5,0,0,0,0
Dion Prestia,29.5,0,0,0,0
Dion Prestia,34.5,0,0,0,0
Dion Prestia,39.5,0,0,0,0
Dion Prestia,44.5,0,0,0,0
Dion Prestia,49.5,0,0,0,0
Luke Parker,24.5,0,0,0,0
Luke Parker,29.5,0,0,0,0
Luke Parker,34.5,0,0,0,0
Luke Parker,39.5,0,0,0,0
Luke Parker,44.5,0,0,0,0
Luke Parker,49.5,0,0,0,0
Tom Liberatore,24.5,0,0,0,0
Tom Liberatore,29.5,0,0,0,0
Tom Liberatore,34.5,0,0,0,0
Tom Liberatore,39.5,0,0,0,0
Tom Liberatore,44.5,0,0,0,0
Tom Liberatore,49.5,0,0,0,0
Jamie Cripps,24.5,0,0,0,0
Jamie Cripps,29.5,0,0,0,0
Jamie Cripps,34.5,0,0,0,0
Jamie Cripps,39.5,0,0,0,0
Jamie Cripps,44.5,0,0,0,0
Jamie Cripps,49.5,0,0,0,0
Jack Darling,24.5,0,0,0,0
Jack Darling,29.5,0,0,0,0
Jack Darling,34.5,0,0,0,0
Jack Darling,39.5,0,0,0,0
Jack Darling,44.5,0,0,0,0
Jack Darling,49.5,0,0,0,0
Jeremy Howe,24.5,0,0,0,0
Jeremy Howe,29.5,0,0,0,0
Jeremy Howe,34.5,0,0,0,0
Jeremy Howe,39.5,0,0,0,0
Jeremy Howe,44.5,0,0,0,0
Jeremy Howe,49.5,0,0,0,0
Jack Gunston,24.5,0,0,0,0
Jack Gunston,29.5,0,0,0,0
Jack Gunston,34.5,0,0,0,0
Jack Gunston,39.5,0,0,0,0
Jack Gunston,44.5,0,0,0,0
Jack Gunston,49.5,0,0,0,0
Tom McDonald,24.5,0,0,0,0
Tom McDonald,29.5,0,0,0,0
Tom McDonald,34.5,0,0,0,0
Tom McDonald,39.5,0,0,0,0
Tom McDonald,44.5,0,0,0,0
Tom McDonald,49.5,0,0,0,0
Ryan Lester,24.5,0,0,0,0
Ryan Lester,29.5,0,0,0,0
Ryan Lester,34.5,0,0,0,0
Ryan Lester,39.5,0,0,0,0
Ryan Lester,44.5,0,0,0,0
Ryan Lester,49.5,0,0,0,0
Taylor Adams,24.5,0,0,0,0
Taylor Adams,29.5,0,0,0,0
Taylor Adams,34.5,0,0,0,0
Taylor Adams,39.5,0,0,0,0
Taylor Adams,44.5,0,0,0,0
Taylor Adams,49.5,0,0,0,0
Adam Treloar,24.5,0,0,0,0
Adam Treloar,29.5,0,0,0,0
Adam Treloar,34.5,0,0,0,0
Adam Treloar,39.5,0,0,0,0
Adam Treloar,44.5,0,0,0,0
Adam Treloar,49.5,0,0,0,0
Tom Stewart,24.5,0,0,0,0
Tom Stewart,29.5,0,0,0,0
Tom Stewart,34.5,0,0,0,0
Tom Stewart,39.5,0,0,0,0
Tom Stewart,44.5,0,0,0,0
Tom Stewart,49.5,0,0,0,0
Brody Mihocek,24.5,0,0,0,0
Brody Mihocek,29.5,0,0,0,0
Brody Mihocek,34.5,0,0,0,0
Brody Mihocek,39.5,0,0,0,0
Brody Mihocek,44.5,0,0,0,0
Brody Mihocek,49.5,0,0,0,0
Jack Viney,24.5,0,0,0,0
Jack Viney,29.5,0,0,0,0
Jack Viney,34.5,0,0,0,0
Jack Viney,39.5,0,0,0,0
Jack Viney,44.5,0,0,0,0
Jack Viney,49.5,0,0,0,0
Stephen Coniglio,24.5,0,0,0,0
Stephen Coniglio,29.5,0,0,0,0
Stephen Coniglio,34.5,0,0,0,0
Stephen Coniglio,39.5,0,0,0,0
Stephen Coniglio,44.5,0,0,0,0
Stephen Coniglio,49.5,0,0,0,0
Jarrod Witts,24.5,0,0.4,0.5714285714285714,0.6
Jarrod Witts,29.5,0,0.2,0.2857142857142857,0.4
Jarrod Witts,34.5,0,0.2,0.2857142857142857,0.2
Jarrod Witts,39.5,0,0,0,0
Jarrod Witts,44.5,0,0,0,0
Jarrod Witts,49.5,0,0,0,0
Harry Cunningham,24.5,0,0,0,0
Harry Cunningham,29.5,0,0,0,0
Harry Cunningham,34.5,0,0,0,0
Harry Cunningham,39.5,0,0,0,0
Harry Cunningham,44.5,0,0,0,0
Harry Cunningham,49.5,0,0,0,0
Elliot Yeo,24.5,0,0,0,0
Elliot Yeo,29.5,0,0,0,0
Elliot Yeo,34.5,0,0,0,0
Elliot Yeo,39.5,0,0,0,0
Elliot Yeo,44.5,0,0,0,0
Elliot Yeo,49.5,0,0,0,0
Rory Laird,24.5,0,0,0,0
Rory Laird,29.5,0,0,0,0
Rory Laird,34.5,0,0,0,0
Rory Laird,39.5,0,0,0,0
Rory Laird,44.5,0,0,0,0
Rory Laird,49.5,0,0,0,0
Lachie Neale,24.5,0,0,0,0
Lachie Neale,29.5,0,0,0,0
Lachie Neale,34.5,0,0,0,0
Lachie Neale,39.5,0,0,0,0
Lachie Neale,44.5,0,0,0,0
Lachie Neale,49.5,0,0,0,0
Lincoln McCarthy,24.5,0,0,0,0
Lincoln McCarthy,29.5,0,0,0,0
Lincoln McCarthy,34.5,0,0,0,0
Lincoln McCarthy,39.5,0,0,0,0
Lincoln McCarthy,44.5,0,0,0,0
Lincoln McCarthy,49.5,0,0,0,0
Jamie Elliott,24.5,0,0,0,0
Jamie Elliott,29.5,0,0,0,0
Jamie Elliott,34.5,0,0,0,0
Jamie Elliott,39.5,0,0,0,0
Jamie Elliott,44.5,0,0,0,0
Jamie Elliott,49.5,0,0,0,0
Tom Lynch,24.5,0,0,0,0
Tom Lynch,29.5,0,0,0,0
Tom Lynch,34.5,0,0,0,0
Tom Lynch,39.5,0,0,0,0
Tom Lynch,44.5,0,0,0,0
Tom Lynch,49.5,0,0,0,0
Jeremy Cameron,24.5,0,0,0,0
Jeremy Cameron,29.5,0,0,0,0
Jeremy Cameron,34.5,0,0,0,0
Jeremy Cameron,39.5,0,0,0,0
Jeremy Cameron,44.5,0,0,0,0
Jeremy Cameron,49.5,0,0,0,0
Jack Crisp,24.5,0,0,0,0
Jack Crisp,29.5,0,0,0,0
Jack Crisp,34.5,0,0,0,0
Jack Crisp,39.5,0,0,0,0
Jack Crisp,44.5,0,0,0,0
Jack Crisp,49.5,0,0,0,0
Jed Bews,24.5,0,0,0,0
Jed Bews,29.5,0,0,0,0
Jed Bews,34.5,0,0,0,0
Jed Bews,39.5,0,0,0,0
Jed Bews,44.5,0,0,0,0
Jed Bews,49.5,0,0,0,0
Jake Stringer,24.5,0,0,0,0
Jake Stringer,29.5,0,0,0,0
Jake Stringer,34.5,0,0,0,0
Jake Stringer,39.5,0,0,0,0
Jake Stringer,44.5,0,0,0,0
Jake Stringer,49.5,0,0,0,0
Brodie Grundy,24.5,1,1,0.8571428571428571,0.9
Brodie Grundy,29.5,0.6666666666666666,0.6,0.42857142857142855,0.6
Brodie Grundy,34.5,0.3333333333333333,0.4,0.2857142857142857,0.3
Brodie Grundy,39.5,0.3333333333333333,0.4,0.2857142857142857,0.3
Brodie Grundy,44.5,0.3333333333333333,0.4,0.2857142857142857,0.3
Brodie Grundy,49.5,0,0.2,0.14285714285714285,0.1
George Hewett,24.5,0,0,0,0
George Hewett,29.5,0,0,0,0
George Hewett,34.5,0,0,0,0
George Hewett,39.5,0,0,0,0
George Hewett,44.5,0,0,0,0
George Hewett,49.5,0,0,0,0
Lachie Whitfield,24.5,0,0,0,0
Lachie Whitfield,29.5,0,0,0,0
Lachie Whitfield,34.5,0,0,0,0
Lachie Whitfield,39.5,0,0,0,0
Lachie Whitfield,44.5,0,0,0,0
Lachie Whitfield,49.5,0,0,0,0
Ollie Wines,24.5,0,0,0,0
Ollie Wines,29.5,0,0,0,0
Ollie Wines,34.5,0,0,0,0
Ollie Wines,39.5,0,0,0,0
Ollie Wines,44.5,0,0,0,0
Ollie Wines,49.5,0,0,0,0
Aliir Aliir,24.5,0,0,0,0
Aliir Aliir,29.5,0,0,0,0
Aliir Aliir,34.5,0,0,0,0
Aliir Aliir,39.5,0,0,0,0
Aliir Aliir,44.5,0,0,0,0
Aliir Aliir,49.5,0,0,0,0
Aidan Corr,24.5,0,0,0,0
Aidan Corr,29.5,0,0,0,0
Aidan Corr,34.5,0,0,0,0
Aidan Corr,39.5,0,0,0,0
Aidan Corr,44.5,0,0,0,0
Aidan Corr,49.5,0,0,0,0
Tim Membrey,24.5,0,0,0,0
Tim Membrey,29.5,0,0,0,0
Tim Membrey,34.5,0,0,0,0
Tim Membrey,39.5,0,0,0,0
Tim Membrey,44.5,0,0,0,0
Tim Membrey,49.5,0,0,0,0
Jaeger O'Meara,24.5,0,0,0,0
Jaeger O'Meara,29.5,0,0,0,0
Jaeger O'Meara,34.5,0,0,0,0
Jaeger O'Meara,39.5,0,0,0,0
Jaeger O'Meara,44.5,0,0,0,0
Jaeger O'Meara,49.5,0,0,0,0
Nick Vlastuin,24.5,0,0,0,0
Nick Vlastuin,29.5,0,0,0,0
Nick Vlastuin,34.5,0,0,0,0
Nick Vlastuin,39.5,0,0,0,0
Nick Vlastuin,44.5,0,0,0,0
Nick Vlastuin,49.5,0,0,0,0
Zac Williams,24.5,0,0,0,0
Zac Williams,29.5,0,0,0,0
Zac Williams,34.5,0,0,0,0
Zac Williams,39.5,0,0,0,0
Zac Williams,44.5,0,0,0,0
Zac Williams,49.5,0,0,0,0
Caleb Daniel,24.5,0,0,0,0
Caleb Daniel,29.5,0,0,0,0
Caleb Daniel,34.5,0,0,0,0
Caleb Daniel,39.5,0,0,0,0
Caleb Daniel,44.5,0,0,0,0
Caleb Daniel,49.5,0,0,0,0
Nathan Broad,24.5,0,0,0,0
Nathan Broad,29.5,0,0,0,0
Nathan Broad,34.5,0,0,0,0
Nathan Broad,39.5,0,0,0,0
Nathan Broad,44.5,0,0,0,0
Nathan Broad,49.5,0,0,0,0
Joel Hamling,24.5,0,0,0,0
Joel Hamling,29.5,0,0,0,0
Joel Hamling,34.5,0,0,0,0
Joel Hamling,39.5,0,0,0,0
Joel Hamling,44.5,0,0,0,0
Joel Hamling,49.5,0,0,0,0
Nick Haynes,24.5,0,0,0,0
Nick Haynes,29.5,0,0,0,0
Nick Haynes,34.5,0,0,0,0
Nick Haynes,39.5,0,0,0,0
Nick Haynes,44.5,0,0,0,0
Nick Haynes,49.5,0,0,0,0
Mason Wood,24.5,0,0,0,0
Mason Wood,29.5,0,0,0,0
Mason Wood,34.5,0,0,0,0
Mason Wood,39.5,0,0,0,0
Mason Wood,44.5,0,0,0,0
Mason Wood,49.5,0,0,0,0
Jake Lloyd,24.5,0,0,0,0
Jake Lloyd,29.5,0,0,0,0
Jake Lloyd,34.5,0,0,0,0
Jake Lloyd,39.5,0,0,0,0
Jake Lloyd,44.5,0,0,0,0
Jake Lloyd,49.5,0,0,0,0
Toby Greene,24.5,0,0,0,0
Toby Greene,29.5,0,0,0,0
Toby Greene,34.5,0,0,0,0
Toby Greene,39.5,0,0,0,0
Toby Greene,44.5,0,0,0,0
Toby Greene,49.5,0,0,0,0
Sam Collins,24.5,0,0,0,0
Sam Collins,29.5,0,0,0,0
Sam Collins,34.5,0,0,0,0
Sam Collins,39.5,0,0,0,0
Sam Collins,44.5,0,0,0,0
Sam Collins,49.5,0,0,0,0
Adam Saad,24.5,0,0,0,0
Adam Saad,29.5,0,0,0,0
Adam Saad,34.5,0,0,0,0
Adam Saad,39.5,0,0,0,0
Adam Saad,44.5,0,0,0,0
Adam Saad,49.5,0,0,0,0
Jack Macrae,24.5,0,0,0,0
Jack Macrae,29.5,0,0,0,0
Jack Macrae,34.5,0,0,0,0
Jack Macrae,39.5,0,0,0,0
Jack Macrae,44.5,0,0,0,0
Jack Macrae,49.5,0,0,0,0
Bradley Hill,24.5,0,0,0,0
Bradley Hill,29.5,0,0,0,0
Bradley Hill,34.5,0,0,0,0
Bradley Hill,39.5,0,0,0,0
Bradley Hill,44.5,0,0,0,0
Bradley Hill,49.5,0,0,0,0
Tim Kelly,24.5,0,0,0,0
Tim Kelly,29.5,0,0,0,0
Tim Kelly,34.5,0,0,0,0
Tim Kelly,39.5,0,0,0,0
Tim Kelly,44.5,0,0,0,0
Tim Kelly,49.5,0,0,0,0
Jack Martin,24.5,0,0,0,0
Jack Martin,29.5,0,0,0,0
Jack Martin,34.5,0,0,0,0
Jack Martin,39.5,0,0,0,0
Jack Martin,44.5,0,0,0,0
Jack Martin,49.5,0,0,0,0
Jack Steele,24.5,0,0,0,0
Jack Steele,29.5,0,0,0,0
Jack Steele,34.5,0,0,0,0
Jack Steele,39.5,0,0,0,0
Jack Steele,44.5,0,0,0,0
Jack Steele,49.5,0,0,0,0
Jarman Impey,24.5,0,0,0,0
Jarman Impey,29.5,0,0,0,0
Jarman Impey,34.5,0,0,0,0
Jarman Impey,39.5,0,0,0,0
Jarman Impey,44.5,0,0,0,0
Jarman Impey,49.5,0,0,0,0
Darcy Gardiner,24.5,0,0,0,0
Darcy Gardiner,29.5,0,0,0,0
Darcy Gardiner,34.5,0,0,0,0
Darcy Gardiner,39.5,0,0,0,0
Darcy Gardiner,44.5,0,0,0,0
Darcy Gardiner,49.5,0,0,0,0
Jake Kolodjashnij,24.5,0,0,0,0
Jake Kolodjashnij,29.5,0,0,0,0
Jake Kolodjashnij,34.5,0,0,0,0
Jake Kolodjashnij,39.5,0,0,0,0
Jake Kolodjashnij,44.5,0,0,0,0
Jake Kolodjashnij,49.5,0,0,0,0
Blake Acres,24.5,0,0,0,0
Blake Acres,29.5,0,0,0,0
Blake Acres,34.5,0,0,0,0
Blake Acres,39.5,0,0,0,0
Blake Acres,44.5,0,0,0,0
Blake Acres,49.5,0,0,0,0
Jesse Hogan,24.5,0,0,0,0
Jesse Hogan,29.5,0,0,0,0
Jesse Hogan,34.5,0,0,0,0
Jesse Hogan,39.5,0,0,0,0
Jesse Hogan,44.5,0,0,0,0
Jesse Hogan,49.5,0,0,0,0
Josh Kelly,24.5,0,0,0,0
Josh Kelly,29.5,0,0,0,0
Josh Kelly,34.5,0,0,0,0
Josh Kelly,39.5,0,0,0,0
Josh Kelly,44.5,0,0,0,0
Josh Kelly,49.5,0,0,0,0
Luke McDonald,24.5,0,0,0,0
Luke McDonald,29.5,0,0,0,0
Luke McDonald,34.5,0,0,0,0
Luke McDonald,39.5,0,0,0,0
Luke McDonald,44.5,0,0,0,0
Luke McDonald,49.5,0,0,0,0
Christian Salem,24.5,0,0,0,0
Christian Salem,29.5,0,0,0,0
Christian Salem,34.5,0,0,0,0
Christian Salem,39.5,0,0,0,0
Christian Salem,44.5,0,0,0,0
Christian Salem,49.5,0,0,0,0
Alex Neal-Bullen,24.5,0,0,0,0
Alex Neal-Bullen,29.5,0,0,0,0
Alex Neal-Bullen,34.5,0,0,0,0
Alex Neal-Bullen,39.5,0,0,0,0
Alex Neal-Bullen,44.5,0,0,0,0
Alex Neal-Bullen,49.5,0,0,0,0
Callum Wilkie,24.5,0,0,0,0
Callum Wilkie,29.5,0,0,0,0
Callum Wilkie,34.5,0,0,0,0
Callum Wilkie,39.5,0,0,0,0
Callum Wilkie,44.5,0,0,0,0
Callum Wilkie,49.5,0,0,0,0
Mark Blicavs,24.5,0,0,0,0
Mark Blicavs,29.5,0,0,0,0
Mark Blicavs,34.5,0,0,0,0
Mark Blicavs,39.5,0,0,0,0
Mark Blicavs,44.5,0,0,0,0
Mark Blicavs,49.5,0,0,0,0
Mitch McGovern,24.5,0,0,0,0
Mitch McGovern,29.5,0,0,0,0
Mitch McGovern,34.5,0,0,0,0
Mitch McGovern,39.5,0,0,0,0
Mitch McGovern,44.5,0,0,0,0
Mitch McGovern,49.5,0,0,0,0
Karl Amon,24.5,0,0,0,0
Karl Amon,29.5,0,0,0,0
Karl Amon,34.5,0,0,0,0
Karl Amon,39.5,0,0,0,0
Karl Amon,44.5,0,0,0,0
Karl Amon,49.5,0,0,0,0
Marcus Bontempelli,24.5,0,0,0,0
Marcus Bontempelli,29.5,0,0,0,0
Marcus Bontempelli,34.5,0,0,0,0
Marcus Bontempelli,39.5,0,0,0,0
Marcus Bontempelli,44.5,0,0,0,0
Marcus Bontempelli,49.5,0,0,0,0
Nick Holman,24.5,0,0,0,0
Nick Holman,29.5,0,0,0,0
Nick Holman,34.5,0,0,0,0
Nick Holman,39.5,0,0,0,0
Nick Holman,44.5,0,0,0,0
Nick Holman,49.5,0,0,0,0
Daniel McStay,24.5,0,0,0,0
Daniel McStay,29.5,0,0,0,0
Daniel McStay,34.5,0,0,0,0
Daniel McStay,39.5,0,0,0,0
Daniel McStay,44.5,0,0,0,0
Daniel McStay,49.5,0,0,0,0
Reilly O'Brien,24.5,0.6666666666666666,0.8,0.8571428571428571,0.9
Reilly O'Brien,29.5,0.3333333333333333,0.4,0.5714285714285714,0.7
Reilly O'Brien,34.5,0.3333333333333333,0.4,0.5714285714285714,0.7
Reilly O'Brien,39.5,0,0.2,0.42857142857142855,0.6
Reilly O'Brien,44.5,0,0.2,0.2857142857142857,0.3
Reilly O'Brien,49.5,0,0,0.14285714285714285,0.1
James Sicily,24.5,0,0,0,0
James Sicily,29.5,0,0,0,0
James Sicily,34.5,0,0,0,0
James Sicily,39.5,0,0,0,0
James Sicily,44.5,0,0,0,0
James Sicily,49.5,0,0,0,0
James Harmes,24.5,0,0,0,0
James Harmes,29.5,0,0,0,0
James Harmes,34.5,0,0,0,0
James Harmes,39.5,0,0,0,0
James Harmes,44.5,0,0,0,0
James Harmes,49.5,0,0,0,0
Nic Newman,24.5,0,0,0,0
Nic Newman,29.5,0,0,0,0
Nic Newman,34.5,0,0,0,0
Nic Newman,39.5,0,0,0,0
Nic Newman,44.5,0,0,0,0
Nic Newman,49.5,0,0,0,0
Toby Nankervis,24.5,0.6666666666666666,0.6,0.42857142857142855,0.4
Toby Nankervis,29.5,0.6666666666666666,0.6,0.42857142857142855,0.3
Toby Nankervis,34.5,0,0,0,0
Toby Nankervis,39.5,0,0,0,0
Toby Nankervis,44.5,0,0,0,0
Toby Nankervis,49.5,0,0,0,0
Christian Petracca,24.5,0,0,0,0
Christian Petracca,29.5,0,0,0,0
Christian Petracca,34.5,0,0,0,0
Christian Petracca,39.5,0,0,0,0
Christian Petracca,44.5,0,0,0,0
Christian Petracca,49.5,0,0,0,0
Darcy Fort,24.5,0,0,0,0
Darcy Fort,29.5,0,0,0,0
Darcy Fort,34.5,0,0,0,0
Darcy Fort,39.5,0,0,0,0
Darcy Fort,44.5,0,0,0,0
Darcy Fort,49.5,0,0,0,0
Ed Langdon,24.5,0,0,0,0
Ed Langdon,29.5,0,0,0,0
Ed Langdon,34.5,0,0,0,0
Ed Langdon,39.5,0,0,0,0
Ed Langdon,44.5,0,0,0,0
Ed Langdon,49.5,0,0,0,0
Liam Duggan,24.5,0,0,0,0
Liam Duggan,29.5,0,0,0,0
Liam Duggan,34.5,0,0,0,0
Liam Duggan,39.5,0,0,0,0
Liam Duggan,44.5,0,0,0,0
Liam Duggan,49.5,0,0,0,0
Touk Miller,24.5,0,0,0,0
Touk Miller,29.5,0,0,0,0
Touk Miller,34.5,0,0,0,0
Touk Miller,39.5,0,0,0,0
Touk Miller,44.5,0,0,0,0
Touk Miller,49.5,0,0,0,0
Jayden Laverde,24.5,0,0,0,0
Jayden Laverde,29.5,0,0,0,0
Jayden Laverde,34.5,0,0,0,0
Jayden Laverde,39.5,0,0,0,0
Jayden Laverde,44.5,0,0,0,0
Jayden Laverde,49.5,0,0,0,0
Jake Lever,24.5,0,0,0,0
Jake Lever,29.5,0,0,0,0
Jake Lever,34.5,0,0,0,0
Jake Lever,39.5,0,0,0,0
Jake Lever,44.5,0,0,0,0
Jake Lever,49.5,0,0,0,0
Darcy Moore,24.5,0,0,0,0
Darcy Moore,29.5,0,0,0,0
Darcy Moore,34.5,0,0,0,0
Darcy Moore,39.5,0,0,0,0
Darcy Moore,44.5,0,0,0,0
Darcy Moore,49.5,0,0,0,0
Peter Wright,24.5,0,0,0,0.1
Peter Wright,29.5,0,0,0,0
Peter Wright,34.5,0,0,0,0
Peter Wright,39.5,0,0,0,0
Peter Wright,44.5,0,0,0,0
Peter Wright,49.5,0,0,0,0
Marc Pittonet,24.5,0.3333333333333333,0.2,0.2857142857142857,0.3
Marc Pittonet,29.5,0.3333333333333333,0.2,0.14285714285714285,0.1
Marc Pittonet,34.5,0.3333333333333333,0.2,0.14285714285714285,0.1
Marc Pittonet,39.5,0,0,0,0
Marc Pittonet,44.5,0,0,0,0
Marc Pittonet,49.5,0,0,0,0
Alex Pearce,24.5,0,0,0,0
Alex Pearce,29.5,0,0,0,0
Alex Pearce,34.5,0,0,0,0
Alex Pearce,39.5,0,0,0,0
Alex Pearce,44.5,0,0,0,0
Alex Pearce,49.5,0,0,0,0
Jade Gresham,24.5,0,0,0,0
Jade Gresham,29.5,0,0,0,0
Jade Gresham,34.5,0,0,0,0
Jade Gresham,39.5,0,0,0,0
Jade Gresham,44.5,0,0,0,0
Jade Gresham,49.5,0,0,0,0
Callum Ah Chee,24.5,0,0,0,0
Callum Ah Chee,29.5,0,0,0,0
Callum Ah Chee,34.5,0,0,0,0
Callum Ah Chee,39.5,0,0,0,0
Callum Ah Chee,44.5,0,0,0,0
Callum Ah Chee,49.5,0,0,0,0
Shane McAdam,24.5,0,0,0,0
Shane McAdam,29.5,0,0,0,0
Shane McAdam,34.5,0,0,0,0
Shane McAdam,39.5,0,0,0,0
Shane McAdam,44.5,0,0,0,0
Shane McAdam,49.5,0,0,0,0
Lachie Weller,24.5,0,0,0,0
Lachie Weller,29.5,0,0,0,0
Lachie Weller,34.5,0,0,0,0
Lachie Weller,39.5,0,0,0,0
Lachie Weller,44.5,0,0,0,0
Lachie Weller,49.5,0,0,0,0
Isaac Heeney,24.5,0,0,0,0
Isaac Heeney,29.5,0,0,0,0
Isaac Heeney,34.5,0,0,0,0
Isaac Heeney,39.5,0,0,0,0
Isaac Heeney,44.5,0,0,0,0
Isaac Heeney,49.5,0,0,0,0
Kyle Langford,24.5,0,0,0,0
Kyle Langford,29.5,0,0,0,0
Kyle Langford,34.5,0,0,0,0
Kyle Langford,39.5,0,0,0,0
Kyle Langford,44.5,0,0,0,0
Kyle Langford,49.5,0,0,0,0
Tom Barrass,24.5,0,0,0,0
Tom Barrass,29.5,0,0,0,0
Tom Barrass,34.5,0,0,0,0
Tom Barrass,39.5,0,0,0,0
Tom Barrass,44.5,0,0,0,0
Tom Barrass,49.5,0,0,0,0
Darcy Cameron,24.5,1,1,0.7142857142857143,0.6
Darcy Cameron,29.5,0.6666666666666666,0.6,0.42857142857142855,0.3
Darcy Cameron,34.5,0.6666666666666666,0.4,0.2857142857142857,0.2
Darcy Cameron,39.5,0,0,0,0
Darcy Cameron,44.5,0,0,0,0
Darcy Cameron,49.5,0,0,0,0
Charlie Cameron,24.5,0,0,0,0
Charlie Cameron,29.5,0,0,0,0
Charlie Cameron,34.5,0,0,0,0
Charlie Cameron,39.5,0,0,0,0
Charlie Cameron,44.5,0,0,0,0
Charlie Cameron,49.5,0,0,0,0
Patrick Cripps,24.5,0,0,0,0
Patrick Cripps,29.5,0,0,0,0
Patrick Cripps,34.5,0,0,0,0
Patrick Cripps,39.5,0,0,0,0
Patrick Cripps,44.5,0,0,0,0
Patrick Cripps,49.5,0,0,0,0
Rory Lobb,24.5,0,0.2,0.14285714285714285,0.1
Rory Lobb,29.5,0,0,0,0
Rory Lobb,34.5,0,0,0,0
Rory Lobb,39.5,0,0,0,0
Rory Lobb,44.5,0,0,0,0
Rory Lobb,49.5,0,0,0,0
Jack Graham,24.5,0,0,0,0
Jack Graham,29.5,0,0,0,0
Jack Graham,34.5,0,0,0,0
Jack Graham,39.5,0,0,0,0
Jack Graham,44.5,0,0,0,0
Jack Graham,49.5,0,0,0,0
Wayne Milera,24.5,0,0,0,0
Wayne Milera,29.5,0,0,0,0
Wayne Milera,34.5,0,0,0,0
Wayne Milera,39.5,0,0,0,0
Wayne Milera,44.5,0,0,0,0
Wayne Milera,49.5,0,0,0,0
Billy Frampton,24.5,0,0,0,0
Billy Frampton,29.5,0,0,0,0
Billy Frampton,34.5,0,0,0,0
Billy Frampton,39.5,0,0,0,0
Billy Frampton,44.5,0,0,0,0
Billy Frampton,49.5,0,0,0,0
Darcy Byrne-Jones,24.5,0,0,0,0
Darcy Byrne-Jones,29.5,0,0,0,0
Darcy Byrne-Jones,34.5,0,0,0,0
Darcy Byrne-Jones,39.5,0,0,0,0
Darcy Byrne-Jones,44.5,0,0,0,0
Darcy Byrne-Jones,49.5,0,0,0,0
Brayden Maynard,24.5,0,0,0,0
Brayden Maynard,29.5,0,0,0,0
Brayden Maynard,34.5,0,0,0,0
Brayden Maynard,39.5,0,0,0,0
Brayden Maynard,44.5,0,0,0,0
Brayden Maynard,49.5,0,0,0,0
Zach Merrett,24.5,0,0,0,0
Zach Merrett,29.5,0,0,0,0
Zach Merrett,34.5,0,0,0,0
Zach Merrett,39.5,0,0,0,0
Zach Merrett,44.5,0,0,0,0
Zach Merrett,49.5,0,0,0,0
Jayden Short,24.5,0,0,0,0
Jayden Short,29.5,0,0,0,0
Jayden Short,34.5,0,0,0,0
Jayden Short,39.5,0,0,0,0
Jayden Short,44.5,0,0,0,0
Jayden Short,49.5,0,0,0,0
Sam Switkowski,24.5,0,0,0,0
Sam Switkowski,29.5,0,0,0,0
Sam Switkowski,34.5,0,0,0,0
Sam Switkowski,39.5,0,0,0,0
Sam Switkowski,44.5,0,0,0,0
Sam Switkowski,49.5,0,0,0,0
Jordan Dawson,24.5,0,0,0,0
Jordan Dawson,29.5,0,0,0,0
Jordan Dawson,34.5,0,0,0,0
Jordan Dawson,39.5,0,0,0,0
Jordan Dawson,44.5,0,0,0,0
Jordan Dawson,49.5,0,0,0,0
Jordon Sweet,24.5,1,1,1,1
Jordon Sweet,29.5,1,0.8,0.8571428571428571,0.8
Jordon Sweet,34.5,0.6666666666666666,0.4,0.42857142857142855,0.5
Jordon Sweet,39.5,0,0,0,0
Jordon Sweet,44.5,0,0,0,0
Jordon Sweet,49.5,0,0,0,0
Bailey Williams,24.5,0,0,0,0
Bailey Williams,29.5,0,0,0,0
Bailey Williams,34.5,0,0,0,0
Bailey Williams,39.5,0,0,0,0
Bailey Williams,44.5,0,0,0,0
Bailey Williams,49.5,0,0,0,0
Dan Butler,24.5,0,0,0,0
Dan Butler,29.5,0,0,0,0
Dan Butler,34.5,0,0,0,0
Dan Butler,39.5,0,0,0,0
Dan Butler,44.5,0,0,0,0
Dan Butler,49.5,0,0,0,0
Rowan Marshall,24.5,0.3333333333333333,0.4,0.2857142857142857,0.2
Rowan Marshall,29.5,0.3333333333333333,0.2,0.14285714285714285,0.1
Rowan Marshall,34.5,0,0,0,0
Rowan Marshall,39.5,0,0,0,0
Rowan Marshall,44.5,0,0,0,0
Rowan Marshall,49.5,0,0,0,0
Oscar McDonald,24.5,0,0,0,0
Oscar McDonald,29.5,0,0,0,0
Oscar McDonald,34.5,0,0,0,0
Oscar McDonald,39.5,0,0,0,0
Oscar McDonald,44.5,0,0,0,0
Oscar McDonald,49.5,0,0,0,0
Harry Himmelberg,24.5,0,0,0,0
Harry Himmelberg,29.5,0,0,0,0
Harry Himmelberg,34.5,0,0,0,0
Harry Himmelberg,39.5,0,0,0,0
Harry Himmelberg,44.5,0,0,0,0
Harry Himmelberg,49.5,0,0,0,0
Dougal Howard,24.5,0,0,0,0
Dougal Howard,29.5,0,0,0,0
Dougal Howard,34.5,0,0,0,0
Dougal Howard,39.5,0,0,0,0
Dougal Howard,44.5,0,0,0,0
Dougal Howard,49.5,0,0,0,0
Blake Hardwick,24.5,0,0,0,0
Blake Hardwick,29.5,0,0,0,0
Blake Hardwick,34.5,0,0,0,0
Blake Hardwick,39.5,0,0,0,0
Blake Hardwick,44.5,0,0,0,0
Blake Hardwick,49.5,0,0,0,0
Brayden Fiorini,24.5,0,0,0,0
Brayden Fiorini,29.5,0,0,0,0
Brayden Fiorini,34.5,0,0,0,0
Brayden Fiorini,39.5,0,0,0,0
Brayden Fiorini,44.5,0,0,0,0
Brayden Fiorini,49.5,0,0,0,0
Darcy Parish,24.5,0,0,0,0
Darcy Parish,29.5,0,0,0,0
Darcy Parish,34.5,0,0,0,0
Darcy Parish,39.5,0,0,0,0
Darcy Parish,44.5,0,0,0,0
Darcy Parish,49.5,0,0,0,0
Tom Cole,24.5,0,0,0,0
Tom Cole,29.5,0,0,0,0
Tom Cole,34.5,0,0,0,0
Tom Cole,39.5,0,0,0,0
Tom Cole,44.5,0,0,0,0
Tom Cole,49.5,0,0,0,0
Jacob Weitering,24.5,0,0,0,0
Jacob Weitering,29.5,0,0,0,0
Jacob Weitering,34.5,0,0,0,0
Jacob Weitering,39.5,0,0,0,0
Jacob Weitering,44.5,0,0,0,0
Jacob Weitering,49.5,0,0,0,0
Josh Dunkley,24.5,0,0,0,0
Josh Dunkley,29.5,0,0,0,0
Josh Dunkley,34.5,0,0,0,0
Josh Dunkley,39.5,0,0,0,0
Josh Dunkley,44.5,0,0,0,0
Josh Dunkley,49.5,0,0,0,0
Shaun Mannagh,24.5,0,0,0,0
Shaun Mannagh,29.5,0,0,0,0
Shaun Mannagh,34.5,0,0,0,0
Shaun Mannagh,39.5,0,0,0,0
Shaun Mannagh,44.5,0,0,0,0
Shaun Mannagh,49.5,0,0,0,0
Matt Flynn,24.5,0.3333333333333333,0.2,0.2857142857142857,0.5
Matt Flynn,29.5,0,0,0.14285714285714285,0.3
Matt Flynn,34.5,0,0,0.14285714285714285,0.2
Matt Flynn,39.5,0,0,0.14285714285714285,0.1
Matt Flynn,44.5,0,0,0,0
Matt Flynn,49.5,0,0,0,0
Jacob Hopper,24.5,0,0,0,0
Jacob Hopper,29.5,0,0,0,0
Jacob Hopper,34.5,0,0,0,0
Jacob Hopper,39.5,0,0,0,0
Jacob Hopper,44.5,0,0,0,0
Jacob Hopper,49.5,0,0,0,0
Callum Mills,24.5,0,0,0,0
Callum Mills,29.5,0,0,0,0
Callum Mills,34.5,0,0,0,0
Callum Mills,39.5,0,0,0,0
Callum Mills,44.5,0,0,0,0
Callum Mills,49.5,0,0,0,0
Ben Long,24.5,0,0,0,0
Ben Long,29.5,0,0,0,0
Ben Long,34.5,0,0,0,0
Ben Long,39.5,0,0,0,0
Ben Long,44.5,0,0,0,0
Ben Long,49.5,0,0,0,0
Corey Wagner,24.5,0,0,0,0
Corey Wagner,29.5,0,0,0,0
Corey Wagner,34.5,0,0,0,0
Corey Wagner,39.5,0,0,0,0
Corey Wagner,44.5,0,0,0,0
Corey Wagner,49.5,0,0,0,0
Ben Keays,24.5,0,0,0,0
Ben Keays,29.5,0,0,0,0
Ben Keays,34.5,0,0,0,0
Ben Keays,39.5,0,0,0,0
Ben Keays,44.5,0,0,0,0
Ben Keays,49.5,0,0,0,0
Eric Hipwood,24.5,0,0,0,0
Eric Hipwood,29.5,0,0,0,0
Eric Hipwood,34.5,0,0,0,0
Eric Hipwood,39.5,0,0,0,0
Eric Hipwood,44.5,0,0,0,0
Eric Hipwood,49.5,0,0,0,0
Sam Powell-Pepper,24.5,0,0,0,0
Sam Powell-Pepper,29.5,0,0,0,0
Sam Powell-Pepper,34.5,0,0,0,0
Sam Powell-Pepper,39.5,0,0,0,0
Sam Powell-Pepper,44.5,0,0,0,0
Sam Powell-Pepper,49.5,0,0,0,0
Shai Bolton,24.5,0,0,0,0
Shai Bolton,29.5,0,0,0,0
Shai Bolton,34.5,0,0,0,0
Shai Bolton,39.5,0,0,0,0
Shai Bolton,44.5,0,0,0,0
Shai Bolton,49.5,0,0,0,0
Jy Simpkin,24.5,0,0,0,0
Jy Simpkin,29.5,0,0,0,0
Jy Simpkin,34.5,0,0,0,0
Jy Simpkin,39.5,0,0,0,0
Jy Simpkin,44.5,0,0,0,0
Jy Simpkin,49.5,0,0,0,0
Mabior Chol,24.5,0,0,0,0
Mabior Chol,29.5,0,0,0,0
Mabior Chol,34.5,0,0,0,0
Mabior Chol,39.5,0,0,0,0
Mabior Chol,44.5,0,0,0,0
Mabior Chol,49.5,0,0,0,0
Jordan De Goey,24.5,0,0,0,0
Jordan De Goey,29.5,0,0,0,0
Jordan De Goey,34.5,0,0,0,0
Jordan De Goey,39.5,0,0,0,0
Jordan De Goey,44.5,0,0,0,0
Jordan De Goey,49.5,0,0,0,0
Dan Houston,24.5,0,0,0,0
Dan Houston,29.5,0,0,0,0
Dan Houston,34.5,0,0,0,0
Dan Houston,39.5,0,0,0,0
Dan Houston,44.5,0,0,0,0
Dan Houston,49.5,0,0,0,0
Tom Atkins,24.5,0,0,0,0
Tom Atkins,29.5,0,0,0,0
Tom Atkins,34.5,0,0,0,0
Tom Atkins,39.5,0,0,0,0
Tom Atkins,44.5,0,0,0,0
Tom Atkins,49.5,0,0,0,0
Jack Sinclair,24.5,0,0,0,0
Jack Sinclair,29.5,0,0,0,0
Jack Sinclair,34.5,0,0,0,0
Jack Sinclair,39.5,0,0,0,0
Jack Sinclair,44.5,0,0,0,0
Jack Sinclair,49.5,0,0,0,0
Harris Andrews,24.5,0,0,0,0
Harris Andrews,29.5,0,0,0,0
Harris Andrews,34.5,0,0,0,0
Harris Andrews,39.5,0,0,0,0
Harris Andrews,44.5,0,0,0,0
Harris Andrews,49.5,0,0,0,0
Matt Guelfi,24.5,0,0,0,0
Matt Guelfi,29.5,0,0,0,0
Matt Guelfi,34.5,0,0,0,0
Matt Guelfi,39.5,0,0,0,0
Matt Guelfi,44.5,0,0,0,0
Matt Guelfi,49.5,0,0,0,0
Jake Waterman,24.5,0,0,0,0
Jake Waterman,29.5,0,0,0,0
Jake Waterman,34.5,0,0,0,0
Jake Waterman,39.5,0,0,0,0
Jake Waterman,44.5,0,0,0,0
Jake Waterman,49.5,0,0,0,0
Clayton Oliver,24.5,0,0,0,0
Clayton Oliver,29.5,0,0,0,0
Clayton Oliver,34.5,0,0,0,0
Clayton Oliver,39.5,0,0,0,0
Clayton Oliver,44.5,0,0,0,0
Clayton Oliver,49.5,0,0,0,0
Bailey Dale,24.5,0,0,0,0
Bailey Dale,29.5,0,0,0,0
Bailey Dale,34.5,0,0,0,0
Bailey Dale,39.5,0,0,0,0
Bailey Dale,44.5,0,0,0,0
Bailey Dale,49.5,0,0,0,0
Charlie Curnow,24.5,0,0,0,0
Charlie Curnow,29.5,0,0,0,0
Charlie Curnow,34.5,0,0,0,0
Charlie Curnow,39.5,0,0,0,0
Charlie Curnow,44.5,0,0,0,0
Charlie Curnow,49.5,0,0,0,0
Lewis Melican,24.5,0,0,0,0
Lewis Melican,29.5,0,0,0,0
Lewis Melican,34.5,0,0,0,0
Lewis Melican,39.5,0,0,0,0
Lewis Melican,44.5,0,0,0,0
Lewis Melican,49.5,0,0,0,0
Tom Papley,24.5,0,0,0,0
Tom Papley,29.5,0,0,0,0
Tom Papley,34.5,0,0,0,0
Tom Papley,39.5,0,0,0,0
Tom Papley,44.5,0,0,0,0
Tom Papley,49.5,0,0,0,0
Brennan Cox,24.5,0,0,0,0
Brennan Cox,29.5,0,0,0,0
Brennan Cox,34.5,0,0,0,0
Brennan Cox,39.5,0,0,0,0
Brennan Cox,44.5,0,0,0,0
Brennan Cox,49.5,0,0,0,0
Mason Redman,24.5,0,0,0,0
Mason Redman,29.5,0,0,0,0
Mason Redman,34.5,0,0,0,0
Mason Redman,39.5,0,0,0,0
Mason Redman,44.5,0,0,0,0
Mason Redman,49.5,0,0,0,0
Will Hayward,24.5,0,0,0,0
Will Hayward,29.5,0,0,0,0
Will Hayward,34.5,0,0,0,0
Will Hayward,39.5,0,0,0,0
Will Hayward,44.5,0,0,0,0
Will Hayward,49.5,0,0,0,0
Peter Ladhams,24.5,0.6666666666666666,0.4,0.2857142857142857,0.2
Peter Ladhams,29.5,0.3333333333333333,0.2,0.14285714285714285,0.1
Peter Ladhams,34.5,0.3333333333333333,0.2,0.14285714285714285,0.1
Peter Ladhams,39.5,0,0,0,0
Peter Ladhams,44.5,0,0,0,0
Peter Ladhams,49.5,0,0,0,0
Tyson Stengle,24.5,0,0,0,0
Tyson Stengle,29.5,0,0,0,0
Tyson Stengle,34.5,0,0,0,0
Tyson Stengle,39.5,0,0,0,0
Tyson Stengle,44.5,0,0,0,0
Tyson Stengle,49.5,0,0,0,0
Lewis Young,24.5,0,0,0,0
Lewis Young,29.5,0,0,0,0
Lewis Young,34.5,0,0,0,0
Lewis Young,39.5,0,0,0,0
Lewis Young,44.5,0,0,0,0
Lewis Young,49.5,0,0,0,0
Ryan Gardner,24.5,0,0,0,0
Ryan Gardner,29.5,0,0,0,0
Ryan Gardner,34.5,0,0,0,0
Ryan Gardner,39.5,0,0,0,0
Ryan Gardner,44.5,0,0,0,0
Ryan Gardner,49.5,0,0,0,0
Conor McKenna,24.5,0,0,0,0
Conor McKenna,29.5,0,0,0,0
Conor McKenna,34.5,0,0,0,0
Conor McKenna,39.5,0,0,0,0
Conor McKenna,44.5,0,0,0,0
Conor McKenna,49.5,0,0,0,0
Griffin Logue,24.5,0,0,0,0
Griffin Logue,29.5,0,0,0,0
Griffin Logue,34.5,0,0,0,0
Griffin Logue,39.5,0,0,0,0
Griffin Logue,44.5,0,0,0,0
Griffin Logue,49.5,0,0,0,0
Andrew McGrath,24.5,0,0,0,0
Andrew McGrath,29.5,0,0,0,0
Andrew McGrath,34.5,0,0,0,0
Andrew McGrath,39.5,0,0,0,0
Andrew McGrath,44.5,0,0,0,0
Andrew McGrath,49.5,0,0,0,0
Oliver Florent,24.5,0,0,0,0
Oliver Florent,29.5,0,0,0,0
Oliver Florent,34.5,0,0,0,0
Oliver Florent,39.5,0,0,0,0
Oliver Florent,44.5,0,0,0,0
Oliver Florent,49.5,0,0,0,0
Jack Scrimshaw,24.5,0,0,0,0
Jack Scrimshaw,29.5,0,0,0,0
Jack Scrimshaw,34.5,0,0,0,0
Jack Scrimshaw,39.5,0,0,0,0
Jack Scrimshaw,44.5,0,0,0,0
Jack Scrimshaw,49.5,0,0,0,0
Will Brodie,24.5,0,0,0,0
Will Brodie,29.5,0,0,0,0
Will Brodie,34.5,0,0,0,0
Will Brodie,39.5,0,0,0,0
Will Brodie,44.5,0,0,0,0
Will Brodie,49.5,0,0,0,0
Ben Ainsworth,24.5,0,0,0,0
Ben Ainsworth,29.5,0,0,0,0
Ben Ainsworth,34.5,0,0,0,0
Ben Ainsworth,39.5,0,0,0,0
Ben Ainsworth,44.5,0,0,0,0
Ben Ainsworth,49.5,0,0,0,0
Jarrod Berry,24.5,0,0,0,0
Jarrod Berry,29.5,0,0,0,0
Jarrod Berry,34.5,0,0,0,0
Jarrod Berry,39.5,0,0,0,0
Jarrod Berry,44.5,0,0,0,0
Jarrod Berry,49.5,0,0,0,0
Josh Battle,24.5,0,0,0,0
Josh Battle,29.5,0,0,0,0
Josh Battle,34.5,0,0,0,0
Josh Battle,39.5,0,0,0,0
Josh Battle,44.5,0,0,0,0
Josh Battle,49.5,0,0,0,0
Sean Darcy,24.5,0,0.2,0.14285714285714285,0.4
Sean Darcy,29.5,0,0,0,0
Sean Darcy,34.5,0,0,0,0
Sean Darcy,39.5,0,0,0,0
Sean Darcy,44.5,0,0,0,0
Sean Darcy,49.5,0,0,0,0
Tim Taranto,24.5,0,0,0,0
Tim Taranto,29.5,0,0,0,0
Tim Taranto,34.5,0,0,0,0
Tim Taranto,39.5,0,0,0,0
Tim Taranto,44.5,0,0,0,0
Tim Taranto,49.5,0,0,0,0
Bailey Banfield,24.5,0,0,0,0
Bailey Banfield,29.5,0,0,0,0
Bailey Banfield,34.5,0,0,0,0
Bailey Banfield,39.5,0,0,0,0
Bailey Banfield,44.5,0,0,0,0
Bailey Banfield,49.5,0,0,0,0
Harry Perryman,24.5,0,0,0,0
Harry Perryman,29.5,0,0,0,0
Harry Perryman,34.5,0,0,0,0
Harry Perryman,39.5,0,0,0,0
Harry Perryman,44.5,0,0,0,0
Harry Perryman,49.5,0,0,0,0
Will Setterfield,24.5,0,0,0,0
Will Setterfield,29.5,0,0,0,0
Will Setterfield,34.5,0,0,0,0
Will Setterfield,39.5,0,0,0,0
Will Setterfield,44.5,0,0,0,0
Will Setterfield,49.5,0,0,0,0
Jack Bowes,24.5,0,0,0,0
Jack Bowes,29.5,0,0,0,0
Jack Bowes,34.5,0,0,0,0
Jack Bowes,39.5,0,0,0,0
Jack Bowes,44.5,0,0,0,0
Jack Bowes,49.5,0,0,0,0
Changkuoth Jiath,24.5,0,0,0,0
Changkuoth Jiath,29.5,0,0,0,0
Changkuoth Jiath,34.5,0,0,0,0
Changkuoth Jiath,39.5,0,0,0,0
Changkuoth Jiath,44.5,0,0,0,0
Changkuoth Jiath,49.5,0,0,0,0
Lachlan Sullivan,24.5,0,0,0,0
Lachlan Sullivan,29.5,0,0,0,0
Lachlan Sullivan,34.5,0,0,0,0
Lachlan Sullivan,39.5,0,0,0,0
Lachlan Sullivan,44.5,0,0,0,0
Lachlan Sullivan,49.5,0,0,0,0
Cameron Zurhaar,24.5,0,0,0,0
Cameron Zurhaar,29.5,0,0,0,0
Cameron Zurhaar,34.5,0,0,0,0
Cameron Zurhaar,39.5,0,0,0,0
Cameron Zurhaar,44.5,0,0,0,0
Cameron Zurhaar,49.5,0,0,0,0
Ivan Soldo,24.5,0.3333333333333333,0.4,0.2857142857142857,0.4
Ivan Soldo,29.5,0.3333333333333333,0.4,0.2857142857142857,0.2
Ivan Soldo,34.5,0,0.2,0.14285714285714285,0.1
Ivan Soldo,39.5,0,0.2,0.14285714285714285,0.1
Ivan Soldo,44.5,0,0.2,0.14285714285714285,0.1
Ivan Soldo,49.5,0,0.2,0.14285714285714285,0.1
Mason Cox,24.5,0.3333333333333333,0.2,0.14285714285714285,0.1
Mason Cox,29.5,0,0,0,0
Mason Cox,34.5,0,0,0,0
Mason Cox,39.5,0,0,0,0
Mason Cox,44.5,0,0,0,0
Mason Cox,49.5,0,0,0,0
Luke Ryan,24.5,0,0,0,0
Luke Ryan,29.5,0,0,0,0
Luke Ryan,34.5,0,0,0,0
Luke Ryan,39.5,0,0,0,0
Luke Ryan,44.5,0,0,0,0
Luke Ryan,49.5,0,0,0,0
Buku Khamis,24.5,0,0,0,0
Buku Khamis,29.5,0,0,0,0
Buku Khamis,34.5,0,0,0,0
Buku Khamis,39.5,0,0,0,0
Buku Khamis,44.5,0,0,0,0
Buku Khamis,49.5,0,0,0,0
Michael Frederick,24.5,0,0,0,0
Michael Frederick,29.5,0,0,0,0
Michael Frederick,34.5,0,0,0,0
Michael Frederick,39.5,0,0,0,0
Michael Frederick,44.5,0,0,0,0
Michael Frederick,49.5,0,0,0,0
Brad Close,24.5,0,0,0,0
Brad Close,29.5,0,0,0,0
Brad Close,34.5,0,0,0,0
Brad Close,39.5,0,0,0,0
Brad Close,44.5,0,0,0,0
Brad Close,49.5,0,0,0,0
Darcy Fogarty,24.5,0,0,0,0
Darcy Fogarty,29.5,0,0,0,0
Darcy Fogarty,34.5,0,0,0,0
Darcy Fogarty,39.5,0,0,0,0
Darcy Fogarty,44.5,0,0,0,0
Darcy Fogarty,49.5,0,0,0,0
Tom Sparrow,24.5,0,0,0,0
Tom Sparrow,29.5,0,0,0,0
Tom Sparrow,34.5,0,0,0,0
Tom Sparrow,39.5,0,0,0,0
Tom Sparrow,44.5,0,0,0,0
Tom Sparrow,49.5,0,0,0,0
Jy Farrar,24.5,0,0,0,0
Jy Farrar,29.5,0,0,0,0
Jy Farrar,34.5,0,0,0,0
Jy Farrar,39.5,0,0,0,0
Jy Farrar,44.5,0,0,0,0
Jy Farrar,49.5,0,0,0,0
Zac Fisher,24.5,0,0,0,0
Zac Fisher,29.5,0,0,0,0
Zac Fisher,34.5,0,0,0,0
Zac Fisher,39.5,0,0,0,0
Zac Fisher,44.5,0,0,0,0
Zac Fisher,49.5,0,0,0,0
Callum Coleman-Jones,24.5,0,0,0,0
Callum Coleman-Jones,29.5,0,0,0,0
Callum Coleman-Jones,34.5,0,0,0,0
Callum Coleman-Jones,39.5,0,0,0,0
Callum Coleman-Jones,44.5,0,0,0,0
Callum Coleman-Jones,49.5,0,0,0,0
John Noble,24.5,0,0,0,0
John Noble,29.5,0,0,0,0
John Noble,34.5,0,0,0,0
John Noble,39.5,0,0,0,0
John Noble,44.5,0,0,0,0
John Noble,49.5,0,0,0,0
Liam Baker,24.5,0,0,0,0
Liam Baker,29.5,0,0,0,0
Liam Baker,34.5,0,0,0,0
Liam Baker,39.5,0,0,0,0
Liam Baker,44.5,0,0,0,0
Liam Baker,49.5,0,0,0,0
Lachie Schultz,24.5,0,0,0,0
Lachie Schultz,29.5,0,0,0,0
Lachie Schultz,34.5,0,0,0,0
Lachie Schultz,39.5,0,0,0,0
Lachie Schultz,44.5,0,0,0,0
Lachie Schultz,49.5,0,0,0,0
Lachlan Bramble,24.5,0,0,0,0
Lachlan Bramble,29.5,0,0,0,0
Lachlan Bramble,34.5,0,0,0,0
Lachlan Bramble,39.5,0,0,0,0
Lachlan Bramble,44.5,0,0,0,0
Lachlan Bramble,49.5,0,0,0,0
Mitch Lewis,24.5,0,0,0,0
Mitch Lewis,29.5,0,0,0,0
Mitch Lewis,34.5,0,0,0,0
Mitch Lewis,39.5,0,0,0,0
Mitch Lewis,44.5,0,0,0,0
Mitch Lewis,49.5,0,0,0,0
Tom Doedee,24.5,0,0,0,0
Tom Doedee,29.5,0,0,0,0
Tom Doedee,34.5,0,0,0,0
Tom Doedee,39.5,0,0,0,0
Tom Doedee,44.5,0,0,0,0
Tom Doedee,49.5,0,0,0,0
Jack Henry,24.5,0,0,0,0
Jack Henry,29.5,0,0,0,0
Jack Henry,34.5,0,0,0,0
Jack Henry,39.5,0,0,0,0
Jack Henry,44.5,0,0,0,0
Jack Henry,49.5,0,0,0,0
Harry McKay,24.5,0,0,0,0
Harry McKay,29.5,0,0,0,0
Harry McKay,34.5,0,0,0,0
Harry McKay,39.5,0,0,0,0
Harry McKay,44.5,0,0,0,0
Harry McKay,49.5,0,0,0,0
Harry Morrison,24.5,0,0,0,0
Harry Morrison,29.5,0,0,0,0
Harry Morrison,34.5,0,0,0,0
Harry Morrison,39.5,0,0,0,0
Harry Morrison,44.5,0,0,0,0
Harry Morrison,49.5,0,0,0,0
Willem Drew,24.5,0,0,0,0
Willem Drew,29.5,0,0,0,0
Willem Drew,34.5,0,0,0,0
Willem Drew,39.5,0,0,0,0
Willem Drew,44.5,0,0,0,0
Willem Drew,49.5,0,0,0,0
Hugh McCluggage,24.5,0,0,0,0
Hugh McCluggage,29.5,0,0,0,0
Hugh McCluggage,34.5,0,0,0,0
Hugh McCluggage,39.5,0,0,0,0
Hugh McCluggage,44.5,0,0,0,0
Hugh McCluggage,49.5,0,0,0,0
Lloyd Meek,24.5,0.3333333333333333,0.6,0.5714285714285714,0.4
Lloyd Meek,29.5,0.3333333333333333,0.6,0.5714285714285714,0.4
Lloyd Meek,34.5,0,0.4,0.2857142857142857,0.2
Lloyd Meek,39.5,0,0.2,0.14285714285714285,0.1
Lloyd Meek,44.5,0,0.2,0.14285714285714285,0.1
Lloyd Meek,49.5,0,0,0,0
Daniel Rioli,24.5,0,0,0,0
Daniel Rioli,29.5,0,0,0,0
Daniel Rioli,34.5,0,0,0,0
Daniel Rioli,39.5,0,0,0,0
Daniel Rioli,44.5,0,0,0,0
Daniel Rioli,49.5,0,0,0,0
Nick Larkey,24.5,0,0,0,0
Nick Larkey,29.5,0,0,0,0
Nick Larkey,34.5,0,0,0,0
Nick Larkey,39.5,0,0,0,0
Nick Larkey,44.5,0,0,0,0
Nick Larkey,49.5,0,0,0,0
Ned Reeves,24.5,0.3333333333333333,0.4,0.42857142857142855,0.3
Ned Reeves,29.5,0.3333333333333333,0.4,0.2857142857142857,0.2
Ned Reeves,34.5,0,0,0,0
Ned Reeves,39.5,0,0,0,0
Ned Reeves,44.5,0,0,0,0
Ned Reeves,49.5,0,0,0,0
Jordan Ridley,24.5,0,0,0,0
Jordan Ridley,29.5,0,0,0,0
Jordan Ridley,34.5,0,0,0,0
Jordan Ridley,39.5,0,0,0,0
Jordan Ridley,44.5,0,0,0,0
Jordan Ridley,49.5,0,0,0,0
Jack Silvagni,24.5,0,0,0,0
Jack Silvagni,29.5,0,0,0,0
Jack Silvagni,34.5,0,0,0,0
Jack Silvagni,39.5,0,0,0,0
Jack Silvagni,44.5,0,0,0,0
Jack Silvagni,49.5,0,0,0,0
Izak Rankine,24.5,0,0,0,0
Izak Rankine,29.5,0,0,0,0
Izak Rankine,34.5,0,0,0,0
Izak Rankine,39.5,0,0,0,0
Izak Rankine,44.5,0,0,0,0
Izak Rankine,49.5,0,0,0,0
Connor Rozee,24.5,0,0,0,0
Connor Rozee,29.5,0,0,0,0
Connor Rozee,34.5,0,0,0,0
Connor Rozee,39.5,0,0,0,0
Connor Rozee,44.5,0,0,0,0
Connor Rozee,49.5,0,0,0,0
Isaac Cumming,24.5,0,0,0,0
Isaac Cumming,29.5,0,0,0,0
Isaac Cumming,34.5,0,0,0,0
Isaac Cumming,39.5,0,0,0,0
Isaac Cumming,44.5,0,0,0,0
Isaac Cumming,49.5,0,0,0,0
Matthew Kennedy,24.5,0,0,0,0
Matthew Kennedy,29.5,0,0,0,0
Matthew Kennedy,34.5,0,0,0,0
Matthew Kennedy,39.5,0,0,0,0
Matthew Kennedy,44.5,0,0,0,0
Matthew Kennedy,49.5,0,0,0,0
Bayley Fritsch,24.5,0,0,0,0
Bayley Fritsch,29.5,0,0,0,0
Bayley Fritsch,34.5,0,0,0,0
Bayley Fritsch,39.5,0,0,0,0
Bayley Fritsch,44.5,0,0,0,0
Bayley Fritsch,49.5,0,0,0,0
Toby Pink,24.5,0,0,0,0
Toby Pink,29.5,0,0,0,0
Toby Pink,34.5,0,0,0,0
Toby Pink,39.5,0,0,0,0
Toby Pink,44.5,0,0,0,0
Toby Pink,49.5,0,0,0,0
Ben McKay,24.5,0,0,0,0
Ben McKay,29.5,0,0,0,0
Ben McKay,34.5,0,0,0,0
Ben McKay,39.5,0,0,0,0
Ben McKay,44.5,0,0,0,0
Ben McKay,49.5,0,0,0,0
Esava Ratugolea,24.5,0,0,0,0
Esava Ratugolea,29.5,0,0,0,0
Esava Ratugolea,34.5,0,0,0,0
Esava Ratugolea,39.5,0,0,0,0
Esava Ratugolea,44.5,0,0,0,0
Esava Ratugolea,49.5,0,0,0,0
James Worpel,24.5,0,0,0,0
James Worpel,29.5,0,0,0,0
James Worpel,34.5,0,0,0,0
James Worpel,39.5,0,0,0,0
James Worpel,44.5,0,0,0,0
James Worpel,49.5,0,0,0,0
Jack Higgins,24.5,0,0,0,0
Jack Higgins,29.5,0,0,0,0
Jack Higgins,34.5,0,0,0,0
Jack Higgins,39.5,0,0,0,0
Jack Higgins,44.5,0,0,0,0
Jack Higgins,49.5,0,0,0,0
Lachie Fogarty,24.5,0,0,0,0
Lachie Fogarty,29.5,0,0,0,0
Lachie Fogarty,34.5,0,0,0,0
Lachie Fogarty,39.5,0,0,0,0
Lachie Fogarty,44.5,0,0,0,0
Lachie Fogarty,49.5,0,0,0,0
Andrew Brayshaw,24.5,0,0,0,0
Andrew Brayshaw,29.5,0,0,0,0
Andrew Brayshaw,34.5,0,0,0,0
Andrew Brayshaw,39.5,0,0,0,0
Andrew Brayshaw,44.5,0,0,0,0
Andrew Brayshaw,49.5,0,0,0,0
Cam Rayner,24.5,0,0,0,0
Cam Rayner,29.5,0,0,0,0
Cam Rayner,34.5,0,0,0,0
Cam Rayner,39.5,0,0,0,0
Cam Rayner,44.5,0,0,0,0
Cam Rayner,49.5,0,0,0,0
Adam Cerra,24.5,0,0,0,0
Adam Cerra,29.5,0,0,0,0
Adam Cerra,34.5,0,0,0,0
Adam Cerra,39.5,0,0,0,0
Adam Cerra,44.5,0,0,0,0
Adam Cerra,49.5,0,0,0,0
Noah Balta,24.5,0,0,0,0
Noah Balta,29.5,0,0,0,0
Noah Balta,34.5,0,0,0,0
Noah Balta,39.5,0,0,0,0
Noah Balta,44.5,0,0,0,0
Noah Balta,49.5,0,0,0,0
Brent Daniels,24.5,0,0,0,0
Brent Daniels,29.5,0,0,0,0
Brent Daniels,34.5,0,0,0,0
Brent Daniels,39.5,0,0,0,0
Brent Daniels,44.5,0,0,0,0
Brent Daniels,49.5,0,0,0,0
Kane Farrell,24.5,0,0,0,0
Kane Farrell,29.5,0,0,0,0
Kane Farrell,34.5,0,0,0,0
Kane Farrell,39.5,0,0,0,0
Kane Farrell,44.5,0,0,0,0
Kane Farrell,49.5,0,0,0,0
Paddy Dow,24.5,0,0,0,0
Paddy Dow,29.5,0,0,0,0
Paddy Dow,34.5,0,0,0,0
Paddy Dow,39.5,0,0,0,0
Paddy Dow,44.5,0,0,0,0
Paddy Dow,49.5,0,0,0,0
Hunter Clark,24.5,0,0,0,0
Hunter Clark,29.5,0,0,0,0
Hunter Clark,34.5,0,0,0,0
Hunter Clark,39.5,0,0,0,0
Hunter Clark,44.5,0,0,0,0
Hunter Clark,49.5,0,0,0,0
Luke Davies-Uniacke,24.5,0,0,0,0
Luke Davies-Uniacke,29.5,0,0,0,0
Luke Davies-Uniacke,34.5,0,0,0,0
Luke Davies-Uniacke,39.5,0,0,0,0
Luke Davies-Uniacke,44.5,0,0,0,0
Luke Davies-Uniacke,49.5,0,0,0,0
Charlie Spargo,24.5,0,0,0,0
Charlie Spargo,29.5,0,0,0,0
Charlie Spargo,34.5,0,0,0,0
Charlie Spargo,39.5,0,0,0,0
Charlie Spargo,44.5,0,0,0,0
Charlie Spargo,49.5,0,0,0,0
Zac Bailey,24.5,0,0,0,0
Zac Bailey,29.5,0,0,0,0
Zac Bailey,34.5,0,0,0,0
Zac Bailey,39.5,0,0,0,0
Zac Bailey,44.5,0,0,0,0
Zac Bailey,49.5,0,0,0,0
Jack Payne,24.5,0,0,0,0
Jack Payne,29.5,0,0,0,0
Jack Payne,34.5,0,0,0,0
Jack Payne,39.5,0,0,0,0
Jack Payne,44.5,0,0,0,0
Jack Payne,49.5,0,0,0,0
Brandon Starcevich,24.5,0,0,0,0
Brandon Starcevich,29.5,0,0,0,0
Brandon Starcevich,34.5,0,0,0,0
Brandon Starcevich,39.5,0,0,0,0
Brandon Starcevich,44.5,0,0,0,0
Brandon Starcevich,49.5,0,0,0,0
Ben Miller,24.5,0,0,0,0
Ben Miller,29.5,0,0,0,0
Ben Miller,34.5,0,0,0,0
Ben Miller,39.5,0,0,0,0
Ben Miller,44.5,0,0,0,0
Ben Miller,49.5,0,0,0,0
Aaron Naughton,24.5,0,0,0,0
Aaron Naughton,29.5,0,0,0,0
Aaron Naughton,34.5,0,0,0,0
Aaron Naughton,39.5,0,0,0,0
Aaron Naughton,44.5,0,0,0,0
Aaron Naughton,49.5,0,0,0,0
Jordan Boyd,24.5,0,0,0,0
Jordan Boyd,29.5,0,0,0,0
Jordan Boyd,34.5,0,0,0,0
Jordan Boyd,39.5,0,0,0,0
Jordan Boyd,44.5,0,0,0,0
Jordan Boyd,49.5,0,0,0,0
Paul Curtis,24.5,0,0,0,0
Paul Curtis,29.5,0,0,0,0
Paul Curtis,34.5,0,0,0,0
Paul Curtis,39.5,0,0,0,0
Paul Curtis,44.5,0,0,0,0
Paul Curtis,49.5,0,0,0,0
Patrick Lipinski,24.5,0,0,0,0
Patrick Lipinski,29.5,0,0,0,0
Patrick Lipinski,34.5,0,0,0,0
Patrick Lipinski,39.5,0,0,0,0
Patrick Lipinski,44.5,0,0,0,0
Patrick Lipinski,49.5,0,0,0,0
Hayden McLean,24.5,0,0,0,0
Hayden McLean,29.5,0,0,0,0
Hayden McLean,34.5,0,0,0,0
Hayden McLean,39.5,0,0,0,0
Hayden McLean,44.5,0,0,0,0
Hayden McLean,49.5,0,0,0,0
Darragh Joyce,24.5,0,0,0,0
Darragh Joyce,29.5,0,0,0,0
Darragh Joyce,34.5,0,0,0,0
Darragh Joyce,39.5,0,0,0,0
Darragh Joyce,44.5,0,0,0,0
Darragh Joyce,49.5,0,0,0,0
Brandon Zerk-Thatcher,24.5,0,0,0,0
Brandon Zerk-Thatcher,29.5,0,0,0,0
Brandon Zerk-Thatcher,34.5,0,0,0,0
Brandon Zerk-Thatcher,39.5,0,0,0,0
Brandon Zerk-Thatcher,44.5,0,0,0,0
Brandon Zerk-Thatcher,49.5,0,0,0,0
Jack Lukosius,24.5,0,0,0,0
Jack Lukosius,29.5,0,0,0,0
Jack Lukosius,34.5,0,0,0,0
Jack Lukosius,39.5,0,0,0,0
Jack Lukosius,44.5,0,0,0,0
Jack Lukosius,49.5,0,0,0,0
Liam Ryan,24.5,0,0,0,0
Liam Ryan,29.5,0,0,0,0
Liam Ryan,34.5,0,0,0,0
Liam Ryan,39.5,0,0,0,0
Liam Ryan,44.5,0,0,0,0
Liam Ryan,49.5,0,0,0,0
Oscar Allen,24.5,0,0,0,0
Oscar Allen,29.5,0,0,0,0
Oscar Allen,34.5,0,0,0,0
Oscar Allen,39.5,0,0,0,0
Oscar Allen,44.5,0,0,0,0
Oscar Allen,49.5,0,0,0,0
Jacob Wehr,24.5,0,0,0,0
Jacob Wehr,29.5,0,0,0,0
Jacob Wehr,34.5,0,0,0,0
Jacob Wehr,39.5,0,0,0,0
Jacob Wehr,44.5,0,0,0,0
Jacob Wehr,49.5,0,0,0,0
Tim English,24.5,0.6666666666666666,0.6,0.5714285714285714,0.4
Tim English,29.5,0,0,0,0
Tim English,34.5,0,0,0,0
Tim English,39.5,0,0,0,0
Tim English,44.5,0,0,0,0
Tim English,49.5,0,0,0,0
Beau McCreery,24.5,0,0,0,0
Beau McCreery,29.5,0,0,0,0
Beau McCreery,34.5,0,0,0,0
Beau McCreery,39.5,0,0,0,0
Beau McCreery,44.5,0,0,0,0
Beau McCreery,49.5,0,0,0,0
Dylan Stephens,24.5,0,0,0,0
Dylan Stephens,29.5,0,0,0,0
Dylan Stephens,34.5,0,0,0,0
Dylan Stephens,39.5,0,0,0,0
Dylan Stephens,44.5,0,0,0,0
Dylan Stephens,49.5,0,0,0,0
Mitchell Hinge,24.5,0,0,0,0
Mitchell Hinge,29.5,0,0,0,0
Mitchell Hinge,34.5,0,0,0,0
Mitchell Hinge,39.5,0,0,0,0
Mitchell Hinge,44.5,0,0,0,0
Mitchell Hinge,49.5,0,0,0,0
Zach Guthrie,24.5,0,0,0,0
Zach Guthrie,29.5,0,0,0,0
Zach Guthrie,34.5,0,0,0,0
Zach Guthrie,39.5,0,0,0,0
Zach Guthrie,44.5,0,0,0,0
Zach Guthrie,49.5,0,0,0,0
Mitch Podhajski,24.5,NA,NA,NA,NA
Mitch Podhajski,29.5,NA,NA,NA,NA
Mitch Podhajski,34.5,NA,NA,NA,NA
Mitch Podhajski,39.5,NA,NA,NA,NA
Mitch Podhajski,44.5,NA,NA,NA,NA
Mitch Podhajski,49.5,NA,NA,NA,NA
Tom De Koning,24.5,0,0,0,0
Tom De Koning,29.5,0,0,0,0
Tom De Koning,34.5,0,0,0,0
Tom De Koning,39.5,0,0,0,0
Tom De Koning,44.5,0,0,0,0
Tom De Koning,49.5,0,0,0,0
Gryan Miers,24.5,0,0,0,0
Gryan Miers,29.5,0,0,0,0
Gryan Miers,34.5,0,0,0,0
Gryan Miers,39.5,0,0,0,0
Gryan Miers,44.5,0,0,0,0
Gryan Miers,49.5,0,0,0,0
Tristan Xerri,24.5,0,0.2,0.14285714285714285,0.1
Tristan Xerri,29.5,0,0.2,0.14285714285714285,0.1
Tristan Xerri,34.5,0,0,0,0
Tristan Xerri,39.5,0,0,0,0
Tristan Xerri,44.5,0,0,0,0
Tristan Xerri,49.5,0,0,0,0
Jordon Butts,24.5,0,0,0,0
Jordon Butts,29.5,0,0,0,0
Jordon Butts,34.5,0,0,0,0
Jordon Butts,39.5,0,0,0,0
Jordon Butts,44.5,0,0,0,0
Jordon Butts,49.5,0,0,0,0
Todd Marshall,24.5,0,0,0,0
Todd Marshall,29.5,0,0,0,0
Todd Marshall,34.5,0,0,0,0
Todd Marshall,39.5,0,0,0,0
Todd Marshall,44.5,0,0,0,0
Todd Marshall,49.5,0,0,0,0
Laitham Vandermeer,24.5,0,0,0,0
Laitham Vandermeer,29.5,0,0,0,0
Laitham Vandermeer,34.5,0,0,0,0
Laitham Vandermeer,39.5,0,0,0,0
Laitham Vandermeer,44.5,0,0,0,0
Laitham Vandermeer,49.5,0,0,0,0
Noah Answerth,24.5,0,0,0,0
Noah Answerth,29.5,0,0,0,0
Noah Answerth,34.5,0,0,0,0
Noah Answerth,39.5,0,0,0,0
Noah Answerth,44.5,0,0,0,0
Noah Answerth,49.5,0,0,0,0
Josh Daicos,24.5,0,0,0,0
Josh Daicos,29.5,0,0,0,0
Josh Daicos,34.5,0,0,0,0
Josh Daicos,39.5,0,0,0,0
Josh Daicos,44.5,0,0,0,0
Josh Daicos,49.5,0,0,0,0
Massimo D'Ambrosio,24.5,0,0,0,0
Massimo D'Ambrosio,29.5,0,0,0,0
Massimo D'Ambrosio,34.5,0,0,0,0
Massimo D'Ambrosio,39.5,0,0,0,0
Massimo D'Ambrosio,44.5,0,0,0,0
Massimo D'Ambrosio,49.5,0,0,0,0
Elliott Himmelberg,24.5,0,0,0,0
Elliott Himmelberg,29.5,0,0,0,0
Elliott Himmelberg,34.5,0,0,0,0
Elliott Himmelberg,39.5,0,0,0,0
Elliott Himmelberg,44.5,0,0,0,0
Elliott Himmelberg,49.5,0,0,0,0
Sam Taylor,24.5,0,0,0,0
Sam Taylor,29.5,0,0,0,0
Sam Taylor,34.5,0,0,0,0
Sam Taylor,39.5,0,0,0,0
Sam Taylor,44.5,0,0,0,0
Sam Taylor,49.5,0,0,0,0
Jackson Mead,24.5,0,0,0,0
Jackson Mead,29.5,0,0,0,0
Jackson Mead,34.5,0,0,0,0
Jackson Mead,39.5,0,0,0,0
Jackson Mead,44.5,0,0,0,0
Jackson Mead,49.5,0,0,0,0
Kade Chandler,24.5,0,0,0,0
Kade Chandler,29.5,0,0,0,0
Kade Chandler,34.5,0,0,0,0
Kade Chandler,39.5,0,0,0,0
Kade Chandler,44.5,0,0,0,0
Kade Chandler,49.5,0,0,0,0
Sam Draper,24.5,0.3333333333333333,0.4,0.42857142857142855,0.4
Sam Draper,29.5,0.3333333333333333,0.2,0.14285714285714285,0.1
Sam Draper,34.5,0,0,0,0
Sam Draper,39.5,0,0,0,0
Sam Draper,44.5,0,0,0,0
Sam Draper,49.5,0,0,0,0
Nick Coffield,24.5,0,0,0,0
Nick Coffield,29.5,0,0,0,0
Nick Coffield,34.5,0,0,0,0
Nick Coffield,39.5,0,0,0,0
Nick Coffield,44.5,0,0,0,0
Nick Coffield,49.5,0,0,0,0
Milan Murdock,24.5,0,0,0,0
Milan Murdock,29.5,0,0,0,0
Milan Murdock,34.5,0,0,0,0
Milan Murdock,39.5,0,0,0,0
Milan Murdock,44.5,0,0,0,0
Milan Murdock,49.5,0,0,0,0
Malcolm Rosas,24.5,0,0,0,0
Malcolm Rosas,29.5,0,0,0,0
Malcolm Rosas,34.5,0,0,0,0
Malcolm Rosas,39.5,0,0,0,0
Malcolm Rosas,44.5,0,0,0,0
Malcolm Rosas,49.5,0,0,0,0
Liam Henry,24.5,0,0,0,0
Liam Henry,29.5,0,0,0,0
Liam Henry,34.5,0,0,0,0
Liam Henry,39.5,0,0,0,0
Liam Henry,44.5,0,0,0,0
Liam Henry,49.5,0,0,0,0
Joel Jeffrey,24.5,0,0,0,0
Joel Jeffrey,29.5,0,0,0,0
Joel Jeffrey,34.5,0,0,0,0
Joel Jeffrey,39.5,0,0,0,0
Joel Jeffrey,44.5,0,0,0,0
Joel Jeffrey,49.5,0,0,0,0
James Peatling,24.5,0,0,0,0
James Peatling,29.5,0,0,0,0
James Peatling,34.5,0,0,0,0
James Peatling,39.5,0,0,0,0
James Peatling,44.5,0,0,0,0
James Peatling,49.5,0,0,0,0
Nick Blakey,24.5,0,0,0,0
Nick Blakey,29.5,0,0,0,0
Nick Blakey,34.5,0,0,0,0
Nick Blakey,39.5,0,0,0,0
Nick Blakey,44.5,0,0,0,0
Nick Blakey,49.5,0,0,0,0
Bailey Scott,24.5,0,0,0,0
Bailey Scott,29.5,0,0,0,0
Bailey Scott,34.5,0,0,0,0
Bailey Scott,39.5,0,0,0,0
Bailey Scott,44.5,0,0,0,0
Bailey Scott,49.5,0,0,0,0
Keidean Coleman,24.5,0,0,0,0
Keidean Coleman,29.5,0,0,0,0
Keidean Coleman,34.5,0,0,0,0
Keidean Coleman,39.5,0,0,0,0
Keidean Coleman,44.5,0,0,0,0
Keidean Coleman,49.5,0,0,0,0
Caleb Graham,24.5,0,0,0,0
Caleb Graham,29.5,0,0,0,0
Caleb Graham,34.5,0,0,0,0
Caleb Graham,39.5,0,0,0,0
Caleb Graham,44.5,0,0,0,0
Caleb Graham,49.5,0,0,0,0
Sam Walsh,24.5,0,0,0,0
Sam Walsh,29.5,0,0,0,0
Sam Walsh,34.5,0,0,0,0
Sam Walsh,39.5,0,0,0,0
Sam Walsh,44.5,0,0,0,0
Sam Walsh,49.5,0,0,0,0
Xavier Duursma,24.5,0,0,0,0
Xavier Duursma,29.5,0,0,0,0
Xavier Duursma,34.5,0,0,0,0
Xavier Duursma,39.5,0,0,0,0
Xavier Duursma,44.5,0,0,0,0
Xavier Duursma,49.5,0,0,0,0
Jye Caldwell,24.5,0,0,0,0
Jye Caldwell,29.5,0,0,0,0
Jye Caldwell,34.5,0,0,0,0
Jye Caldwell,39.5,0,0,0,0
Jye Caldwell,44.5,0,0,0,0
Jye Caldwell,49.5,0,0,0,0
Bailey J. Williams,24.5,1,0.8,0.8571428571428571,0.8
Bailey J. Williams,29.5,0.6666666666666666,0.6,0.5714285714285714,0.4
Bailey J. Williams,34.5,0.3333333333333333,0.4,0.2857142857142857,0.2
Bailey J. Williams,39.5,0.3333333333333333,0.2,0.14285714285714285,0.1
Bailey J. Williams,44.5,0.3333333333333333,0.2,0.14285714285714285,0.1
Bailey J. Williams,49.5,0,0,0,0
Zak Butters,24.5,0,0,0,0
Zak Butters,29.5,0,0,0,0
Zak Butters,34.5,0,0,0,0
Zak Butters,39.5,0,0,0,0
Zak Butters,44.5,0,0,0,0
Zak Butters,49.5,0,0,0,0
James Rowbottom,24.5,0,0,0,0
James Rowbottom,29.5,0,0,0,0
James Rowbottom,34.5,0,0,0,0
James Rowbottom,39.5,0,0,0,0
James Rowbottom,44.5,0,0,0,0
James Rowbottom,49.5,0,0,0,0
Rhylee West,24.5,0,0,0,0
Rhylee West,29.5,0,0,0,0
Rhylee West,34.5,0,0,0,0
Rhylee West,39.5,0,0,0,0
Rhylee West,44.5,0,0,0,0
Rhylee West,49.5,0,0,0,0
Bailey Smith,24.5,0,0,0,0
Bailey Smith,29.5,0,0,0,0
Bailey Smith,34.5,0,0,0,0
Bailey Smith,39.5,0,0,0,0
Bailey Smith,44.5,0,0,0,0
Bailey Smith,49.5,0,0,0,0
Jack Ross,24.5,0,0,0,0
Jack Ross,29.5,0,0,0,0
Jack Ross,34.5,0,0,0,0
Jack Ross,39.5,0,0,0,0
Jack Ross,44.5,0,0,0,0
Jack Ross,49.5,0,0,0,0
Xavier O'Halloran,24.5,0,0,0,0
Xavier O'Halloran,29.5,0,0,0,0
Xavier O'Halloran,34.5,0,0,0,0
Xavier O'Halloran,39.5,0,0,0,0
Xavier O'Halloran,44.5,0,0,0,0
Xavier O'Halloran,49.5,0,0,0,0
Lachlan Sholl,24.5,0,0,0,0
Lachlan Sholl,29.5,0,0,0,0
Lachlan Sholl,34.5,0,0,0,0
Lachlan Sholl,39.5,0,0,0,0
Lachlan Sholl,44.5,0,0,0,0
Lachlan Sholl,49.5,0,0,0,0
Max King,24.5,0,0,0,0
Max King,29.5,0,0,0,0
Max King,34.5,0,0,0,0
Max King,39.5,0,0,0,0
Max King,44.5,0,0,0,0
Max King,49.5,0,0,0,0
Ben King,24.5,0,0,0,0
Ben King,29.5,0,0,0,0
Ben King,34.5,0,0,0,0
Ben King,39.5,0,0,0,0
Ben King,44.5,0,0,0,0
Ben King,49.5,0,0,0,0
Bobby Hill,24.5,0,0,0,0
Bobby Hill,29.5,0,0,0,0
Bobby Hill,34.5,0,0,0,0
Bobby Hill,39.5,0,0,0,0
Bobby Hill,44.5,0,0,0,0
Bobby Hill,49.5,0,0,0,0
Jordan Clark,24.5,0,0,0,0
Jordan Clark,29.5,0,0,0,0
Jordan Clark,34.5,0,0,0,0
Jordan Clark,39.5,0,0,0,0
Jordan Clark,44.5,0,0,0,0
Jordan Clark,49.5,0,0,0,0
Chayce Jones,24.5,0,0,0,0
Chayce Jones,29.5,0,0,0,0
Chayce Jones,34.5,0,0,0,0
Chayce Jones,39.5,0,0,0,0
Chayce Jones,44.5,0,0,0,0
Chayce Jones,49.5,0,0,0,0
Sam Wicks,24.5,0,0,0,0
Sam Wicks,29.5,0,0,0,0
Sam Wicks,34.5,0,0,0,0
Sam Wicks,39.5,0,0,0,0
Sam Wicks,44.5,0,0,0,0
Sam Wicks,49.5,0,0,0,0
Dylan Moore,24.5,0,0,0,0
Dylan Moore,29.5,0,0,0,0
Dylan Moore,34.5,0,0,0,0
Dylan Moore,39.5,0,0,0,0
Dylan Moore,44.5,0,0,0,0
Dylan Moore,49.5,0,0,0,0
Riley Garcia,24.5,0,0,0,0
Riley Garcia,29.5,0,0,0,0
Riley Garcia,34.5,0,0,0,0
Riley Garcia,39.5,0,0,0,0
Riley Garcia,44.5,0,0,0,0
Riley Garcia,49.5,0,0,0,0
Billy Cootee,24.5,0,0,NA,NA
Billy Cootee,29.5,0,0,NA,NA
Billy Cootee,34.5,0,0,NA,NA
Billy Cootee,39.5,0,0,NA,NA
Billy Cootee,44.5,0,0,NA,NA
Billy Cootee,49.5,0,0,NA,NA
Harry Sharp,24.5,0,0,0,0
Harry Sharp,29.5,0,0,0,0
Harry Sharp,34.5,0,0,0,0
Harry Sharp,39.5,0,0,0,0
Harry Sharp,44.5,0,0,0,0
Harry Sharp,49.5,0,0,0,0
Mark O'Connor,24.5,0,0,0,0
Mark O'Connor,29.5,0,0,0,0
Mark O'Connor,34.5,0,0,0,0
Mark O'Connor,39.5,0,0,0,0
Mark O'Connor,44.5,0,0,0,0
Mark O'Connor,49.5,0,0,0,0
Conor Nash,24.5,0,0,0,0
Conor Nash,29.5,0,0,0,0
Conor Nash,34.5,0,0,0,0
Conor Nash,39.5,0,0,0,0
Conor Nash,44.5,0,0,0,0
Conor Nash,49.5,0,0,0,0
Wil Powell,24.5,0,0,0,0
Wil Powell,29.5,0,0,0,0
Wil Powell,34.5,0,0,0,0
Wil Powell,39.5,0,0,0,0
Wil Powell,44.5,0,0,0,0
Wil Powell,49.5,0,0,0,0
Connor Idun,24.5,0,0,0,0
Connor Idun,29.5,0,0,0,0
Connor Idun,34.5,0,0,0,0
Connor Idun,39.5,0,0,0,0
Connor Idun,44.5,0,0,0,0
Connor Idun,49.5,0,0,0,0
Isaac Quaynor,24.5,0,0,0,0
Isaac Quaynor,29.5,0,0,0,0
Isaac Quaynor,34.5,0,0,0,0
Isaac Quaynor,39.5,0,0,0,0
Isaac Quaynor,44.5,0,0,0,0
Isaac Quaynor,49.5,0,0,0,0
Joel Amartey,24.5,0,0,0,0
Joel Amartey,29.5,0,0,0,0
Joel Amartey,34.5,0,0,0,0
Joel Amartey,39.5,0,0,0,0
Joel Amartey,44.5,0,0,0,0
Joel Amartey,49.5,0,0,0,0
Jake Riccardi,24.5,0,0,0,0
Jake Riccardi,29.5,0,0,0,0
Jake Riccardi,34.5,0,0,0,0
Jake Riccardi,39.5,0,0,0,0
Jake Riccardi,44.5,0,0,0,0
Jake Riccardi,49.5,0,0,0,0
Toby Bedford,24.5,0,0,0,0
Toby Bedford,29.5,0,0,0,0
Toby Bedford,34.5,0,0,0,0
Toby Bedford,39.5,0,0,0,0
Toby Bedford,44.5,0,0,0,0
Toby Bedford,49.5,0,0,0,0
Matthew Cottrell,24.5,0,0,0,0
Matthew Cottrell,29.5,0,0,0,0
Matthew Cottrell,34.5,0,0,0,0
Matthew Cottrell,39.5,0,0,0,0
Matthew Cottrell,44.5,0,0,0,0
Matthew Cottrell,49.5,0,0,0,0
Jack Henderson,24.5,0,0,NA,NA
Jack Henderson,29.5,0,0,NA,NA
Jack Henderson,34.5,0,0,NA,NA
Jack Henderson,39.5,0,0,NA,NA
Jack Henderson,44.5,0,0,NA,NA
Jack Henderson,49.5,0,0,NA,NA
Tom McCartin,24.5,0,0,0,0
Tom McCartin,29.5,0,0,0,0
Tom McCartin,34.5,0,0,0,0
Tom McCartin,39.5,0,0,0,0
Tom McCartin,44.5,0,0,0,0
Tom McCartin,49.5,0,0,0,0
Riley Bice,24.5,0,0,0,0
Riley Bice,29.5,0,0,0,0
Riley Bice,34.5,0,0,0,0
Riley Bice,39.5,0,0,0,0
Riley Bice,44.5,0,0,0,0
Riley Bice,49.5,0,0,0,0
Nick Murray,24.5,0,0,0,0
Nick Murray,29.5,0,0,0,0
Nick Murray,34.5,0,0,0,0
Nick Murray,39.5,0,0,0,0
Nick Murray,44.5,0,0,0,0
Nick Murray,49.5,0,0,0,0
Joe Richards,24.5,0,0,0,0
Joe Richards,29.5,0,0,0,0
Joe Richards,34.5,0,0,0,0
Joe Richards,39.5,0,0,0,0
Joe Richards,44.5,0,0,0,0
Joe Richards,49.5,0,0,0,0
Ed Richards,24.5,0,0,0,0
Ed Richards,29.5,0,0,0,0
Ed Richards,34.5,0,0,0,0
Ed Richards,39.5,0,0,0,0
Ed Richards,44.5,0,0,0,0
Ed Richards,49.5,0,0,0,0
Liam Stocker,24.5,0,0,0,0
Liam Stocker,29.5,0,0,0,0
Liam Stocker,34.5,0,0,0,0
Liam Stocker,39.5,0,0,0,0
Liam Stocker,44.5,0,0,0,0
Liam Stocker,49.5,0,0,0,0
Riley Thilthorpe,24.5,0,0,0,0
Riley Thilthorpe,29.5,0,0,0,0
Riley Thilthorpe,34.5,0,0,0,0
Riley Thilthorpe,39.5,0,0,0,0
Riley Thilthorpe,44.5,0,0,0,0
Riley Thilthorpe,49.5,0,0,0,0
Kieren Briggs,24.5,0.3333333333333333,0.4,0.42857142857142855,0.6
Kieren Briggs,29.5,0.3333333333333333,0.4,0.42857142857142855,0.5
Kieren Briggs,34.5,0.3333333333333333,0.2,0.2857142857142857,0.2
Kieren Briggs,39.5,0.3333333333333333,0.2,0.14285714285714285,0.1
Kieren Briggs,44.5,0.3333333333333333,0.2,0.14285714285714285,0.1
Kieren Briggs,49.5,0.3333333333333333,0.2,0.14285714285714285,0.1
Connor Budarick,24.5,0,0,0,0
Connor Budarick,29.5,0,0,0,0
Connor Budarick,34.5,0,0,0,0
Connor Budarick,39.5,0,0,0,0
Connor Budarick,44.5,0,0,0,0
Connor Budarick,49.5,0,0,0,0
Rhyan Mansell,24.5,0,0,0,0
Rhyan Mansell,29.5,0,0,0,0
Rhyan Mansell,34.5,0,0,0,0
Rhyan Mansell,39.5,0,0,0,0
Rhyan Mansell,44.5,0,0,0,0
Rhyan Mansell,49.5,0,0,0,0
Corey Durdin,24.5,0,0,0,0
Corey Durdin,29.5,0,0,0,0
Corey Durdin,34.5,0,0,0,0
Corey Durdin,39.5,0,0,0,0
Corey Durdin,44.5,0,0,0,0
Corey Durdin,49.5,0,0,0,0
Kysaiah Pickett,24.5,0,0,0,0
Kysaiah Pickett,29.5,0,0,0,0
Kysaiah Pickett,34.5,0,0,0,0
Kysaiah Pickett,39.5,0,0,0,0
Kysaiah Pickett,44.5,0,0,0,0
Kysaiah Pickett,49.5,0,0,0,0
Harry Schoenberg,24.5,0,0,0,0
Harry Schoenberg,29.5,0,0,0,0
Harry Schoenberg,34.5,0,0,0,0
Harry Schoenberg,39.5,0,0,0,0
Harry Schoenberg,44.5,0,0,0,0
Harry Schoenberg,49.5,0,0,0,0
Will Day,24.5,0,0,0,0
Will Day,29.5,0,0,0,0
Will Day,34.5,0,0,0,0
Will Day,39.5,0,0,0,0
Will Day,44.5,0,0,0,0
Will Day,49.5,0,0,0,0
Mani Liddy,24.5,0,0,0,NA
Mani Liddy,29.5,0,0,0,NA
Mani Liddy,34.5,0,0,0,NA
Mani Liddy,39.5,0,0,0,NA
Mani Liddy,44.5,0,0,0,NA
Mani Liddy,49.5,0,0,0,NA
Leek Aleer,24.5,0,0,0,0
Leek Aleer,29.5,0,0,0,0
Leek Aleer,34.5,0,0,0,0
Leek Aleer,39.5,0,0,0,0
Leek Aleer,44.5,0,0,0,0
Leek Aleer,49.5,0,0,0,0
Mykelti Lefau,24.5,0,0,0,0
Mykelti Lefau,29.5,0,0,0,0
Mykelti Lefau,34.5,0,0,0,0
Mykelti Lefau,39.5,0,0,0,0
Mykelti Lefau,44.5,0,0,0,0
Mykelti Lefau,49.5,0,0,0,0
Luke Beecken,24.5,NA,NA,NA,NA
Luke Beecken,29.5,NA,NA,NA,NA
Luke Beecken,34.5,NA,NA,NA,NA
Luke Beecken,39.5,NA,NA,NA,NA
Luke Beecken,44.5,NA,NA,NA,NA
Luke Beecken,49.5,NA,NA,NA,NA
Oskar Baker,24.5,0,0,0,0
Oskar Baker,29.5,0,0,0,0
Oskar Baker,34.5,0,0,0,0
Oskar Baker,39.5,0,0,0,0
Oskar Baker,44.5,0,0,0,0
Oskar Baker,49.5,0,0,0,0
Charlie Ballard,24.5,0,0,0,0
Charlie Ballard,29.5,0,0,0,0
Charlie Ballard,34.5,0,0,0,0
Charlie Ballard,39.5,0,0,0,0
Charlie Ballard,44.5,0,0,0,0
Charlie Ballard,49.5,0,0,0,0
Harrison Petty,24.5,0,0,0,0
Harrison Petty,29.5,0,0,0,0
Harrison Petty,34.5,0,0,0,0
Harrison Petty,39.5,0,0,0,0
Harrison Petty,44.5,0,0,0,0
Harrison Petty,49.5,0,0,0,0
Lachlan McNeil,24.5,0,0,0,0
Lachlan McNeil,29.5,0,0,0,0
Lachlan McNeil,34.5,0,0,0,0
Lachlan McNeil,39.5,0,0,0,0
Lachlan McNeil,44.5,0,0,0,0
Lachlan McNeil,49.5,0,0,0,0
James Borlase,24.5,0,0,0,0
James Borlase,29.5,0,0,0,0
James Borlase,34.5,0,0,0,0
James Borlase,39.5,0,0,0,0
James Borlase,44.5,0,0,0,0
James Borlase,49.5,0,0,0,0
Miles Bergman,24.5,0,0,0,0
Miles Bergman,29.5,0,0,0,0
Miles Bergman,34.5,0,0,0,0
Miles Bergman,39.5,0,0,0,0
Miles Bergman,44.5,0,0,0,0
Miles Bergman,49.5,0,0,0,0
Noah Anderson,24.5,0,0,0,0
Noah Anderson,29.5,0,0,0,0
Noah Anderson,34.5,0,0,0,0
Noah Anderson,39.5,0,0,0,0
Noah Anderson,44.5,0,0,0,0
Noah Anderson,49.5,0,0,0,0
Matt Rowell,24.5,0,0,0,0
Matt Rowell,29.5,0,0,0,0
Matt Rowell,34.5,0,0,0,0
Matt Rowell,39.5,0,0,0,0
Matt Rowell,44.5,0,0,0,0
Matt Rowell,49.5,0,0,0,0
Sam De Koning,24.5,0,0,0,0
Sam De Koning,29.5,0,0,0,0
Sam De Koning,34.5,0,0,0,0
Sam De Koning,39.5,0,0,0,0
Sam De Koning,44.5,0,0,0,0
Sam De Koning,49.5,0,0,0,0
Brodie Kemp,24.5,0,0,0,0
Brodie Kemp,29.5,0,0,0,0
Brodie Kemp,34.5,0,0,0,0
Brodie Kemp,39.5,0,0,0,0
Brodie Kemp,44.5,0,0,0,0
Brodie Kemp,49.5,0,0,0,0
Lachie Ash,24.5,0,0,0,0
Lachie Ash,29.5,0,0,0,0
Lachie Ash,34.5,0,0,0,0
Lachie Ash,39.5,0,0,0,0
Lachie Ash,44.5,0,0,0,0
Lachie Ash,49.5,0,0,0,0
Hayden Young,24.5,0,0,0,0
Hayden Young,29.5,0,0,0,0
Hayden Young,34.5,0,0,0,0
Hayden Young,39.5,0,0,0,0
Hayden Young,44.5,0,0,0,0
Hayden Young,49.5,0,0,0,0
Sam Flanders,24.5,0,0,0,0
Sam Flanders,29.5,0,0,0,0
Sam Flanders,34.5,0,0,0,0
Sam Flanders,39.5,0,0,0,0
Sam Flanders,44.5,0,0,0,0
Sam Flanders,49.5,0,0,0,0
Jamarra Ugle-Hagan,24.5,0,0,0,0
Jamarra Ugle-Hagan,29.5,0,0,0,0
Jamarra Ugle-Hagan,34.5,0,0,0,0
Jamarra Ugle-Hagan,39.5,0,0,0,0
Jamarra Ugle-Hagan,44.5,0,0,0,0
Jamarra Ugle-Hagan,49.5,0,0,0,0
Bruce Reville,24.5,0,0,0,0
Bruce Reville,29.5,0,0,0,0
Bruce Reville,34.5,0,0,0,0
Bruce Reville,39.5,0,0,0,0
Bruce Reville,44.5,0,0,0,0
Bruce Reville,49.5,0,0,0,0
Trent Rivers,24.5,0,0,0,0
Trent Rivers,29.5,0,0,0,0
Trent Rivers,34.5,0,0,0,0
Trent Rivers,39.5,0,0,0,0
Trent Rivers,44.5,0,0,0,0
Trent Rivers,49.5,0,0,0,0
Jeremy Sharp,24.5,0,0,0,0
Jeremy Sharp,29.5,0,0,0,0
Jeremy Sharp,34.5,0,0,0,0
Jeremy Sharp,39.5,0,0,0,0
Jeremy Sharp,44.5,0,0,0,0
Jeremy Sharp,49.5,0,0,0,0
Deven Robertson,24.5,0,0,0,0
Deven Robertson,29.5,0,0,0,0
Deven Robertson,34.5,0,0,0,0
Deven Robertson,39.5,0,0,0,0
Deven Robertson,44.5,0,0,0,0
Deven Robertson,49.5,0,0,0,0
Jaxon Prior,24.5,0,0,0,0
Jaxon Prior,29.5,0,0,0,0
Jaxon Prior,34.5,0,0,0,0
Jaxon Prior,39.5,0,0,0,0
Jaxon Prior,44.5,0,0,0,0
Jaxon Prior,49.5,0,0,0,0
Jack Buller,24.5,0,0,0,0
Jack Buller,29.5,0,0,0,0
Jack Buller,34.5,0,0,0,0
Jack Buller,39.5,0,0,0,0
Jack Buller,44.5,0,0,0,0
Jack Buller,49.5,0,0,0,0
Luke Jackson,24.5,0.6666666666666666,0.8,0.7142857142857143,0.5
Luke Jackson,29.5,0,0.2,0.14285714285714285,0.1
Luke Jackson,34.5,0,0,0,0
Luke Jackson,39.5,0,0,0,0
Luke Jackson,44.5,0,0,0,0
Luke Jackson,49.5,0,0,0,0
Brandon Walker,24.5,0,0,0,0
Brandon Walker,29.5,0,0,0,0
Brandon Walker,34.5,0,0,0,0
Brandon Walker,39.5,0,0,0,0
Brandon Walker,44.5,0,0,0,0
Brandon Walker,49.5,0,0,0,0
Caleb Serong,24.5,0,0,0,0
Caleb Serong,29.5,0,0,0,0
Caleb Serong,34.5,0,0,0,0
Caleb Serong,39.5,0,0,0,0
Caleb Serong,44.5,0,0,0,0
Caleb Serong,49.5,0,0,0,0
Finn Maginness,24.5,0,0,0,0
Finn Maginness,29.5,0,0,0,0
Finn Maginness,34.5,0,0,0,0
Finn Maginness,39.5,0,0,0,0
Finn Maginness,44.5,0,0,0,0
Finn Maginness,49.5,0,0,0,0
Tom Green,24.5,0,0,0,0
Tom Green,29.5,0,0,0,0
Tom Green,34.5,0,0,0,0
Tom Green,39.5,0,0,0,0
Tom Green,44.5,0,0,0,0
Tom Green,49.5,0,0,0,0
Maurice Rioli,24.5,0,0,0,0
Maurice Rioli,29.5,0,0,0,0
Maurice Rioli,34.5,0,0,0,0
Maurice Rioli,39.5,0,0,0,0
Maurice Rioli,44.5,0,0,0,0
Maurice Rioli,49.5,0,0,0,0
Jack Buckley,24.5,0,0,0,0
Jack Buckley,29.5,0,0,0,0
Jack Buckley,34.5,0,0,0,0
Jack Buckley,39.5,0,0,0,0
Jack Buckley,44.5,0,0,0,0
Jack Buckley,49.5,0,0,0,0
Mitch Georgiades,24.5,0,0,0,0
Mitch Georgiades,29.5,0,0,0,0
Mitch Georgiades,34.5,0,0,0,0
Mitch Georgiades,39.5,0,0,0,0
Mitch Georgiades,44.5,0,0,0,0
Mitch Georgiades,49.5,0,0,0,0
Sam Butler,24.5,0,0,0,0
Sam Butler,29.5,0,0,0,0
Sam Butler,34.5,0,0,0,0
Sam Butler,39.5,0,0,0,0
Sam Butler,44.5,0,0,0,0
Sam Butler,49.5,0,0,0,0
Harry Edwards,24.5,0,0,0,0
Harry Edwards,29.5,0,0,0,0
Harry Edwards,34.5,0,0,0,0
Harry Edwards,39.5,0,0,0,0
Harry Edwards,44.5,0,0,0,0
Harry Edwards,49.5,0,0,0,0
Isaiah Dudley,24.5,0,0,0,0
Isaiah Dudley,29.5,0,0,0,0
Isaiah Dudley,34.5,0,0,0,0
Isaiah Dudley,39.5,0,0,0,0
Isaiah Dudley,44.5,0,0,0,0
Isaiah Dudley,49.5,0,0,0,0
Lachie Jones,24.5,0,0,0,0
Lachie Jones,29.5,0,0,0,0
Lachie Jones,34.5,0,0,0,0
Lachie Jones,39.5,0,0,0,0
Lachie Jones,44.5,0,0,0,0
Lachie Jones,49.5,0,0,0,0
Jason Horne-Francis,24.5,0,0,0,0
Jason Horne-Francis,29.5,0,0,0,0
Jason Horne-Francis,34.5,0,0,0,0
Jason Horne-Francis,39.5,0,0,0,0
Jason Horne-Francis,44.5,0,0,0,0
Jason Horne-Francis,49.5,0,0,0,0
Tom Powell,24.5,0,0,0,0
Tom Powell,29.5,0,0,0,0
Tom Powell,34.5,0,0,0,0
Tom Powell,39.5,0,0,0,0
Tom Powell,44.5,0,0,0,0
Tom Powell,49.5,0,0,0,0
Harrison Jones,24.5,0,0,0,0
Harrison Jones,29.5,0,0,0,0
Harrison Jones,34.5,0,0,0,0
Harrison Jones,39.5,0,0,0,0
Harrison Jones,44.5,0,0,0,0
Harrison Jones,49.5,0,0,0,0
Flynn Perez,24.5,0,0,0,0
Flynn Perez,29.5,0,0,0,0
Flynn Perez,34.5,0,0,0,0
Flynn Perez,39.5,0,0,0,0
Flynn Perez,44.5,0,0,0,0
Flynn Perez,49.5,0,0,0,0
Cody Weightman,24.5,0,0,0,0
Cody Weightman,29.5,0,0,0,0
Cody Weightman,34.5,0,0,0,0
Cody Weightman,39.5,0,0,0,0
Cody Weightman,44.5,0,0,0,0
Cody Weightman,49.5,0,0,0,0
James Blanck,24.5,0,0,0,0
James Blanck,29.5,0,0,0,0
James Blanck,34.5,0,0,0,0
James Blanck,39.5,0,0,0,0
James Blanck,44.5,0,0,0,0
James Blanck,49.5,0,0,0,0
Justin McInerney,24.5,0,0,0,0
Justin McInerney,29.5,0,0,0,0
Justin McInerney,34.5,0,0,0,0
Justin McInerney,39.5,0,0,0,0
Justin McInerney,44.5,0,0,0,0
Justin McInerney,49.5,0,0,0,0
Ben Jepson,24.5,0,0,NA,NA
Ben Jepson,29.5,0,0,NA,NA
Ben Jepson,34.5,0,0,NA,NA
Ben Jepson,39.5,0,0,NA,NA
Ben Jepson,44.5,0,0,NA,NA
Ben Jepson,49.5,0,0,NA,NA
Nick Bryan,24.5,0.6666666666666666,0.8,0.5714285714285714,0.5
Nick Bryan,29.5,0.3333333333333333,0.4,0.2857142857142857,0.2
Nick Bryan,34.5,0,0,0,0
Nick Bryan,39.5,0,0,0,0
Nick Bryan,44.5,0,0,0,0
Nick Bryan,49.5,0,0,0,0
Josh Worrell,24.5,0,0,0,0
Josh Worrell,29.5,0,0,0,0
Josh Worrell,34.5,0,0,0,0
Josh Worrell,39.5,0,0,0,0
Josh Worrell,44.5,0,0,0,0
Josh Worrell,49.5,0,0,0,0
Hugo Ralphsmith,24.5,0,0,0,0
Hugo Ralphsmith,29.5,0,0,0,0
Hugo Ralphsmith,34.5,0,0,0,0
Hugo Ralphsmith,39.5,0,0,0,0
Hugo Ralphsmith,44.5,0,0,0,0
Hugo Ralphsmith,49.5,0,0,0,0
Ryan Byrnes,24.5,0,0,0,0
Ryan Byrnes,29.5,0,0,0,0
Ryan Byrnes,34.5,0,0,0,0
Ryan Byrnes,39.5,0,0,0,0
Ryan Byrnes,44.5,0,0,0,0
Ryan Byrnes,49.5,0,0,0,0
Jack Watkins,24.5,0,0,0,0
Jack Watkins,29.5,0,0,0,0
Jack Watkins,34.5,0,0,0,0
Jack Watkins,39.5,0,0,0,0
Jack Watkins,44.5,0,0,0,0
Jack Watkins,49.5,0,0,0,0
Nic Martin,24.5,0,0,0,0
Nic Martin,29.5,0,0,0,0
Nic Martin,34.5,0,0,0,0
Nic Martin,39.5,0,0,0,0
Nic Martin,44.5,0,0,0,0
Nic Martin,49.5,0,0,0,0
Chad Warner,24.5,0,0,0,0
Chad Warner,29.5,0,0,0,0
Chad Warner,34.5,0,0,0,0
Chad Warner,39.5,0,0,0,0
Chad Warner,44.5,0,0,0,0
Chad Warner,49.5,0,0,0,0
Matt Roberts,24.5,0,0,0,0
Matt Roberts,29.5,0,0,0,0
Matt Roberts,34.5,0,0,0,0
Matt Roberts,39.5,0,0,0,0
Matt Roberts,44.5,0,0,0,0
Matt Roberts,49.5,0,0,0,0
Luke Pedlar,24.5,0,0,0,0
Luke Pedlar,29.5,0,0,0,0
Luke Pedlar,34.5,0,0,0,0
Luke Pedlar,39.5,0,0,0,0
Luke Pedlar,44.5,0,0,0,0
Luke Pedlar,49.5,0,0,0,0
Samson Ryan,24.5,0,0.2,0.14285714285714285,0.1
Samson Ryan,29.5,0,0,0,0
Samson Ryan,34.5,0,0,0,0
Samson Ryan,39.5,0,0,0,0
Samson Ryan,44.5,0,0,0,0
Samson Ryan,49.5,0,0,0,0
Tanner Bruhn,24.5,0,0,0,0
Tanner Bruhn,29.5,0,0,0,0
Tanner Bruhn,34.5,0,0,0,0
Tanner Bruhn,39.5,0,0,0,0
Tanner Bruhn,44.5,0,0,0,0
Tanner Bruhn,49.5,0,0,0,0
Sam Berry,24.5,0,0,0,0
Sam Berry,29.5,0,0,0,0
Sam Berry,34.5,0,0,0,0
Sam Berry,39.5,0,0,0,0
Sam Berry,44.5,0,0,0,0
Sam Berry,49.5,0,0,0,0
Zach Reid,24.5,0,0,0,0
Zach Reid,29.5,0,0,0,0
Zach Reid,34.5,0,0,0,0
Zach Reid,39.5,0,0,0,0
Zach Reid,44.5,0,0,0,0
Zach Reid,49.5,0,0,0,0
Josh Treacy,24.5,0,0,0,0
Josh Treacy,29.5,0,0,0,0
Josh Treacy,34.5,0,0,0,0
Josh Treacy,39.5,0,0,0,0
Josh Treacy,44.5,0,0,0,0
Josh Treacy,49.5,0,0,0,0
Jake Bowey,24.5,0,0,0,0
Jake Bowey,29.5,0,0,0,0
Jake Bowey,34.5,0,0,0,0
Jake Bowey,39.5,0,0,0,0
Jake Bowey,44.5,0,0,0,0
Jake Bowey,49.5,0,0,0,0
Bailey Laurie,24.5,0,0,0,0
Bailey Laurie,29.5,0,0,0,0
Bailey Laurie,34.5,0,0,0,0
Bailey Laurie,39.5,0,0,0,0
Bailey Laurie,44.5,0,0,0,0
Bailey Laurie,49.5,0,0,0,0
Finlay Macrae,24.5,0,0,0,0
Finlay Macrae,29.5,0,0,0,0
Finlay Macrae,34.5,0,0,0,0
Finlay Macrae,39.5,0,0,0,0
Finlay Macrae,44.5,0,0,0,0
Finlay Macrae,49.5,0,0,0,0
Liam McMahon,24.5,0,0,0,NA
Liam McMahon,29.5,0,0,0,NA
Liam McMahon,34.5,0,0,0,NA
Liam McMahon,39.5,0,0,0,NA
Liam McMahon,44.5,0,0,0,NA
Liam McMahon,49.5,0,0,0,NA
Jack Ginnivan,24.5,0,0,0,0
Jack Ginnivan,29.5,0,0,0,0
Jack Ginnivan,34.5,0,0,0,0
Jack Ginnivan,39.5,0,0,0,0
Jack Ginnivan,44.5,0,0,0,0
Jack Ginnivan,49.5,0,0,0,0
Oliver Henry,24.5,0,0,0,0
Oliver Henry,29.5,0,0,0,0
Oliver Henry,34.5,0,0,0,0
Oliver Henry,39.5,0,0,0,0
Oliver Henry,44.5,0,0,0,0
Oliver Henry,49.5,0,0,0,0
Elijah Hollands,24.5,0,0,0,0
Elijah Hollands,29.5,0,0,0,0
Elijah Hollands,34.5,0,0,0,0
Elijah Hollands,39.5,0,0,0,0
Elijah Hollands,44.5,0,0,0,0
Elijah Hollands,49.5,0,0,0,0
Wil Parker,24.5,0,0,0,0
Wil Parker,29.5,0,0,0,0
Wil Parker,34.5,0,0,0,0
Wil Parker,39.5,0,0,0,0
Wil Parker,44.5,0,0,0,0
Wil Parker,49.5,0,0,0,0
Ollie Lord,24.5,0,0,0,0
Ollie Lord,29.5,0,0,0,0
Ollie Lord,34.5,0,0,0,0
Ollie Lord,39.5,0,0,0,0
Ollie Lord,44.5,0,0,0,0
Ollie Lord,49.5,0,0,0,0
Errol Gulden,24.5,0,0,0,0
Errol Gulden,29.5,0,0,0,0
Errol Gulden,34.5,0,0,0,0
Errol Gulden,39.5,0,0,0,0
Errol Gulden,44.5,0,0,0,0
Errol Gulden,49.5,0,0,0,0
Braeden Campbell,24.5,0,0,0,0
Braeden Campbell,29.5,0,0,0,0
Braeden Campbell,34.5,0,0,0,0
Braeden Campbell,39.5,0,0,0,0
Braeden Campbell,44.5,0,0,0,0
Braeden Campbell,49.5,0,0,0,0
Andy Moniz-Wakefield,24.5,0,0,0,NA
Andy Moniz-Wakefield,29.5,0,0,0,NA
Andy Moniz-Wakefield,34.5,0,0,0,NA
Andy Moniz-Wakefield,39.5,0,0,0,NA
Andy Moniz-Wakefield,44.5,0,0,0,NA
Andy Moniz-Wakefield,49.5,0,0,0,NA
Sam Banks,24.5,0,0,0,0
Sam Banks,29.5,0,0,0,0
Sam Banks,34.5,0,0,0,0
Sam Banks,39.5,0,0,0,0
Sam Banks,44.5,0,0,0,0
Sam Banks,49.5,0,0,0,0
Nathan O'Driscoll,24.5,0,0,0,0
Nathan O'Driscoll,29.5,0,0,0,0
Nathan O'Driscoll,34.5,0,0,0,0
Nathan O'Driscoll,39.5,0,0,0,0
Nathan O'Driscoll,44.5,0,0,0,0
Nathan O'Driscoll,49.5,0,0,0,0
Heath Chapman,24.5,0,0,0,0
Heath Chapman,29.5,0,0,0,0
Heath Chapman,34.5,0,0,0,0
Heath Chapman,39.5,0,0,0,0
Heath Chapman,44.5,0,0,0,0
Heath Chapman,49.5,0,0,0,0
Logan McDonald,24.5,0,0,0,0
Logan McDonald,29.5,0,0,0,0
Logan McDonald,34.5,0,0,0,0
Logan McDonald,39.5,0,0,0,0
Logan McDonald,44.5,0,0,0,0
Logan McDonald,49.5,0,0,0,0
Jack Carroll,24.5,0,0,0,0
Jack Carroll,29.5,0,0,0,0
Jack Carroll,34.5,0,0,0,0
Jack Carroll,39.5,0,0,0,0
Jack Carroll,44.5,0,0,0,0
Jack Carroll,49.5,0,0,0,0
Sam Clohesy,24.5,0,0,0,0
Sam Clohesy,29.5,0,0,0,0
Sam Clohesy,34.5,0,0,0,0
Sam Clohesy,39.5,0,0,0,0
Sam Clohesy,44.5,0,0,0,0
Sam Clohesy,49.5,0,0,0,0
Alex Davies,24.5,0,0,0,0
Alex Davies,29.5,0,0,0,0
Alex Davies,34.5,0,0,0,0
Alex Davies,39.5,0,0,0,0
Alex Davies,44.5,0,0,0,0
Alex Davies,49.5,0,0,0,0
Reef McInnes,24.5,0,0,0,0
Reef McInnes,29.5,0,0,0,0
Reef McInnes,34.5,0,0,0,0
Reef McInnes,39.5,0,0,0,0
Reef McInnes,44.5,0,0,0,0
Reef McInnes,49.5,0,0,0,0
Sandy Brock,24.5,0,0,0,0
Sandy Brock,29.5,0,0,0,0
Sandy Brock,34.5,0,0,0,0
Sandy Brock,39.5,0,0,0,0
Sandy Brock,44.5,0,0,0,0
Sandy Brock,49.5,0,0,0,0
James Jordon,24.5,0,0,0,0
James Jordon,29.5,0,0,0,0
James Jordon,34.5,0,0,0,0
James Jordon,39.5,0,0,0,0
James Jordon,44.5,0,0,0,0
James Jordon,49.5,0,0,0,0
Jase Burgoyne,24.5,0,0,0,0
Jase Burgoyne,29.5,0,0,0,0
Jase Burgoyne,34.5,0,0,0,0
Jase Burgoyne,39.5,0,0,0,0
Jase Burgoyne,44.5,0,0,0,0
Jase Burgoyne,49.5,0,0,0,0
Lawson Humphries,24.5,0,0,0,0
Lawson Humphries,29.5,0,0,0,0
Lawson Humphries,34.5,0,0,0,0
Lawson Humphries,39.5,0,0,0,0
Lawson Humphries,44.5,0,0,0,0
Lawson Humphries,49.5,0,0,0,0
Tyler Brockman,24.5,0,0,0,0
Tyler Brockman,29.5,0,0,0,0
Tyler Brockman,34.5,0,0,0,0
Tyler Brockman,39.5,0,0,0,0
Tyler Brockman,44.5,0,0,0,0
Tyler Brockman,49.5,0,0,0,0
Sam Sturt,24.5,0,0,0,0
Sam Sturt,29.5,0,0,0,0
Sam Sturt,34.5,0,0,0,0
Sam Sturt,39.5,0,0,0,0
Sam Sturt,44.5,0,0,0,0
Sam Sturt,49.5,0,0,0,0
Matthew Owies,24.5,0,0,0,0
Matthew Owies,29.5,0,0,0,0
Matthew Owies,34.5,0,0,0,0
Matthew Owies,39.5,0,0,0,0
Matthew Owies,44.5,0,0,0,0
Matthew Owies,49.5,0,0,0,0
Mark Keane,24.5,0,0,0,0
Mark Keane,29.5,0,0,0,0
Mark Keane,34.5,0,0,0,0
Mark Keane,39.5,0,0,0,0
Mark Keane,44.5,0,0,0,0
Mark Keane,49.5,0,0,0,0
Jordan Croft,24.5,0,0,0,0
Jordan Croft,29.5,0,0,0,0
Jordan Croft,34.5,0,0,0,0
Jordan Croft,39.5,0,0,0,0
Jordan Croft,44.5,0,0,0,0
Jordan Croft,49.5,0,0,0,0
Kai Lohmann,24.5,0,0,0,0
Kai Lohmann,29.5,0,0,0,0
Kai Lohmann,34.5,0,0,0,0
Kai Lohmann,39.5,0,0,0,0
Kai Lohmann,44.5,0,0,0,0
Kai Lohmann,49.5,0,0,0,0
Callum Brown,24.5,0,0,0,0
Callum Brown,29.5,0,0,0,0
Callum Brown,34.5,0,0,0,0
Callum Brown,39.5,0,0,0,0
Callum Brown,44.5,0,0,0,0
Callum Brown,49.5,0,0,0,0
Lukas Cooke,24.5,NA,NA,NA,NA
Lukas Cooke,29.5,NA,NA,NA,NA
Lukas Cooke,34.5,NA,NA,NA,NA
Lukas Cooke,39.5,NA,NA,NA,NA
Lukas Cooke,44.5,NA,NA,NA,NA
Lukas Cooke,49.5,NA,NA,NA,NA
Isaac Keeler,24.5,0,0,0,0
Isaac Keeler,29.5,0,0,0,0
Isaac Keeler,34.5,0,0,0,0
Isaac Keeler,39.5,0,0,0,0
Isaac Keeler,44.5,0,0,0,0
Isaac Keeler,49.5,0,0,0,0
Billy Dowling,24.5,0,0,0,0
Billy Dowling,29.5,0,0,0,0
Billy Dowling,34.5,0,0,0,0
Billy Dowling,39.5,0,0,0,0
Billy Dowling,44.5,0,0,0,0
Billy Dowling,49.5,0,0,0,0
Harvey Harrison,24.5,0,0,0,0
Harvey Harrison,29.5,0,0,0,0
Harvey Harrison,34.5,0,0,0,0
Harvey Harrison,39.5,0,0,0,0
Harvey Harrison,44.5,0,0,0,0
Harvey Harrison,49.5,0,0,0,0
Max Michalanney,24.5,0,0,0,0
Max Michalanney,29.5,0,0,0,0
Max Michalanney,34.5,0,0,0,0
Max Michalanney,39.5,0,0,0,0
Max Michalanney,44.5,0,0,0,0
Max Michalanney,49.5,0,0,0,0
Nasiah Wanganeen-Milera,24.5,0,0,0,0
Nasiah Wanganeen-Milera,29.5,0,0,0,0
Nasiah Wanganeen-Milera,34.5,0,0,0,0
Nasiah Wanganeen-Milera,39.5,0,0,0,0
Nasiah Wanganeen-Milera,44.5,0,0,0,0
Nasiah Wanganeen-Milera,49.5,0,0,0,0
Oscar Adams,24.5,0,0,0,0
Oscar Adams,29.5,0,0,0,0
Oscar Adams,34.5,0,0,0,0
Oscar Adams,39.5,0,0,0,0
Oscar Adams,44.5,0,0,0,0
Oscar Adams,49.5,0,0,0,0
Ryan Angwin,24.5,0,0,0,0
Ryan Angwin,29.5,0,0,0,0
Ryan Angwin,34.5,0,0,0,0
Ryan Angwin,39.5,0,0,0,0
Ryan Angwin,44.5,0,0,0,0
Ryan Angwin,49.5,0,0,0,0
Charlie Comben,24.5,0,0,0,0
Charlie Comben,29.5,0,0,0,0
Charlie Comben,34.5,0,0,0,0
Charlie Comben,39.5,0,0,0,0
Charlie Comben,44.5,0,0,0,0
Charlie Comben,49.5,0,0,0,0
Marcus Herbert,24.5,0,0,0,NA
Marcus Herbert,29.5,0,0,0,NA
Marcus Herbert,34.5,0,0,0,NA
Marcus Herbert,39.5,0,0,0,NA
Marcus Herbert,44.5,0,0,0,NA
Marcus Herbert,49.5,0,0,0,NA
Sam Durham,24.5,0,0,0,0
Sam Durham,29.5,0,0,0,0
Sam Durham,34.5,0,0,0,0
Sam Durham,39.5,0,0,0,0
Sam Durham,44.5,0,0,0,0
Sam Durham,49.5,0,0,0,0
Nik Cox,24.5,0,0,0,0
Nik Cox,29.5,0,0,0,0
Nik Cox,34.5,0,0,0,0
Nik Cox,39.5,0,0,0,0
Nik Cox,44.5,0,0,0,0
Nik Cox,49.5,0,0,0,0
Conor Stone,24.5,0,0,0,0
Conor Stone,29.5,0,0,0,0
Conor Stone,34.5,0,0,0,0
Conor Stone,39.5,0,0,0,0
Conor Stone,44.5,0,0,0,0
Conor Stone,49.5,0,0,0,0
Archie Perkins,24.5,0,0,0,0
Archie Perkins,29.5,0,0,0,0
Archie Perkins,34.5,0,0,0,0
Archie Perkins,39.5,0,0,0,0
Archie Perkins,44.5,0,0,0,0
Archie Perkins,49.5,0,0,0,0
Tom Blamires,24.5,0,0,0,0
Tom Blamires,29.5,0,0,0,0
Tom Blamires,34.5,0,0,0,0
Tom Blamires,39.5,0,0,0,0
Tom Blamires,44.5,0,0,0,0
Tom Blamires,49.5,0,0,0,0
Max Heath,24.5,0,0,0.14285714285714285,0.1
Max Heath,29.5,0,0,0,0
Max Heath,34.5,0,0,0,0
Max Heath,39.5,0,0,0,0
Max Heath,44.5,0,0,0,0
Max Heath,49.5,0,0,0,0
Max Holmes,24.5,0,0,0,0
Max Holmes,29.5,0,0,0,0
Max Holmes,34.5,0,0,0,0
Max Holmes,39.5,0,0,0,0
Max Holmes,44.5,0,0,0,0
Max Holmes,49.5,0,0,0,0
Saad El-Hawli,24.5,0,0,0,0
Saad El-Hawli,29.5,0,0,0,0
Saad El-Hawli,34.5,0,0,0,0
Saad El-Hawli,39.5,0,0,0,0
Saad El-Hawli,44.5,0,0,0,0
Saad El-Hawli,49.5,0,0,0,0
Luke Cleary,24.5,0,0,0,0
Luke Cleary,29.5,0,0,0,0
Luke Cleary,34.5,0,0,0,0
Luke Cleary,39.5,0,0,0,0
Luke Cleary,44.5,0,0,0,0
Luke Cleary,49.5,0,0,0,0
Wade Derksen,24.5,0,0,0,0
Wade Derksen,29.5,0,0,0,0
Wade Derksen,34.5,0,0,0,0
Wade Derksen,39.5,0,0,0,0
Wade Derksen,44.5,0,0,0,0
Wade Derksen,49.5,0,0,0,0
Henry Smith,24.5,0,0,NA,NA
Henry Smith,29.5,0,0,NA,NA
Henry Smith,34.5,0,0,NA,NA
Henry Smith,39.5,0,0,NA,NA
Henry Smith,44.5,0,0,NA,NA
Henry Smith,49.5,0,0,NA,NA
Shannon Neale,24.5,0,0,0,0
Shannon Neale,29.5,0,0,0,0
Shannon Neale,34.5,0,0,0,0
Shannon Neale,39.5,0,0,0,0
Shannon Neale,44.5,0,0,0,0
Shannon Neale,49.5,0,0,0,0
Matthew Johnson,24.5,0,0,0,0
Matthew Johnson,29.5,0,0,0,0
Matthew Johnson,34.5,0,0,0,0
Matthew Johnson,39.5,0,0,0,0
Matthew Johnson,44.5,0,0,0,0
Matthew Johnson,49.5,0,0,0,0
Judson Clarke,24.5,0,0,0,0
Judson Clarke,29.5,0,0,0,0
Judson Clarke,34.5,0,0,0,0
Judson Clarke,39.5,0,0,0,0
Judson Clarke,44.5,0,0,0,0
Judson Clarke,49.5,0,0,0,0
Josh Rachele,24.5,0,0,0,0
Josh Rachele,29.5,0,0,0,0
Josh Rachele,34.5,0,0,0,0
Josh Rachele,39.5,0,0,0,0
Josh Rachele,44.5,0,0,0,0
Josh Rachele,49.5,0,0,0,0
Campbell Chesser,24.5,0,0,0,0
Campbell Chesser,29.5,0,0,0,0
Campbell Chesser,34.5,0,0,0,0
Campbell Chesser,39.5,0,0,0,0
Campbell Chesser,44.5,0,0,0,0
Campbell Chesser,49.5,0,0,0,0
Josh Gibcus,24.5,0,0,0,0
Josh Gibcus,29.5,0,0,0,0
Josh Gibcus,34.5,0,0,0,0
Josh Gibcus,39.5,0,0,0,0
Josh Gibcus,44.5,0,0,0,0
Josh Gibcus,49.5,0,0,0,0
Toby Conway,24.5,0.3333333333333333,0.4,NA,NA
Toby Conway,29.5,0,0.2,NA,NA
Toby Conway,34.5,0,0.2,NA,NA
Toby Conway,39.5,0,0.2,NA,NA
Toby Conway,44.5,0,0,NA,NA
Toby Conway,49.5,0,0,NA,NA
Zac Taylor,24.5,0,0,0,0
Zac Taylor,29.5,0,0,0,0
Zac Taylor,34.5,0,0,0,0
Zac Taylor,39.5,0,0,0,0
Zac Taylor,44.5,0,0,0,0
Zac Taylor,49.5,0,0,0,0
Darcy Wilmot,24.5,0,0,0,0
Darcy Wilmot,29.5,0,0,0,0
Darcy Wilmot,34.5,0,0,0,0
Darcy Wilmot,39.5,0,0,0,0
Darcy Wilmot,44.5,0,0,0,0
Darcy Wilmot,49.5,0,0,0,0
Joel Fitzgerald,24.5,0,0,0,NA
Joel Fitzgerald,29.5,0,0,0,NA
Joel Fitzgerald,34.5,0,0,0,NA
Joel Fitzgerald,39.5,0,0,0,NA
Joel Fitzgerald,44.5,0,0,0,NA
Joel Fitzgerald,49.5,0,0,0,NA
Josh Sinn,24.5,0,0,0,0
Josh Sinn,29.5,0,0,0,0
Josh Sinn,34.5,0,0,0,0
Josh Sinn,39.5,0,0,0,0
Josh Sinn,44.5,0,0,0,0
Josh Sinn,49.5,0,0,0,0
Tom Brown,24.5,0,0,0,0
Tom Brown,29.5,0,0,0,0
Tom Brown,34.5,0,0,0,0
Tom Brown,39.5,0,0,0,0
Tom Brown,44.5,0,0,0,0
Tom Brown,49.5,0,0,0,0
Harvey Gallagher,24.5,0,0,0,0
Harvey Gallagher,29.5,0,0,0,0
Harvey Gallagher,34.5,0,0,0,0
Harvey Gallagher,39.5,0,0,0,0
Harvey Gallagher,44.5,0,0,0,0
Harvey Gallagher,49.5,0,0,0,0
Jai Serong,24.5,0,0,0,0
Jai Serong,29.5,0,0,0,0
Jai Serong,34.5,0,0,0,0
Jai Serong,39.5,0,0,0,0
Jai Serong,44.5,0,0,0,0
Jai Serong,49.5,0,0,0,0
Connor Macdonald,24.5,0,0,0,0
Connor Macdonald,29.5,0,0,0,0
Connor Macdonald,34.5,0,0,0,0
Connor Macdonald,39.5,0,0,0,0
Connor Macdonald,44.5,0,0,0,0
Connor Macdonald,49.5,0,0,0,0
Jake Soligo,24.5,0,0,0,0
Jake Soligo,29.5,0,0,0,0
Jake Soligo,34.5,0,0,0,0
Jake Soligo,39.5,0,0,0,0
Jake Soligo,44.5,0,0,0,0
Jake Soligo,49.5,0,0,0,0
Josh Ward,24.5,0,0,0,0
Josh Ward,29.5,0,0,0,0
Josh Ward,34.5,0,0,0,0
Josh Ward,39.5,0,0,0,0
Josh Ward,44.5,0,0,0,0
Josh Ward,49.5,0,0,0,0
Tyler Sonsie,24.5,0,0,0,0
Tyler Sonsie,29.5,0,0,0,0
Tyler Sonsie,34.5,0,0,0,0
Tyler Sonsie,39.5,0,0,0,0
Tyler Sonsie,44.5,0,0,0,0
Tyler Sonsie,49.5,0,0,0,0
Josh Goater,24.5,0,0,0,0
Josh Goater,29.5,0,0,0,0
Josh Goater,34.5,0,0,0,0
Josh Goater,39.5,0,0,0,0
Josh Goater,44.5,0,0,0,0
Josh Goater,49.5,0,0,0,0
Blake Howes,24.5,0,0,0,0
Blake Howes,29.5,0,0,0,0
Blake Howes,34.5,0,0,0,0
Blake Howes,39.5,0,0,0,0
Blake Howes,44.5,0,0,0,0
Blake Howes,49.5,0,0,0,0
Ned Long,24.5,0,0,0,0
Ned Long,29.5,0,0,0,0
Ned Long,34.5,0,0,0,0
Ned Long,39.5,0,0,0,0
Ned Long,44.5,0,0,0,0
Ned Long,49.5,0,0,0,0
Sam Darcy,24.5,0,0,0,0
Sam Darcy,29.5,0,0,0,0
Sam Darcy,34.5,0,0,0,0
Sam Darcy,39.5,0,0,0,0
Sam Darcy,44.5,0,0,0,0
Sam Darcy,49.5,0,0,0,0
Dante Visentini,24.5,0,0.2,0.14285714285714285,0.1
Dante Visentini,29.5,0,0,0,0
Dante Visentini,34.5,0,0,0,0
Dante Visentini,39.5,0,0,0,0
Dante Visentini,44.5,0,0,0,0
Dante Visentini,49.5,0,0,0,0
Francis Evans,24.5,0,0,0,0
Francis Evans,29.5,0,0,0,0
Francis Evans,34.5,0,0,0,0
Francis Evans,39.5,0,0,0,0
Francis Evans,44.5,0,0,0,0
Francis Evans,49.5,0,0,0,0
Mac Andrew,24.5,0,0,0,0
Mac Andrew,29.5,0,0,0,0
Mac Andrew,34.5,0,0,0,0
Mac Andrew,39.5,0,0,0,0
Mac Andrew,44.5,0,0,0,0
Mac Andrew,49.5,0,0,0,0
Caleb Lewis,24.5,NA,NA,NA,NA
Caleb Lewis,29.5,NA,NA,NA,NA
Caleb Lewis,34.5,NA,NA,NA,NA
Caleb Lewis,39.5,NA,NA,NA,NA
Caleb Lewis,44.5,NA,NA,NA,NA
Caleb Lewis,49.5,NA,NA,NA,NA
Bodhi Uwland,24.5,0,0,0,0
Bodhi Uwland,29.5,0,0,0,0
Bodhi Uwland,34.5,0,0,0,0
Bodhi Uwland,39.5,0,0,0,0
Bodhi Uwland,44.5,0,0,0,0
Bodhi Uwland,49.5,0,0,0,0
Jesse Motlop,24.5,0,0,0,0
Jesse Motlop,29.5,0,0,0,0
Jesse Motlop,34.5,0,0,0,0
Jesse Motlop,39.5,0,0,0,0
Jesse Motlop,44.5,0,0,0,0
Jesse Motlop,49.5,0,0,0,0
Judd McVee,24.5,0,0,0,0
Judd McVee,29.5,0,0,0,0
Judd McVee,34.5,0,0,0,0
Judd McVee,39.5,0,0,0,0
Judd McVee,44.5,0,0,0,0
Judd McVee,49.5,0,0,0,0
Rhett Bazzo,24.5,0,0,0,0
Rhett Bazzo,29.5,0,0,0,0
Rhett Bazzo,34.5,0,0,0,0
Rhett Bazzo,39.5,0,0,0,0
Rhett Bazzo,44.5,0,0,0,0
Rhett Bazzo,49.5,0,0,0,0
Jacob van Rooyen,24.5,0,0,0,0
Jacob van Rooyen,29.5,0,0,0,0
Jacob van Rooyen,34.5,0,0,0,0
Jacob van Rooyen,39.5,0,0,0,0
Jacob van Rooyen,44.5,0,0,0,0
Jacob van Rooyen,49.5,0,0,0,0
Liam Puncher,24.5,0,0,NA,NA
Liam Puncher,29.5,0,0,NA,NA
Liam Puncher,34.5,0,0,NA,NA
Liam Puncher,39.5,0,0,NA,NA
Liam Puncher,44.5,0,0,NA,NA
Liam Puncher,49.5,0,0,NA,NA
Patrick Voss,24.5,0,0,0,0
Patrick Voss,29.5,0,0,0,0
Patrick Voss,34.5,0,0,0,0
Patrick Voss,39.5,0,0,0,0
Patrick Voss,44.5,0,0,0,0
Patrick Voss,49.5,0,0,0,0
William Edwards,24.5,0,0,0,0
William Edwards,29.5,0,0,0,0
William Edwards,34.5,0,0,0,0
William Edwards,39.5,0,0,0,0
William Edwards,44.5,0,0,0,0
William Edwards,49.5,0,0,0,0
Ryley Sanders,24.5,0,0,0,0
Ryley Sanders,29.5,0,0,0,0
Ryley Sanders,34.5,0,0,0,0
Ryley Sanders,39.5,0,0,0,0
Ryley Sanders,44.5,0,0,0,0
Ryley Sanders,49.5,0,0,0,0
Lance Collard,24.5,0,0,0,0
Lance Collard,29.5,0,0,0,0
Lance Collard,34.5,0,0,0,0
Lance Collard,39.5,0,0,0,0
Lance Collard,44.5,0,0,0,0
Lance Collard,49.5,0,0,0,0
Cooper Sharman,24.5,0,0,0,0
Cooper Sharman,29.5,0,0,0,0
Cooper Sharman,34.5,0,0,0,0
Cooper Sharman,39.5,0,0,0,0
Cooper Sharman,44.5,0,0,0,0
Cooper Sharman,49.5,0,0,0,0
Jake Rogers,24.5,0,0,0,0
Jake Rogers,29.5,0,0,0,0
Jake Rogers,34.5,0,0,0,0
Jake Rogers,39.5,0,0,0,0
Jake Rogers,44.5,0,0,0,0
Jake Rogers,49.5,0,0,0,0
Thomas Edwards,24.5,0,0,0,NA
Thomas Edwards,29.5,0,0,0,NA
Thomas Edwards,34.5,0,0,0,NA
Thomas Edwards,39.5,0,0,0,NA
Thomas Edwards,44.5,0,0,0,NA
Thomas Edwards,49.5,0,0,0,NA
Brayden Cook,24.5,0,0,0,0
Brayden Cook,29.5,0,0,0,0
Brayden Cook,34.5,0,0,0,0
Brayden Cook,39.5,0,0,0,0
Brayden Cook,44.5,0,0,0,0
Brayden Cook,49.5,0,0,0,0
Corey Warner,24.5,0,0,0,0
Corey Warner,29.5,0,0,0,0
Corey Warner,34.5,0,0,0,0
Corey Warner,39.5,0,0,0,0
Corey Warner,44.5,0,0,0,0
Corey Warner,49.5,0,0,0,0
Tylar Young,24.5,0,0,0,0
Tylar Young,29.5,0,0,0,0
Tylar Young,34.5,0,0,0,0
Tylar Young,39.5,0,0,0,0
Tylar Young,44.5,0,0,0,0
Tylar Young,49.5,0,0,0,0
Jayden Nguyen,24.5,0,0,0,0
Jayden Nguyen,29.5,0,0,0,0
Jayden Nguyen,34.5,0,0,0,0
Jayden Nguyen,39.5,0,0,0,0
Jayden Nguyen,44.5,0,0,0,0
Jayden Nguyen,49.5,0,0,0,0
Lucca Grego,24.5,NA,NA,NA,NA
Lucca Grego,29.5,NA,NA,NA,NA
Lucca Grego,34.5,NA,NA,NA,NA
Lucca Grego,39.5,NA,NA,NA,NA
Lucca Grego,44.5,NA,NA,NA,NA
Lucca Grego,49.5,NA,NA,NA,NA
Aaron Cadman,24.5,0,0,0,0
Aaron Cadman,29.5,0,0,0,0
Aaron Cadman,34.5,0,0,0,0
Aaron Cadman,39.5,0,0,0,0
Aaron Cadman,44.5,0,0,0,0
Aaron Cadman,49.5,0,0,0,0
Kane McAuliffe,24.5,0,0,0,0
Kane McAuliffe,29.5,0,0,0,0
Kane McAuliffe,34.5,0,0,0,0
Kane McAuliffe,39.5,0,0,0,0
Kane McAuliffe,44.5,0,0,0,0
Kane McAuliffe,49.5,0,0,0,0
Logan Evans,24.5,0,0,0,0
Logan Evans,29.5,0,0,0,0
Logan Evans,34.5,0,0,0,0
Logan Evans,39.5,0,0,0,0
Logan Evans,44.5,0,0,0,0
Logan Evans,49.5,0,0,0,0
Harry Barnett,24.5,NA,NA,NA,NA
Harry Barnett,29.5,NA,NA,NA,NA
Harry Barnett,34.5,NA,NA,NA,NA
Harry Barnett,39.5,NA,NA,NA,NA
Harry Barnett,44.5,NA,NA,NA,NA
Harry Barnett,49.5,NA,NA,NA,NA
Ashton Moir,24.5,0,0,0,0
Ashton Moir,29.5,0,0,0,0
Ashton Moir,34.5,0,0,0,0
Ashton Moir,39.5,0,0,0,0
Ashton Moir,44.5,0,0,0,0
Ashton Moir,49.5,0,0,0,0
Jakob Ryan,24.5,NA,NA,NA,NA
Jakob Ryan,29.5,NA,NA,NA,NA
Jakob Ryan,34.5,NA,NA,NA,NA
Jakob Ryan,39.5,NA,NA,NA,NA
Jakob Ryan,44.5,NA,NA,NA,NA
Jakob Ryan,49.5,NA,NA,NA,NA
Mattaes Phillipou,24.5,0,0,0,0
Mattaes Phillipou,29.5,0,0,0,0
Mattaes Phillipou,34.5,0,0,0,0
Mattaes Phillipou,39.5,0,0,0,0
Mattaes Phillipou,44.5,0,0,0,0
Mattaes Phillipou,49.5,0,0,0,0
Neil Erasmus,24.5,0,0,0,0
Neil Erasmus,29.5,0,0,0,0
Neil Erasmus,34.5,0,0,0,0
Neil Erasmus,39.5,0,0,0,0
Neil Erasmus,44.5,0,0,0,0
Neil Erasmus,49.5,0,0,0,0
Angus Sheldrick,24.5,0,0,0,0
Angus Sheldrick,29.5,0,0,0,0
Angus Sheldrick,34.5,0,0,0,0
Angus Sheldrick,39.5,0,0,0,0
Angus Sheldrick,44.5,0,0,0,0
Angus Sheldrick,49.5,0,0,0,0
Jack Williams,24.5,0,0,0,0
Jack Williams,29.5,0,0,0,0
Jack Williams,34.5,0,0,0,0
Jack Williams,39.5,0,0,0,0
Jack Williams,44.5,0,0,0,0
Jack Williams,49.5,0,0,0,0
Arthur Jones,24.5,0,0,0,0
Arthur Jones,29.5,0,0,0,0
Arthur Jones,34.5,0,0,0,0
Arthur Jones,39.5,0,0,0,0
Arthur Jones,44.5,0,0,0,0
Arthur Jones,49.5,0,0,0,0
Jye Amiss,24.5,0,0,0,0
Jye Amiss,29.5,0,0,0,0
Jye Amiss,34.5,0,0,0,0
Jye Amiss,39.5,0,0,0,0
Jye Amiss,44.5,0,0,0,0
Jye Amiss,49.5,0,0,0,0
Michael Sellwood,24.5,0,0,0,0
Michael Sellwood,29.5,0,0,0,0
Michael Sellwood,34.5,0,0,0,0
Michael Sellwood,39.5,0,0,0,0
Michael Sellwood,44.5,0,0,0,0
Michael Sellwood,49.5,0,0,0,0
Darcy Jones,24.5,0,0,0,0
Darcy Jones,29.5,0,0,0,0
Darcy Jones,34.5,0,0,0,0
Darcy Jones,39.5,0,0,0,0
Darcy Jones,44.5,0,0,0,0
Darcy Jones,49.5,0,0,0,0
Joshua Draper,24.5,0,0,0,0
Joshua Draper,29.5,0,0,0,0
Joshua Draper,34.5,0,0,0,0
Joshua Draper,39.5,0,0,0,0
Joshua Draper,44.5,0,0,0,0
Joshua Draper,49.5,0,0,0,0
Elijah Hewett,24.5,0,0,0,0
Elijah Hewett,29.5,0,0,0,0
Elijah Hewett,34.5,0,0,0,0
Elijah Hewett,39.5,0,0,0,0
Elijah Hewett,44.5,0,0,0,0
Elijah Hewett,49.5,0,0,0,0
Jai Culley,24.5,0,0,0,0
Jai Culley,29.5,0,0,0,0
Jai Culley,34.5,0,0,0,0
Jai Culley,39.5,0,0,0,0
Jai Culley,44.5,0,0,0,0
Jai Culley,49.5,0,0,0,0
Max Hall,24.5,0,0,0,0
Max Hall,29.5,0,0,0,0
Max Hall,34.5,0,0,0,0
Max Hall,39.5,0,0,0,0
Max Hall,44.5,0,0,0,0
Max Hall,49.5,0,0,0,0
Flynn Young,24.5,0,0,0,0
Flynn Young,29.5,0,0,0,0
Flynn Young,34.5,0,0,0,0
Flynn Young,39.5,0,0,0,0
Flynn Young,44.5,0,0,0,0
Flynn Young,49.5,0,0,0,0
Oliver Wiltshire,24.5,0,0,0,0
Oliver Wiltshire,29.5,0,0,0,0
Oliver Wiltshire,34.5,0,0,0,0
Oliver Wiltshire,39.5,0,0,0,0
Oliver Wiltshire,44.5,0,0,0,0
Oliver Wiltshire,49.5,0,0,0,0
Paddy Cross,24.5,0,0,0,0
Paddy Cross,29.5,0,0,0,0
Paddy Cross,34.5,0,0,0,0
Paddy Cross,39.5,0,0,0,0
Paddy Cross,44.5,0,0,0,0
Paddy Cross,49.5,0,0,0,0
Jai Newcombe,24.5,0,0,0,0
Jai Newcombe,29.5,0,0,0,0
Jai Newcombe,34.5,0,0,0,0
Jai Newcombe,39.5,0,0,0,0
Jai Newcombe,44.5,0,0,0,0
Jai Newcombe,49.5,0,0,0,0
Zac Banch,24.5,0,0,0,NA
Zac Banch,29.5,0,0,0,NA
Zac Banch,34.5,0,0,0,NA
Zac Banch,39.5,0,0,0,NA
Zac Banch,44.5,0,0,0,NA
Zac Banch,49.5,0,0,0,NA
Toby Murray,24.5,0,0,0,0
Toby Murray,29.5,0,0,0,0
Toby Murray,34.5,0,0,0,0
Toby Murray,39.5,0,0,0,0
Toby Murray,44.5,0,0,0,0
Toby Murray,49.5,0,0,0,0
Daniel Turner,24.5,0,0,0,0
Daniel Turner,29.5,0,0,0,0
Daniel Turner,34.5,0,0,0,0
Daniel Turner,39.5,0,0,0,0
Daniel Turner,44.5,0,0,0,0
Daniel Turner,49.5,0,0,0,0
Jackson Archer,24.5,0,0,0,0
Jackson Archer,29.5,0,0,0,0
Jackson Archer,34.5,0,0,0,0
Jackson Archer,39.5,0,0,0,0
Jackson Archer,44.5,0,0,0,0
Jackson Archer,49.5,0,0,0,0
Cooper Harvey,24.5,0,0,0,0
Cooper Harvey,29.5,0,0,0,0
Cooper Harvey,34.5,0,0,0,0
Cooper Harvey,39.5,0,0,0,0
Cooper Harvey,44.5,0,0,0,0
Cooper Harvey,49.5,0,0,0,0
Ned Moyle,24.5,1,1,0.7142857142857143,0.7
Ned Moyle,29.5,1,1,0.7142857142857143,0.6
Ned Moyle,34.5,0.6666666666666666,0.8,0.5714285714285714,0.5
Ned Moyle,39.5,0.3333333333333333,0.6,0.42857142857142855,0.4
Ned Moyle,44.5,0,0.4,0.2857142857142857,0.2
Ned Moyle,49.5,0,0.2,0.14285714285714285,0.1
Karl Worner,24.5,0,0,0,0
Karl Worner,29.5,0,0,0,0
Karl Worner,34.5,0,0,0,0
Karl Worner,39.5,0,0,0,0
Karl Worner,44.5,0,0,0,0
Karl Worner,49.5,0,0,0,0
Luke Nankervis,24.5,0,0,0,0
Luke Nankervis,29.5,0,0,0,0
Luke Nankervis,34.5,0,0,0,0
Luke Nankervis,39.5,0,0,0,0
Luke Nankervis,44.5,0,0,0,0
Luke Nankervis,49.5,0,0,0,0
Mitch Knevitt,24.5,0,0,0,0
Mitch Knevitt,29.5,0,0,0,0
Mitch Knevitt,34.5,0,0,0,0
Mitch Knevitt,39.5,0,0,0,0
Mitch Knevitt,44.5,0,0,0,0
Mitch Knevitt,49.5,0,0,0,0
James Tunstill,24.5,0,0,0,0
James Tunstill,29.5,0,0,0,0
James Tunstill,34.5,0,0,0,0
James Tunstill,39.5,0,0,0,0
James Tunstill,44.5,0,0,0,0
James Tunstill,49.5,0,0,0,0
Harry Rowston,24.5,0,0,0,0
Harry Rowston,29.5,0,0,0,0
Harry Rowston,34.5,0,0,0,0
Harry Rowston,39.5,0,0,0,0
Harry Rowston,44.5,0,0,0,0
Harry Rowston,49.5,0,0,0,0
Lachlan McAndrew,24.5,0.6666666666666666,0.8,0.7142857142857143,0.7
Lachlan McAndrew,29.5,0.6666666666666666,0.6,0.42857142857142855,0.5
Lachlan McAndrew,34.5,0.6666666666666666,0.6,0.42857142857142855,0.5
Lachlan McAndrew,39.5,0,0,0,0.1
Lachlan McAndrew,44.5,0,0,0,0.1
Lachlan McAndrew,49.5,0,0,0,0.1
Lachlan Cowan,24.5,0,0,0,0
Lachlan Cowan,29.5,0,0,0,0
Lachlan Cowan,34.5,0,0,0,0
Lachlan Cowan,39.5,0,0,0,0
Lachlan Cowan,44.5,0,0,0,0
Lachlan Cowan,49.5,0,0,0,0
Tom Cochrane,24.5,0,0,NA,NA
Tom Cochrane,29.5,0,0,NA,NA
Tom Cochrane,34.5,0,0,NA,NA
Tom Cochrane,39.5,0,0,NA,NA
Tom Cochrane,44.5,0,0,NA,NA
Tom Cochrane,49.5,0,0,NA,NA
Liam Fawcett,24.5,0,0,0,NA
Liam Fawcett,29.5,0,0,0,NA
Liam Fawcett,34.5,0,0,0,NA
Liam Fawcett,39.5,0,0,0,NA
Liam Fawcett,44.5,0,0,0,NA
Liam Fawcett,49.5,0,0,0,NA
William McCabe,24.5,0,NA,NA,NA
William McCabe,29.5,0,NA,NA,NA
William McCabe,34.5,0,NA,NA,NA
William McCabe,39.5,0,NA,NA,NA
William McCabe,44.5,0,NA,NA,NA
William McCabe,49.5,0,NA,NA,NA
Lucas Camporeale,24.5,0,NA,NA,NA
Lucas Camporeale,29.5,0,NA,NA,NA
Lucas Camporeale,34.5,0,NA,NA,NA
Lucas Camporeale,39.5,0,NA,NA,NA
Lucas Camporeale,44.5,0,NA,NA,NA
Lucas Camporeale,49.5,0,NA,NA,NA
Bodie Ryan,24.5,0,0,NA,NA
Bodie Ryan,29.5,0,0,NA,NA
Bodie Ryan,34.5,0,0,NA,NA
Bodie Ryan,39.5,0,0,NA,NA
Bodie Ryan,44.5,0,0,NA,NA
Bodie Ryan,49.5,0,0,NA,NA
Jacob Newton,24.5,0,0,NA,NA
Jacob Newton,29.5,0,0,NA,NA
Jacob Newton,34.5,0,0,NA,NA
Jacob Newton,39.5,0,0,NA,NA
Jacob Newton,44.5,0,0,NA,NA
Jacob Newton,49.5,0,0,NA,NA
Sid Draper,24.5,0,0,0,0
Sid Draper,29.5,0,0,0,0
Sid Draper,34.5,0,0,0,0
Sid Draper,39.5,0,0,0,0
Sid Draper,44.5,0,0,0,0
Sid Draper,49.5,0,0,0,0
Latrelle Pickett,24.5,0,0,0,0
Latrelle Pickett,29.5,0,0,0,0
Latrelle Pickett,34.5,0,0,0,0
Latrelle Pickett,39.5,0,0,0,0
Latrelle Pickett,44.5,0,0,0,0
Latrelle Pickett,49.5,0,0,0,0
Oscar Steene,24.5,0,0,0,NA
Oscar Steene,29.5,0,0,0,NA
Oscar Steene,34.5,0,0,0,NA
Oscar Steene,39.5,0,0,0,NA
Oscar Steene,44.5,0,0,0,NA
Oscar Steene,49.5,0,0,0,NA
Edward Allan,24.5,0,0,0,0
Edward Allan,29.5,0,0,0,0
Edward Allan,34.5,0,0,0,0
Edward Allan,39.5,0,0,0,0
Edward Allan,44.5,0,0,0,0
Edward Allan,49.5,0,0,0,0
Hugh Davies,24.5,NA,NA,NA,NA
Hugh Davies,29.5,NA,NA,NA,NA
Hugh Davies,34.5,NA,NA,NA,NA
Hugh Davies,39.5,NA,NA,NA,NA
Hugh Davies,44.5,NA,NA,NA,NA
Hugh Davies,49.5,NA,NA,NA,NA
Kaleb Smith,24.5,0,0,0,0
Kaleb Smith,29.5,0,0,0,0
Kaleb Smith,34.5,0,0,0,0
Kaleb Smith,39.5,0,0,0,0
Kaleb Smith,44.5,0,0,0,0
Kaleb Smith,49.5,0,0,0,0
Jedd Busslinger,24.5,0,0,0,0
Jedd Busslinger,29.5,0,0,0,0
Jedd Busslinger,34.5,0,0,0,0
Jedd Busslinger,39.5,0,0,0,0
Jedd Busslinger,44.5,0,0,0,0
Jedd Busslinger,49.5,0,0,0,0
Reuben Ginbey,24.5,0,0,0,0
Reuben Ginbey,29.5,0,0,0,0
Reuben Ginbey,34.5,0,0,0,0
Reuben Ginbey,39.5,0,0,0,0
Reuben Ginbey,44.5,0,0,0,0
Reuben Ginbey,49.5,0,0,0,0
Steely Green,24.5,0,0,0,0
Steely Green,29.5,0,0,0,0
Steely Green,34.5,0,0,0,0
Steely Green,39.5,0,0,0,0
Steely Green,44.5,0,0,0,0
Steely Green,49.5,0,0,0,0
Tyrell Dewar,24.5,0,0,0,0
Tyrell Dewar,29.5,0,0,0,0
Tyrell Dewar,34.5,0,0,0,0
Tyrell Dewar,39.5,0,0,0,0
Tyrell Dewar,44.5,0,0,0,0
Tyrell Dewar,49.5,0,0,0,0
Robert Hansen Jr,24.5,0,0,0,0
Robert Hansen Jr,29.5,0,0,0,0
Robert Hansen Jr,34.5,0,0,0,0
Robert Hansen Jr,39.5,0,0,0,0
Robert Hansen Jr,44.5,0,0,0,0
Robert Hansen Jr,49.5,0,0,0,0
Brady Hough,24.5,0,0,0,0
Brady Hough,29.5,0,0,0,0
Brady Hough,34.5,0,0,0,0
Brady Hough,39.5,0,0,0,0
Brady Hough,44.5,0,0,0,0
Brady Hough,49.5,0,0,0,0
Jed Adams,24.5,NA,NA,NA,NA
Jed Adams,29.5,NA,NA,NA,NA
Jed Adams,34.5,NA,NA,NA,NA
Jed Adams,39.5,NA,NA,NA,NA
Jed Adams,44.5,NA,NA,NA,NA
Jed Adams,49.5,NA,NA,NA,NA
Nick Daicos,24.5,0,0,0,0
Nick Daicos,29.5,0,0,0,0
Nick Daicos,34.5,0,0,0,0
Nick Daicos,39.5,0,0,0,0
Nick Daicos,44.5,0,0,0,0
Nick Daicos,49.5,0,0,0,0
Finn Callaghan,24.5,0,0,0,0
Finn Callaghan,29.5,0,0,0,0
Finn Callaghan,34.5,0,0,0,0
Finn Callaghan,39.5,0,0,0,0
Finn Callaghan,44.5,0,0,0,0
Finn Callaghan,49.5,0,0,0,0
Marcus Windhager,24.5,0,0,0,0
Marcus Windhager,29.5,0,0,0,0
Marcus Windhager,34.5,0,0,0,0
Marcus Windhager,39.5,0,0,0,0
Marcus Windhager,44.5,0,0,0,0
Marcus Windhager,49.5,0,0,0,0
Mitch Owens,24.5,0,0,0,0
Mitch Owens,29.5,0,0,0,0
Mitch Owens,34.5,0,0,0,0
Mitch Owens,39.5,0,0,0,0
Mitch Owens,44.5,0,0,0,0
Mitch Owens,49.5,0,0,0,0
Hugo Hall-Kahan,24.5,0,0,0,NA
Hugo Hall-Kahan,29.5,0,0,0,NA
Hugo Hall-Kahan,34.5,0,0,0,NA
Hugo Hall-Kahan,39.5,0,0,0,NA
Hugo Hall-Kahan,44.5,0,0,0,NA
Hugo Hall-Kahan,49.5,0,0,0,NA
Seth Campbell,24.5,0,0,0,0
Seth Campbell,29.5,0,0,0,0
Seth Campbell,34.5,0,0,0,0
Seth Campbell,39.5,0,0,0,0
Seth Campbell,44.5,0,0,0,0
Seth Campbell,49.5,0,0,0,0
Liam Reidy,24.5,0,0,0.14285714285714285,NA
Liam Reidy,29.5,0,0,0.14285714285714285,NA
Liam Reidy,34.5,0,0,0,NA
Liam Reidy,39.5,0,0,0,NA
Liam Reidy,44.5,0,0,0,NA
Liam Reidy,49.5,0,0,0,NA
Nick Watson,24.5,0,0,0,0
Nick Watson,29.5,0,0,0,0
Nick Watson,34.5,0,0,0,0
Nick Watson,39.5,0,0,0,0
Nick Watson,44.5,0,0,0,0
Nick Watson,49.5,0,0,0,0
George Wardlaw,24.5,0,0,0,0
George Wardlaw,29.5,0,0,0,0
George Wardlaw,34.5,0,0,0,0
George Wardlaw,39.5,0,0,0,0
George Wardlaw,44.5,0,0,0,0
George Wardlaw,49.5,0,0,0,0
Cam Mackenzie,24.5,0,0,0,0
Cam Mackenzie,29.5,0,0,0,0
Cam Mackenzie,34.5,0,0,0,0
Cam Mackenzie,39.5,0,0,0,0
Cam Mackenzie,44.5,0,0,0,0
Cam Mackenzie,49.5,0,0,0,0
Matthew Jefferson,24.5,0,0,0,0
Matthew Jefferson,29.5,0,0,0,0
Matthew Jefferson,34.5,0,0,0,0
Matthew Jefferson,39.5,0,0,0,0
Matthew Jefferson,44.5,0,0,0,0
Matthew Jefferson,49.5,0,0,0,0
Lewis Hayes,24.5,NA,NA,NA,NA
Lewis Hayes,29.5,NA,NA,NA,NA
Lewis Hayes,34.5,NA,NA,NA,NA
Lewis Hayes,39.5,NA,NA,NA,NA
Lewis Hayes,44.5,NA,NA,NA,NA
Lewis Hayes,49.5,NA,NA,NA,NA
Hudson O'Keeffe,24.5,0,0,0,NA
Hudson O'Keeffe,29.5,0,0,0,NA
Hudson O'Keeffe,34.5,0,0,0,NA
Hudson O'Keeffe,39.5,0,0,0,NA
Hudson O'Keeffe,44.5,0,0,0,NA
Hudson O'Keeffe,49.5,0,0,0,NA
Harley Reid,24.5,0,0,0,0
Harley Reid,29.5,0,0,0,0
Harley Reid,34.5,0,0,0,0
Harley Reid,39.5,0,0,0,0
Harley Reid,44.5,0,0,0,0
Harley Reid,49.5,0,0,0,0
Zane Duursma,24.5,0,0,0,0
Zane Duursma,29.5,0,0,0,0
Zane Duursma,34.5,0,0,0,0
Zane Duursma,39.5,0,0,0,0
Zane Duursma,44.5,0,0,0,0
Zane Duursma,49.5,0,0,0,0
Oliver Hollands,24.5,0,0,0,0
Oliver Hollands,29.5,0,0,0,0
Oliver Hollands,34.5,0,0,0,0
Oliver Hollands,39.5,0,0,0,0
Oliver Hollands,44.5,0,0,0,0
Oliver Hollands,49.5,0,0,0,0
Noah Long,24.5,0,0,0,0
Noah Long,29.5,0,0,0,0
Noah Long,34.5,0,0,0,0
Noah Long,39.5,0,0,0,0
Noah Long,44.5,0,0,0,0
Noah Long,49.5,0,0,0,0
Bailey Humphrey,24.5,0,0,0,0
Bailey Humphrey,29.5,0,0,0,0
Bailey Humphrey,34.5,0,0,0,0
Bailey Humphrey,39.5,0,0,0,0
Bailey Humphrey,44.5,0,0,0,0
Bailey Humphrey,49.5,0,0,0,0
Archie Roberts,24.5,0,0,0,0
Archie Roberts,29.5,0,0,0,0
Archie Roberts,34.5,0,0,0,0
Archie Roberts,39.5,0,0,0,0
Archie Roberts,44.5,0,0,0,0
Archie Roberts,49.5,0,0,0,0
Will Ashcroft,24.5,0,0,0,0
Will Ashcroft,29.5,0,0,0,0
Will Ashcroft,34.5,0,0,0,0
Will Ashcroft,39.5,0,0,0,0
Will Ashcroft,44.5,0,0,0,0
Will Ashcroft,49.5,0,0,0,0
Harry Sheezel,24.5,0,0,0,0
Harry Sheezel,29.5,0,0,0,0
Harry Sheezel,34.5,0,0,0,0
Harry Sheezel,39.5,0,0,0,0
Harry Sheezel,44.5,0,0,0,0
Harry Sheezel,49.5,0,0,0,0
Jacob Konstanty,24.5,0,0,0,0
Jacob Konstanty,29.5,0,0,0,0
Jacob Konstanty,34.5,0,0,0,0
Jacob Konstanty,39.5,0,0,0,0
Jacob Konstanty,44.5,0,0,0,0
Jacob Konstanty,49.5,0,0,0,0
Hugh Bond,24.5,0,0,0,0
Hugh Bond,29.5,0,0,0,0
Hugh Bond,34.5,0,0,0,0
Hugh Bond,39.5,0,0,0,0
Hugh Bond,44.5,0,0,0,0
Hugh Bond,49.5,0,0,0,0
Jhye Clark,24.5,0,0,0,0
Jhye Clark,29.5,0,0,0,0
Jhye Clark,34.5,0,0,0,0
Jhye Clark,39.5,0,0,0,0
Jhye Clark,44.5,0,0,0,0
Jhye Clark,49.5,0,0,0,0
Riley Hardeman,24.5,0,0,0,0
Riley Hardeman,29.5,0,0,0,0
Riley Hardeman,34.5,0,0,0,0
Riley Hardeman,39.5,0,0,0,0
Riley Hardeman,44.5,0,0,0,0
Riley Hardeman,49.5,0,0,0,0
Koltyn Tholstrup,24.5,0,0,0,0
Koltyn Tholstrup,29.5,0,0,0,0
Koltyn Tholstrup,34.5,0,0,0,0
Koltyn Tholstrup,39.5,0,0,0,0
Koltyn Tholstrup,44.5,0,0,0,0
Koltyn Tholstrup,49.5,0,0,0,0
Henry Hustwaite,24.5,0,0,0,0
Henry Hustwaite,29.5,0,0,0,0
Henry Hustwaite,34.5,0,0,0,0
Henry Hustwaite,39.5,0,0,0,0
Henry Hustwaite,44.5,0,0,0,0
Henry Hustwaite,49.5,0,0,0,0
George Stevens,24.5,0,NA,NA,NA
George Stevens,29.5,0,NA,NA,NA
George Stevens,34.5,0,NA,NA,NA
George Stevens,39.5,0,NA,NA,NA
George Stevens,44.5,0,NA,NA,NA
George Stevens,49.5,0,NA,NA,NA
Jaspa Fletcher,24.5,0,0,0,0
Jaspa Fletcher,29.5,0,0,0,0
Jaspa Fletcher,34.5,0,0,0,0
Jaspa Fletcher,39.5,0,0,0,0
Jaspa Fletcher,44.5,0,0,0,0
Jaspa Fletcher,49.5,0,0,0,0
Jed Walter,24.5,0,0,0,0
Jed Walter,29.5,0,0,0,0
Jed Walter,34.5,0,0,0,0
Jed Walter,39.5,0,0,0,0
Jed Walter,44.5,0,0,0,0
Jed Walter,49.5,0,0,0,0
Nicholas Madden,24.5,0.3333333333333333,0.2,0.42857142857142855,NA
Nicholas Madden,29.5,0,0,0.2857142857142857,NA
Nicholas Madden,34.5,0,0,0.14285714285714285,NA
Nicholas Madden,39.5,0,0,0.14285714285714285,NA
Nicholas Madden,44.5,0,0,0,NA
Nicholas Madden,49.5,0,0,0,NA
Angus Anderson,24.5,0,0,0,0
Angus Anderson,29.5,0,0,0,0
Angus Anderson,34.5,0,0,0,0
Angus Anderson,39.5,0,0,0,0
Angus Anderson,44.5,0,0,0,0
Angus Anderson,49.5,0,0,0,0
Anthony Caminiti,24.5,0,0,0,0
Anthony Caminiti,29.5,0,0,0,0
Anthony Caminiti,34.5,0,0,0,0
Anthony Caminiti,39.5,0,0,0,0
Anthony Caminiti,44.5,0,0,0,0
Anthony Caminiti,49.5,0,0,0,0
Elijah Tsatas,24.5,0,0,0,0
Elijah Tsatas,29.5,0,0,0,0
Elijah Tsatas,34.5,0,0,0,0
Elijah Tsatas,39.5,0,0,0,0
Elijah Tsatas,44.5,0,0,0,0
Elijah Tsatas,49.5,0,0,0,0
Daniel Curtin,24.5,0,0,0,0
Daniel Curtin,29.5,0,0,0,0
Daniel Curtin,34.5,0,0,0,0
Daniel Curtin,39.5,0,0,0,0
Daniel Curtin,44.5,0,0,0,0
Daniel Curtin,49.5,0,0,0,0
Campbell Lake,24.5,0,0,0,NA
Campbell Lake,29.5,0,0,0,NA
Campbell Lake,34.5,0,0,0,NA
Campbell Lake,39.5,0,0,0,NA
Campbell Lake,44.5,0,0,0,NA
Campbell Lake,49.5,0,0,0,NA
Caiden Cleary,24.5,0,0,0,0
Caiden Cleary,29.5,0,0,0,0
Caiden Cleary,34.5,0,0,0,0
Caiden Cleary,39.5,0,0,0,0
Caiden Cleary,44.5,0,0,0,0
Caiden Cleary,49.5,0,0,0,0
Aidan Johnson,24.5,0,0,NA,NA
Aidan Johnson,29.5,0,0,NA,NA
Aidan Johnson,34.5,0,0,NA,NA
Aidan Johnson,39.5,0,0,NA,NA
Aidan Johnson,44.5,0,0,NA,NA
Aidan Johnson,49.5,0,0,NA,NA
Clay Hall,24.5,0,0,0,0
Clay Hall,29.5,0,0,0,0
Clay Hall,34.5,0,0,0,0
Clay Hall,39.5,0,0,0,0
Clay Hall,44.5,0,0,0,0
Clay Hall,49.5,0,0,0,0
Colby McKercher,24.5,0,0,0,0
Colby McKercher,29.5,0,0,0,0
Colby McKercher,34.5,0,0,0,0
Colby McKercher,39.5,0,0,0,0
Colby McKercher,44.5,0,0,0,0
Colby McKercher,49.5,0,0,0,0
Mitchell Edwards,24.5,0.6666666666666666,0.4,0.42857142857142855,0.3
Mitchell Edwards,29.5,0,0,0,0
Mitchell Edwards,34.5,0,0,0,0
Mitchell Edwards,39.5,0,0,0,0
Mitchell Edwards,44.5,0,0,0,0
Mitchell Edwards,49.5,0,0,0,0
Luker Kentfield,24.5,0,NA,NA,NA
Luker Kentfield,29.5,0,NA,NA,NA
Luker Kentfield,34.5,0,NA,NA,NA
Luker Kentfield,39.5,0,NA,NA,NA
Luker Kentfield,44.5,0,NA,NA,NA
Luker Kentfield,49.5,0,NA,NA,NA
Oisin Mullin,24.5,0,0,0,0
Oisin Mullin,29.5,0,0,0,0
Oisin Mullin,34.5,0,0,0,0
Oisin Mullin,39.5,0,0,0,0
Oisin Mullin,44.5,0,0,0,0
Oisin Mullin,49.5,0,0,0,0
Oliver Dempsey,24.5,0,0,0,0
Oliver Dempsey,29.5,0,0,0,0
Oliver Dempsey,34.5,0,0,0,0
Oliver Dempsey,39.5,0,0,0,0
Oliver Dempsey,44.5,0,0,0,0
Oliver Dempsey,49.5,0,0,0,0
Will Graham,24.5,0,0,0,0
Will Graham,29.5,0,0,0,0
Will Graham,34.5,0,0,0,0
Will Graham,39.5,0,0,0,0
Will Graham,44.5,0,0,0,0
Will Graham,49.5,0,0,0,0
Noah Roberts-Thomson,24.5,0,NA,NA,NA
Noah Roberts-Thomson,29.5,0,NA,NA,NA
Noah Roberts-Thomson,34.5,0,NA,NA,NA
Noah Roberts-Thomson,39.5,0,NA,NA,NA
Noah Roberts-Thomson,44.5,0,NA,NA,NA
Noah Roberts-Thomson,49.5,0,NA,NA,NA
Alex Dodson,24.5,NA,NA,NA,NA
Alex Dodson,29.5,NA,NA,NA,NA
Alex Dodson,34.5,NA,NA,NA,NA
Alex Dodson,39.5,NA,NA,NA,NA
Alex Dodson,44.5,NA,NA,NA,NA
Alex Dodson,49.5,NA,NA,NA,NA
Ethan Read,24.5,0,0,0,0
Ethan Read,29.5,0,0,0,0
Ethan Read,34.5,0,0,0,0
Ethan Read,39.5,0,0,0,0
Ethan Read,44.5,0,0,0,0
Ethan Read,49.5,0,0,0,0
Sam Cumming,24.5,0,0,0,0
Sam Cumming,29.5,0,0,0,0
Sam Cumming,34.5,0,0,0,0
Sam Cumming,39.5,0,0,0,0
Sam Cumming,44.5,0,0,0,0
Sam Cumming,49.5,0,0,0,0
Oliver Francou,24.5,0,NA,NA,NA
Oliver Francou,29.5,0,NA,NA,NA
Oliver Francou,34.5,0,NA,NA,NA
Oliver Francou,39.5,0,NA,NA,NA
Oliver Francou,44.5,0,NA,NA,NA
Oliver Francou,49.5,0,NA,NA,NA
Dyson Sharp,24.5,0,0,0,0
Dyson Sharp,29.5,0,0,0,0
Dyson Sharp,34.5,0,0,0,0
Dyson Sharp,39.5,0,0,0,0
Dyson Sharp,44.5,0,0,0,0
Dyson Sharp,49.5,0,0,0,0
Angus Clarke,24.5,0,0,0,0
Angus Clarke,29.5,0,0,0,0
Angus Clarke,34.5,0,0,0,0
Angus Clarke,39.5,0,0,0,0
Angus Clarke,44.5,0,0,0,0
Angus Clarke,49.5,0,0,0,0
Harrison Ramm,24.5,0,NA,NA,NA
Harrison Ramm,29.5,0,NA,NA,NA
Harrison Ramm,34.5,0,NA,NA,NA
Harrison Ramm,39.5,0,NA,NA,NA
Harrison Ramm,44.5,0,NA,NA,NA
Harrison Ramm,49.5,0,NA,NA,NA
Zane Peucker,24.5,NA,NA,NA,NA
Zane Peucker,29.5,NA,NA,NA,NA
Zane Peucker,34.5,NA,NA,NA,NA
Zane Peucker,39.5,NA,NA,NA,NA
Zane Peucker,44.5,NA,NA,NA,NA
Zane Peucker,49.5,NA,NA,NA,NA
Charlie West,24.5,0,0,NA,NA
Charlie West,29.5,0,0,NA,NA
Charlie West,34.5,0,0,NA,NA
Charlie West,39.5,0,0,NA,NA
Charlie West,44.5,0,0,NA,NA
Charlie West,49.5,0,0,NA,NA
Jay Polkinghorne,24.5,0,NA,NA,NA
Jay Polkinghorne,29.5,0,NA,NA,NA
Jay Polkinghorne,34.5,0,NA,NA,NA
Jay Polkinghorne,39.5,0,NA,NA,NA
Jay Polkinghorne,44.5,0,NA,NA,NA
Jay Polkinghorne,49.5,0,NA,NA,NA
Roan Steele,24.5,0,0,0,0
Roan Steele,29.5,0,0,0,0
Roan Steele,34.5,0,0,0,0
Roan Steele,39.5,0,0,0,0
Roan Steele,44.5,0,0,0,0
Roan Steele,49.5,0,0,0,0
Cooper Simpson,24.5,0,0,NA,NA
Cooper Simpson,29.5,0,0,NA,NA
Cooper Simpson,34.5,0,0,NA,NA
Cooper Simpson,39.5,0,0,NA,NA
Cooper Simpson,44.5,0,0,NA,NA
Cooper Simpson,49.5,0,0,NA,NA
Billy Wilson,24.5,0,0,0,0
Billy Wilson,29.5,0,0,0,0
Billy Wilson,34.5,0,0,0,0
Billy Wilson,39.5,0,0,0,0
Billy Wilson,44.5,0,0,0,0
Billy Wilson,49.5,0,0,0,0
Tom Hanily,24.5,0,0,0,0
Tom Hanily,29.5,0,0,0,0
Tom Hanily,34.5,0,0,0,0
Tom Hanily,39.5,0,0,0,0
Tom Hanily,44.5,0,0,0,0
Tom Hanily,49.5,0,0,0,0
Archer Reid,24.5,0,0,0,0
Archer Reid,29.5,0,0,0,0
Archer Reid,34.5,0,0,0,0
Archer Reid,39.5,0,0,0,0
Archer Reid,44.5,0,0,0,0
Archer Reid,49.5,0,0,0,0
Lachlan Smith,24.5,NA,NA,NA,NA
Lachlan Smith,29.5,NA,NA,NA,NA
Lachlan Smith,34.5,NA,NA,NA,NA
Lachlan Smith,39.5,NA,NA,NA,NA
Lachlan Smith,44.5,NA,NA,NA,NA
Lachlan Smith,49.5,NA,NA,NA,NA
Joel Freijah,24.5,0,0,0,0
Joel Freijah,29.5,0,0,0,0
Joel Freijah,34.5,0,0,0,0
Joel Freijah,39.5,0,0,0,0
Joel Freijah,44.5,0,0,0,0
Joel Freijah,49.5,0,0,0,0
Hugo Garcia,24.5,0,0,0,0
Hugo Garcia,29.5,0,0,0,0
Hugo Garcia,34.5,0,0,0,0
Hugo Garcia,39.5,0,0,0,0
Hugo Garcia,44.5,0,0,0,0
Hugo Garcia,49.5,0,0,0,0
Caleb Windsor,24.5,0,0,0,0
Caleb Windsor,29.5,0,0,0,0
Caleb Windsor,34.5,0,0,0,0
Caleb Windsor,39.5,0,0,0,0
Caleb Windsor,44.5,0,0,0,0
Caleb Windsor,49.5,0,0,0,0
Tom Anastasopoulos,24.5,NA,NA,NA,NA
Tom Anastasopoulos,29.5,NA,NA,NA,NA
Tom Anastasopoulos,34.5,NA,NA,NA,NA
Tom Anastasopoulos,39.5,NA,NA,NA,NA
Tom Anastasopoulos,44.5,NA,NA,NA,NA
Tom Anastasopoulos,49.5,NA,NA,NA,NA
Angus Hastie,24.5,0,0,0,0
Angus Hastie,29.5,0,0,0,0
Angus Hastie,34.5,0,0,0,0
Angus Hastie,39.5,0,0,0,0
Angus Hastie,44.5,0,0,0,0
Angus Hastie,49.5,0,0,0,0
Darcy Wilson,24.5,0,0,0,0
Darcy Wilson,29.5,0,0,0,0
Darcy Wilson,34.5,0,0,0,0
Darcy Wilson,39.5,0,0,0,0
Darcy Wilson,44.5,0,0,0,0
Darcy Wilson,49.5,0,0,0,0
Connor O'Sullivan,24.5,0,0,0,0
Connor O'Sullivan,29.5,0,0,0,0
Connor O'Sullivan,34.5,0,0,0,0
Connor O'Sullivan,39.5,0,0,0,0
Connor O'Sullivan,44.5,0,0,0,0
Connor O'Sullivan,49.5,0,0,0,0
Ewan Mackinlay,24.5,0,0,0,0
Ewan Mackinlay,29.5,0,0,0,0
Ewan Mackinlay,34.5,0,0,0,0
Ewan Mackinlay,39.5,0,0,0,0
Ewan Mackinlay,44.5,0,0,0,0
Ewan Mackinlay,49.5,0,0,0,0
Oscar Ryan,24.5,NA,NA,NA,NA
Oscar Ryan,29.5,NA,NA,NA,NA
Oscar Ryan,34.5,NA,NA,NA,NA
Oscar Ryan,39.5,NA,NA,NA,NA
Oscar Ryan,44.5,NA,NA,NA,NA
Oscar Ryan,49.5,NA,NA,NA,NA
Nate Caddy,24.5,0,0,0,0
Nate Caddy,29.5,0,0,0,0
Nate Caddy,34.5,0,0,0,0
Nate Caddy,39.5,0,0,0,0
Nate Caddy,44.5,0,0,0,0
Nate Caddy,49.5,0,0,0,0
Flynn Riley,24.5,NA,NA,NA,NA
Flynn Riley,29.5,NA,NA,NA,NA
Flynn Riley,34.5,NA,NA,NA,NA
Flynn Riley,39.5,NA,NA,NA,NA
Flynn Riley,44.5,NA,NA,NA,NA
Flynn Riley,49.5,NA,NA,NA,NA
Max Gruzewski,24.5,0,0,0,0
Max Gruzewski,29.5,0,0,0,0
Max Gruzewski,34.5,0,0,0,0
Max Gruzewski,39.5,0,0,0,0
Max Gruzewski,44.5,0,0,0,0
Max Gruzewski,49.5,0,0,0,0
Harvey Thomas,24.5,0,0,0,0
Harvey Thomas,29.5,0,0,0,0
Harvey Thomas,34.5,0,0,0,0
Harvey Thomas,39.5,0,0,0,0
Harvey Thomas,44.5,0,0,0,0
Harvey Thomas,49.5,0,0,0,0
Josh Weddle,24.5,0,0,0,0
Josh Weddle,29.5,0,0,0,0
Josh Weddle,34.5,0,0,0,0
Josh Weddle,39.5,0,0,0,0
Josh Weddle,44.5,0,0,0,0
Josh Weddle,49.5,0,0,0,0
Matthew Carroll,24.5,0,0,0,0
Matthew Carroll,29.5,0,0,0,0
Matthew Carroll,34.5,0,0,0,0
Matthew Carroll,39.5,0,0,0,0
Matthew Carroll,44.5,0,0,0,0
Matthew Carroll,49.5,0,0,0,0
Max Ramsden,24.5,0,0,0,0
Max Ramsden,29.5,0,0,0,0
Max Ramsden,34.5,0,0,0,0
Max Ramsden,39.5,0,0,0,0
Max Ramsden,44.5,0,0,0,0
Max Ramsden,49.5,0,0,0,0
Vigo Visentini,24.5,NA,NA,NA,NA
Vigo Visentini,29.5,NA,NA,NA,NA
Vigo Visentini,34.5,NA,NA,NA,NA
Vigo Visentini,39.5,NA,NA,NA,NA
Vigo Visentini,44.5,NA,NA,NA,NA
Vigo Visentini,49.5,NA,NA,NA,NA
Harvey Johnston,24.5,0,0,0,0
Harvey Johnston,29.5,0,0,0,0
Harvey Johnston,34.5,0,0,0,0
Harvey Johnston,39.5,0,0,0,0
Harvey Johnston,44.5,0,0,0,0
Harvey Johnston,49.5,0,0,0,0
Toby McMullin,24.5,0,0,0,0
Toby McMullin,29.5,0,0,0,0
Toby McMullin,34.5,0,0,0,0
Toby McMullin,39.5,0,0,0,0
Toby McMullin,44.5,0,0,0,0
Toby McMullin,49.5,0,0,0,0
Logan Morris,24.5,0,0,0,0
Logan Morris,29.5,0,0,0,0
Logan Morris,34.5,0,0,0,0
Logan Morris,39.5,0,0,0,0
Logan Morris,44.5,0,0,0,0
Logan Morris,49.5,0,0,0,0
Shadeau Brain,24.5,0,0,0,0
Shadeau Brain,29.5,0,0,0,0
Shadeau Brain,34.5,0,0,0,0
Shadeau Brain,39.5,0,0,0,0
Shadeau Brain,44.5,0,0,0,0
Shadeau Brain,49.5,0,0,0,0
Lachlan Blakiston,24.5,0.3333333333333333,0.2,0.14285714285714285,0.1
Lachlan Blakiston,29.5,0,0,0,0
Lachlan Blakiston,34.5,0,0,0,0
Lachlan Blakiston,39.5,0,0,0,0
Lachlan Blakiston,44.5,0,0,0,0
Lachlan Blakiston,49.5,0,0,0,0
Bo Allan,24.5,0,0,0,0
Bo Allan,29.5,0,0,0,0
Bo Allan,34.5,0,0,0,0
Bo Allan,39.5,0,0,0,0
Bo Allan,44.5,0,0,0,0
Bo Allan,49.5,0,0,0,0
Oliver Hannaford,24.5,0,0,NA,NA
Oliver Hannaford,29.5,0,0,NA,NA
Oliver Hannaford,34.5,0,0,NA,NA
Oliver Hannaford,39.5,0,0,NA,NA
Oliver Hannaford,44.5,0,0,NA,NA
Oliver Hannaford,49.5,0,0,NA,NA
Sam Lalor,24.5,0,0,0,0
Sam Lalor,29.5,0,0,0,0
Sam Lalor,34.5,0,0,0,0
Sam Lalor,39.5,0,0,0,0
Sam Lalor,44.5,0,0,0,0
Sam Lalor,49.5,0,0,0,0
Lachie Jaques,24.5,0,0,0,NA
Lachie Jaques,29.5,0,0,0,NA
Lachie Jaques,34.5,0,0,0,NA
Lachie Jaques,39.5,0,0,0,NA
Lachie Jaques,44.5,0,0,0,NA
Lachie Jaques,49.5,0,0,0,NA
Finn O'Sullivan,24.5,0,0,0,0
Finn O'Sullivan,29.5,0,0,0,0
Finn O'Sullivan,34.5,0,0,0,0
Finn O'Sullivan,39.5,0,0,0,0
Finn O'Sullivan,44.5,0,0,0,0
Finn O'Sullivan,49.5,0,0,0,0
Jonty Faull,24.5,0,0,0,0
Jonty Faull,29.5,0,0,0,0
Jonty Faull,34.5,0,0,0,0
Jonty Faull,39.5,0,0,0,0
Jonty Faull,44.5,0,0,0,0
Jonty Faull,49.5,0,0,0,0
Murphy Reid,24.5,0,0,0,0
Murphy Reid,29.5,0,0,0,0
Murphy Reid,34.5,0,0,0,0
Murphy Reid,39.5,0,0,0,0
Murphy Reid,44.5,0,0,0,0
Murphy Reid,49.5,0,0,0,0
Jagga Smith,24.5,0,0,0,0
Jagga Smith,29.5,0,0,0,0
Jagga Smith,34.5,0,0,0,0
Jagga Smith,39.5,0,0,0,0
Jagga Smith,44.5,0,0,0,0
Jagga Smith,49.5,0,0,0,0
Zak Johnson,24.5,0,0,0,0
Zak Johnson,29.5,0,0,0,0
Zak Johnson,34.5,0,0,0,0
Zak Johnson,39.5,0,0,0,0
Zak Johnson,44.5,0,0,0,0
Zak Johnson,49.5,0,0,0,0
Sam Marshall,24.5,0,0,0,0
Sam Marshall,29.5,0,0,0,0
Sam Marshall,34.5,0,0,0,0
Sam Marshall,39.5,0,0,0,0
Sam Marshall,44.5,0,0,0,0
Sam Marshall,49.5,0,0,0,0
Luke Trainor,24.5,0,0,0,0
Luke Trainor,29.5,0,0,0,0
Luke Trainor,34.5,0,0,0,0
Luke Trainor,39.5,0,0,0,0
Luke Trainor,44.5,0,0,0,0
Luke Trainor,49.5,0,0,0,0
Harry Armstrong,24.5,0,0,0,0
Harry Armstrong,29.5,0,0,0,0
Harry Armstrong,34.5,0,0,0,0
Harry Armstrong,39.5,0,0,0,0
Harry Armstrong,44.5,0,0,0,0
Harry Armstrong,49.5,0,0,0,0
Harry O'Farrell,24.5,0,0,NA,NA
Harry O'Farrell,29.5,0,0,NA,NA
Harry O'Farrell,34.5,0,0,NA,NA
Harry O'Farrell,39.5,0,0,NA,NA
Harry O'Farrell,44.5,0,0,NA,NA
Harry O'Farrell,49.5,0,0,NA,NA
Joe Berry,24.5,0,0,0,0
Joe Berry,29.5,0,0,0,0
Joe Berry,34.5,0,0,0,0
Joe Berry,39.5,0,0,0,0
Joe Berry,44.5,0,0,0,0
Joe Berry,49.5,0,0,0,0
Xavier Lindsay,24.5,0,0,0,0
Xavier Lindsay,29.5,0,0,0,0
Xavier Lindsay,34.5,0,0,0,0
Xavier Lindsay,39.5,0,0,0,0
Xavier Lindsay,44.5,0,0,0,0
Xavier Lindsay,49.5,0,0,0,0
Jasper Alger,24.5,0,0,0,0
Jasper Alger,29.5,0,0,0,0
Jasper Alger,34.5,0,0,0,0
Jasper Alger,39.5,0,0,0,0
Jasper Alger,44.5,0,0,0,0
Jasper Alger,49.5,0,0,0,0
Tobie Travaglia,24.5,0,0,0,0
Tobie Travaglia,29.5,0,0,0,0
Tobie Travaglia,34.5,0,0,0,0
Tobie Travaglia,39.5,0,0,0,0
Tobie Travaglia,44.5,0,0,0,0
Tobie Travaglia,49.5,0,0,0,0
Jack Ough,24.5,0,0,NA,NA
Jack Ough,29.5,0,0,NA,NA
Jack Ough,34.5,0,0,NA,NA
Jack Ough,39.5,0,0,NA,NA
Jack Ough,44.5,0,0,NA,NA
Jack Ough,49.5,0,0,NA,NA
Harvey Langford,24.5,0,0,0,0
Harvey Langford,29.5,0,0,0,0
Harvey Langford,34.5,0,0,0,0
Harvey Langford,39.5,0,0,0,0
Harvey Langford,44.5,0,0,0,0
Harvey Langford,49.5,0,0,0,0
Matt Whitlock,24.5,0,0,NA,NA
Matt Whitlock,29.5,0,0,NA,NA
Matt Whitlock,34.5,0,0,NA,NA
Matt Whitlock,39.5,0,0,NA,NA
Matt Whitlock,44.5,0,0,NA,NA
Matt Whitlock,49.5,0,0,NA,NA
Wil Dawson,24.5,0,0,0,0
Wil Dawson,29.5,0,0,0,0
Wil Dawson,34.5,0,0,0,0
Wil Dawson,39.5,0,0,0,0
Wil Dawson,44.5,0,0,0,0
Wil Dawson,49.5,0,0,0,0
Isaac Kako,24.5,0,0,0,0
Isaac Kako,29.5,0,0,0,0
Isaac Kako,34.5,0,0,0,0
Isaac Kako,39.5,0,0,0,0
Isaac Kako,44.5,0,0,0,0
Isaac Kako,49.5,0,0,0,0
Levi Ashcroft,24.5,0,0,0,0
Levi Ashcroft,29.5,0,0,0,0
Levi Ashcroft,34.5,0,0,0,0
Levi Ashcroft,39.5,0,0,0,0
Levi Ashcroft,44.5,0,0,0,0
Levi Ashcroft,49.5,0,0,0,0
Tom Gross,24.5,0,0,0,NA
Tom Gross,29.5,0,0,0,NA
Tom Gross,34.5,0,0,0,NA
Tom Gross,39.5,0,0,0,NA
Tom Gross,44.5,0,0,0,NA
Tom Gross,49.5,0,0,0,NA
Harrison Oliver,24.5,0,0,NA,NA
Harrison Oliver,29.5,0,0,NA,NA
Harrison Oliver,34.5,0,0,NA,NA
Harrison Oliver,39.5,0,0,NA,NA
Harrison Oliver,44.5,0,0,NA,NA
Harrison Oliver,49.5,0,0,NA,NA
Christian Moraes,24.5,0,0,0,0
Christian Moraes,29.5,0,0,0,0
Christian Moraes,34.5,0,0,0,0
Christian Moraes,39.5,0,0,0,0
Christian Moraes,44.5,0,0,0,0
Christian Moraes,49.5,0,0,0,0
Noah Mraz,24.5,0,NA,NA,NA
Noah Mraz,29.5,0,NA,NA,NA
Noah Mraz,34.5,0,NA,NA,NA
Noah Mraz,39.5,0,NA,NA,NA
Noah Mraz,44.5,0,NA,NA,NA
Noah Mraz,49.5,0,NA,NA,NA
Charlie Edwards,24.5,NA,NA,NA,NA
Charlie Edwards,29.5,NA,NA,NA,NA
Charlie Edwards,34.5,NA,NA,NA,NA
Charlie Edwards,39.5,NA,NA,NA,NA
Charlie Edwards,44.5,NA,NA,NA,NA
Charlie Edwards,49.5,NA,NA,NA,NA
Cooper Duff-Tytler,24.5,0,0,0,0
Cooper Duff-Tytler,29.5,0,0,0,0
Cooper Duff-Tytler,34.5,0,0,0,0
Cooper Duff-Tytler,39.5,0,0,0,0
Cooper Duff-Tytler,44.5,0,0,0,0
Cooper Duff-Tytler,49.5,0,0,0,0
Josaia Delana,24.5,0,0,0,NA
Josaia Delana,29.5,0,0,0,NA
Josaia Delana,34.5,0,0,0,NA
Josaia Delana,39.5,0,0,0,NA
Josaia Delana,44.5,0,0,0,NA
Josaia Delana,49.5,0,0,0,NA
Riley Hamilton,24.5,0,0,NA,NA
Riley Hamilton,29.5,0,0,NA,NA
Riley Hamilton,34.5,0,0,NA,NA
Riley Hamilton,39.5,0,0,NA,NA
Riley Hamilton,44.5,0,0,NA,NA
Riley Hamilton,49.5,0,0,NA,NA
Archer May,24.5,0,0,0,0
Archer May,29.5,0,0,0,0
Archer May,34.5,0,0,0,0
Archer May,39.5,0,0,0,0
Archer May,44.5,0,0,0,0
Archer May,49.5,0,0,0,0
Malakai Champion,24.5,0,0,0,0
Malakai Champion,29.5,0,0,0,0
Malakai Champion,34.5,0,0,0,0
Malakai Champion,39.5,0,0,0,0
Malakai Champion,44.5,0,0,0,0
Malakai Champion,49.5,0,0,0,0
Hugh Boxshall,24.5,0,0,0,0
Hugh Boxshall,29.5,0,0,0,0
Hugh Boxshall,34.5,0,0,0,0
Hugh Boxshall,39.5,0,0,0,0
Hugh Boxshall,44.5,0,0,0,0
Hugh Boxshall,49.5,0,0,0,0
Bailey Macdonald,24.5,0,0,0,0
Bailey Macdonald,29.5,0,0,0,0
Bailey Macdonald,34.5,0,0,0,0
Bailey Macdonald,39.5,0,0,0,0
Bailey Macdonald,44.5,0,0,0,0
Bailey Macdonald,49.5,0,0,0,0
Will Lorenz,24.5,0,0,0,0
Will Lorenz,29.5,0,0,0,0
Will Lorenz,34.5,0,0,0,0
Will Lorenz,39.5,0,0,0,0
Will Lorenz,44.5,0,0,0,0
Will Lorenz,49.5,0,0,0,0
Archer Day-Wicks,24.5,0,0,0,0
Archer Day-Wicks,29.5,0,0,0,0
Archer Day-Wicks,34.5,0,0,0,0
Archer Day-Wicks,39.5,0,0,0,0
Archer Day-Wicks,44.5,0,0,0,0
Archer Day-Wicks,49.5,0,0,0,0
Zeke Uwland,24.5,0,0,0,0
Zeke Uwland,29.5,0,0,0,0
Zeke Uwland,34.5,0,0,0,0
Zeke Uwland,39.5,0,0,0,0
Zeke Uwland,44.5,0,0,0,0
Zeke Uwland,49.5,0,0,0,0
Leonardo Lombard,24.5,0,0,0,0
Leonardo Lombard,29.5,0,0,0,0
Leonardo Lombard,34.5,0,0,0,0
Leonardo Lombard,39.5,0,0,0,0
Leonardo Lombard,44.5,0,0,0,0
Leonardo Lombard,49.5,0,0,0,0
Lachlan Gulbin,24.5,0,0,0,NA
Lachlan Gulbin,29.5,0,0,0,NA
Lachlan Gulbin,34.5,0,0,0,NA
Lachlan Gulbin,39.5,0,0,0,NA
Lachlan Gulbin,44.5,0,0,0,NA
Lachlan Gulbin,49.5,0,0,0,NA
Jai Murray,24.5,0,0,0,NA
Jai Murray,29.5,0,0,0,NA
Jai Murray,34.5,0,0,0,NA
Jai Murray,39.5,0,0,0,NA
Jai Murray,44.5,0,0,0,NA
Jai Murray,49.5,0,0,0,NA
Daniel Annable,24.5,NA,NA,NA,NA
Daniel Annable,29.5,NA,NA,NA,NA
Daniel Annable,34.5,NA,NA,NA,NA
Daniel Annable,39.5,NA,NA,NA,NA
Daniel Annable,44.5,NA,NA,NA,NA
Daniel Annable,49.5,NA,NA,NA,NA
Will McLachlan,24.5,0,0,0,NA
Will McLachlan,29.5,0,0,0,NA
Will McLachlan,34.5,0,0,0,NA
Will McLachlan,39.5,0,0,0,NA
Will McLachlan,44.5,0,0,0,NA
Will McLachlan,49.5,0,0,0,NA
Ryan Maric,24.5,0,0,0,0
Ryan Maric,29.5,0,0,0,0
Ryan Maric,34.5,0,0,0,0
Ryan Maric,39.5,0,0,0,0
Ryan Maric,44.5,0,0,0,0
Ryan Maric,49.5,0,0,0,0
Cooper Hynes,24.5,0,0,0,0
Cooper Hynes,29.5,0,0,0,0
Cooper Hynes,34.5,0,0,0,0
Cooper Hynes,39.5,0,0,0,0
Cooper Hynes,44.5,0,0,0,0
Cooper Hynes,49.5,0,0,0,0
Jesse Dattoli,24.5,0,NA,NA,NA
Jesse Dattoli,29.5,0,NA,NA,NA
Jesse Dattoli,34.5,0,NA,NA,NA
Jesse Dattoli,39.5,0,NA,NA,NA
Jesse Dattoli,44.5,0,NA,NA,NA
Jesse Dattoli,49.5,0,NA,NA,NA
Mitch Zadow,24.5,0,0,NA,NA
Mitch Zadow,29.5,0,0,NA,NA
Mitch Zadow,34.5,0,0,NA,NA
Mitch Zadow,39.5,0,0,NA,NA
Mitch Zadow,44.5,0,0,NA,NA
Mitch Zadow,49.5,0,0,NA,NA
Hussien El Achkar,24.5,0,0,0,NA
Hussien El Achkar,29.5,0,0,0,NA
Hussien El Achkar,34.5,0,0,0,NA
Hussien El Achkar,39.5,0,0,0,NA
Hussien El Achkar,44.5,0,0,0,NA
Hussien El Achkar,49.5,0,0,0,NA
Alix Tauru,24.5,0,0,0,NA
Alix Tauru,29.5,0,0,0,NA
Alix Tauru,34.5,0,0,0,NA
Alix Tauru,39.5,0,0,0,NA
Alix Tauru,44.5,0,0,0,NA
Alix Tauru,49.5,0,0,0,NA
Aidan Schubert,24.5,NA,NA,NA,NA
Aidan Schubert,29.5,NA,NA,NA,NA
Aidan Schubert,34.5,NA,NA,NA,NA
Aidan Schubert,39.5,NA,NA,NA,NA
Aidan Schubert,44.5,NA,NA,NA,NA
Aidan Schubert,49.5,NA,NA,NA,NA
Taylor Goad,24.5,NA,NA,NA,NA
Taylor Goad,29.5,NA,NA,NA,NA
Taylor Goad,34.5,NA,NA,NA,NA
Taylor Goad,39.5,NA,NA,NA,NA
Taylor Goad,44.5,NA,NA,NA,NA
Taylor Goad,49.5,NA,NA,NA,NA
Finnbar Maley,24.5,0,0,0,0
Finnbar Maley,29.5,0,0,0,0
Finnbar Maley,34.5,0,0,0,0
Finnbar Maley,39.5,0,0,0,0
Finnbar Maley,44.5,0,0,0,0
Finnbar Maley,49.5,0,0,0,0
James Trezise,24.5,0,0,0,0
James Trezise,29.5,0,0,0,0
James Trezise,34.5,0,0,0,0
James Trezise,39.5,0,0,0,0
James Trezise,44.5,0,0,0,0
James Trezise,49.5,0,0,0,0
Jobe Shanahan,24.5,0,0,0,0
Jobe Shanahan,29.5,0,0,0,0
Jobe Shanahan,34.5,0,0,0,0
Jobe Shanahan,39.5,0,0,0,0
Jobe Shanahan,44.5,0,0,0,0
Jobe Shanahan,49.5,0,0,0,0
Cooper Trembath,24.5,0,0,0,0
Cooper Trembath,29.5,0,0,0,0
Cooper Trembath,34.5,0,0,0,0
Cooper Trembath,39.5,0,0,0,0
Cooper Trembath,44.5,0,0,0,0
Cooper Trembath,49.5,0,0,0,0
Tew Jiath,24.5,NA,NA,NA,NA
Tew Jiath,29.5,NA,NA,NA,NA
Tew Jiath,34.5,NA,NA,NA,NA
Tew Jiath,39.5,NA,NA,NA,NA
Tew Jiath,44.5,NA,NA,NA,NA
Tew Jiath,49.5,NA,NA,NA,NA
Rhys Unwin,24.5,0,NA,NA,NA
Rhys Unwin,29.5,0,NA,NA,NA
Rhys Unwin,34.5,0,NA,NA,NA
Rhys Unwin,39.5,0,NA,NA,NA
Rhys Unwin,44.5,0,NA,NA,NA
Rhys Unwin,49.5,0,NA,NA,NA
Phoenix Gothard,24.5,0,0,0,0
Phoenix Gothard,29.5,0,0,0,0
Phoenix Gothard,34.5,0,0,0,0
Phoenix Gothard,39.5,0,0,0,0
Phoenix Gothard,44.5,0,0,0,0
Phoenix Gothard,49.5,0,0,0,0
Jack Whitlock,24.5,0,0,0,0
Jack Whitlock,29.5,0,0,0,0
Jack Whitlock,34.5,0,0,0,0
Jack Whitlock,39.5,0,0,0,0
Jack Whitlock,44.5,0,0,0,0
Jack Whitlock,49.5,0,0,0,0
Patrick Retschko,24.5,0,0,0,0
Patrick Retschko,29.5,0,0,0,0
Patrick Retschko,34.5,0,0,0,0
Patrick Retschko,39.5,0,0,0,0
Patrick Retschko,44.5,0,0,0,0
Patrick Retschko,49.5,0,0,0,0
Calsher Dear,24.5,0,0,0,0
Calsher Dear,29.5,0,0,0,0
Calsher Dear,34.5,0,0,0,0
Calsher Dear,39.5,0,0,0,0
Calsher Dear,44.5,0,0,0,0
Calsher Dear,49.5,0,0,0,0
Taj Hotton,24.5,0,0,0,0
Taj Hotton,29.5,0,0,0,0
Taj Hotton,34.5,0,0,0,0
Taj Hotton,39.5,0,0,0,0
Taj Hotton,44.5,0,0,0,0
Taj Hotton,49.5,0,0,0,0
Cooper Lord,24.5,0,0,0,0
Cooper Lord,29.5,0,0,0,0
Cooper Lord,34.5,0,0,0,0
Cooper Lord,39.5,0,0,0,0
Cooper Lord,44.5,0,0,0,0
Cooper Lord,49.5,0,0,0,0
Luke Kennedy,24.5,0,NA,NA,NA
Luke Kennedy,29.5,0,NA,NA,NA
Luke Kennedy,34.5,0,NA,NA,NA
Luke Kennedy,39.5,0,NA,NA,NA
Luke Kennedy,44.5,0,NA,NA,NA
Luke Kennedy,49.5,0,NA,NA,NA
James Leake,24.5,0,0,0,NA
James Leake,29.5,0,0,0,NA
James Leake,34.5,0,0,0,NA
James Leake,39.5,0,0,0,NA
James Leake,44.5,0,0,0,NA
James Leake,49.5,0,0,0,NA
Balyn O'Brien,24.5,0,NA,NA,NA
Balyn O'Brien,29.5,0,NA,NA,NA
Balyn O'Brien,34.5,0,NA,NA,NA
Balyn O'Brien,39.5,0,NA,NA,NA
Balyn O'Brien,44.5,0,NA,NA,NA
Balyn O'Brien,49.5,0,NA,NA,NA
Beau Addinsall,24.5,0,0,0,NA
Beau Addinsall,29.5,0,0,0,NA
Beau Addinsall,34.5,0,0,0,NA
Beau Addinsall,39.5,0,0,0,NA
Beau Addinsall,44.5,0,0,0,NA
Beau Addinsall,49.5,0,0,0,NA
Cameron Nairn,24.5,0,NA,NA,NA
Cameron Nairn,29.5,0,NA,NA,NA
Cameron Nairn,34.5,0,NA,NA,NA
Cameron Nairn,39.5,0,NA,NA,NA
Cameron Nairn,44.5,0,NA,NA,NA
Cameron Nairn,49.5,0,NA,NA,NA
Cody Angove,24.5,0,NA,NA,NA
Cody Angove,29.5,0,NA,NA,NA
Cody Angove,34.5,0,NA,NA,NA
Cody Angove,39.5,0,NA,NA,NA
Cody Angove,44.5,0,NA,NA,NA
Cody Angove,49.5,0,NA,NA,NA
Hamish Davis,24.5,0,0,0,0
Hamish Davis,29.5,0,0,0,0
Hamish Davis,34.5,0,0,0,0
Hamish Davis,39.5,0,0,0,0
Hamish Davis,44.5,0,0,0,0
Hamish Davis,49.5,0,0,0,0
Joe Fonti,24.5,0,0,0,0
Joe Fonti,29.5,0,0,0,0
Joe Fonti,34.5,0,0,0,0
Joe Fonti,39.5,0,0,0,0
Joe Fonti,44.5,0,0,0,0
Joe Fonti,49.5,0,0,0,0
Zane Zakostelsky,24.5,0,NA,NA,NA
Zane Zakostelsky,29.5,0,NA,NA,NA
Zane Zakostelsky,34.5,0,NA,NA,NA
Zane Zakostelsky,39.5,0,NA,NA,NA
Zane Zakostelsky,44.5,0,NA,NA,NA
Zane Zakostelsky,49.5,0,NA,NA,NA
Jaxon Artemis,24.5,0,NA,NA,NA
Jaxon Artemis,29.5,0,NA,NA,NA
Jaxon Artemis,34.5,0,NA,NA,NA
Jaxon Artemis,39.5,0,NA,NA,NA
Jaxon Artemis,44.5,0,NA,NA,NA
Jaxon Artemis,49.5,0,NA,NA,NA
William Hayes,24.5,0,0,0,NA
William Hayes,29.5,0,0,0,NA
William Hayes,34.5,0,0,0,NA
William Hayes,39.5,0,0,0,NA
William Hayes,44.5,0,0,0,NA
William Hayes,49.5,0,0,0,NA
James O'Donnell,24.5,0,0,0,0
James O'Donnell,29.5,0,0,0,0
James O'Donnell,34.5,0,0,0,0
James O'Donnell,39.5,0,0,0,0
James O'Donnell,44.5,0,0,0,0
James O'Donnell,49.5,0,0,0,0
Jack Dalton,24.5,0,NA,NA,NA
Jack Dalton,29.5,0,NA,NA,NA
Jack Dalton,34.5,0,NA,NA,NA
Jack Dalton,39.5,0,NA,NA,NA
Jack Dalton,44.5,0,NA,NA,NA
Jack Dalton,49.5,0,NA,NA,NA
Xavier Bamert,24.5,0,0,0,NA
Xavier Bamert,29.5,0,0,0,NA
Xavier Bamert,34.5,0,0,0,NA
Xavier Bamert,39.5,0,0,0,NA
Xavier Bamert,44.5,0,0,0,NA
Xavier Bamert,49.5,0,0,0,NA
Archie Ludowyke,24.5,NA,NA,NA,NA
Archie Ludowyke,29.5,NA,NA,NA,NA
Archie Ludowyke,34.5,NA,NA,NA,NA
Archie Ludowyke,39.5,NA,NA,NA,NA
Archie Ludowyke,44.5,NA,NA,NA,NA
Archie Ludowyke,49.5,NA,NA,NA,NA
Tom Burton,24.5,0,0,NA,NA
Tom Burton,29.5,0,0,NA,NA
Tom Burton,34.5,0,0,NA,NA
Tom Burton,39.5,0,0,NA,NA
Tom Burton,44.5,0,0,NA,NA
Tom Burton,49.5,0,0,NA,NA
Lachy Dovaston,24.5,0,0,NA,NA
Lachy Dovaston,29.5,0,0,NA,NA
Lachy Dovaston,34.5,0,0,NA,NA
Lachy Dovaston,39.5,0,0,NA,NA
Lachy Dovaston,44.5,0,0,NA,NA
Lachy Dovaston,49.5,0,0,NA,NA
Jack Ison,24.5,0,0,0,NA
Jack Ison,29.5,0,0,0,NA
Jack Ison,34.5,0,0,0,NA
Jack Ison,39.5,0,0,0,NA
Jack Ison,44.5,0,0,0,NA
Jack Ison,49.5,0,0,0,NA
Oliver Greeves,24.5,0,NA,NA,NA
Oliver Greeves,29.5,0,NA,NA,NA
Oliver Greeves,34.5,0,NA,NA,NA
Oliver Greeves,39.5,0,NA,NA,NA
Oliver Greeves,44.5,0,NA,NA,NA
Oliver Greeves,49.5,0,NA,NA,NA
Xavier Taylor,24.5,NA,NA,NA,NA
Xavier Taylor,29.5,NA,NA,NA,NA
Xavier Taylor,34.5,NA,NA,NA,NA
Xavier Taylor,39.5,NA,NA,NA,NA
Xavier Taylor,44.5,NA,NA,NA,NA
Xavier Taylor,49.5,NA,NA,NA,NA
Louis Emmett,24.5,0,0,NA,NA
Louis Emmett,29.5,0,0,NA,NA
Louis Emmett,34.5,0,0,NA,NA
Louis Emmett,39.5,0,0,NA,NA
Louis Emmett,44.5,0,0,NA,NA
Louis Emmett,49.5,0,0,NA,NA
Josh Lindsay,24.5,0,0,0,0
Josh Lindsay,29.5,0,0,0,0
Josh Lindsay,34.5,0,0,0,0
Josh Lindsay,39.5,0,0,0,0
Josh Lindsay,44.5,0,0,0,0
Josh Lindsay,49.5,0,0,0,0
Harry Dean,24.5,0,0,0,0
Harry Dean,29.5,0,0,0,0
Harry Dean,34.5,0,0,0,0
Harry Dean,39.5,0,0,0,0
Harry Dean,44.5,0,0,0,0
Harry Dean,49.5,0,0,0,0
Willem Duursma,24.5,0,0,0,0
Willem Duursma,29.5,0,0,0,0
Willem Duursma,34.5,0,0,0,0
Willem Duursma,39.5,0,0,0,0
Willem Duursma,44.5,0,0,0,0
Willem Duursma,49.5,0,0,0,0
Kye Annand,24.5,0,0,0,NA
Kye Annand,29.5,0,0,0,NA
Kye Annand,34.5,0,0,0,NA
Kye Annand,39.5,0,0,0,NA
Kye Annand,44.5,0,0,0,NA
Kye Annand,49.5,0,0,0,NA
Dylan Patterson,24.5,0,0,NA,NA
Dylan Patterson,29.5,0,0,NA,NA
Dylan Patterson,34.5,0,0,NA,NA
Dylan Patterson,39.5,0,0,NA,NA
Dylan Patterson,44.5,0,0,NA,NA
Dylan Patterson,49.5,0,0,NA,NA
Josh Dolan,24.5,0,0,0,0
Josh Dolan,29.5,0,0,0,0
Josh Dolan,34.5,0,0,0,0
Josh Dolan,39.5,0,0,0,0
Josh Dolan,44.5,0,0,0,0
Josh Dolan,49.5,0,0,0,0
Jacob Farrow,24.5,0,0,0,0
Jacob Farrow,29.5,0,0,0,0
Jacob Farrow,34.5,0,0,0,0
Jacob Farrow,39.5,0,0,0,0
Jacob Farrow,44.5,0,0,0,0
Jacob Farrow,49.5,0,0,0,0
Ty Gallop,24.5,0,0,0,0
Ty Gallop,29.5,0,0,0,0
Ty Gallop,34.5,0,0,0,0
Ty Gallop,39.5,0,0,0,0
Ty Gallop,44.5,0,0,0,0
Ty Gallop,49.5,0,0,0,0
Liam O'Connell,24.5,0,0,0,0
Liam O'Connell,29.5,0,0,0,0
Liam O'Connell,34.5,0,0,0,0
Liam O'Connell,39.5,0,0,0,0
Liam O'Connell,44.5,0,0,0,0
Liam O'Connell,49.5,0,0,0,0
Oliver Hayes-Brown,24.5,0,0,0,NA
Oliver Hayes-Brown,29.5,0,0,0,NA
Oliver Hayes-Brown,34.5,0,0,0,NA
Oliver Hayes-Brown,39.5,0,0,0,NA
Oliver Hayes-Brown,44.5,0,0,0,NA
Oliver Hayes-Brown,49.5,0,0,0,NA
Jack Hutchinson,24.5,0,0,0,0
Jack Hutchinson,29.5,0,0,0,0
Jack Hutchinson,34.5,0,0,0,0
Jack Hutchinson,39.5,0,0,0,0
Jack Hutchinson,44.5,0,0,0,0
Jack Hutchinson,49.5,0,0,0,0
Campbell Gray,24.5,0,0,0,0
Campbell Gray,29.5,0,0,0,0
Campbell Gray,34.5,0,0,0,0
Campbell Gray,39.5,0,0,0,0
Campbell Gray,44.5,0,0,0,0
Campbell Gray,49.5,0,0,0,0
Will Lewis,24.5,0,0,0,0
Will Lewis,29.5,0,0,0,0
Will Lewis,34.5,0,0,0,0
Will Lewis,39.5,0,0,0,0
Will Lewis,44.5,0,0,0,0
Will Lewis,49.5,0,0,0,0
Sam Davidson,24.5,0,0,0,0
Sam Davidson,29.5,0,0,0,0
Sam Davidson,34.5,0,0,0,0
Sam Davidson,39.5,0,0,0,0
Sam Davidson,44.5,0,0,0,0
Sam Davidson,49.5,0,0,0,0
Tom McCarthy,24.5,0,0,0,0
Tom McCarthy,29.5,0,0,0,0
Tom McCarthy,34.5,0,0,0,0
Tom McCarthy,39.5,0,0,0,0
Tom McCarthy,44.5,0,0,0,0
Tom McCarthy,49.5,0,0,0,0
Talor Byrne,24.5,0,0,0,0
Talor Byrne,29.5,0,0,0,0
Talor Byrne,34.5,0,0,0,0
Talor Byrne,39.5,0,0,0,0
Talor Byrne,44.5,0,0,0,0
Talor Byrne,49.5,0,0,0,0
Sam Grlj,24.5,0,0,0,0
Sam Grlj,29.5,0,0,0,0
Sam Grlj,34.5,0,0,0,0
Sam Grlj,39.5,0,0,0,0
Sam Grlj,44.5,0,0,0,0
Sam Grlj,49.5,0,0,0,0
Max Kondogiannis,24.5,0,0,0,NA
Max Kondogiannis,29.5,0,0,0,NA
Max Kondogiannis,34.5,0,0,0,NA
Max Kondogiannis,39.5,0,0,0,NA
Max Kondogiannis,44.5,0,0,0,NA
Max Kondogiannis,49.5,0,0,0,NA
Charlie Banfield,24.5,0,NA,NA,NA
Charlie Banfield,29.5,0,NA,NA,NA
Charlie Banfield,34.5,0,NA,NA,NA
Charlie Banfield,39.5,0,NA,NA,NA
Charlie Banfield,44.5,0,NA,NA,NA
Charlie Banfield,49.5,0,NA,NA,NA
Cody Curtin,24.5,0,NA,NA,NA
Cody Curtin,29.5,0,NA,NA,NA
Cody Curtin,34.5,0,NA,NA,NA
Cody Curtin,39.5,0,NA,NA,NA
Cody Curtin,44.5,0,NA,NA,NA
Cody Curtin,49.5,0,NA,NA,NA
Sam Swadling,24.5,0,0,NA,NA
Sam Swadling,29.5,0,0,NA,NA
Sam Swadling,34.5,0,0,NA,NA
Sam Swadling,39.5,0,0,NA,NA
Sam Swadling,44.5,0,0,NA,NA
Sam Swadling,49.5,0,0,NA,NA
Harry Kyle,24.5,0,0,0,NA
Harry Kyle,29.5,0,0,0,NA
Harry Kyle,34.5,0,0,0,NA
Harry Kyle,39.5,0,0,0,NA
Harry Kyle,44.5,0,0,0,NA
Harry Kyle,49.5,0,0,0,NA
Matt Hill,24.5,NA,NA,NA,NA
Matt Hill,29.5,NA,NA,NA,NA
Matt Hill,34.5,NA,NA,NA,NA
Matt Hill,39.5,NA,NA,NA,NA
Matt Hill,44.5,NA,NA,NA,NA
Matt Hill,49.5,NA,NA,NA,NA
Josh Lai,24.5,0,0,0,0
Josh Lai,29.5,0,0,0,0
Josh Lai,34.5,0,0,0,0
Josh Lai,39.5,0,0,0,0
Josh Lai,44.5,0,0,0,0
Josh Lai,49.5,0,0,0,0
Christopher Scerri,24.5,0,0,0,NA
Christopher Scerri,29.5,0,0,0,NA
Christopher Scerri,34.5,0,0,0,NA
Christopher Scerri,39.5,0,0,0,NA
Christopher Scerri,44.5,0,0,0,NA
Christopher Scerri,49.5,0,0,0,NA
Sullivan Robey,24.5,0,0,0,0
Sullivan Robey,29.5,0,0,0,0
Sullivan Robey,34.5,0,0,0,0
Sullivan Robey,39.5,0,0,0,0
Sullivan Robey,44.5,0,0,0,0
Sullivan Robey,49.5,0,0,0,0
