player_name,stat,median_diff,games_win,games_loss
Billy Wilson,disposals,11.5,6,3
Brodie Smith,disposals,10,8,3
Jaxon Binns,disposals,10,2,3
Darcy Parish,disposals,9,1,13
Lachlan Sholl,disposals,9,3,2
Tom Mitchell,disposals,8.5,2,2
Jordan Ridley,disposals,7.5,5,8
Jasper Alger,disposals,7,1,7
Matthew Cottrell,disposals,7,3,5
Ned Long,disposals,7,21,14
Sam Cumming,disposals,7,2,5
Xavier Duursma,disposals,7,7,29
Blake Acres,disposals,6.5,9,12
Caleb Poulter,disposals,6.5,4,3
Callum Coleman-Jones,disposals,6.5,3,2
Jagga Smith,disposals,6.5,5,8
Toby McMullin,disposals,6.5,8,9
Alex Davies,disposals,6,10,4
Bailey Scott,disposals,6,3,8
Bo Allan,disposals,6,3,14
Callan Ward,disposals,6,7,5
Darcy Jones,disposals,6,15,8
James Harmes,disposals,6,7,6
Jason Horne-Francis,disposals,6,11,17
Jeremy Cameron,disposals,6,28,11
John Noble,disposals,6,23,15
Peter Wright,disposals,6,5,24
Tim Taranto,disposals,6,6,27
Tom Cochrane,disposals,6,3,2
Tyler Brockman,disposals,6,1,19
Zach Merrett,disposals,6,7,29
Caleb Windsor,disposals,5.5,14,15
Dante Visentini,disposals,5.5,4,10
Jacob Bauer,disposals,5.5,1,4
Malcolm Rosas,disposals,5.5,14,2
Matt Crouch,disposals,5.5,4,2
Shai Bolton,disposals,5.5,28,8
Steele Sidebottom,disposals,5.5,19,14
Zak Jones,disposals,5.5,8,7
Blake Hardwick,disposals,5,25,13
Brad Close,disposals,5,25,11
Brayden Cook,disposals,5,11,5
Hugh Jackson,disposals,5,4,5
Jack Macrae,disposals,5,11,19
Jacob Farrow,disposals,5,1,11
Josh Kelly,disposals,5,10,5
Jye Menzie,disposals,5,4,6
Nick Daicos,disposals,5,22,14
Nick Vlastuin,disposals,5,7,27
Riley Garcia,disposals,5,5,3
Tom Blamires,disposals,5,5,5
Will Hoskin-Elliott,disposals,5,12,6
Christian Petracca,disposals,4.5,14,20
Finn Maginness,disposals,4.5,10,7
Harley Reid,disposals,4.5,5,28
Hugh McCluggage,disposals,4.5,23,12
Joel Jeffrey,disposals,4.5,23,14
Josh Daicos,disposals,4.5,22,15
Koltyn Tholstrup,disposals,4.5,13,10
Noah Anderson,disposals,4.5,22,15
Oscar McDonald,disposals,4.5,10,2
Reilly O'Brien,disposals,4.5,18,8
Tom McCartin,disposals,4.5,20,11
Wade Derksen,disposals,4.5,2,2
Aaron Naughton,disposals,4,22,15
Angus Sheldrick,disposals,4,23,10
Arthur Jones,disposals,4,8,5
Ben McKay,disposals,4,7,15
Billy Frampton,disposals,4,17,11
Blake Howes,disposals,4,11,15
Calsher Dear,disposals,4,7,5
Cam Mackenzie,disposals,4,14,8
Cody Angove,disposals,4,3,1
Dylan Stephens,disposals,4,11,23
Harry McKay,disposals,4,10,14
Hunter Clark,disposals,4,7,9
Isaac Heeney,disposals,4,23,12
Jacob van Rooyen,disposals,4,11,19
James Jordon,disposals,4,24,13
Joe Richards,disposals,4,12,23
Josh Ward,disposals,4,24,13
Kamdyn McIntosh,disposals,4,5,18
Matthew Jefferson,disposals,4,5,9
Murphy Reid,disposals,4,28,9
Mykelti Lefau,disposals,4,2,10
Nic Martin,disposals,4,6,10
Ollie Lord,disposals,4,5,11
Oscar Adams,disposals,4,11,7
Tim Kelly,disposals,4,5,28
Tom Lynch,disposals,4,5,18
Xavier Lindsay,disposals,4,9,14
Zac Banch,disposals,4,1,5
Zach Reid,disposals,4,7,17
Bailey Smith,disposals,3.5,26,11
Brennan Cox,disposals,3.5,26,8
Cooper Sharman,disposals,3.5,14,21
Ed Langdon,disposals,3.5,16,21
Hamish Davis,disposals,3.5,4,18
Jack Carroll,disposals,3.5,6,9
Jack Ross,disposals,3.5,7,28
Jack Silvagni,disposals,3.5,12,15
Jarrod Witts,disposals,3.5,20,14
Joel Freijah,disposals,3.5,22,15
Justin McInerney,disposals,3.5,20,10
Noah Balta,disposals,3.5,4,21
Oliver Dempsey,disposals,3.5,28,12
Rhett Bazzo,disposals,3.5,2,10
Sam Durham,disposals,3.5,7,26
Shannon Neale,disposals,3.5,27,12
Shaun Mannagh,disposals,3.5,27,10
Will Hayward,disposals,3.5,15,18
Andrew McGrath,disposals,3,7,27
Bailey Banfield,disposals,3,15,6
Bailey Laurie,disposals,3,6,4
Bayley Fritsch,disposals,3,14,21
Ben King,disposals,3,23,15
Campbell Gray,disposals,3,1,11
Connor Rozee,disposals,3,10,13
Daniel Rioli,disposals,3,20,13
Ewan Mackinlay,disposals,3,5,9
Finn O'Sullivan,disposals,3,9,21
George Hewett,disposals,3,14,18
Gryan Miers,disposals,3,23,10
Harry Dean,disposals,3,5,6
Hudson O'Keeffe,disposals,3,5,3
Hugh Boxshall,disposals,3,8,8
Hugo Garcia,disposals,3,13,18
Jackson Mead,disposals,3,9,15
Jake Stringer,disposals,3,15,13
Jake Waterman,disposals,3,5,17
James Sicily,disposals,3,21,13
Jarman Impey,disposals,3,25,11
Jase Burgoyne,disposals,3,12,21
Jaxon Prior,disposals,3,7,29
Jed McEntee,disposals,3,1,5
Lachie Schultz,disposals,3,13,15
Luke McDonald,disposals,3,10,17
Matt Rowell,disposals,3,18,15
Matthew Carroll,disposals,3,11,16
Maurice Rioli,disposals,3,3,17
Max Holmes,disposals,3,28,12
Mitch Georgiades,disposals,3,13,23
Patrick Voss,disposals,3,26,6
Sam Switkowski,disposals,3,24,6
Tim English,disposals,3,21,11
Toby Nankervis,disposals,3,5,19
Tom Gross,disposals,3,1,8
Tom Hanily,disposals,3,4,6
Will Ashcroft,disposals,3,27,13
Xavier O'Halloran,disposals,3,18,13
Bailey Humphrey,disposals,2.5,22,11
Ben Keays,disposals,2.5,26,12
Chad Warner,disposals,2.5,24,13
Charlie Curnow,disposals,2.5,18,13
Cooper Duff-Tytler,disposals,2.5,2,9
Dougal Howard,disposals,2.5,4,5
Dylan Moore,disposals,2.5,24,13
Esava Ratugolea,disposals,2.5,8,12
Finn Callaghan,disposals,2.5,20,14
Heath Chapman,disposals,2.5,28,8
Jack Gunston,disposals,2.5,21,10
Jack Scrimshaw,disposals,2.5,13,8
Jade Gresham,disposals,2.5,6,20
Jaeger O'Meara,disposals,2.5,12,6
Jake Melksham,disposals,2.5,8,14
Jake Rogers,disposals,2.5,10,4
Jayden Hunt,disposals,2.5,1,14
Josh Lai,disposals,2.5,3,6
Jye Amiss,disposals,2.5,28,9
Kysaiah Pickett,disposals,2.5,16,18
Lachie Jaques,disposals,2.5,6,2
Logan Evans,disposals,2.5,6,17
Luke Nankervis,disposals,2.5,8,6
Ned Reeves,disposals,2.5,8,4
Neil Erasmus,disposals,2.5,23,6
Tom Burton,disposals,2.5,2,3
Willie Rioli,disposals,2.5,9,10
Angus Clarke,disposals,2,1,13
Bailey Williams,disposals,2,19,14
Bodie Ryan,disposals,2,1,3
Brent Daniels,disposals,2,9,5
Brody Mihocek,disposals,2,21,11
Caleb Serong,disposals,2,25,9
Callum Ah Chee,disposals,2,20,9
Callum Mills,disposals,2,19,6
Changkuoth Jiath,disposals,2,17,11
Charlie Dean,disposals,2,2,2
Colby McKercher,disposals,2,11,24
Cooper Hynes,disposals,2,13,7
Corey Wagner,disposals,2,22,7
Dane Rampe,disposals,2,17,12
Daniel Curtin,disposals,2,23,8
Dylan Shiel,disposals,2,4,10
Harry Himmelberg,disposals,2,22,15
Harry Sharp,disposals,2,15,17
Jack Buller,disposals,2,7,7
Jack Crisp,disposals,2,22,15
Jack Darling,disposals,2,10,23
Jake Lever,disposals,2,11,10
James Peatling,disposals,2,25,11
Jayden Laverde,disposals,2,7,20
Jordan Clark,disposals,2,28,9
Jordan De Goey,disposals,2,10,12
Josh Dunkley,disposals,2,27,13
Josh Treacy,disposals,2,28,9
Judd McVee,disposals,2,17,12
Kade Chandler,disposals,2,16,21
Keidean Coleman,disposals,2,6,7
Mark O'Connor,disposals,2,26,11
Matthew Kennedy,disposals,2,22,15
Max Gawn,disposals,2,16,21
Max Gruzewski,disposals,2,11,4
Mitch Knevitt,disposals,2,5,3
Mitch Lewis,disposals,2,13,7
Nate Caddy,disposals,2,7,23
Nick Watson,disposals,2,24,13
Patrick Cripps,disposals,2,14,22
Patrick Dangerfield,disposals,2,23,10
Patrick Lipinski,disposals,2,21,13
Ryley Sanders,disposals,2,20,14
Sam Banks,disposals,2,5,25
Sam Butler,disposals,2,10,3
Sam Clohesy,disposals,2,14,8
Sam Docherty,disposals,2,4,11
Sam Marshall,disposals,2,7,6
Sam Walsh,disposals,2,12,15
Seth Campbell,disposals,2,7,28
Toby Greene,disposals,2,21,14
Toby Pink,disposals,2,8,13
Todd Goldstein,disposals,2,3,13
Tom Brown,disposals,2,6,25
Tom Papley,disposals,2,15,7
Tristan Xerri,disposals,2,9,20
Alex Cincotta,disposals,1.5,2,3
Andrew Brayshaw,disposals,1.5,28,9
Archer Reid,disposals,1.5,2,18
Brodie Kemp,disposals,1.5,6,12
Darcy Byrne-Jones,disposals,1.5,12,23
Flynn Young,disposals,1.5,6,5
Harris Andrews,disposals,1.5,25,12
Harvey Langford,disposals,1.5,16,20
Hugh Bond,disposals,1.5,8,4
Jack Martin,disposals,1.5,18,7
Jake Riccardi,disposals,1.5,18,11
James Rowbottom,disposals,1.5,24,13
Jed Walter,disposals,1.5,12,12
Jeremy Howe,disposals,1.5,19,10
Jobe Shanahan,disposals,1.5,4,19
Joel Hamling,disposals,1.5,10,7
Kane Farrell,disposals,1.5,12,21
Luke Cleary,disposals,1.5,11,6
Max Michalanney,disposals,1.5,22,12
Nick Blakey,disposals,1.5,24,13
Patrick Retschko,disposals,1.5,2,6
Taylor Walker,disposals,1.5,21,10
Todd Marshall,disposals,1.5,2,6
Tom Atkins,disposals,1.5,28,12
Tom Liberatore,disposals,1.5,17,10
Tom Sparrow,disposals,1.5,16,20
Zac Bailey,disposals,1.5,26,12
Bailey J. Williams,disposals,1,3,23
Ben Ainsworth,disposals,1,20,17
Ben Long,disposals,1,22,14
Bobby Hill,disposals,1,11,3
Callum Brown,disposals,1,19,11
Callum Wilkie,disposals,1,15,22
Christian Salem,disposals,1,10,18
Connor Budarick,disposals,1,20,10
Connor Macdonald,disposals,1,24,12
Conor Nash,disposals,1,21,10
Cooper Trembath,disposals,1,7,9
Dan Butler,disposals,1,5,7
Daniel McStay,disposals,1,17,13
Daniel Turner,disposals,1,13,18
Darcy Moore,disposals,1,16,9
Ethan Read,disposals,1,20,10
Francis Evans,disposals,1,8,13
Harry O'Farrell,disposals,1,1,5
Harry Sheezel,disposals,1,11,24
Harvey Gallagher,disposals,1,3,5
Isaiah Dudley,disposals,1,23,6
Izak Rankine,disposals,1,22,10
Jack Higgins,disposals,1,13,18
Jack Steele,disposals,1,17,19
Jacob Konstanty,disposals,1,8,21
Jacob Newton,disposals,1,2,3
Jai Newcombe,disposals,1,25,13
Jake Bowey,disposals,1,11,18
Jake Soligo,disposals,1,25,11
James Borlase,disposals,1,7,3
Jamie Elliott,disposals,1,22,13
Jaspa Fletcher,disposals,1,27,13
Jimmy Webster,disposals,1,5,10
Josaia Delana,disposals,1,3,4
Jy Farrar,disposals,1,7,3
Kai Lohmann,disposals,1,21,10
Kane McAuliffe,disposals,1,2,9
Lachie Jones,disposals,1,10,19
Lachie Weller,disposals,1,20,10
Lachlan Bramble,disposals,1,22,15
Lance Collard,disposals,1,6,6
Lewis Young,disposals,1,5,15
Luke Breust,disposals,1,5,3
Luke Davies-Uniacke,disposals,1,11,23
Luke Pedlar,disposals,1,12,7
Mabior Chol,disposals,1,21,11
Malakai Champion,disposals,1,2,8
Marcus Bontempelli,disposals,1,20,12
Marcus Windhager,disposals,1,15,22
Mason Wood,disposals,1,13,21
Massimo D'Ambrosio,disposals,1,25,13
Mitch Duncan,disposals,1,7,2
Nasiah Wanganeen-Milera,disposals,1,14,19
Nathan Broad,disposals,1,7,27
Nick Larkey,disposals,1,10,19
Noah Answerth,disposals,1,15,7
Oisin Mullin,disposals,1,27,12
Oliver Henry,disposals,1,17,11
Oscar Allen,disposals,1,5,15
Oscar McInerney,disposals,1,11,2
Rhys Stanley,disposals,1,16,4
Robert Hansen Jr,disposals,1,3,9
Ryan Angwin,disposals,1,11,9
Sam Berry,disposals,1,23,9
Sam Draper,disposals,1,11,7
Sam Lalor,disposals,1,3,15
Sam Powell-Pepper,disposals,1,7,9
Sandy Brock,disposals,1,1,17
Scott Pendlebury,disposals,1,19,13
Steely Green,disposals,1,5,27
Taj Hotton,disposals,1,2,5
Tobie Travaglia,disposals,1,5,7
Toby Bedford,disposals,1,20,12
Toby Murray,disposals,1,6,2
Tom McDonald,disposals,1,9,12
Tom Powell,disposals,1,9,21
Ty Gallop,disposals,1,11,7
Tylar Young,disposals,1,6,15
Tyson Stengle,disposals,1,18,6
Wil Powell,disposals,1,23,14
Zac Taylor,disposals,1,19,9
Zak Butters,disposals,1,12,21
Aidan Johnson,disposals,0.5,2,3
Angus Anderson,disposals,0.5,2,5
Archer Day-Wicks,disposals,0.5,2,15
Archie Perkins,disposals,0.5,5,26
Archie Roberts,disposals,0.5,7,30
Beau McCreery,disposals,0.5,19,12
Ben Hobbs,disposals,0.5,6,12
Braeden Campbell,disposals,0.5,12,11
Brayden Fiorini,disposals,0.5,11,10
Charlie Comben,disposals,0.5,11,20
Charlie Spargo,disposals,0.5,8,11
Corey Durdin,disposals,0.5,12,17
Darcy Wilson,disposals,0.5,11,20
Elijah Tsatas,disposals,0.5,2,9
Jesse Hogan,disposals,0.5,12,12
Jonty Faull,disposals,0.5,6,20
Jy Simpkin,disposals,0.5,11,22
Jye Caldwell,disposals,0.5,4,17
Karl Worner,disposals,0.5,28,8
Lachie Fogarty,disposals,0.5,8,14
Latrelle Pickett,disposals,0.5,8,4
Luke Jackson,disposals,0.5,26,8
Mark Blicavs,disposals,0.5,24,12
Nat Fyfe,disposals,0.5,6,2
Ned Moyle,disposals,0.5,5,4
Rhyan Mansell,disposals,0.5,4,17
Riley Thilthorpe,disposals,0.5,24,12
Ryan Lester,disposals,0.5,25,10
Sam Davidson,disposals,0.5,14,14
Tim Membrey,disposals,0.5,20,12
Zac Fisher,disposals,0.5,2,6
Aaron Cadman,disposals,0,21,11
Alix Tauru,disposals,0,3,5
Bodhi Uwland,disposals,0,23,15
Brady Hough,disposals,0,5,31
Caiden Cleary,disposals,0,8,9
Caleb Daniel,disposals,0,11,24
Cameron Zurhaar,disposals,0,11,23
Charlie Cameron,disposals,0,25,13
Cody Curtin,disposals,0,2,2
Cooper Harvey,disposals,0,2,6
Darcy Fogarty,disposals,0,22,9
Ed Richards,disposals,0,21,15
Harrison Petty,disposals,0,14,18
Harry Armstrong,disposals,0,1,10
Harry Perryman,disposals,0,21,12
Harvey Johnston,disposals,0,2,4
Hayden McLean,disposals,0,14,9
Jack Bowes,disposals,0,19,9
Jack Whitlock,disposals,0,5,12
Jacob Weitering,disposals,0,12,21
Jai Culley,disposals,0,6,5
James O'Donnell,disposals,0,21,11
Jarrod Berry,disposals,0,22,10
Jesse Motlop,disposals,0,9,14
Joel Amartey,disposals,0,17,5
Josh Battle,disposals,0,25,13
Josh Lindsay,disposals,0,3,9
Josh Worrell,disposals,0,26,12
Lachie Neale,disposals,0,23,12
Lachlan Cowan,disposals,0,9,17
Lachlan McNeil,disposals,0,18,10
Levi Ashcroft,disposals,0,27,13
Liam Duggan,disposals,0,5,30
Lincoln McCarthy,disposals,0,6,2
Lloyd Meek,disposals,0,25,12
Logan Morris,disposals,0,26,12
Mark Keane,disposals,0,18,7
Mason Cox,disposals,0,14,4
Matt Flynn,disposals,0,3,19
Matt Guelfi,disposals,0,1,14
Max Ramsden,disposals,0,4,2
Mitchell Edwards,disposals,0,8,3
Mitchell Hinge,disposals,0,18,7
Nic Newman,disposals,0,4,6
Nick Holman,disposals,0,11,7
Nick Murray,disposals,0,14,7
Paddy Cross,disposals,0,5,3
Peter Ladhams,disposals,0,6,5
Reuben Ginbey,disposals,0,5,31
Rory Lobb,disposals,0,21,13
Ryan Byrnes,disposals,0,9,14
Sam Collins,disposals,0,21,14
Sid Draper,disposals,0,7,3
Taylor Duryea,disposals,0,3,2
Tom De Koning,disposals,0,15,21
Touk Miller,disposals,0,22,14
Zeke Uwland,disposals,0,5,5
Conor McKenna,disposals,-0.5,8,5
Dan Houston,disposals,-0.5,20,13
Dayne Zorko,disposals,-0.5,24,9
Dion Prestia,disposals,-0.5,3,18
Harry Morrison,disposals,-0.5,14,9
Hayden Young,disposals,-0.5,11,4
Isaac Quaynor,disposals,-0.5,22,15
Jack Payne,disposals,-0.5,8,4
Jack Williams,disposals,-0.5,2,15
Jordan Dawson,disposals,-0.5,24,11
Josh Weddle,disposals,-0.5,20,10
Lachie Whitfield,disposals,-0.5,20,15
Laitham Vandermeer,disposals,-0.5,12,8
Leonardo Lombard,disposals,-0.5,8,9
Liam Jones,disposals,-0.5,2,3
Mason Redman,disposals,-0.5,6,20
Michael Frederick,disposals,-0.5,24,8
Mitch Owens,disposals,-0.5,12,18
Oliver Florent,disposals,-0.5,12,17
Oliver Hannaford,disposals,-0.5,3,2
Riley Hardeman,disposals,-0.5,4,14
Saad El-Hawli,disposals,-0.5,4,12
Sam Wicks,disposals,-0.5,24,11
Tyler Sonsie,disposals,-0.5,5,22
Wayne Milera,disposals,-0.5,25,12
Will McLachlan,disposals,-0.5,5,2
William Hayes,disposals,-0.5,5,2
Adam Saad,disposals,-1,9,15
Alex Neal-Bullen,disposals,-1,26,11
Aliir Aliir,disposals,-1,13,22
Anthony Caminiti,disposals,-1,14,20
Ashton Moir,disposals,-1,3,8
Brandon Zerk-Thatcher,disposals,-1,5,8
Brayden Maynard,disposals,-1,17,15
Buku Khamis,disposals,-1,16,12
Campbell Chesser,disposals,-1,1,6
Darcy Gardiner,disposals,-1,16,8
Darcy Tucker,disposals,-1,1,6
Deven Robertson,disposals,-1,4,4
Finnbar Maley,disposals,-1,3,8
George Wardlaw,disposals,-1,9,13
Harrison Jones,disposals,-1,4,5
Isaac Kako,disposals,-1,7,22
Isaac Keeler,disposals,-1,4,9
Jacob Hopper,disposals,-1,7,28
James Leake,disposals,-1,5,3
James Worpel,disposals,-1,16,11
Jedd Busslinger,disposals,-1,7,4
Jeremy Finlayson,disposals,-1,2,6
Joe Berry,disposals,-1,8,17
Josh Dolan,disposals,-1,7,8
Josh Rachele,disposals,-1,18,9
Kieren Briggs,disposals,-1,17,13
Kyle Langford,disposals,-1,4,19
Lachie Ash,disposals,-1,22,15
Lachlan Sullivan,disposals,-1,12,3
Lachy Dovaston,disposals,-1,3,3
Liam Henry,disposals,-1,3,8
Liam Stocker,disposals,-1,11,15
Logan McDonald,disposals,-1,12,2
Luke Ryan,disposals,-1,28,8
Luke Trainor,disposals,-1,6,23
Mac Andrew,disposals,-1,22,15
Marc Pittonet,disposals,-1,6,13
Mitch McGovern,disposals,-1,11,19
Nick Haynes,disposals,-1,13,19
Oscar Steene,disposals,-1,3,4
Oskar Baker,disposals,-1,10,8
Paul Curtis,disposals,-1,10,22
Rowan Marshall,disposals,-1,15,21
Ryan Burton,disposals,-1,3,5
Sam Darcy,disposals,-1,15,8
Sam Taylor,disposals,-1,13,9
Talor Byrne,disposals,-1,3,5
Thomas Sims,disposals,-1,3,8
Thomson Dow,disposals,-1,3,8
Tom Barrass,disposals,-1,22,11
Tom Green,disposals,-1,15,8
Tom Stewart,disposals,-1,24,9
Travis Boak,disposals,-1,7,9
Trent Rivers,disposals,-1,11,19
Will Day,disposals,-1,6,2
Will Lewis,disposals,-1,5,5
Will White,disposals,-1,7,7
Willem Drew,disposals,-1,13,23
Zach Guthrie,disposals,-1,28,12
Alixzander Tauru,disposals,-1.5,4,6
Bruce Reville,disposals,-1.5,20,7
Darcy Cameron,disposals,-1.5,22,14
David Swallow,disposals,-1.5,4,5
Harry Rowston,disposals,-1.5,10,4
Harvey Thomas,disposals,-1.5,17,14
Jacob Wehr,disposals,-1.5,12,13
Jake Kolodjashnij,disposals,-1.5,6,2
Jason Johannisen,disposals,-1.5,10,6
Josh Sinn,disposals,-1.5,8,12
Joshua Draper,disposals,-1.5,7,4
Lachlan McAndrew,disposals,-1.5,8,5
Lewis Melican,disposals,-1.5,16,10
Max Hall,disposals,-1.5,15,22
Max Heath,disposals,-1.5,6,4
Nathan O'Driscoll,disposals,-1.5,14,6
Ollie Wines,disposals,-1.5,10,20
Phoenix Gothard,disposals,-1.5,6,7
Roan Steele,disposals,-1.5,8,9
Rory Laird,disposals,-1.5,23,10
Sam Flanders,disposals,-1.5,19,16
Will Setterfield,disposals,-1.5,5,12
Adam Treloar,disposals,-2,6,3
Bailey Macdonald,disposals,-2,7,2
Bradley Hill,disposals,-2,15,21
Brandon Starcevich,disposals,-2,11,5
Cam Rayner,disposals,-2,27,13
Clayton Oliver,disposals,-2,12,23
Corey Warner,disposals,-2,9,9
Darcy Fort,disposals,-2,22,11
Flynn Perez,disposals,-2,4,1
Harry Cunningham,disposals,-2,16,3
Isaac Cumming,disposals,-2,23,10
Jack Ginnivan,disposals,-2,25,12
Jack Graham,disposals,-2,3,20
Jack Henry,disposals,-2,21,10
Jack Lukosius,disposals,-2,4,7
James Trezise,disposals,-2,7,18
Jamie Cripps,disposals,-2,3,23
Jordon Butts,disposals,-2,13,6
Lachlan Blakiston,disposals,-2,1,24
Leek Aleer,disposals,-2,12,6
Liam Baker,disposals,-2,5,31
Mani Liddy,disposals,-2,4,5
Matthew Johnson,disposals,-2,23,7
Nick Coffield,disposals,-2,7,4
Oliver Hollands,disposals,-2,11,21
Riley Bice,disposals,-2,21,9
Sean Darcy,disposals,-2,15,7
Stephen Coniglio,disposals,-2,13,8
Thomas Edwards,disposals,-2,2,7
Zac Williams,disposals,-2,10,18
Elijah Hollands,disposals,-2.5,4,7
Griffin Logue,disposals,-2.5,7,20
Harry Edwards,disposals,-2.5,2,17
Harry Schoenberg,disposals,-2.5,2,4
Jhye Clark,disposals,-2.5,7,6
Joe Fonti,disposals,-2.5,17,12
Lawson Humphries,disposals,-2.5,28,10
Mattaes Phillipou,disposals,-2.5,8,13
Michael Sellwood,disposals,-2.5,8,6
Rhylee West,disposals,-2.5,22,15
Wil Parker,disposals,-2.5,4,4
Willem Duursma,disposals,-2.5,4,9
Adam Cerra,disposals,-3,11,18
Alex Pearce,disposals,-3,18,9
Archer May,disposals,-3,1,16
Ben Miller,disposals,-3,7,29
Brodie Grundy,disposals,-3,23,12
Chayce Jones,disposals,-3,5,3
Christian Moraes,disposals,-3,8,13
Cooper Lord,disposals,-3,9,15
Darcy Wilmot,disposals,-3,27,13
Elijah Hewett,disposals,-3,1,24
Jack Hutchinson,disposals,-3,2,16
Jack Sinclair,disposals,-3,15,22
Jack Viney,disposals,-3,5,13
Jai Serong,disposals,-3,11,2
Jake Lloyd,disposals,-3,23,13
Jordon Sweet,disposals,-3,12,19
Lachlan Gulbin,disposals,-3,3,6
Liam Ryan,disposals,-3,5,24
Luke Parker,disposals,-3,11,23
Nicholas Madden,disposals,-3,4,2
Oliver Wiltshire,disposals,-3,5,3
Ryan Maric,disposals,-3,3,28
Will Graham,disposals,-3,13,6
Zane Duursma,disposals,-3,7,15
Angus Hastie,disposals,-3.5,5,6
Elliot Yeo,disposals,-3.5,4,8
Eric Hipwood,disposals,-3.5,16,6
Hugo Ralphsmith,disposals,-3.5,2,15
Jordan Croft,disposals,-3.5,7,4
Milan Murdock,disposals,-3.5,3,8
Miles Bergman,disposals,-3.5,11,16
Oliver Hayes-Brown,disposals,-3.5,2,5
Bailey Dale,disposals,-4,22,15
Charlie Ballard,disposals,-4,3,3
Connor Idun,disposals,-4,22,15
Conor Stone,disposals,-4,6,4
Edward Allan,disposals,-4,13,8
Jack Buckley,disposals,-4,18,10
Jed Bews,disposals,-4,3,1
Liam O'Connell,disposals,-4,5,7
Oleg Markov,disposals,-4,5,3
Orazio Fantasia,disposals,-4,2,4
Sam De Koning,disposals,-4,27,9
Tom Cole,disposals,-4,3,23
Connor O'Sullivan,disposals,-4.5,27,12
Matt Roberts,disposals,-4.5,18,11
Nick Bryan,disposals,-4.5,2,8
Sam Day,disposals,-4.5,10,3
Aaron Francis,disposals,-5,5,5
Alex Sexton,disposals,-5,3,2
Errol Gulden,disposals,-5,9,3
Jack Watkins,disposals,-5,3,6
Tanner Bruhn,disposals,-5,8,5
Taylor Adams,disposals,-5,1,3
Wil Dawson,disposals,-5,1,8
Henry Hustwaite,disposals,-5.5,4,1
Sam Grlj,disposals,-5.5,2,10
Will Phillips,disposals,-5.5,1,6
Aidan Corr,disposals,-6,5,10
Jacob Blight,disposals,-6,1,6
Jayden Short,disposals,-6,7,21
Karl Amon,disposals,-6,23,13
Lachlan Murphy,disposals,-6,3,2
Samson Ryan,disposals,-6,1,4
Steven May,disposals,-6,4,12
Tom McCarthy,disposals,-6,4,19
Matthew Owies,disposals,-6.5,1,18
Jeremy Sharp,disposals,-7,11,5
William Edwards,disposals,-7,7,1
James Tunstill,disposals,-7.5,6,4
Ted Clohesy,disposals,-7.5,6,3
Sullivan Robey,disposals,-8,1,9
Will Lorenz,disposals,-14.5,1,6
Ben Paton,disposals,NA,0,4
Billy Cootee,disposals,NA,4,0
Brynn Teakle,disposals,NA,0,4
Christopher Scerri,disposals,NA,7,0
Clay Hall,disposals,NA,0,13
Dyson Sharp,disposals,NA,0,6
Hussien El Achkar,disposals,NA,0,4
Jack Henderson,disposals,NA,0,5
Jack Ison,disposals,NA,4,0
Jayden Nguyen,disposals,NA,0,10
Jeremy McGovern,disposals,NA,0,6
Jordan Boyd,disposals,NA,0,5
Kaleb Smith,disposals,NA,0,8
Liam Fawcett,disposals,NA,0,7
Liam McMahon,disposals,NA,0,7
Liam Reidy,disposals,NA,0,4
Louis Emmett,disposals,NA,0,5
Luamon Lual,disposals,NA,0,12
Max Kondogiannis,disposals,NA,0,5
Nik Cox,disposals,NA,0,6
Noah Long,disposals,NA,0,10
Oskar Smartt,disposals,NA,0,4
Seamus Mitchell,disposals,NA,4,0
Tyrell Dewar,disposals,NA,0,16
Zak Johnson,disposals,NA,0,14
Billy Wilson,fantasy_points,49,6,3
Lachlan Sholl,fantasy_points,44,3,2
Jacob Bauer,fantasy_points,43,1,4
Angus Clarke,fantasy_points,40,1,13
Peter Wright,fantasy_points,40,5,24
Jeremy Cameron,fantasy_points,37,28,11
Tim Taranto,fantasy_points,37,6,27
Jacob Farrow,fantasy_points,35,1,11
Jasper Alger,fantasy_points,34,1,7
Toby Greene,fantasy_points,34,21,14
Hugh McCluggage,fantasy_points,33.5,23,12
Toby Murray,fantasy_points,33,6,2
Nick Daicos,fantasy_points,32.5,22,14
Zak Jones,fantasy_points,32.5,8,7
James Harmes,fantasy_points,31,7,6
Zach Reid,fantasy_points,31,7,17
Will Hoskin-Elliott,fantasy_points,30.5,12,6
Brodie Smith,fantasy_points,29.5,8,3
Blake Hardwick,fantasy_points,29,25,13
Callan Ward,fantasy_points,29,7,5
Tom Cochrane,fantasy_points,29,3,2
Nic Martin,fantasy_points,28,6,10
Jaxon Binns,fantasy_points,26.5,2,3
Dante Visentini,fantasy_points,26,4,10
Alex Davies,fantasy_points,25,10,4
Caleb Poulter,fantasy_points,25,4,3
Matthew Carroll,fantasy_points,25,11,16
Caiden Cleary,fantasy_points,24.5,8,9
Jordan De Goey,fantasy_points,24.5,10,12
Flynn Young,fantasy_points,24,6,5
Hunter Clark,fantasy_points,24,7,9
Connor Rozee,fantasy_points,23.5,10,13
Brent Daniels,fantasy_points,23,9,5
Darcy Parish,fantasy_points,23,1,13
Hugh Boxshall,fantasy_points,23,8,8
Maurice Rioli,fantasy_points,23,3,17
Hugh Jackson,fantasy_points,22.5,4,5
Joe Richards,fantasy_points,22.5,12,23
Finn Maginness,fantasy_points,22,10,7
Patrick Voss,fantasy_points,21.5,26,6
Ben Keays,fantasy_points,21,26,12
Ben King,fantasy_points,21,23,15
Bo Allan,fantasy_points,21,3,14
Brad Close,fantasy_points,21,25,11
Finn O'Sullivan,fantasy_points,21,9,21
Jack Gunston,fantasy_points,21,21,10
Jacob van Rooyen,fantasy_points,21,11,19
Justin McInerney,fantasy_points,21,20,10
Matthew Cottrell,fantasy_points,21,3,5
Mitch McGovern,fantasy_points,21,11,19
Sam Cumming,fantasy_points,21,2,5
Harry McKay,fantasy_points,20.5,10,14
Malcolm Rosas,fantasy_points,20.5,14,2
Reilly O'Brien,fantasy_points,20.5,18,8
Bailey Williams,fantasy_points,20,19,14
Blake Howes,fantasy_points,20,11,15
Calsher Dear,fantasy_points,20,7,5
Hudson O'Keeffe,fantasy_points,20,5,3
Jake Melksham,fantasy_points,20,8,14
Josh Dunkley,fantasy_points,20,27,13
Mitch Georgiades,fantasy_points,20,13,23
Patrick Dangerfield,fantasy_points,20,23,10
Sam Switkowski,fantasy_points,20,24,6
Shaun Mannagh,fantasy_points,20,27,10
Brayden Fiorini,fantasy_points,19,11,10
Dougal Howard,fantasy_points,19,4,5
Jack Macrae,fantasy_points,19,11,19
Jake Stringer,fantasy_points,19,15,13
Jarman Impey,fantasy_points,19,25,11
Lachie Jaques,fantasy_points,19,6,2
Luke McDonald,fantasy_points,19,10,17
Nick Holman,fantasy_points,19,11,7
Oscar Allen,fantasy_points,19,5,15
Tyler Brockman,fantasy_points,19,1,19
Xavier Duursma,fantasy_points,19,7,29
Caleb Windsor,fantasy_points,18.5,14,15
Patrick Retschko,fantasy_points,18.5,2,6
Shannon Neale,fantasy_points,18.5,27,12
Steele Sidebottom,fantasy_points,18.5,19,14
Dylan Shiel,fantasy_points,18,4,10
Harley Reid,fantasy_points,18,5,28
Hugo Garcia,fantasy_points,18,13,18
James Borlase,fantasy_points,18,7,3
Logan Evans,fantasy_points,18,6,17
Mark O'Connor,fantasy_points,18,26,11
Todd Marshall,fantasy_points,18,2,6
Tom Powell,fantasy_points,18,9,21
Tyson Stengle,fantasy_points,18,18,6
Ben Long,fantasy_points,17.5,22,14
Christian Petracca,fantasy_points,17.5,14,20
Harry Dean,fantasy_points,17.5,5,6
Jesse Hogan,fantasy_points,17.5,12,12
Oliver Dempsey,fantasy_points,17.5,28,12
Tom Mitchell,fantasy_points,17.5,2,2
Will Setterfield,fantasy_points,17.5,5,12
Alix Tauru,fantasy_points,17,3,5
Brayden Cook,fantasy_points,17,11,5
Callum Brown,fantasy_points,17,19,11
Jack Darling,fantasy_points,17,10,23
Jason Horne-Francis,fantasy_points,17,11,17
John Noble,fantasy_points,17,23,15
Jye Menzie,fantasy_points,17,4,6
Lachlan Cowan,fantasy_points,17,9,17
Matthew Jefferson,fantasy_points,17,5,9
Ned Long,fantasy_points,17,21,14
Neil Erasmus,fantasy_points,17,23,6
Aaron Naughton,fantasy_points,16.5,22,15
Bailey Smith,fantasy_points,16.5,26,11
Brennan Cox,fantasy_points,16.5,26,8
Colby McKercher,fantasy_points,16.5,11,24
Jade Gresham,fantasy_points,16.5,6,20
Tom Brown,fantasy_points,16.5,6,25
Wayne Milera,fantasy_points,16.5,25,12
Bailey Scott,fantasy_points,16,3,8
Cam Mackenzie,fantasy_points,16,14,8
Jai Culley,fantasy_points,16,6,5
Josh Kelly,fantasy_points,16,10,5
Nick Vlastuin,fantasy_points,16,7,27
Shai Bolton,fantasy_points,16,28,8
Toby Pink,fantasy_points,16,8,13
Tom Lynch,fantasy_points,16,5,18
Zac Banch,fantasy_points,16,1,5
Daniel Curtin,fantasy_points,15.5,23,8
Harvey Langford,fantasy_points,15.5,16,20
Jake Riccardi,fantasy_points,15.5,18,11
Keidean Coleman,fantasy_points,15.5,6,7
Mark Keane,fantasy_points,15.5,18,7
Tim Kelly,fantasy_points,15.5,5,28
Wade Derksen,fantasy_points,15.5,2,2
Billy Frampton,fantasy_points,15,17,11
Esava Ratugolea,fantasy_points,15,8,12
Jack Viney,fantasy_points,15,5,13
Matt Crouch,fantasy_points,15,4,2
Sam Banks,fantasy_points,15,5,25
Tobie Travaglia,fantasy_points,15,5,7
Tom Papley,fantasy_points,15,15,7
Will Ashcroft,fantasy_points,15,27,13
Will Hayward,fantasy_points,15,15,18
Callum Ah Chee,fantasy_points,14.5,20,9
Lachie Jones,fantasy_points,14.5,10,19
Lachie Neale,fantasy_points,14.5,23,12
Milan Murdock,fantasy_points,14.5,3,8
Caleb Serong,fantasy_points,14,25,9
Daniel Rioli,fantasy_points,14,20,13
Izak Rankine,fantasy_points,14,22,10
Jack Ross,fantasy_points,14,7,28
Joel Amartey,fantasy_points,14,17,5
Kade Chandler,fantasy_points,14,16,21
Leonardo Lombard,fantasy_points,14,8,9
Luke Pedlar,fantasy_points,14,12,7
Mason Wood,fantasy_points,14,13,21
Max Ramsden,fantasy_points,14,4,2
Rhys Stanley,fantasy_points,14,16,4
Riley Thilthorpe,fantasy_points,14,24,12
Blake Acres,fantasy_points,13.5,9,12
Darcy Jones,fantasy_points,13.5,15,8
Ed Langdon,fantasy_points,13.5,16,21
Jake Lever,fantasy_points,13.5,11,10
Josh Treacy,fantasy_points,13.5,28,9
Liam Jones,fantasy_points,13.5,2,3
Malakai Champion,fantasy_points,13.5,2,8
Mykelti Lefau,fantasy_points,13.5,2,10
Oisin Mullin,fantasy_points,13.5,27,12
Braeden Campbell,fantasy_points,13,12,11
Callum Wilkie,fantasy_points,13,15,22
Conor Nash,fantasy_points,13,21,10
Jack Carroll,fantasy_points,13,6,9
Jarrod Witts,fantasy_points,13,20,14
Paddy Cross,fantasy_points,13,5,3
Sam Berry,fantasy_points,13,23,9
Toby McMullin,fantasy_points,13,8,9
Tom Blamires,fantasy_points,13,5,5
Tom Gross,fantasy_points,13,1,8
Will Lewis,fantasy_points,13,5,5
Angus Anderson,fantasy_points,12.5,2,5
Hamish Davis,fantasy_points,12.5,4,18
Harry Sheezel,fantasy_points,12.5,11,24
Jack Crisp,fantasy_points,12.5,22,15
Sam Butler,fantasy_points,12.5,10,3
Aaron Cadman,fantasy_points,12,21,11
Bailey Laurie,fantasy_points,12,6,4
Brodie Kemp,fantasy_points,12,6,12
Charlie Curnow,fantasy_points,12,18,13
Cooper Trembath,fantasy_points,12,7,9
Ewan Mackinlay,fantasy_points,12,5,9
George Hewett,fantasy_points,12,14,18
Hayden McLean,fantasy_points,12,14,9
Noah Anderson,fantasy_points,12,22,15
Sam Clohesy,fantasy_points,12,14,8
Scott Pendlebury,fantasy_points,12,19,13
Charlie Dean,fantasy_points,11.5,2,2
Harris Andrews,fantasy_points,11.5,25,12
Isaac Heeney,fantasy_points,11.5,23,12
Jed Walter,fantasy_points,11.5,12,12
Tom Atkins,fantasy_points,11.5,28,12
Tom Liberatore,fantasy_points,11.5,17,10
Xavier Lindsay,fantasy_points,11.5,9,14
Xavier O'Halloran,fantasy_points,11.5,18,13
Bailey Humphrey,fantasy_points,11,22,11
Dan Butler,fantasy_points,11,5,7
Jagga Smith,fantasy_points,11,5,8
Jai Newcombe,fantasy_points,11,25,13
James Jordon,fantasy_points,11,24,13
Jaxon Prior,fantasy_points,11,7,29
Joel Hamling,fantasy_points,11,10,7
Jordan Ridley,fantasy_points,11,5,8
Josh Rachele,fantasy_points,11,18,9
Kai Lohmann,fantasy_points,11,21,10
Marcus Bontempelli,fantasy_points,11,20,12
Seth Campbell,fantasy_points,11,7,28
Talor Byrne,fantasy_points,11,3,5
Alex Neal-Bullen,fantasy_points,10.5,26,11
Connor Budarick,fantasy_points,10.5,20,10
Cooper Sharman,fantasy_points,10.5,14,21
Harrison Petty,fantasy_points,10.5,14,18
Kane Farrell,fantasy_points,10.5,12,21
Murphy Reid,fantasy_points,10.5,28,9
Oscar Steene,fantasy_points,10.5,3,4
Tom McCartin,fantasy_points,10.5,20,11
Tyler Sonsie,fantasy_points,10.5,5,22
Willem Duursma,fantasy_points,10.5,4,9
Archie Roberts,fantasy_points,10,7,30
Bobby Hill,fantasy_points,10,11,3
Dylan Moore,fantasy_points,10,24,13
Gryan Miers,fantasy_points,10,23,10
Jonty Faull,fantasy_points,10,6,20
Josh Daicos,fantasy_points,10,22,15
Logan Morris,fantasy_points,10,26,12
Luke Davies-Uniacke,fantasy_points,10,11,23
Oliver Henry,fantasy_points,10,17,11
Sam Powell-Pepper,fantasy_points,10,7,9
Steely Green,fantasy_points,10,5,27
Tom Green,fantasy_points,10,15,8
Tom Hanily,fantasy_points,10,4,6
Tom Sparrow,fantasy_points,10,16,20
Ty Gallop,fantasy_points,10,11,7
Zac Bailey,fantasy_points,10,26,12
Edward Allan,fantasy_points,9.5,13,8
Isaac Keeler,fantasy_points,9.5,4,9
Jack Martin,fantasy_points,9.5,18,7
Jaeger O'Meara,fantasy_points,9.5,12,6
Lance Collard,fantasy_points,9.5,6,6
Matt Guelfi,fantasy_points,9.5,1,14
Matthew Kennedy,fantasy_points,9.5,22,15
Max Holmes,fantasy_points,9.5,28,12
Ned Reeves,fantasy_points,9.5,8,4
Oscar McDonald,fantasy_points,9.5,10,2
Charlie Cameron,fantasy_points,9,25,13
Connor Macdonald,fantasy_points,9,24,12
Darcy Moore,fantasy_points,9,16,9
Jack Payne,fantasy_points,9,8,4
Jacob Weitering,fantasy_points,9,12,21
Jake Soligo,fantasy_points,9,25,11
Jarrod Berry,fantasy_points,9,22,10
Joel Jeffrey,fantasy_points,9,23,14
Josh Ward,fantasy_points,9,24,13
Kamdyn McIntosh,fantasy_points,9,5,18
Matt Flynn,fantasy_points,9,3,19
Michael Frederick,fantasy_points,9,24,8
Riley Garcia,fantasy_points,9,5,3
Sam Collins,fantasy_points,9,21,14
Brodie Grundy,fantasy_points,8.5,23,12
Dane Rampe,fantasy_points,8.5,17,12
Hugo Ralphsmith,fantasy_points,8.5,2,15
Jack Scrimshaw,fantasy_points,8.5,13,8
Jake Rogers,fantasy_points,8.5,10,4
Jamie Elliott,fantasy_points,8.5,22,13
Brady Hough,fantasy_points,8,5,31
Cody Angove,fantasy_points,8,3,1
Darcy Byrne-Jones,fantasy_points,8,12,23
James Peatling,fantasy_points,8,25,11
Jase Burgoyne,fantasy_points,8,12,21
Josh Worrell,fantasy_points,8,26,12
Max Michalanney,fantasy_points,8,22,12
Oscar McInerney,fantasy_points,8,11,2
Patrick Lipinski,fantasy_points,8,21,13
Robert Hansen Jr,fantasy_points,8,3,9
Ryan Angwin,fantasy_points,8,11,9
Sam Darcy,fantasy_points,8,15,8
Sam Durham,fantasy_points,8,7,26
Ethan Read,fantasy_points,7.5,20,10
Jordan Clark,fantasy_points,7.5,28,9
Jye Amiss,fantasy_points,7.5,28,9
Tylar Young,fantasy_points,7.5,6,15
Archer Reid,fantasy_points,7,2,18
Conor McKenna,fantasy_points,7,8,5
Harry Sharp,fantasy_points,7,15,17
Max Gruzewski,fantasy_points,7,11,4
Nate Caddy,fantasy_points,7,7,23
Rhett Bazzo,fantasy_points,7,2,10
Taylor Walker,fantasy_points,7,21,10
Toby Nankervis,fantasy_points,7,5,19
Tristan Xerri,fantasy_points,7,9,20
Zach Guthrie,fantasy_points,7,28,12
Finnbar Maley,fantasy_points,6.5,3,8
Kysaiah Pickett,fantasy_points,6.5,16,18
Matt Rowell,fantasy_points,6.5,18,15
Mitchell Hinge,fantasy_points,6.5,18,7
Ned Moyle,fantasy_points,6.5,5,4
Touk Miller,fantasy_points,6.5,22,14
William Hayes,fantasy_points,6.5,5,2
Zac Williams,fantasy_points,6.5,10,18
Andrew Brayshaw,fantasy_points,6,28,9
Brody Mihocek,fantasy_points,6,21,11
Charlie Comben,fantasy_points,6,11,20
Ed Richards,fantasy_points,6,21,15
Harry Himmelberg,fantasy_points,6,22,15
Jackson Mead,fantasy_points,6,9,15
Jason Johannisen,fantasy_points,6,10,6
Josh Battle,fantasy_points,6,25,13
Kieren Briggs,fantasy_points,6,17,13
Lachie Fogarty,fantasy_points,6,8,14
Liam Duggan,fantasy_points,6,5,30
Massimo D'Ambrosio,fantasy_points,6,25,13
Ollie Lord,fantasy_points,6,5,11
Sam Docherty,fantasy_points,6,4,11
Sean Darcy,fantasy_points,6,15,7
Ben Ainsworth,fantasy_points,5.5,20,17
Ben Hobbs,fantasy_points,5.5,6,12
Callum Coleman-Jones,fantasy_points,5.5,3,2
Daniel Turner,fantasy_points,5.5,13,18
Harvey Thomas,fantasy_points,5.5,17,14
Andrew McGrath,fantasy_points,5,7,27
Cameron Zurhaar,fantasy_points,5,11,23
Campbell Gray,fantasy_points,5,1,11
Harvey Johnston,fantasy_points,5,2,4
Lachie Schultz,fantasy_points,5,13,15
Levi Ashcroft,fantasy_points,5,27,13
Lincoln McCarthy,fantasy_points,5,6,2
Luke Jackson,fantasy_points,5,26,8
Marcus Windhager,fantasy_points,5,15,22
Mitch Knevitt,fantasy_points,5,5,3
Nathan O'Driscoll,fantasy_points,5,14,6
Noah Balta,fantasy_points,5,4,21
Willem Drew,fantasy_points,5,13,23
Dan Houston,fantasy_points,4.5,20,13
Jack Henry,fantasy_points,4.5,21,10
Jack Higgins,fantasy_points,4.5,13,18
Jeremy Finlayson,fantasy_points,4.5,2,6
Jordan Dawson,fantasy_points,4.5,24,11
Nick Murray,fantasy_points,4.5,14,7
Sam Marshall,fantasy_points,4.5,7,6
Alex Cincotta,fantasy_points,4,2,3
Bayley Fritsch,fantasy_points,4,14,21
Cooper Lord,fantasy_points,4,9,15
Darcy Cameron,fantasy_points,4,22,14
Dylan Stephens,fantasy_points,4,11,23
Heath Chapman,fantasy_points,4,28,8
Jack Buller,fantasy_points,4,7,7
Jack Whitlock,fantasy_points,4,5,12
Jaspa Fletcher,fantasy_points,4,27,13
Jeremy Howe,fantasy_points,4,19,10
Joel Freijah,fantasy_points,4,22,15
Koltyn Tholstrup,fantasy_points,4,13,10
Nasiah Wanganeen-Milera,fantasy_points,4,14,19
Oliver Florent,fantasy_points,4,12,17
Ryan Byrnes,fantasy_points,4,9,14
Tom McDonald,fantasy_points,4,9,12
Trent Rivers,fantasy_points,4,11,19
Flynn Perez,fantasy_points,3.5,4,1
Roan Steele,fantasy_points,3.5,8,9
Rory Laird,fantasy_points,3.5,23,10
Adam Treloar,fantasy_points,3,6,3
Archie Perkins,fantasy_points,3,5,26
Bailey Banfield,fantasy_points,3,15,6
Corey Durdin,fantasy_points,3,12,17
Daniel McStay,fantasy_points,3,17,13
Darcy Tucker,fantasy_points,3,1,6
Darcy Wilson,fantasy_points,3,11,20
Errol Gulden,fantasy_points,3,9,3
Jack Bowes,fantasy_points,3,19,9
Jack Silvagni,fantasy_points,3,12,15
Jake Bowey,fantasy_points,3,11,18
Oscar Adams,fantasy_points,3,11,7
Thomas Sims,fantasy_points,3,3,8
Tom De Koning,fantasy_points,3,15,21
Tom Stewart,fantasy_points,3,24,9
Zach Merrett,fantasy_points,3,7,29
Judd McVee,fantasy_points,2.5,17,12
Nick Blakey,fantasy_points,2.5,24,13
Adam Saad,fantasy_points,2,9,15
Brayden Maynard,fantasy_points,2,17,15
Darcy Gardiner,fantasy_points,2,16,8
Isaac Quaynor,fantasy_points,2,22,15
Jake Lloyd,fantasy_points,2,23,13
Luke Cleary,fantasy_points,2,11,6
Max Gawn,fantasy_points,2,16,21
Mitch Lewis,fantasy_points,2,13,7
Oliver Wiltshire,fantasy_points,2,5,3
Sam Draper,fantasy_points,2,11,7
Harry Morrison,fantasy_points,1.5,14,9
Jayden Laverde,fantasy_points,1.5,7,20
Lachlan Sullivan,fantasy_points,1.5,12,3
Mark Blicavs,fantasy_points,1.5,24,12
Toby Bedford,fantasy_points,1.5,20,12
Zak Butters,fantasy_points,1.5,12,21
Adam Cerra,fantasy_points,1,11,18
Angus Sheldrick,fantasy_points,1,23,10
Bodie Ryan,fantasy_points,1,1,3
Chad Warner,fantasy_points,1,24,13
Darcy Fort,fantasy_points,1,22,11
Jack Graham,fantasy_points,1,3,20
James Sicily,fantasy_points,1,21,13
Jed McEntee,fantasy_points,1,1,5
Jimmy Webster,fantasy_points,1,5,10
Josh Weddle,fantasy_points,1,20,10
Jy Farrar,fantasy_points,1,7,3
Karl Worner,fantasy_points,1,28,8
Luke Breust,fantasy_points,1,5,3
Luke Nankervis,fantasy_points,1,8,6
Nick Watson,fantasy_points,1,24,13
Oliver Hollands,fantasy_points,1,11,21
Rory Lobb,fantasy_points,1,21,13
Ryan Lester,fantasy_points,1,25,10
Sam De Koning,fantasy_points,1,27,9
Tim English,fantasy_points,1,21,11
Tom Barrass,fantasy_points,1,22,11
James Rowbottom,fantasy_points,0.5,24,13
Lachlan Bramble,fantasy_points,0.5,22,15
Mani Liddy,fantasy_points,0.5,4,5
Arthur Jones,fantasy_points,0,8,5
Harry O'Farrell,fantasy_points,0,1,5
Jack Lukosius,fantasy_points,0,4,7
Jack Sinclair,fantasy_points,0,15,22
Joe Berry,fantasy_points,0,8,17
Josh Lai,fantasy_points,0,3,6
Lachie Weller,fantasy_points,0,20,10
Lachlan Gulbin,fantasy_points,0,3,6
Lachlan McNeil,fantasy_points,0,18,10
Lachy Dovaston,fantasy_points,0,3,3
Mason Redman,fantasy_points,0,6,20
Ollie Wines,fantasy_points,0,10,20
Paul Curtis,fantasy_points,0,10,22
Zac Taylor,fantasy_points,0,19,9
Ashton Moir,fantasy_points,-0.5,3,8
Harry Cunningham,fantasy_points,-0.5,16,3
Josh Dolan,fantasy_points,-0.5,7,8
Lachlan Blakiston,fantasy_points,-0.5,1,24
Max Hall,fantasy_points,-0.5,15,22
Mitch Owens,fantasy_points,-0.5,12,18
Patrick Cripps,fantasy_points,-0.5,14,22
Tim Membrey,fantasy_points,-0.5,20,12
Ben McKay,fantasy_points,-1,7,15
Callum Mills,fantasy_points,-1,19,6
Charlie Spargo,fantasy_points,-1,8,11
Corey Warner,fantasy_points,-1,9,9
Elijah Hewett,fantasy_points,-1,1,24
Finn Callaghan,fantasy_points,-1,20,14
Harvey Gallagher,fantasy_points,-1,3,5
Hayden Young,fantasy_points,-1,11,4
Jacob Hopper,fantasy_points,-1,7,28
Jake Waterman,fantasy_points,-1,5,17
Jordon Butts,fantasy_points,-1,13,6
Lewis Young,fantasy_points,-1,5,15
Luke Parker,fantasy_points,-1,11,23
Nathan Broad,fantasy_points,-1,7,27
Rhyan Mansell,fantasy_points,-1,4,17
Sam Taylor,fantasy_points,-1,13,9
Tom Burton,fantasy_points,-1,2,3
Francis Evans,fantasy_points,-1.5,8,13
James Trezise,fantasy_points,-1.5,7,18
Lachlan McAndrew,fantasy_points,-1.5,8,5
Peter Ladhams,fantasy_points,-1.5,6,5
Sam Davidson,fantasy_points,-1.5,14,14
Bodhi Uwland,fantasy_points,-2,23,15
Josh Sinn,fantasy_points,-2,8,12
Nick Coffield,fantasy_points,-2,7,4
Noah Answerth,fantasy_points,-2,15,7
Sandy Brock,fantasy_points,-2,1,17
Taj Hotton,fantasy_points,-2,2,5
Harrison Jones,fantasy_points,-2.5,4,5
Harry Rowston,fantasy_points,-2.5,10,4
Jack Hutchinson,fantasy_points,-2.5,2,16
Jobe Shanahan,fantasy_points,-2.5,4,19
Jy Simpkin,fantasy_points,-2.5,11,22
Phoenix Gothard,fantasy_points,-2.5,6,7
Zac Fisher,fantasy_points,-2.5,2,6
Archer May,fantasy_points,-3,1,16
Caleb Daniel,fantasy_points,-3,11,24
Christian Salem,fantasy_points,-3,10,18
Cooper Duff-Tytler,fantasy_points,-3,2,9
Jack Ginnivan,fantasy_points,-3,25,12
Liam O'Connell,fantasy_points,-3,5,7
Sam Lalor,fantasy_points,-3,3,15
Zeke Uwland,fantasy_points,-3,5,5
Archer Day-Wicks,fantasy_points,-3.5,2,15
Brandon Zerk-Thatcher,fantasy_points,-3.5,5,8
Harry Perryman,fantasy_points,-3.5,21,12
Jayden Hunt,fantasy_points,-3.5,1,14
Josaia Delana,fantasy_points,-3.5,3,4
Oskar Baker,fantasy_points,-3.5,10,8
Thomas Edwards,fantasy_points,-3.5,2,7
Willie Rioli,fantasy_points,-3.5,9,10
Jedd Busslinger,fantasy_points,-4,7,4
Josh Lindsay,fantasy_points,-4,3,9
Kane McAuliffe,fantasy_points,-4,2,9
Lachie Whitfield,fantasy_points,-4,20,15
Lewis Melican,fantasy_points,-4,16,10
Liam Stocker,fantasy_points,-4,11,15
Luke Trainor,fantasy_points,-4,6,23
Mabior Chol,fantasy_points,-4,21,11
Matthew Johnson,fantasy_points,-4,23,7
Nat Fyfe,fantasy_points,-4,6,2
Riley Bice,fantasy_points,-4,21,9
Ryan Burton,fantasy_points,-4,3,5
Ryley Sanders,fantasy_points,-4,20,14
Sid Draper,fantasy_points,-4,7,3
Jai Serong,fantasy_points,-4.5,11,2
Laitham Vandermeer,fantasy_points,-4.5,12,8
Luke Ryan,fantasy_points,-4.5,28,8
Riley Hardeman,fantasy_points,-4.5,4,14
Wil Powell,fantasy_points,-4.5,23,14
Brandon Starcevich,fantasy_points,-5,11,5
Buku Khamis,fantasy_points,-5,16,12
Changkuoth Jiath,fantasy_points,-5,17,11
Isaac Kako,fantasy_points,-5,7,22
James O'Donnell,fantasy_points,-5,21,11
Jye Caldwell,fantasy_points,-5,4,17
Latrelle Pickett,fantasy_points,-5,8,4
Nick Haynes,fantasy_points,-5,13,19
Reuben Ginbey,fantasy_points,-5,5,31
Tanner Bruhn,fantasy_points,-5,8,5
Dayne Zorko,fantasy_points,-5.5,24,9
Mitch Duncan,fantasy_points,-5.5,7,2
Orazio Fantasia,fantasy_points,-5.5,2,4
Sam Walsh,fantasy_points,-5.5,12,15
Bradley Hill,fantasy_points,-6,15,21
Chayce Jones,fantasy_points,-6,5,3
Cooper Harvey,fantasy_points,-6,2,6
Jesse Motlop,fantasy_points,-6,9,14
Lachie Ash,fantasy_points,-6,22,15
Mason Cox,fantasy_points,-6,14,4
Rhylee West,fantasy_points,-6,22,15
Thomson Dow,fantasy_points,-6,3,8
Todd Goldstein,fantasy_points,-6,3,13
Aliir Aliir,fantasy_points,-6.5,13,22
Angus Hastie,fantasy_points,-6.5,5,6
Bailey Dale,fantasy_points,-6.5,22,15
Bailey Macdonald,fantasy_points,-6.5,7,2
Liam Ryan,fantasy_points,-6.5,5,24
Lloyd Meek,fantasy_points,-6.5,25,12
Nick Larkey,fantasy_points,-6.5,10,19
Oliver Hannaford,fantasy_points,-6.5,3,2
Will McLachlan,fantasy_points,-6.5,5,2
Bailey J. Williams,fantasy_points,-7,3,23
Campbell Chesser,fantasy_points,-7,1,6
Charlie Ballard,fantasy_points,-7,3,3
Cooper Hynes,fantasy_points,-7,13,7
Corey Wagner,fantasy_points,-7,22,7
Darcy Wilmot,fantasy_points,-7,27,13
Jacob Konstanty,fantasy_points,-7,8,21
Jacob Newton,fantasy_points,-7,2,3
Max Heath,fantasy_points,-7,6,4
Mitchell Edwards,fantasy_points,-7,8,3
Stephen Coniglio,fantasy_points,-7,13,8
Taylor Duryea,fantasy_points,-7,3,2
Tom Cole,fantasy_points,-7,3,23
Will White,fantasy_points,-7,7,7
Marc Pittonet,fantasy_points,-7.5,6,13
Anthony Caminiti,fantasy_points,-8,14,20
Darcy Fogarty,fantasy_points,-8,22,9
Henry Hustwaite,fantasy_points,-8,4,1
Liam Baker,fantasy_points,-8,5,31
Beau McCreery,fantasy_points,-8.5,19,12
Cody Curtin,fantasy_points,-8.5,2,2
Joshua Draper,fantasy_points,-8.5,7,4
Kyle Langford,fantasy_points,-8.5,4,19
Michael Sellwood,fantasy_points,-8.5,8,6
Nic Newman,fantasy_points,-8.5,4,6
Wil Parker,fantasy_points,-8.5,4,4
Aidan Johnson,fantasy_points,-9,2,3
Griffin Logue,fantasy_points,-9,7,20
James Worpel,fantasy_points,-9,16,11
Lawson Humphries,fantasy_points,-9,28,10
Mac Andrew,fantasy_points,-9,22,15
Sam Wicks,fantasy_points,-9,24,11
Aidan Corr,fantasy_points,-9.5,5,10
Clayton Oliver,fantasy_points,-9.5,12,23
Connor Idun,fantasy_points,-9.5,22,15
Leek Aleer,fantasy_points,-9.5,12,6
Elijah Tsatas,fantasy_points,-10,2,9
George Wardlaw,fantasy_points,-10,9,13
Hugh Bond,fantasy_points,-10,8,4
Jack Steele,fantasy_points,-10,17,19
Jamie Cripps,fantasy_points,-10,3,23
Rowan Marshall,fantasy_points,-10,15,21
Saad El-Hawli,fantasy_points,-10,4,12
Sam Flanders,fantasy_points,-10,19,16
Alex Pearce,fantasy_points,-10.5,18,9
Bruce Reville,fantasy_points,-10.5,20,7
Harry Schoenberg,fantasy_points,-10.5,2,4
Nicholas Madden,fantasy_points,-10.5,4,2
Tom McCarthy,fantasy_points,-10.5,4,19
Will Graham,fantasy_points,-10.5,13,6
Christian Moraes,fantasy_points,-11,8,13
Elliot Yeo,fantasy_points,-11,4,8
Harry Edwards,fantasy_points,-11,2,17
Jack Williams,fantasy_points,-11,2,15
Jayden Short,fantasy_points,-11,7,21
Jhye Clark,fantasy_points,-11,7,6
Oleg Markov,fantasy_points,-11,5,3
Steven May,fantasy_points,-11,4,12
Isaiah Dudley,fantasy_points,-11.5,23,6
Ben Miller,fantasy_points,-12,7,29
Cam Rayner,fantasy_points,-12,27,13
Dion Prestia,fantasy_points,-12,3,18
Harry Armstrong,fantasy_points,-12,1,10
Sam Grlj,fantasy_points,-12,2,10
David Swallow,fantasy_points,-12.5,4,5
Jacob Wehr,fantasy_points,-12.5,12,13
Mattaes Phillipou,fantasy_points,-12.5,8,13
Taylor Adams,fantasy_points,-13,1,3
Deven Robertson,fantasy_points,-13.5,4,4
Liam Henry,fantasy_points,-13.5,3,8
James Leake,fantasy_points,-14,5,3
Miles Bergman,fantasy_points,-14,11,16
Zane Duursma,fantasy_points,-14,7,15
Ryan Maric,fantasy_points,-14.5,3,28
Connor O'Sullivan,fantasy_points,-15,27,12
Will Phillips,fantasy_points,-15,1,6
Jordon Sweet,fantasy_points,-15.5,12,19
Samson Ryan,fantasy_points,-15.5,1,4
Karl Amon,fantasy_points,-16,23,13
Travis Boak,fantasy_points,-16,7,9
Alex Sexton,fantasy_points,-16.5,3,2
Eric Hipwood,fantasy_points,-16.5,16,6
Jake Kolodjashnij,fantasy_points,-16.5,6,2
Conor Stone,fantasy_points,-17,6,4
Jeremy Sharp,fantasy_points,-17,11,5
Matt Roberts,fantasy_points,-17,18,11
Alixzander Tauru,fantasy_points,-17.5,4,6
Isaac Cumming,fantasy_points,-17.5,23,10
Jordan Croft,fantasy_points,-18,7,4
Elijah Hollands,fantasy_points,-18.5,4,7
Jack Watkins,fantasy_points,-18.5,3,6
Jed Bews,fantasy_points,-19,3,1
Oliver Hayes-Brown,fantasy_points,-19.5,2,5
Jack Buckley,fantasy_points,-20,18,10
Logan McDonald,fantasy_points,-20,12,2
Ted Clohesy,fantasy_points,-20.5,6,3
Sam Day,fantasy_points,-22,10,3
William Edwards,fantasy_points,-22,7,1
Nick Bryan,fantasy_points,-22.5,2,8
Aaron Francis,fantasy_points,-23,5,5
Will Day,fantasy_points,-26,6,2
Joe Fonti,fantasy_points,-26.5,17,12
Matthew Owies,fantasy_points,-27,1,18
Wil Dawson,fantasy_points,-28,1,8
Jacob Blight,fantasy_points,-28.5,1,6
James Tunstill,fantasy_points,-30.5,6,4
Lachlan Murphy,fantasy_points,-34,3,2
Sullivan Robey,fantasy_points,-34,1,9
Will Lorenz,fantasy_points,-50,1,6
Ben Paton,fantasy_points,NA,0,4
Billy Cootee,fantasy_points,NA,4,0
Brynn Teakle,fantasy_points,NA,0,4
Christopher Scerri,fantasy_points,NA,7,0
Clay Hall,fantasy_points,NA,0,13
Dyson Sharp,fantasy_points,NA,0,6
Hussien El Achkar,fantasy_points,NA,0,4
Jack Henderson,fantasy_points,NA,0,5
Jack Ison,fantasy_points,NA,4,0
Jayden Nguyen,fantasy_points,NA,0,10
Jeremy McGovern,fantasy_points,NA,0,6
Jordan Boyd,fantasy_points,NA,0,5
Kaleb Smith,fantasy_points,NA,0,8
Liam Fawcett,fantasy_points,NA,0,7
Liam McMahon,fantasy_points,NA,0,7
Liam Reidy,fantasy_points,NA,0,4
Louis Emmett,fantasy_points,NA,0,5
Luamon Lual,fantasy_points,NA,0,12
Max Kondogiannis,fantasy_points,NA,0,5
Nik Cox,fantasy_points,NA,0,6
Noah Long,fantasy_points,NA,0,10
Oskar Smartt,fantasy_points,NA,0,4
Seamus Mitchell,fantasy_points,NA,4,0
Tyrell Dewar,fantasy_points,NA,0,16
Zak Johnson,fantasy_points,NA,0,14
Angus Clarke,goals,3,1,13
Bailey J. Williams,goals,2,3,23
Ben Keays,goals,2,26,12
Ben King,goals,2,23,15
Cooper Trembath,goals,2,7,9
Jake Stringer,goals,2,15,13
Jeremy Cameron,goals,2,28,11
Milan Murdock,goals,2,3,8
Riley Thilthorpe,goals,2,24,12
Flynn Young,goals,1.5,6,5
Harley Reid,goals,1.5,5,28
Jake Melksham,goals,1.5,8,14
Marcus Bontempelli,goals,1.5,20,12
Michael Frederick,goals,1.5,24,8
Toby Greene,goals,1.5,21,14
Tyson Stengle,goals,1.5,18,6
Aaron Cadman,goals,1,21,11
Aaron Naughton,goals,1,22,15
Adam Treloar,goals,1,6,3
Alex Neal-Bullen,goals,1,26,11
Archer Day-Wicks,goals,1,2,15
Archer May,goals,1,1,16
Archer Reid,goals,1,2,18
Archie Perkins,goals,1,5,26
Ashton Moir,goals,1,3,8
Bailey Humphrey,goals,1,22,11
Bayley Fritsch,goals,1,14,21
Brayden Fiorini,goals,1,11,10
Brent Daniels,goals,1,9,5
Brody Mihocek,goals,1,21,11
Callan Ward,goals,1,7,5
Callum Brown,goals,1,19,11
Calsher Dear,goals,1,7,5
Chad Warner,goals,1,24,13
Charlie Curnow,goals,1,18,13
Connor Rozee,goals,1,10,13
Cooper Duff-Tytler,goals,1,2,9
Cooper Sharman,goals,1,14,21
Dan Butler,goals,1,5,7
Daniel McStay,goals,1,17,13
Darcy Byrne-Jones,goals,1,12,23
Ed Richards,goals,1,21,15
Elijah Hewett,goals,1,1,24
Errol Gulden,goals,1,9,3
Harry McKay,goals,1,10,14
Harry Sharp,goals,1,15,17
Harvey Johnston,goals,1,2,4
Hugh McCluggage,goals,1,23,12
Hugo Ralphsmith,goals,1,2,15
Jack Bowes,goals,1,19,9
Jack Graham,goals,1,3,20
Jack Hutchinson,goals,1,2,16
Jack Martin,goals,1,18,7
Jack Viney,goals,1,5,13
Jake Waterman,goals,1,5,17
Jamie Elliott,goals,1,22,13
Jayden Hunt,goals,1,1,14
Jayden Short,goals,1,7,21
Jesse Hogan,goals,1,12,12
Joe Richards,goals,1,12,23
Joel Amartey,goals,1,17,5
Jonty Faull,goals,1,6,20
Jordan De Goey,goals,1,10,12
Josh Rachele,goals,1,18,9
Jy Simpkin,goals,1,11,22
Jye Amiss,goals,1,28,9
Kade Chandler,goals,1,16,21
Lance Collard,goals,1,6,6
Liam Ryan,goals,1,5,24
Luke Breust,goals,1,5,3
Luke Pedlar,goals,1,12,7
Mabior Chol,goals,1,21,11
Mason Wood,goals,1,13,21
Matt Flynn,goals,1,3,19
Matt Guelfi,goals,1,1,14
Matthew Jefferson,goals,1,5,9
Max Gawn,goals,1,16,21
Max Gruzewski,goals,1,11,4
Miles Bergman,goals,1,11,16
Mitch Georgiades,goals,1,13,23
Nate Caddy,goals,1,7,23
Nic Martin,goals,1,6,10
Nick Watson,goals,1,24,13
Oliver Wiltshire,goals,1,5,3
Ollie Lord,goals,1,5,11
Oscar Allen,goals,1,5,15
Oscar Steene,goals,1,3,4
Paddy Cross,goals,1,5,3
Sam Darcy,goals,1,15,8
Sam Davidson,goals,1,14,14
Sam Switkowski,goals,1,24,6
Seth Campbell,goals,1,7,28
Talor Byrne,goals,1,3,5
Thomas Sims,goals,1,3,8
Tim Taranto,goals,1,6,27
Toby Murray,goals,1,6,2
Toby Nankervis,goals,1,5,19
Tom De Koning,goals,1,15,21
Tom Green,goals,1,15,8
Touk Miller,goals,1,22,14
Will Hoskin-Elliott,goals,1,12,6
Will White,goals,1,7,7
Willem Duursma,goals,1,4,9
Willie Rioli,goals,1,9,10
Zac Bailey,goals,1,26,12
Zac Williams,goals,1,10,18
Zane Duursma,goals,1,7,15
Alex Cincotta,goals,0.5,2,3
Ben Long,goals,0.5,22,14
Brodie Kemp,goals,0.5,6,12
Caleb Poulter,goals,0.5,4,3
Connor Macdonald,goals,0.5,24,12
Darcy Fogarty,goals,0.5,22,9
Dylan Shiel,goals,0.5,4,10
Ed Langdon,goals,0.5,16,21
Elijah Tsatas,goals,0.5,2,9
Ethan Read,goals,0.5,20,10
Finnbar Maley,goals,0.5,3,8
George Hewett,goals,0.5,14,18
Harvey Langford,goals,0.5,16,20
Hayden Young,goals,0.5,11,4
Jacob Bauer,goals,0.5,1,4
Jacob Konstanty,goals,0.5,8,21
Jake Rogers,goals,0.5,10,4
Jaxon Binns,goals,0.5,2,3
Jeremy Finlayson,goals,0.5,2,6
Josh Weddle,goals,0.5,20,10
Justin McInerney,goals,0.5,20,10
Jye Menzie,goals,0.5,4,6
Kane McAuliffe,goals,0.5,2,9
Lachlan McNeil,goals,0.5,18,10
Leonardo Lombard,goals,0.5,8,9
Logan Morris,goals,0.5,26,12
Malcolm Rosas,goals,0.5,14,2
Mason Redman,goals,0.5,6,20
Mattaes Phillipou,goals,0.5,8,13
Mitch Owens,goals,0.5,12,18
Mykelti Lefau,goals,0.5,2,10
Patrick Voss,goals,0.5,26,6
Rhyan Mansell,goals,0.5,4,17
Sam Docherty,goals,0.5,4,11
Shai Bolton,goals,0.5,28,8
Taj Hotton,goals,0.5,2,5
Taylor Walker,goals,0.5,21,10
Todd Marshall,goals,0.5,2,6
Tom Cochrane,goals,0.5,3,2
Tom Lynch,goals,0.5,5,18
Will Graham,goals,0.5,13,6
William Hayes,goals,0.5,5,2
Aaron Francis,goals,0,5,5
Adam Cerra,goals,0,11,18
Adam Saad,goals,0,9,15
Aidan Corr,goals,0,5,10
Alex Davies,goals,0,10,4
Alex Pearce,goals,0,18,9
Alex Sexton,goals,0,3,2
Aliir Aliir,goals,0,13,22
Alix Tauru,goals,0,3,5
Alixzander Tauru,goals,0,4,6
Andrew McGrath,goals,0,7,27
Angus Anderson,goals,0,2,5
Angus Hastie,goals,0,5,6
Angus Sheldrick,goals,0,23,10
Anthony Caminiti,goals,0,14,20
Archie Roberts,goals,0,7,30
Arthur Jones,goals,0,8,5
Bailey Banfield,goals,0,15,6
Bailey Dale,goals,0,22,15
Bailey Macdonald,goals,0,7,2
Bailey Scott,goals,0,3,8
Bailey Smith,goals,0,26,11
Bailey Williams,goals,0,19,14
Beau McCreery,goals,0,19,12
Ben Ainsworth,goals,0,20,17
Ben Hobbs,goals,0,6,12
Ben McKay,goals,0,7,15
Ben Miller,goals,0,7,29
Billy Frampton,goals,0,17,11
Billy Wilson,goals,0,6,3
Blake Acres,goals,0,9,12
Blake Hardwick,goals,0,25,13
Blake Howes,goals,0,11,15
Bo Allan,goals,0,3,14
Bobby Hill,goals,0,11,3
Bodhi Uwland,goals,0,23,15
Bodie Ryan,goals,0,1,3
Brad Close,goals,0,25,11
Bradley Hill,goals,0,15,21
Brady Hough,goals,0,5,31
Brandon Starcevich,goals,0,11,5
Brandon Zerk-Thatcher,goals,0,5,8
Brayden Cook,goals,0,11,5
Brayden Maynard,goals,0,17,15
Brennan Cox,goals,0,26,8
Brodie Grundy,goals,0,23,12
Brodie Smith,goals,0,8,3
Bruce Reville,goals,0,20,7
Buku Khamis,goals,0,16,12
Caiden Cleary,goals,0,8,9
Caleb Daniel,goals,0,11,24
Caleb Serong,goals,0,25,9
Caleb Windsor,goals,0,14,15
Callum Ah Chee,goals,0,20,9
Callum Coleman-Jones,goals,0,3,2
Callum Mills,goals,0,19,6
Callum Wilkie,goals,0,15,22
Cam Mackenzie,goals,0,14,8
Cam Rayner,goals,0,27,13
Cameron Zurhaar,goals,0,11,23
Campbell Chesser,goals,0,1,6
Campbell Gray,goals,0,1,11
Changkuoth Jiath,goals,0,17,11
Charlie Ballard,goals,0,3,3
Charlie Cameron,goals,0,25,13
Charlie Comben,goals,0,11,20
Charlie Dean,goals,0,2,2
Charlie Spargo,goals,0,8,11
Chayce Jones,goals,0,5,3
Christian Moraes,goals,0,8,13
Christian Petracca,goals,0,14,20
Christian Salem,goals,0,10,18
Clayton Oliver,goals,0,12,23
Cody Angove,goals,0,3,1
Colby McKercher,goals,0,11,24
Connor Budarick,goals,0,20,10
Connor Idun,goals,0,22,15
Connor O'Sullivan,goals,0,27,12
Conor McKenna,goals,0,8,5
Conor Nash,goals,0,21,10
Conor Stone,goals,0,6,4
Cooper Lord,goals,0,9,15
Corey Durdin,goals,0,12,17
Corey Wagner,goals,0,22,7
Dan Houston,goals,0,20,13
Dane Rampe,goals,0,17,12
Daniel Curtin,goals,0,23,8
Daniel Rioli,goals,0,20,13
Daniel Turner,goals,0,13,18
Dante Visentini,goals,0,4,10
Darcy Cameron,goals,0,22,14
Darcy Fort,goals,0,22,11
Darcy Gardiner,goals,0,16,8
Darcy Jones,goals,0,15,8
Darcy Moore,goals,0,16,9
Darcy Parish,goals,0,1,13
Darcy Tucker,goals,0,1,6
Darcy Wilmot,goals,0,27,13
Darcy Wilson,goals,0,11,20
David Swallow,goals,0,4,5
Dayne Zorko,goals,0,24,9
Deven Robertson,goals,0,4,4
Dion Prestia,goals,0,3,18
Dougal Howard,goals,0,4,5
Dylan Moore,goals,0,24,13
Dylan Stephens,goals,0,11,23
Edward Allan,goals,0,13,8
Eric Hipwood,goals,0,16,6
Esava Ratugolea,goals,0,8,12
Ewan Mackinlay,goals,0,5,9
Finn Callaghan,goals,0,20,14
Finn Maginness,goals,0,10,7
Finn O'Sullivan,goals,0,9,21
Flynn Perez,goals,0,4,1
George Wardlaw,goals,0,9,13
Griffin Logue,goals,0,7,20
Gryan Miers,goals,0,23,10
Hamish Davis,goals,0,4,18
Harris Andrews,goals,0,25,12
Harrison Jones,goals,0,4,5
Harrison Petty,goals,0,14,18
Harry Cunningham,goals,0,16,3
Harry Dean,goals,0,5,6
Harry Edwards,goals,0,2,17
Harry Himmelberg,goals,0,22,15
Harry Morrison,goals,0,14,9
Harry O'Farrell,goals,0,1,5
Harry Perryman,goals,0,21,12
Harry Schoenberg,goals,0,2,4
Harry Sheezel,goals,0,11,24
Harvey Gallagher,goals,0,3,5
Hayden McLean,goals,0,14,9
Heath Chapman,goals,0,28,8
Henry Hustwaite,goals,0,4,1
Hudson O'Keeffe,goals,0,5,3
Hugh Bond,goals,0,8,4
Hugh Boxshall,goals,0,8,8
Hugh Jackson,goals,0,4,5
Hugo Garcia,goals,0,13,18
Hunter Clark,goals,0,7,9
Isaac Cumming,goals,0,23,10
Isaac Heeney,goals,0,23,12
Isaac Keeler,goals,0,4,9
Isaac Quaynor,goals,0,22,15
Isaiah Dudley,goals,0,23,6
Izak Rankine,goals,0,22,10
Jack Buckley,goals,0,18,10
Jack Buller,goals,0,7,7
Jack Carroll,goals,0,6,9
Jack Crisp,goals,0,22,15
Jack Darling,goals,0,10,23
Jack Ginnivan,goals,0,25,12
Jack Gunston,goals,0,21,10
Jack Henry,goals,0,21,10
Jack Higgins,goals,0,13,18
Jack Lukosius,goals,0,4,7
Jack Macrae,goals,0,11,19
Jack Payne,goals,0,8,4
Jack Ross,goals,0,7,28
Jack Scrimshaw,goals,0,13,8
Jack Silvagni,goals,0,12,15
Jack Sinclair,goals,0,15,22
Jack Steele,goals,0,17,19
Jack Watkins,goals,0,3,6
Jackson Mead,goals,0,9,15
Jacob Farrow,goals,0,1,11
Jacob Hopper,goals,0,7,28
Jacob Wehr,goals,0,12,13
Jacob Weitering,goals,0,12,21
Jacob van Rooyen,goals,0,11,19
Jade Gresham,goals,0,6,20
Jaeger O'Meara,goals,0,12,6
Jagga Smith,goals,0,5,8
Jai Culley,goals,0,6,5
Jai Newcombe,goals,0,25,13
Jai Serong,goals,0,11,2
Jake Bowey,goals,0,11,18
Jake Kolodjashnij,goals,0,6,2
Jake Lever,goals,0,11,10
Jake Lloyd,goals,0,23,13
Jake Riccardi,goals,0,18,11
Jake Soligo,goals,0,25,11
James Borlase,goals,0,7,3
James Jordon,goals,0,24,13
James Leake,goals,0,5,3
James O'Donnell,goals,0,21,11
James Peatling,goals,0,25,11
James Rowbottom,goals,0,24,13
James Sicily,goals,0,21,13
James Trezise,goals,0,7,18
James Tunstill,goals,0,6,4
James Worpel,goals,0,16,11
Jamie Cripps,goals,0,3,23
Jarman Impey,goals,0,25,11
Jarrod Berry,goals,0,22,10
Jarrod Witts,goals,0,20,14
Jase Burgoyne,goals,0,12,21
Jason Horne-Francis,goals,0,11,17
Jason Johannisen,goals,0,10,6
Jaspa Fletcher,goals,0,27,13
Jasper Alger,goals,0,1,7
Jaxon Prior,goals,0,7,29
Jayden Laverde,goals,0,7,20
Jed Bews,goals,0,3,1
Jed Walter,goals,0,12,12
Jedd Busslinger,goals,0,7,4
Jeremy Howe,goals,0,19,10
Jeremy Sharp,goals,0,11,5
Jhye Clark,goals,0,7,6
Jimmy Webster,goals,0,5,10
Jobe Shanahan,goals,0,4,19
Joe Berry,goals,0,8,17
Joe Fonti,goals,0,17,12
Joel Freijah,goals,0,22,15
Joel Hamling,goals,0,10,7
Joel Jeffrey,goals,0,23,14
John Noble,goals,0,23,15
Jordan Clark,goals,0,28,9
Jordan Dawson,goals,0,24,11
Jordan Ridley,goals,0,5,8
Jordon Butts,goals,0,13,6
Jordon Sweet,goals,0,12,19
Josaia Delana,goals,0,3,4
Josh Battle,goals,0,25,13
Josh Daicos,goals,0,22,15
Josh Dolan,goals,0,7,8
Josh Dunkley,goals,0,27,13
Josh Kelly,goals,0,10,5
Josh Lai,goals,0,3,6
Josh Lindsay,goals,0,3,9
Josh Sinn,goals,0,8,12
Josh Treacy,goals,0,28,9
Josh Ward,goals,0,24,13
Josh Worrell,goals,0,26,12
Joshua Draper,goals,0,7,4
Judd McVee,goals,0,17,12
Jy Farrar,goals,0,7,3
Kai Lohmann,goals,0,21,10
Kamdyn McIntosh,goals,0,5,18
Kane Farrell,goals,0,12,21
Karl Amon,goals,0,23,13
Karl Worner,goals,0,28,8
Keidean Coleman,goals,0,6,7
Kieren Briggs,goals,0,17,13
Koltyn Tholstrup,goals,0,13,10
Kyle Langford,goals,0,4,19
Lachie Ash,goals,0,22,15
Lachie Fogarty,goals,0,8,14
Lachie Jaques,goals,0,6,2
Lachie Jones,goals,0,10,19
Lachie Neale,goals,0,23,12
Lachie Schultz,goals,0,13,15
Lachie Weller,goals,0,20,10
Lachie Whitfield,goals,0,20,15
Lachlan Blakiston,goals,0,1,24
Lachlan Bramble,goals,0,22,15
Lachlan Cowan,goals,0,9,17
Lachlan Gulbin,goals,0,3,6
Lachlan McAndrew,goals,0,8,5
Lachlan Murphy,goals,0,3,2
Lachlan Sholl,goals,0,3,2
Lawson Humphries,goals,0,28,10
Leek Aleer,goals,0,12,6
Levi Ashcroft,goals,0,27,13
Lewis Melican,goals,0,16,10
Lewis Young,goals,0,5,15
Liam Baker,goals,0,5,31
Liam Duggan,goals,0,5,30
Liam Jones,goals,0,2,3
Liam O'Connell,goals,0,5,7
Liam Stocker,goals,0,11,15
Lincoln McCarthy,goals,0,6,2
Lloyd Meek,goals,0,25,12
Logan Evans,goals,0,6,17
Luke Cleary,goals,0,11,6
Luke Davies-Uniacke,goals,0,11,23
Luke Jackson,goals,0,26,8
Luke McDonald,goals,0,10,17
Luke Nankervis,goals,0,8,6
Luke Parker,goals,0,11,23
Luke Ryan,goals,0,28,8
Luke Trainor,goals,0,6,23
Mac Andrew,goals,0,22,15
Malakai Champion,goals,0,2,8
Mani Liddy,goals,0,4,5
Marc Pittonet,goals,0,6,13
Marcus Windhager,goals,0,15,22
Mark Blicavs,goals,0,24,12
Mark Keane,goals,0,18,7
Mark O'Connor,goals,0,26,11
Massimo D'Ambrosio,goals,0,25,13
Matt Crouch,goals,0,4,2
Matt Roberts,goals,0,18,11
Matt Rowell,goals,0,18,15
Matthew Carroll,goals,0,11,16
Matthew Cottrell,goals,0,3,5
Matthew Johnson,goals,0,23,7
Matthew Kennedy,goals,0,22,15
Matthew Owies,goals,0,1,18
Maurice Rioli,goals,0,3,17
Max Hall,goals,0,15,22
Max Holmes,goals,0,28,12
Max Michalanney,goals,0,22,12
Max Ramsden,goals,0,4,2
Michael Sellwood,goals,0,8,6
Mitch Lewis,goals,0,13,7
Mitchell Edwards,goals,0,8,3
Mitchell Hinge,goals,0,18,7
Murphy Reid,goals,0,28,9
Nat Fyfe,goals,0,6,2
Nathan Broad,goals,0,7,27
Nathan O'Driscoll,goals,0,14,6
Ned Long,goals,0,21,14
Ned Moyle,goals,0,5,4
Ned Reeves,goals,0,8,4
Neil Erasmus,goals,0,23,6
Nic Newman,goals,0,4,6
Nicholas Madden,goals,0,4,2
Nick Blakey,goals,0,24,13
Nick Bryan,goals,0,2,8
Nick Coffield,goals,0,7,4
Nick Daicos,goals,0,22,14
Nick Haynes,goals,0,13,19
Nick Holman,goals,0,11,7
Nick Larkey,goals,0,10,19
Nick Murray,goals,0,14,7
Nick Vlastuin,goals,0,7,27
Noah Anderson,goals,0,22,15
Noah Answerth,goals,0,15,7
Noah Balta,goals,0,4,21
Oisin Mullin,goals,0,27,12
Oleg Markov,goals,0,5,3
Oliver Florent,goals,0,12,17
Oliver Hannaford,goals,0,3,2
Oliver Hayes-Brown,goals,0,2,5
Oliver Henry,goals,0,17,11
Oliver Hollands,goals,0,11,21
Ollie Wines,goals,0,10,20
Oscar Adams,goals,0,11,7
Patrick Cripps,goals,0,14,22
Patrick Dangerfield,goals,0,23,10
Patrick Lipinski,goals,0,21,13
Patrick Retschko,goals,0,2,6
Paul Curtis,goals,0,10,22
Peter Wright,goals,0,5,24
Reilly O'Brien,goals,0,18,8
Reuben Ginbey,goals,0,5,31
Rhett Bazzo,goals,0,2,10
Rhylee West,goals,0,22,15
Rhys Stanley,goals,0,16,4
Riley Bice,goals,0,21,9
Riley Garcia,goals,0,5,3
Riley Hardeman,goals,0,4,14
Robert Hansen Jr,goals,0,3,9
Rory Laird,goals,0,23,10
Rory Lobb,goals,0,21,13
Rowan Marshall,goals,0,15,21
Ryan Angwin,goals,0,11,9
Ryan Burton,goals,0,3,5
Ryan Byrnes,goals,0,9,14
Ryan Lester,goals,0,25,10
Ryan Maric,goals,0,3,28
Ryley Sanders,goals,0,20,14
Saad El-Hawli,goals,0,4,12
Sam Banks,goals,0,5,25
Sam Berry,goals,0,23,9
Sam Clohesy,goals,0,14,8
Sam Collins,goals,0,21,14
Sam De Koning,goals,0,27,9
Sam Draper,goals,0,11,7
Sam Durham,goals,0,7,26
Sam Flanders,goals,0,19,16
Sam Grlj,goals,0,2,10
Sam Lalor,goals,0,3,15
Sam Marshall,goals,0,7,6
Sam Powell-Pepper,goals,0,7,9
Sam Taylor,goals,0,13,9
Sam Walsh,goals,0,12,15
Sam Wicks,goals,0,24,11
Samson Ryan,goals,0,1,4
Sandy Brock,goals,0,1,17
Scott Pendlebury,goals,0,19,13
Sean Darcy,goals,0,15,7
Shannon Neale,goals,0,27,12
Shaun Mannagh,goals,0,27,10
Sid Draper,goals,0,7,3
Steele Sidebottom,goals,0,19,14
Stephen Coniglio,goals,0,13,8
Steven May,goals,0,4,12
Sullivan Robey,goals,0,1,9
Tanner Bruhn,goals,0,8,5
Taylor Adams,goals,0,1,3
Taylor Duryea,goals,0,3,2
Ted Clohesy,goals,0,6,3
Thomas Edwards,goals,0,2,7
Thomson Dow,goals,0,3,8
Tim English,goals,0,21,11
Tim Kelly,goals,0,5,28
Tim Membrey,goals,0,20,12
Tobie Travaglia,goals,0,5,7
Toby Bedford,goals,0,20,12
Toby McMullin,goals,0,8,9
Toby Pink,goals,0,8,13
Todd Goldstein,goals,0,3,13
Tom Atkins,goals,0,28,12
Tom Barrass,goals,0,22,11
Tom Blamires,goals,0,5,5
Tom Brown,goals,0,6,25
Tom Burton,goals,0,2,3
Tom Cole,goals,0,3,23
Tom Gross,goals,0,1,8
Tom Hanily,goals,0,4,6
Tom Liberatore,goals,0,17,10
Tom McCarthy,goals,0,4,19
Tom McCartin,goals,0,20,11
Tom McDonald,goals,0,9,12
Tom Mitchell,goals,0,2,2
Tom Papley,goals,0,15,7
Tom Powell,goals,0,9,21
Tom Sparrow,goals,0,16,20
Tom Stewart,goals,0,24,9
Travis Boak,goals,0,7,9
Trent Rivers,goals,0,11,19
Tristan Xerri,goals,0,9,20
Ty Gallop,goals,0,11,7
Tylar Young,goals,0,6,15
Tyler Sonsie,goals,0,5,22
Wade Derksen,goals,0,2,2
Wayne Milera,goals,0,25,12
Wil Dawson,goals,0,1,8
Wil Parker,goals,0,4,4
Wil Powell,goals,0,23,14
Will Ashcroft,goals,0,27,13
Will Hayward,goals,0,15,18
Will Lewis,goals,0,5,5
Will Lorenz,goals,0,1,6
Will Phillips,goals,0,1,6
Will Setterfield,goals,0,5,12
Willem Drew,goals,0,13,23
William Edwards,goals,0,7,1
Xavier Duursma,goals,0,7,29
Xavier Lindsay,goals,0,9,14
Xavier O'Halloran,goals,0,18,13
Zac Banch,goals,0,1,5
Zac Fisher,goals,0,2,6
Zac Taylor,goals,0,19,9
Zach Guthrie,goals,0,28,12
Zach Merrett,goals,0,7,29
Zach Reid,goals,0,7,17
Zak Butters,goals,0,12,21
Zak Jones,goals,0,8,7
Aidan Johnson,goals,-0.5,2,3
Bailey Laurie,goals,-0.5,6,4
Braeden Campbell,goals,-0.5,12,11
Elliot Yeo,goals,-0.5,4,8
Francis Evans,goals,-0.5,8,13
Harry Armstrong,goals,-0.5,1,10
Harry Rowston,goals,-0.5,10,4
Harvey Thomas,goals,-0.5,17,14
Jacob Blight,goals,-0.5,1,6
James Harmes,goals,-0.5,7,6
Jordan Croft,goals,-0.5,7,4
Liam Henry,goals,-0.5,3,8
Logan McDonald,goals,-0.5,12,2
Mason Cox,goals,-0.5,14,4
Max Heath,goals,-0.5,6,4
Mitch Duncan,goals,-0.5,7,2
Nasiah Wanganeen-Milera,goals,-0.5,14,19
Oliver Dempsey,goals,-0.5,28,12
Oscar McDonald,goals,-0.5,10,2
Oskar Baker,goals,-0.5,10,8
Peter Ladhams,goals,-0.5,6,5
Sam Cumming,goals,-0.5,2,5
Will Day,goals,-0.5,6,2
Andrew Brayshaw,goals,-1,28,9
Cody Curtin,goals,-1,2,2
Cooper Hynes,goals,-1,13,7
Corey Warner,goals,-1,9,9
Elijah Hollands,goals,-1,4,7
Isaac Kako,goals,-1,7,22
Jack Whitlock,goals,-1,5,12
Jack Williams,goals,-1,2,15
Jacob Newton,goals,-1,2,3
Jed McEntee,goals,-1,1,5
Jesse Motlop,goals,-1,9,14
Jye Caldwell,goals,-1,4,17
Kysaiah Pickett,goals,-1,16,18
Lachlan Sullivan,goals,-1,12,3
Lachy Dovaston,goals,-1,3,3
Laitham Vandermeer,goals,-1,12,8
Latrelle Pickett,goals,-1,8,4
Mitch Knevitt,goals,-1,5,3
Mitch McGovern,goals,-1,11,19
Orazio Fantasia,goals,-1,2,4
Oscar McInerney,goals,-1,11,2
Phoenix Gothard,goals,-1,6,7
Roan Steele,goals,-1,8,9
Sam Butler,goals,-1,10,3
Sam Day,goals,-1,10,3
Steely Green,goals,-1,5,27
Tyler Brockman,goals,-1,1,19
Will McLachlan,goals,-1,5,2
Zeke Uwland,goals,-1,5,5
Cooper Harvey,goals,-1.5,2,6
Ben Paton,goals,NA,0,4
Billy Cootee,goals,NA,4,0
Brynn Teakle,goals,NA,0,4
Christopher Scerri,goals,NA,7,0
Clay Hall,goals,NA,0,13
Dyson Sharp,goals,NA,0,6
Hussien El Achkar,goals,NA,0,4
Jack Henderson,goals,NA,0,5
Jack Ison,goals,NA,4,0
Jayden Nguyen,goals,NA,0,10
Jeremy McGovern,goals,NA,0,6
Jordan Boyd,goals,NA,0,5
Kaleb Smith,goals,NA,0,8
Liam Fawcett,goals,NA,0,7
Liam McMahon,goals,NA,0,7
Liam Reidy,goals,NA,0,4
Louis Emmett,goals,NA,0,5
Luamon Lual,goals,NA,0,12
Max Kondogiannis,goals,NA,0,5
Nik Cox,goals,NA,0,6
Noah Long,goals,NA,0,10
Oskar Smartt,goals,NA,0,4
Seamus Mitchell,goals,NA,4,0
Tyrell Dewar,goals,NA,0,16
Zak Johnson,goals,NA,0,14
Hunter Clark,marks,5,7,9
Jacob Farrow,marks,5,1,11
Zach Reid,marks,5,7,17
Billy Wilson,marks,4.5,6,3
Angus Clarke,marks,4,1,13
Bailey Williams,marks,4,19,14
Nick Vlastuin,marks,4,7,27
Ryan Burton,marks,4,3,5
Bailey Scott,marks,3.5,3,8
Callum Wilkie,marks,3.5,15,22
Jimmy Webster,marks,3.5,5,10
Todd Marshall,marks,3.5,2,6
Tom Mitchell,marks,3.5,2,2
Zak Jones,marks,3.5,8,7
Charlie Ballard,marks,3,3,3
Esava Ratugolea,marks,3,8,12
Harvey Gallagher,marks,3,3,5
Jack Silvagni,marks,3,12,15
Jai Culley,marks,3,6,5
Jeremy Cameron,marks,3,28,11
Lachlan Cowan,marks,3,9,17
Logan Evans,marks,3,6,17
Malakai Champion,marks,3,2,8
Mason Wood,marks,3,13,21
Mitch McGovern,marks,3,11,19
Peter Wright,marks,3,5,24
Tylar Young,marks,3,6,15
Will Setterfield,marks,3,5,12
Dante Visentini,marks,2.5,4,10
Ed Langdon,marks,2.5,16,21
Harry Dean,marks,2.5,5,6
Hugh Jackson,marks,2.5,4,5
Hugo Ralphsmith,marks,2.5,2,15
Jack Crisp,marks,2.5,22,15
Koltyn Tholstrup,marks,2.5,13,10
Leonardo Lombard,marks,2.5,8,9
Liam Jones,marks,2.5,2,3
Nick Daicos,marks,2.5,22,14
Shannon Neale,marks,2.5,27,12
Tom Stewart,marks,2.5,24,9
Willem Duursma,marks,2.5,4,9
Ben King,marks,2,23,15
Blake Hardwick,marks,2,25,13
Blake Howes,marks,2,11,15
Bradley Hill,marks,2,15,21
Braeden Campbell,marks,2,12,11
Brent Daniels,marks,2,9,5
Callum Ah Chee,marks,2,20,9
Callum Brown,marks,2,19,11
Changkuoth Jiath,marks,2,17,11
Connor Rozee,marks,2,10,13
Corey Durdin,marks,2,12,17
Daniel Curtin,marks,2,23,8
Darcy Parish,marks,2,1,13
Dougal Howard,marks,2,4,5
Dylan Moore,marks,2,24,13
Dylan Stephens,marks,2,11,23
Edward Allan,marks,2,13,8
Ewan Mackinlay,marks,2,5,9
Finn Maginness,marks,2,10,7
Flynn Young,marks,2,6,5
Harris Andrews,marks,2,25,12
Harry McKay,marks,2,10,14
Jack Bowes,marks,2,19,9
Jack Henry,marks,2,21,10
Jack Macrae,marks,2,11,19
Jack Scrimshaw,marks,2,13,8
Jack Sinclair,marks,2,15,22
Jacob Bauer,marks,2,1,4
Jake Lever,marks,2,11,10
Jason Horne-Francis,marks,2,11,17
Jason Johannisen,marks,2,10,6
Jesse Hogan,marks,2,12,12
Jobe Shanahan,marks,2,4,19
John Noble,marks,2,23,15
Josh Dolan,marks,2,7,8
Jye Amiss,marks,2,28,9
Kane Farrell,marks,2,12,21
Keidean Coleman,marks,2,6,7
Lachy Dovaston,marks,2,3,3
Luke Breust,marks,2,5,3
Luke Cleary,marks,2,11,6
Mark Keane,marks,2,18,7
Matthew Carroll,marks,2,11,16
Matthew Jefferson,marks,2,5,9
Max Michalanney,marks,2,22,12
Michael Sellwood,marks,2,8,6
Nathan O'Driscoll,marks,2,14,6
Neil Erasmus,marks,2,23,6
Patrick Dangerfield,marks,2,23,10
Patrick Lipinski,marks,2,21,13
Riley Thilthorpe,marks,2,24,12
Robert Hansen Jr,marks,2,3,9
Sam Banks,marks,2,5,25
Shai Bolton,marks,2,28,8
Toby Greene,marks,2,21,14
Tom Liberatore,marks,2,17,10
Tom Papley,marks,2,15,7
Tom Powell,marks,2,9,21
Ty Gallop,marks,2,11,7
Will Hoskin-Elliott,marks,2,12,6
Will Lewis,marks,2,5,5
Xavier Lindsay,marks,2,9,14
Zach Guthrie,marks,2,28,12
Zach Merrett,marks,2,7,29
Alex Davies,marks,1.5,10,4
Archer Reid,marks,1.5,2,18
Bo Allan,marks,1.5,3,14
Brodie Kemp,marks,1.5,6,12
Brodie Smith,marks,1.5,8,3
Caleb Poulter,marks,1.5,4,3
Charlie Dean,marks,1.5,2,2
Ethan Read,marks,1.5,20,10
Harry Sheezel,marks,1.5,11,24
Hayden Young,marks,1.5,11,4
Jack Darling,marks,1.5,10,23
Jack Lukosius,marks,1.5,4,7
Jacob Weitering,marks,1.5,12,21
Jade Gresham,marks,1.5,6,20
Jake Riccardi,marks,1.5,18,11
Jayden Laverde,marks,1.5,7,20
Jeremy Finlayson,marks,1.5,2,6
Joel Hamling,marks,1.5,10,7
Jonty Faull,marks,1.5,6,20
Jordan De Goey,marks,1.5,10,12
Josh Kelly,marks,1.5,10,5
Jye Menzie,marks,1.5,4,6
Lachie Neale,marks,1.5,23,12
Lachlan Sholl,marks,1.5,3,2
Luke McDonald,marks,1.5,10,17
Marcus Bontempelli,marks,1.5,20,12
Mykelti Lefau,marks,1.5,2,10
Nasiah Wanganeen-Milera,marks,1.5,14,19
Nic Martin,marks,1.5,6,10
Oliver Florent,marks,1.5,12,17
Oscar McDonald,marks,1.5,10,2
Reilly O'Brien,marks,1.5,18,8
Rhett Bazzo,marks,1.5,2,10
Sam Clohesy,marks,1.5,14,8
Sam Collins,marks,1.5,21,14
Sam Marshall,marks,1.5,7,6
Tim Taranto,marks,1.5,6,27
Toby Pink,marks,1.5,8,13
Tom Gross,marks,1.5,1,8
Tom Hanily,marks,1.5,4,6
Tyler Sonsie,marks,1.5,5,22
Wade Derksen,marks,1.5,2,2
Will Hayward,marks,1.5,15,18
Zac Bailey,marks,1.5,26,12
Zak Butters,marks,1.5,12,21
Aaron Cadman,marks,1,21,11
Aaron Naughton,marks,1,22,15
Adam Cerra,marks,1,11,18
Aidan Corr,marks,1,5,10
Angus Hastie,marks,1,5,6
Archie Perkins,marks,1,5,26
Archie Roberts,marks,1,7,30
Bailey Banfield,marks,1,15,6
Bailey Smith,marks,1,26,11
Ben Keays,marks,1,26,12
Ben Long,marks,1,22,14
Ben McKay,marks,1,7,15
Blake Acres,marks,1,9,12
Bodhi Uwland,marks,1,23,15
Brad Close,marks,1,25,11
Brady Hough,marks,1,5,31
Brandon Starcevich,marks,1,11,5
Brayden Maynard,marks,1,17,15
Brennan Cox,marks,1,26,8
Brody Mihocek,marks,1,21,11
Bruce Reville,marks,1,20,7
Caiden Cleary,marks,1,8,9
Caleb Serong,marks,1,25,9
Callum Coleman-Jones,marks,1,3,2
Cam Mackenzie,marks,1,14,8
Chad Warner,marks,1,24,13
Charlie Cameron,marks,1,25,13
Charlie Spargo,marks,1,8,11
Chayce Jones,marks,1,5,3
Christian Petracca,marks,1,14,20
Connor Macdonald,marks,1,24,12
Cooper Hynes,marks,1,13,7
Corey Wagner,marks,1,22,7
Daniel Rioli,marks,1,20,13
Darcy Byrne-Jones,marks,1,12,23
Darcy Fogarty,marks,1,22,9
Darcy Moore,marks,1,16,9
Ed Richards,marks,1,21,15
Finn O'Sullivan,marks,1,9,21
Griffin Logue,marks,1,7,20
Harley Reid,marks,1,5,28
Harry O'Farrell,marks,1,1,5
Harvey Langford,marks,1,16,20
Heath Chapman,marks,1,28,8
Hudson O'Keeffe,marks,1,5,3
Hugh Boxshall,marks,1,8,8
Hugh McCluggage,marks,1,23,12
Jack Buller,marks,1,7,7
Jack Graham,marks,1,3,20
Jack Martin,marks,1,18,7
Jackson Mead,marks,1,9,15
Jacob Newton,marks,1,2,3
Jai Serong,marks,1,11,2
Jake Melksham,marks,1,8,14
Jake Rogers,marks,1,10,4
Jake Soligo,marks,1,25,11
Jake Stringer,marks,1,15,13
James Borlase,marks,1,7,3
James Harmes,marks,1,7,6
James Jordon,marks,1,24,13
James O'Donnell,marks,1,21,11
James Peatling,marks,1,25,11
James Rowbottom,marks,1,24,13
Jamie Elliott,marks,1,22,13
Jarman Impey,marks,1,25,11
Jarrod Berry,marks,1,22,10
Jarrod Witts,marks,1,20,14
Jase Burgoyne,marks,1,12,21
Jaspa Fletcher,marks,1,27,13
Jasper Alger,marks,1,1,7
Jaxon Prior,marks,1,7,29
Jhye Clark,marks,1,7,6
Joe Richards,marks,1,12,23
Joel Amartey,marks,1,17,5
Jordan Clark,marks,1,28,9
Josh Daicos,marks,1,22,15
Josh Dunkley,marks,1,27,13
Josh Lindsay,marks,1,3,9
Josh Sinn,marks,1,8,12
Josh Worrell,marks,1,26,12
Kai Lohmann,marks,1,21,10
Kysaiah Pickett,marks,1,16,18
Lachie Jaques,marks,1,6,2
Lachlan Blakiston,marks,1,1,24
Lachlan McAndrew,marks,1,8,5
Levi Ashcroft,marks,1,27,13
Lloyd Meek,marks,1,25,12
Luke Parker,marks,1,11,23
Malcolm Rosas,marks,1,14,2
Marcus Windhager,marks,1,15,22
Mark O'Connor,marks,1,26,11
Massimo D'Ambrosio,marks,1,25,13
Matthew Cottrell,marks,1,3,5
Maurice Rioli,marks,1,3,17
Max Ramsden,marks,1,4,2
Mitch Duncan,marks,1,7,2
Mitch Georgiades,marks,1,13,23
Mitch Lewis,marks,1,13,7
Nathan Broad,marks,1,7,27
Ned Long,marks,1,21,14
Ned Moyle,marks,1,5,4
Nick Haynes,marks,1,13,19
Nick Murray,marks,1,14,7
Oliver Hollands,marks,1,11,21
Ollie Wines,marks,1,10,20
Oskar Baker,marks,1,10,8
Riley Bice,marks,1,21,9
Riley Hardeman,marks,1,4,14
Rowan Marshall,marks,1,15,21
Sam Berry,marks,1,23,9
Sam Butler,marks,1,10,3
Sam Davidson,marks,1,14,14
Sam De Koning,marks,1,27,9
Sam Draper,marks,1,11,7
Sam Durham,marks,1,7,26
Sam Taylor,marks,1,13,9
Sam Walsh,marks,1,12,15
Sid Draper,marks,1,7,3
Steely Green,marks,1,5,27
Tim English,marks,1,21,11
Toby McMullin,marks,1,8,9
Todd Goldstein,marks,1,3,13
Tom Atkins,marks,1,28,12
Tom De Koning,marks,1,15,21
Tom McCartin,marks,1,20,11
Tom McDonald,marks,1,9,12
Trent Rivers,marks,1,11,19
Tyler Brockman,marks,1,1,19
Wayne Milera,marks,1,25,12
Wil Parker,marks,1,4,4
Will Ashcroft,marks,1,27,13
Willem Drew,marks,1,13,23
Willie Rioli,marks,1,9,10
Xavier Duursma,marks,1,7,29
Zac Williams,marks,1,10,18
Alex Cincotta,marks,0.5,2,3
Archer May,marks,0.5,1,16
Arthur Jones,marks,0.5,8,5
Bailey Humphrey,marks,0.5,22,11
Bailey Laurie,marks,0.5,6,4
Beau McCreery,marks,0.5,19,12
Charlie Curnow,marks,0.5,18,13
Christian Salem,marks,0.5,10,18
Cody Curtin,marks,0.5,2,2
Conor McKenna,marks,0.5,8,5
Conor Nash,marks,0.5,21,10
Cooper Sharman,marks,0.5,14,21
Dylan Shiel,marks,0.5,4,10
Elijah Hewett,marks,0.5,1,24
Elliot Yeo,marks,0.5,4,8
George Hewett,marks,0.5,14,18
Harry Himmelberg,marks,0.5,22,15
Harry Perryman,marks,0.5,21,12
Harvey Thomas,marks,0.5,17,14
Henry Hustwaite,marks,0.5,4,1
Hugo Garcia,marks,0.5,13,18
Izak Rankine,marks,0.5,22,10
Jack Carroll,marks,0.5,6,9
Jacob Konstanty,marks,0.5,8,21
Jaxon Binns,marks,0.5,2,3
Jed Walter,marks,0.5,12,12
Jesse Motlop,marks,0.5,9,14
Joel Freijah,marks,0.5,22,15
Judd McVee,marks,0.5,17,12
Justin McInerney,marks,0.5,20,10
Kade Chandler,marks,0.5,16,21
Kamdyn McIntosh,marks,0.5,5,18
Lachie Fogarty,marks,0.5,8,14
Lachie Jones,marks,0.5,10,19
Laitham Vandermeer,marks,0.5,12,8
Latrelle Pickett,marks,0.5,8,4
Luke Pedlar,marks,0.5,12,7
Mani Liddy,marks,0.5,4,5
Mark Blicavs,marks,0.5,24,12
Matthew Kennedy,marks,0.5,22,15
Mitch Owens,marks,0.5,12,18
Murphy Reid,marks,0.5,28,9
Orazio Fantasia,marks,0.5,2,4
Patrick Retschko,marks,0.5,2,6
Paul Curtis,marks,0.5,10,22
Rhys Stanley,marks,0.5,16,4
Roan Steele,marks,0.5,8,9
Ryan Byrnes,marks,0.5,9,14
Ryley Sanders,marks,0.5,20,14
Shaun Mannagh,marks,0.5,27,10
Taylor Walker,marks,0.5,21,10
Toby Bedford,marks,0.5,20,12
Tom Brown,marks,0.5,6,25
Tom Cochrane,marks,0.5,3,2
Tom Green,marks,0.5,15,8
Tom Lynch,marks,0.5,5,18
Tom McCarthy,marks,0.5,4,19
Tom Sparrow,marks,0.5,16,20
Touk Miller,marks,0.5,22,14
Tyson Stengle,marks,0.5,18,6
Will Day,marks,0.5,6,2
Will McLachlan,marks,0.5,5,2
William Hayes,marks,0.5,5,2
Adam Saad,marks,0,9,15
Adam Treloar,marks,0,6,3
Alex Neal-Bullen,marks,0,26,11
Alix Tauru,marks,0,3,5
Andrew Brayshaw,marks,0,28,9
Andrew McGrath,marks,0,7,27
Ashton Moir,marks,0,3,8
Bailey Dale,marks,0,22,15
Bailey J. Williams,marks,0,3,23
Bailey Macdonald,marks,0,7,2
Bayley Fritsch,marks,0,14,21
Ben Ainsworth,marks,0,20,17
Ben Miller,marks,0,7,29
Billy Frampton,marks,0,17,11
Bobby Hill,marks,0,11,3
Bodie Ryan,marks,0,1,3
Brayden Cook,marks,0,11,5
Brayden Fiorini,marks,0,11,10
Brodie Grundy,marks,0,23,12
Buku Khamis,marks,0,16,12
Caleb Daniel,marks,0,11,24
Callan Ward,marks,0,7,5
Callum Mills,marks,0,19,6
Calsher Dear,marks,0,7,5
Cam Rayner,marks,0,27,13
Cameron Zurhaar,marks,0,11,23
Christian Moraes,marks,0,8,13
Clayton Oliver,marks,0,12,23
Cooper Duff-Tytler,marks,0,2,9
Cooper Lord,marks,0,9,15
Cooper Trembath,marks,0,7,9
Corey Warner,marks,0,9,9
Dan Butler,marks,0,5,7
Dane Rampe,marks,0,17,12
Daniel McStay,marks,0,17,13
Daniel Turner,marks,0,13,18
Darcy Fort,marks,0,22,11
Darcy Gardiner,marks,0,16,8
Darcy Jones,marks,0,15,8
Darcy Tucker,marks,0,1,6
Darcy Wilmot,marks,0,27,13
Darcy Wilson,marks,0,11,20
Elijah Hollands,marks,0,4,7
Errol Gulden,marks,0,9,3
Finn Callaghan,marks,0,20,14
Francis Evans,marks,0,8,13
George Wardlaw,marks,0,9,13
Hamish Davis,marks,0,4,18
Harrison Petty,marks,0,14,18
Harry Morrison,marks,0,14,9
Harry Rowston,marks,0,10,4
Harry Sharp,marks,0,15,17
Isaac Heeney,marks,0,23,12
Isaac Kako,marks,0,7,22
Isaac Quaynor,marks,0,22,15
Jack Gunston,marks,0,21,10
Jack Higgins,marks,0,13,18
Jack Payne,marks,0,8,4
Jack Ross,marks,0,7,28
Jacob Hopper,marks,0,7,28
Jacob van Rooyen,marks,0,11,19
Jagga Smith,marks,0,5,8
Jai Newcombe,marks,0,25,13
Jake Bowey,marks,0,11,18
Jake Lloyd,marks,0,23,13
Jake Waterman,marks,0,5,17
James Sicily,marks,0,21,13
James Worpel,marks,0,16,11
Jed McEntee,marks,0,1,5
Joel Jeffrey,marks,0,23,14
Jordon Sweet,marks,0,12,19
Josaia Delana,marks,0,3,4
Josh Lai,marks,0,3,6
Josh Treacy,marks,0,28,9
Jy Farrar,marks,0,7,3
Jy Simpkin,marks,0,11,22
Jye Caldwell,marks,0,4,17
Lachie Weller,marks,0,20,10
Lachlan Bramble,marks,0,22,15
Lachlan Sullivan,marks,0,12,3
Leek Aleer,marks,0,12,6
Liam Henry,marks,0,3,8
Logan McDonald,marks,0,12,2
Logan Morris,marks,0,26,12
Luke Davies-Uniacke,marks,0,11,23
Luke Jackson,marks,0,26,8
Mason Redman,marks,0,6,20
Matthew Johnson,marks,0,23,7
Max Gawn,marks,0,16,21
Max Hall,marks,0,15,22
Max Holmes,marks,0,28,12
Miles Bergman,marks,0,11,16
Ned Reeves,marks,0,8,4
Nick Blakey,marks,0,24,13
Nick Holman,marks,0,11,7
Nick Watson,marks,0,24,13
Noah Anderson,marks,0,22,15
Noah Answerth,marks,0,15,7
Oisin Mullin,marks,0,27,12
Oleg Markov,marks,0,5,3
Oliver Dempsey,marks,0,28,12
Oliver Henry,marks,0,17,11
Ollie Lord,marks,0,5,11
Oscar Adams,marks,0,11,7
Oscar Allen,marks,0,5,15
Paddy Cross,marks,0,5,3
Patrick Cripps,marks,0,14,22
Patrick Voss,marks,0,26,6
Peter Ladhams,marks,0,6,5
Phoenix Gothard,marks,0,6,7
Rhylee West,marks,0,22,15
Riley Garcia,marks,0,5,3
Rory Laird,marks,0,23,10
Ryan Lester,marks,0,25,10
Ryan Maric,marks,0,3,28
Sam Cumming,marks,0,2,5
Sam Darcy,marks,0,15,8
Sam Docherty,marks,0,4,11
Sam Flanders,marks,0,19,16
Sam Lalor,marks,0,3,15
Sam Powell-Pepper,marks,0,7,9
Sam Switkowski,marks,0,24,6
Sam Wicks,marks,0,24,11
Sandy Brock,marks,0,1,17
Seth Campbell,marks,0,7,28
Steele Sidebottom,marks,0,19,14
Stephen Coniglio,marks,0,13,8
Sullivan Robey,marks,0,1,9
Talor Byrne,marks,0,3,5
Taylor Duryea,marks,0,3,2
Thomas Sims,marks,0,3,8
Tim Membrey,marks,0,20,12
Tobie Travaglia,marks,0,5,7
Toby Nankervis,marks,0,5,19
Tom Barrass,marks,0,22,11
Tom Blamires,marks,0,5,5
Wil Powell,marks,0,23,14
Xavier O'Halloran,marks,0,18,13
Zac Banch,marks,0,1,5
Zac Taylor,marks,0,19,9
Zeke Uwland,marks,0,5,5
Angus Anderson,marks,-0.5,2,5
Anthony Caminiti,marks,-0.5,14,20
Archer Day-Wicks,marks,-0.5,2,15
Ben Hobbs,marks,-0.5,6,12
Connor Budarick,marks,-0.5,20,10
Connor O'Sullivan,marks,-0.5,27,12
Cooper Harvey,marks,-0.5,2,6
Darcy Cameron,marks,-0.5,22,14
Flynn Perez,marks,-0.5,4,1
Gryan Miers,marks,-0.5,23,10
Harrison Jones,marks,-0.5,4,5
Harvey Johnston,marks,-0.5,2,4
Hugh Bond,marks,-0.5,8,4
Isaac Keeler,marks,-0.5,4,9
Jack Williams,marks,-0.5,2,15
James Tunstill,marks,-0.5,6,4
Jedd Busslinger,marks,-0.5,7,4
Jeremy Howe,marks,-0.5,19,10
Jordan Dawson,marks,-0.5,24,11
Josh Weddle,marks,-0.5,20,10
Joshua Draper,marks,-0.5,7,4
Lachie Whitfield,marks,-0.5,20,15
Lachlan McNeil,marks,-0.5,18,10
Lance Collard,marks,-0.5,6,6
Lewis Melican,marks,-0.5,16,10
Luke Trainor,marks,-0.5,6,23
Mason Cox,marks,-0.5,14,4
Mattaes Phillipou,marks,-0.5,8,13
Michael Frederick,marks,-0.5,24,8
Mitchell Edwards,marks,-0.5,8,3
Nic Newman,marks,-0.5,4,6
Nicholas Madden,marks,-0.5,4,2
Nick Larkey,marks,-0.5,10,19
Noah Balta,marks,-0.5,4,21
Oscar Steene,marks,-0.5,3,4
Tanner Bruhn,marks,-0.5,8,5
Thomas Edwards,marks,-0.5,2,7
Toby Murray,marks,-0.5,6,2
Tom Burton,marks,-0.5,2,3
Will Graham,marks,-0.5,13,6
Will Phillips,marks,-0.5,1,6
Zac Fisher,marks,-0.5,2,6
Aaron Francis,marks,-1,5,5
Aidan Johnson,marks,-1,2,3
Alex Pearce,marks,-1,18,9
Aliir Aliir,marks,-1,13,22
Angus Sheldrick,marks,-1,23,10
Caleb Windsor,marks,-1,14,15
Campbell Chesser,marks,-1,1,6
Campbell Gray,marks,-1,1,11
Connor Idun,marks,-1,22,15
Dayne Zorko,marks,-1,24,9
Elijah Tsatas,marks,-1,2,9
Finnbar Maley,marks,-1,3,8
Harry Schoenberg,marks,-1,2,4
Hayden McLean,marks,-1,14,9
Isaiah Dudley,marks,-1,23,6
Jack Ginnivan,marks,-1,25,12
Jack Steele,marks,-1,17,19
Jake Kolodjashnij,marks,-1,6,2
James Leake,marks,-1,5,3
James Trezise,marks,-1,7,18
Jed Bews,marks,-1,3,1
Jeremy Sharp,marks,-1,11,5
Joe Berry,marks,-1,8,17
Jordan Ridley,marks,-1,5,8
Jordon Butts,marks,-1,13,6
Josh Battle,marks,-1,25,13
Josh Rachele,marks,-1,18,9
Josh Ward,marks,-1,24,13
Karl Amon,marks,-1,23,13
Kieren Briggs,marks,-1,17,13
Kyle Langford,marks,-1,4,19
Lachie Schultz,marks,-1,13,15
Lachlan Gulbin,marks,-1,3,6
Lachlan Murphy,marks,-1,3,2
Lawson Humphries,marks,-1,28,10
Lewis Young,marks,-1,5,15
Liam Baker,marks,-1,5,31
Liam Duggan,marks,-1,5,30
Liam O'Connell,marks,-1,5,7
Liam Ryan,marks,-1,5,24
Luke Nankervis,marks,-1,8,6
Luke Ryan,marks,-1,28,8
Mabior Chol,marks,-1,21,11
Mac Andrew,marks,-1,22,15
Matt Crouch,marks,-1,4,2
Matt Roberts,marks,-1,18,11
Matt Rowell,marks,-1,18,15
Matthew Owies,marks,-1,1,18
Max Gruzewski,marks,-1,11,4
Max Heath,marks,-1,6,4
Mitch Knevitt,marks,-1,5,3
Mitchell Hinge,marks,-1,18,7
Nat Fyfe,marks,-1,6,2
Nate Caddy,marks,-1,7,23
Nick Bryan,marks,-1,2,8
Nick Coffield,marks,-1,7,4
Oliver Hayes-Brown,marks,-1,2,5
Oscar McInerney,marks,-1,11,2
Rory Lobb,marks,-1,21,13
Ryan Angwin,marks,-1,11,9
Sam Grlj,marks,-1,2,10
Scott Pendlebury,marks,-1,19,13
Sean Darcy,marks,-1,15,7
Steven May,marks,-1,4,12
Taj Hotton,marks,-1,2,5
Taylor Adams,marks,-1,1,3
Ted Clohesy,marks,-1,6,3
Tim Kelly,marks,-1,5,28
Tristan Xerri,marks,-1,9,20
Will White,marks,-1,7,7
Zane Duursma,marks,-1,7,15
Alex Sexton,marks,-1.5,3,2
Brandon Zerk-Thatcher,marks,-1.5,5,8
David Swallow,marks,-1.5,4,5
Deven Robertson,marks,-1.5,4,4
Dion Prestia,marks,-1.5,3,18
Eric Hipwood,marks,-1.5,16,6
Harry Armstrong,marks,-1.5,1,10
Harry Cunningham,marks,-1.5,16,3
Jack Watkins,marks,-1.5,3,6
Jacob Wehr,marks,-1.5,12,13
Joe Fonti,marks,-1.5,17,12
Karl Worner,marks,-1.5,28,8
Saad El-Hawli,marks,-1.5,4,12
Alixzander Tauru,marks,-2,4,6
Charlie Comben,marks,-2,11,20
Cody Angove,marks,-2,3,1
Colby McKercher,marks,-2,11,24
Dan Houston,marks,-2,20,13
Harry Edwards,marks,-2,2,17
Isaac Cumming,marks,-2,23,10
Jack Viney,marks,-2,5,13
Jack Whitlock,marks,-2,5,12
Jaeger O'Meara,marks,-2,12,6
Jamie Cripps,marks,-2,3,23
Jayden Hunt,marks,-2,1,14
Jordan Croft,marks,-2,7,4
Kane McAuliffe,marks,-2,2,9
Lachie Ash,marks,-2,22,15
Liam Stocker,marks,-2,11,15
Marc Pittonet,marks,-2,6,13
Matt Guelfi,marks,-2,1,14
Milan Murdock,marks,-2,3,8
Oliver Wiltshire,marks,-2,5,3
Reuben Ginbey,marks,-2,5,31
Samson Ryan,marks,-2,1,4
Thomson Dow,marks,-2,3,8
Tom Cole,marks,-2,3,23
Travis Boak,marks,-2,7,9
William Edwards,marks,-2,7,1
Conor Stone,marks,-2.5,6,4
Jack Hutchinson,marks,-2.5,2,16
Jacob Blight,marks,-2.5,1,6
Lincoln McCarthy,marks,-2.5,6,2
Oliver Hannaford,marks,-2.5,3,2
Jayden Short,marks,-3,7,21
Matt Flynn,marks,-3,3,19
Rhyan Mansell,marks,-3,4,17
Wil Dawson,marks,-3,1,8
Will Lorenz,marks,-3,1,6
Jack Buckley,marks,-3.5,18,10
Sam Day,marks,-4,10,3
Ben Paton,marks,NA,0,4
Billy Cootee,marks,NA,4,0
Brynn Teakle,marks,NA,0,4
Christopher Scerri,marks,NA,7,0
Clay Hall,marks,NA,0,13
Dyson Sharp,marks,NA,0,6
Hussien El Achkar,marks,NA,0,4
Jack Henderson,marks,NA,0,5
Jack Ison,marks,NA,4,0
Jayden Nguyen,marks,NA,0,10
Jeremy McGovern,marks,NA,0,6
Jordan Boyd,marks,NA,0,5
Kaleb Smith,marks,NA,0,8
Liam Fawcett,marks,NA,0,7
Liam McMahon,marks,NA,0,7
Liam Reidy,marks,NA,0,4
Louis Emmett,marks,NA,0,5
Luamon Lual,marks,NA,0,12
Max Kondogiannis,marks,NA,0,5
Nik Cox,marks,NA,0,6
Noah Long,marks,NA,0,10
Oskar Smartt,marks,NA,0,4
Seamus Mitchell,marks,NA,4,0
Tyrell Dewar,marks,NA,0,16
Zak Johnson,marks,NA,0,14
Jack Viney,tackles,4,5,13
Jacob Bauer,tackles,4,1,4
Matt Flynn,tackles,4,3,19
Alex Davies,tackles,3.5,10,4
Hugh McCluggage,tackles,3,23,12
Jasper Alger,tackles,3,1,7
Lance Collard,tackles,3,6,6
Peter Wright,tackles,3,5,24
Seth Campbell,tackles,3,7,28
Steely Green,tackles,3,5,27
Tyler Brockman,tackles,3,1,19
Will Setterfield,tackles,3,5,12
Cam Mackenzie,tackles,2.5,14,8
Clayton Oliver,tackles,2.5,12,23
Cooper Harvey,tackles,2.5,2,6
Hugh Boxshall,tackles,2.5,8,8
Hugo Ralphsmith,tackles,2.5,2,15
Marc Pittonet,tackles,2.5,6,13
Orazio Fantasia,tackles,2.5,2,4
Patrick Retschko,tackles,2.5,2,6
Tanner Bruhn,tackles,2.5,8,5
Thomas Edwards,tackles,2.5,2,7
Tristan Xerri,tackles,2.5,9,20
Angus Clarke,tackles,2,1,13
Bobby Hill,tackles,2,11,3
Cam Rayner,tackles,2,27,13
Dylan Shiel,tackles,2,4,10
Elijah Hewett,tackles,2,1,24
Finn Maginness,tackles,2,10,7
Finn O'Sullivan,tackles,2,9,21
Jack Macrae,tackles,2,11,19
Jeremy Finlayson,tackles,2,2,6
Josh Dunkley,tackles,2,27,13
Jy Farrar,tackles,2,7,3
Liam Ryan,tackles,2,5,24
Luke Davies-Uniacke,tackles,2,11,23
Luke Pedlar,tackles,2,12,7
Matt Guelfi,tackles,2,1,14
Oliver Florent,tackles,2,12,17
Oscar McInerney,tackles,2,11,2
Patrick Voss,tackles,2,26,6
Ryan Angwin,tackles,2,11,9
Sam Cumming,tackles,2,2,5
Samson Ryan,tackles,2,1,4
Scott Pendlebury,tackles,2,19,13
Toby Greene,tackles,2,21,14
Toby Murray,tackles,2,6,2
Toby Nankervis,tackles,2,5,19
Tom Cochrane,tackles,2,3,2
Tom Papley,tackles,2,15,7
Will Lewis,tackles,2,5,5
Will Phillips,tackles,2,1,6
Zac Banch,tackles,2,1,5
Angus Anderson,tackles,1.5,2,5
Bailey Laurie,tackles,1.5,6,4
Charlie Spargo,tackles,1.5,8,11
Christian Petracca,tackles,1.5,14,20
Conor Stone,tackles,1.5,6,4
Darcy Jones,tackles,1.5,15,8
Flynn Young,tackles,1.5,6,5
Francis Evans,tackles,1.5,8,13
Hamish Davis,tackles,1.5,4,18
James Harmes,tackles,1.5,7,6
Jason Johannisen,tackles,1.5,10,6
Josh Ward,tackles,1.5,24,13
Lachie Jones,tackles,1.5,10,19
Lachlan Gulbin,tackles,1.5,3,6
Max Ramsden,tackles,1.5,4,2
Nic Martin,tackles,1.5,6,10
Tom Atkins,tackles,1.5,28,12
Tom Gross,tackles,1.5,1,8
Will Hoskin-Elliott,tackles,1.5,12,6
Zac Fisher,tackles,1.5,2,6
Aaron Naughton,tackles,1,22,15
Alex Neal-Bullen,tackles,1,26,11
Alix Tauru,tackles,1,3,5
Andrew Brayshaw,tackles,1,28,9
Bailey Humphrey,tackles,1,22,11
Bailey Scott,tackles,1,3,8
Ben Ainsworth,tackles,1,20,17
Blake Hardwick,tackles,1,25,13
Brady Hough,tackles,1,5,31
Brayden Fiorini,tackles,1,11,10
Brayden Maynard,tackles,1,17,15
Brennan Cox,tackles,1,26,8
Callum Wilkie,tackles,1,15,22
Calsher Dear,tackles,1,7,5
Connor Budarick,tackles,1,20,10
Corey Warner,tackles,1,9,9
Dan Butler,tackles,1,5,7
Dante Visentini,tackles,1,4,10
Darcy Fort,tackles,1,22,11
Darcy Moore,tackles,1,16,9
Darcy Tucker,tackles,1,1,6
Darcy Wilmot,tackles,1,27,13
Darcy Wilson,tackles,1,11,20
Dylan Stephens,tackles,1,11,23
Esava Ratugolea,tackles,1,8,12
Harley Reid,tackles,1,5,28
Harry Armstrong,tackles,1,1,10
Harry Sheezel,tackles,1,11,24
Hudson O'Keeffe,tackles,1,5,3
Isaac Kako,tackles,1,7,22
Jack Bowes,tackles,1,19,9
Jack Graham,tackles,1,3,20
Jack Ross,tackles,1,7,28
Jack Watkins,tackles,1,3,6
Jack Williams,tackles,1,2,15
Jake Melksham,tackles,1,8,14
Jake Riccardi,tackles,1,18,11
Jake Soligo,tackles,1,25,11
James Borlase,tackles,1,7,3
James Sicily,tackles,1,21,13
Jarman Impey,tackles,1,25,11
Jarrod Witts,tackles,1,20,14
Jaspa Fletcher,tackles,1,27,13
Jaxon Binns,tackles,1,2,3
Jeremy Cameron,tackles,1,28,11
Jordan Dawson,tackles,1,24,11
Josh Dolan,tackles,1,7,8
Josh Lindsay,tackles,1,3,9
Josh Worrell,tackles,1,26,12
Justin McInerney,tackles,1,20,10
Kane McAuliffe,tackles,1,2,9
Lachie Jaques,tackles,1,6,2
Lachie Neale,tackles,1,23,12
Liam Baker,tackles,1,5,31
Liam Jones,tackles,1,2,3
Liam O'Connell,tackles,1,5,7
Malakai Champion,tackles,1,2,8
Mason Cox,tackles,1,14,4
Massimo D'Ambrosio,tackles,1,25,13
Matt Rowell,tackles,1,18,15
Matthew Carroll,tackles,1,11,16
Mitch Lewis,tackles,1,13,7
Mitch McGovern,tackles,1,11,19
Mitchell Hinge,tackles,1,18,7
Ned Long,tackles,1,21,14
Nick Blakey,tackles,1,24,13
Nick Daicos,tackles,1,22,14
Oisin Mullin,tackles,1,27,12
Oliver Henry,tackles,1,17,11
Oliver Wiltshire,tackles,1,5,3
Reuben Ginbey,tackles,1,5,31
Rowan Marshall,tackles,1,15,21
Sam Berry,tackles,1,23,9
Sam Darcy,tackles,1,15,8
Sam De Koning,tackles,1,27,9
Sam Grlj,tackles,1,2,10
Sam Switkowski,tackles,1,24,6
Sandy Brock,tackles,1,1,17
Shannon Neale,tackles,1,27,12
Shaun Mannagh,tackles,1,27,10
Steele Sidebottom,tackles,1,19,14
Talor Byrne,tackles,1,3,5
Thomas Sims,tackles,1,3,8
Tim Kelly,tackles,1,5,28
Tom Green,tackles,1,15,8
Tom Liberatore,tackles,1,17,10
Tom Lynch,tackles,1,5,18
Tom Sparrow,tackles,1,16,20
Tom Stewart,tackles,1,24,9
Trent Rivers,tackles,1,11,19
Tylar Young,tackles,1,6,15
Will Graham,tackles,1,13,6
Will White,tackles,1,7,7
Willem Drew,tackles,1,13,23
William Edwards,tackles,1,7,1
Xavier O'Halloran,tackles,1,18,13
Zane Duursma,tackles,1,7,15
Bailey Williams,tackles,0.5,19,14
Ben Hobbs,tackles,0.5,6,12
Brandon Zerk-Thatcher,tackles,0.5,5,8
Callum Ah Chee,tackles,0.5,20,9
Callum Coleman-Jones,tackles,0.5,3,2
Callum Mills,tackles,0.5,19,6
Campbell Chesser,tackles,0.5,1,6
Charlie Curnow,tackles,0.5,18,13
Charlie Dean,tackles,0.5,2,2
Colby McKercher,tackles,0.5,11,24
Conor McKenna,tackles,0.5,8,5
Conor Nash,tackles,0.5,21,10
Dane Rampe,tackles,0.5,17,12
Darcy Cameron,tackles,0.5,22,14
Darcy Gardiner,tackles,0.5,16,8
Dougal Howard,tackles,0.5,4,5
Elijah Hollands,tackles,0.5,4,7
Ethan Read,tackles,0.5,20,10
Finnbar Maley,tackles,0.5,3,8
Harrison Jones,tackles,0.5,4,5
Harry Himmelberg,tackles,0.5,22,15
Harry McKay,tackles,0.5,10,14
Hayden McLean,tackles,0.5,14,9
Jack Darling,tackles,0.5,10,23
Jack Hutchinson,tackles,0.5,2,16
Jack Martin,tackles,0.5,18,7
Jack Payne,tackles,0.5,8,4
Jacob Blight,tackles,0.5,1,6
Jacob Newton,tackles,0.5,2,3
Jaeger O'Meara,tackles,0.5,12,6
Jagga Smith,tackles,0.5,5,8
Jayden Hunt,tackles,0.5,1,14
Jesse Motlop,tackles,0.5,9,14
Jimmy Webster,tackles,0.5,5,10
Joe Berry,tackles,0.5,8,17
Joel Hamling,tackles,0.5,10,7
Jordan De Goey,tackles,0.5,10,12
Josh Weddle,tackles,0.5,20,10
Judd McVee,tackles,0.5,17,12
Lachie Fogarty,tackles,0.5,8,14
Lachie Whitfield,tackles,0.5,20,15
Lachlan Blakiston,tackles,0.5,1,24
Lachlan Sholl,tackles,0.5,3,2
Laitham Vandermeer,tackles,0.5,12,8
Latrelle Pickett,tackles,0.5,8,4
Lloyd Meek,tackles,0.5,25,12
Logan Morris,tackles,0.5,26,12
Luke McDonald,tackles,0.5,10,17
Luke Nankervis,tackles,0.5,8,6
Malcolm Rosas,tackles,0.5,14,2
Mark Blicavs,tackles,0.5,24,12
Max Gruzewski,tackles,0.5,11,4
Nat Fyfe,tackles,0.5,6,2
Neil Erasmus,tackles,0.5,23,6
Nic Newman,tackles,0.5,4,6
Nick Coffield,tackles,0.5,7,4
Noah Anderson,tackles,0.5,22,15
Noah Balta,tackles,0.5,4,21
Oskar Baker,tackles,0.5,10,8
Patrick Dangerfield,tackles,0.5,23,10
Roan Steele,tackles,0.5,8,9
Sam Butler,tackles,0.5,10,3
Sam Day,tackles,0.5,10,3
Shai Bolton,tackles,0.5,28,8
Taj Hotton,tackles,0.5,2,5
Tim Taranto,tackles,0.5,6,27
Todd Marshall,tackles,0.5,2,6
Tom Burton,tackles,0.5,2,3
William Hayes,tackles,0.5,5,2
Zak Jones,tackles,0.5,8,7
Aaron Cadman,tackles,0,21,11
Aaron Francis,tackles,0,5,5
Adam Treloar,tackles,0,6,3
Alex Cincotta,tackles,0,2,3
Alex Pearce,tackles,0,18,9
Andrew McGrath,tackles,0,7,27
Angus Hastie,tackles,0,5,6
Archie Perkins,tackles,0,5,26
Bailey Banfield,tackles,0,15,6
Bailey Dale,tackles,0,22,15
Bayley Fritsch,tackles,0,14,21
Ben Keays,tackles,0,26,12
Ben King,tackles,0,23,15
Ben Long,tackles,0,22,14
Ben McKay,tackles,0,7,15
Billy Frampton,tackles,0,17,11
Bo Allan,tackles,0,3,14
Bodhi Uwland,tackles,0,23,15
Bodie Ryan,tackles,0,1,3
Brad Close,tackles,0,25,11
Brodie Kemp,tackles,0,6,12
Brody Mihocek,tackles,0,21,11
Caiden Cleary,tackles,0,8,9
Caleb Serong,tackles,0,25,9
Caleb Windsor,tackles,0,14,15
Callan Ward,tackles,0,7,5
Cameron Zurhaar,tackles,0,11,23
Campbell Gray,tackles,0,1,11
Charlie Cameron,tackles,0,25,13
Charlie Comben,tackles,0,11,20
Chayce Jones,tackles,0,5,3
Connor Idun,tackles,0,22,15
Connor O'Sullivan,tackles,0,27,12
Cooper Lord,tackles,0,9,15
Cooper Sharman,tackles,0,14,21
Corey Durdin,tackles,0,12,17
Dan Houston,tackles,0,20,13
Daniel Curtin,tackles,0,23,8
Daniel McStay,tackles,0,17,13
Daniel Turner,tackles,0,13,18
Darcy Fogarty,tackles,0,22,9
David Swallow,tackles,0,4,5
Ed Langdon,tackles,0,16,21
Edward Allan,tackles,0,13,8
Eric Hipwood,tackles,0,16,6
Finn Callaghan,tackles,0,20,14
Griffin Logue,tackles,0,7,20
Harris Andrews,tackles,0,25,12
Harrison Petty,tackles,0,14,18
Harry Dean,tackles,0,5,6
Harry Morrison,tackles,0,14,9
Harry Perryman,tackles,0,21,12
Harry Schoenberg,tackles,0,2,4
Harry Sharp,tackles,0,15,17
Harvey Gallagher,tackles,0,3,5
Harvey Johnston,tackles,0,2,4
Harvey Langford,tackles,0,16,20
Harvey Thomas,tackles,0,17,14
Hugh Jackson,tackles,0,4,5
Hugo Garcia,tackles,0,13,18
Isaac Cumming,tackles,0,23,10
Izak Rankine,tackles,0,22,10
Jack Buller,tackles,0,7,7
Jack Carroll,tackles,0,6,9
Jack Gunston,tackles,0,21,10
Jack Higgins,tackles,0,13,18
Jack Lukosius,tackles,0,4,7
Jack Scrimshaw,tackles,0,13,8
Jack Sinclair,tackles,0,15,22
Jacob Farrow,tackles,0,1,11
Jacob Konstanty,tackles,0,8,21
Jacob Wehr,tackles,0,12,13
Jacob Weitering,tackles,0,12,21
Jai Newcombe,tackles,0,25,13
Jake Bowey,tackles,0,11,18
Jake Lloyd,tackles,0,23,13
Jake Stringer,tackles,0,15,13
Jake Waterman,tackles,0,5,17
James Jordon,tackles,0,24,13
James O'Donnell,tackles,0,21,11
James Peatling,tackles,0,25,11
Jarrod Berry,tackles,0,22,10
Jason Horne-Francis,tackles,0,11,17
Jaxon Prior,tackles,0,7,29
Jayden Short,tackles,0,7,21
Jed McEntee,tackles,0,1,5
Jed Walter,tackles,0,12,12
Jedd Busslinger,tackles,0,7,4
Jeremy Howe,tackles,0,19,10
Jeremy Sharp,tackles,0,11,5
Jesse Hogan,tackles,0,12,12
Joel Amartey,tackles,0,17,5
Joel Jeffrey,tackles,0,23,14
John Noble,tackles,0,23,15
Jonty Faull,tackles,0,6,20
Jordan Clark,tackles,0,28,9
Jordan Croft,tackles,0,7,4
Jordon Butts,tackles,0,13,6
Jordon Sweet,tackles,0,12,19
Josh Battle,tackles,0,25,13
Josh Daicos,tackles,0,22,15
Josh Lai,tackles,0,3,6
Josh Rachele,tackles,0,18,9
Josh Treacy,tackles,0,28,9
Jye Amiss,tackles,0,28,9
Kade Chandler,tackles,0,16,21
Kai Lohmann,tackles,0,21,10
Kamdyn McIntosh,tackles,0,5,18
Karl Amon,tackles,0,23,13
Karl Worner,tackles,0,28,8
Kieren Briggs,tackles,0,17,13
Lachie Schultz,tackles,0,13,15
Lachlan Cowan,tackles,0,9,17
Lachlan Sullivan,tackles,0,12,3
Leonardo Lombard,tackles,0,8,9
Levi Ashcroft,tackles,0,27,13
Lewis Melican,tackles,0,16,10
Lewis Young,tackles,0,5,15
Liam Duggan,tackles,0,5,30
Liam Stocker,tackles,0,11,15
Lincoln McCarthy,tackles,0,6,2
Luke Breust,tackles,0,5,3
Luke Parker,tackles,0,11,23
Luke Ryan,tackles,0,28,8
Mabior Chol,tackles,0,21,11
Mani Liddy,tackles,0,4,5
Mark Keane,tackles,0,18,7
Mason Wood,tackles,0,13,21
Matt Crouch,tackles,0,4,2
Mattaes Phillipou,tackles,0,8,13
Matthew Cottrell,tackles,0,3,5
Matthew Johnson,tackles,0,23,7
Maurice Rioli,tackles,0,3,17
Max Hall,tackles,0,15,22
Milan Murdock,tackles,0,3,8
Miles Bergman,tackles,0,11,16
Mitch Duncan,tackles,0,7,2
Mitch Georgiades,tackles,0,13,23
Mitch Owens,tackles,0,12,18
Mitchell Edwards,tackles,0,8,3
Murphy Reid,tackles,0,28,9
Nate Caddy,tackles,0,7,23
Nathan Broad,tackles,0,7,27
Ned Reeves,tackles,0,8,4
Nick Haynes,tackles,0,13,19
Nick Holman,tackles,0,11,7
Nick Larkey,tackles,0,10,19
Nick Watson,tackles,0,24,13
Noah Answerth,tackles,0,15,7
Oliver Dempsey,tackles,0,28,12
Oliver Hannaford,tackles,0,3,2
Oliver Hollands,tackles,0,11,21
Ollie Lord,tackles,0,5,11
Ollie Wines,tackles,0,10,20
Paddy Cross,tackles,0,5,3
Peter Ladhams,tackles,0,6,5
Phoenix Gothard,tackles,0,6,7
Reilly O'Brien,tackles,0,18,8
Rhett Bazzo,tackles,0,2,10
Rhylee West,tackles,0,22,15
Rhys Stanley,tackles,0,16,4
Riley Bice,tackles,0,21,9
Riley Garcia,tackles,0,5,3
Riley Hardeman,tackles,0,4,14
Riley Thilthorpe,tackles,0,24,12
Robert Hansen Jr,tackles,0,3,9
Rory Lobb,tackles,0,21,13
Ryan Burton,tackles,0,3,5
Ryan Byrnes,tackles,0,9,14
Ryan Maric,tackles,0,3,28
Sam Banks,tackles,0,5,25
Sam Draper,tackles,0,11,7
Sam Durham,tackles,0,7,26
Sam Powell-Pepper,tackles,0,7,9
Sam Taylor,tackles,0,13,9
Sid Draper,tackles,0,7,3
Steven May,tackles,0,4,12
Taylor Adams,tackles,0,1,3
Taylor Walker,tackles,0,21,10
Tim Membrey,tackles,0,20,12
Tobie Travaglia,tackles,0,5,7
Toby Pink,tackles,0,8,13
Todd Goldstein,tackles,0,3,13
Tom Barrass,tackles,0,22,11
Tom Blamires,tackles,0,5,5
Tom Brown,tackles,0,6,25
Tom Cole,tackles,0,3,23
Tom McCarthy,tackles,0,4,19
Tom McCartin,tackles,0,20,11
Touk Miller,tackles,0,22,14
Ty Gallop,tackles,0,11,7
Wayne Milera,tackles,0,25,12
Will Ashcroft,tackles,0,27,13
Will Hayward,tackles,0,15,18
Will McLachlan,tackles,0,5,2
Willem Duursma,tackles,0,4,9
Willie Rioli,tackles,0,9,10
Xavier Duursma,tackles,0,7,29
Xavier Lindsay,tackles,0,9,14
Zac Taylor,tackles,0,19,9
Zach Reid,tackles,0,7,17
Aidan Corr,tackles,-0.5,5,10
Alex Sexton,tackles,-0.5,3,2
Alixzander Tauru,tackles,-0.5,4,6
Archer Day-Wicks,tackles,-0.5,2,15
Archer Reid,tackles,-0.5,2,18
Archie Roberts,tackles,-0.5,7,30
Arthur Jones,tackles,-0.5,8,5
Bailey Macdonald,tackles,-0.5,7,2
Beau McCreery,tackles,-0.5,19,12
Billy Wilson,tackles,-0.5,6,3
Brodie Grundy,tackles,-0.5,23,12
Caleb Poulter,tackles,-0.5,4,3
Christian Moraes,tackles,-0.5,8,13
Christian Salem,tackles,-0.5,10,18
Connor Macdonald,tackles,-0.5,24,12
Connor Rozee,tackles,-0.5,10,13
Corey Wagner,tackles,-0.5,22,7
Daniel Rioli,tackles,-0.5,20,13
Darcy Byrne-Jones,tackles,-0.5,12,23
Deven Robertson,tackles,-0.5,4,4
Gryan Miers,tackles,-0.5,23,10
Heath Chapman,tackles,-0.5,28,8
Henry Hustwaite,tackles,-0.5,4,1
Hugh Bond,tackles,-0.5,8,4
Jack Crisp,tackles,-0.5,22,15
Jack Henry,tackles,-0.5,21,10
Jade Gresham,tackles,-0.5,6,20
Jobe Shanahan,tackles,-0.5,4,19
Joe Richards,tackles,-0.5,12,23
Jordan Ridley,tackles,-0.5,5,8
Josh Sinn,tackles,-0.5,8,12
Keidean Coleman,tackles,-0.5,6,7
Kyle Langford,tackles,-0.5,4,19
Lachie Weller,tackles,-0.5,20,10
Lachlan Bramble,tackles,-0.5,22,15
Lawson Humphries,tackles,-0.5,28,10
Leek Aleer,tackles,-0.5,12,6
Luke Trainor,tackles,-0.5,6,23
Marcus Windhager,tackles,-0.5,15,22
Mason Redman,tackles,-0.5,6,20
Matt Roberts,tackles,-0.5,18,11
Max Gawn,tackles,-0.5,16,21
Max Michalanney,tackles,-0.5,22,12
Michael Frederick,tackles,-0.5,24,8
Mykelti Lefau,tackles,-0.5,2,10
Ned Moyle,tackles,-0.5,5,4
Nicholas Madden,tackles,-0.5,4,2
Oliver Hayes-Brown,tackles,-0.5,2,5
Oscar Steene,tackles,-0.5,3,4
Paul Curtis,tackles,-0.5,10,22
Rhyan Mansell,tackles,-0.5,4,17
Ryan Lester,tackles,-0.5,25,10
Sam Flanders,tackles,-0.5,19,16
Sam Marshall,tackles,-0.5,7,6
Tom McDonald,tackles,-0.5,9,12
Tyler Sonsie,tackles,-0.5,5,22
Tyson Stengle,tackles,-0.5,18,6
Wade Derksen,tackles,-0.5,2,2
Wil Dawson,tackles,-0.5,1,8
Wil Powell,tackles,-0.5,23,14
Zac Bailey,tackles,-0.5,26,12
Zac Williams,tackles,-0.5,10,18
Zach Guthrie,tackles,-0.5,28,12
Adam Saad,tackles,-1,9,15
Anthony Caminiti,tackles,-1,14,20
Archer May,tackles,-1,1,16
Ashton Moir,tackles,-1,3,8
Bailey J. Williams,tackles,-1,3,23
Bailey Smith,tackles,-1,26,11
Ben Miller,tackles,-1,7,29
Blake Howes,tackles,-1,11,15
Bradley Hill,tackles,-1,15,21
Braeden Campbell,tackles,-1,12,11
Brayden Cook,tackles,-1,11,5
Brodie Smith,tackles,-1,8,3
Bruce Reville,tackles,-1,20,7
Buku Khamis,tackles,-1,16,12
Caleb Daniel,tackles,-1,11,24
Callum Brown,tackles,-1,19,11
Changkuoth Jiath,tackles,-1,17,11
Charlie Ballard,tackles,-1,3,3
Cody Angove,tackles,-1,3,1
Cody Curtin,tackles,-1,2,2
Cooper Hynes,tackles,-1,13,7
Cooper Trembath,tackles,-1,7,9
Dayne Zorko,tackles,-1,24,9
Ed Richards,tackles,-1,21,15
Elliot Yeo,tackles,-1,4,8
Ewan Mackinlay,tackles,-1,5,9
George Wardlaw,tackles,-1,9,13
Harry Cunningham,tackles,-1,16,3
Harry Edwards,tackles,-1,2,17
Harry O'Farrell,tackles,-1,1,5
Hayden Young,tackles,-1,11,4
Hunter Clark,tackles,-1,7,9
Isaac Heeney,tackles,-1,23,12
Isaac Keeler,tackles,-1,4,9
Isaac Quaynor,tackles,-1,22,15
Isaiah Dudley,tackles,-1,23,6
Jack Buckley,tackles,-1,18,10
Jack Ginnivan,tackles,-1,25,12
Jack Whitlock,tackles,-1,5,12
Jacob Hopper,tackles,-1,7,28
Jacob van Rooyen,tackles,-1,11,19
Jai Culley,tackles,-1,6,5
Jake Lever,tackles,-1,11,10
Jake Rogers,tackles,-1,10,4
James Leake,tackles,-1,5,3
James Trezise,tackles,-1,7,18
James Tunstill,tackles,-1,6,4
James Worpel,tackles,-1,16,11
Jamie Cripps,tackles,-1,3,23
Jamie Elliott,tackles,-1,22,13
Jase Burgoyne,tackles,-1,12,21
Jayden Laverde,tackles,-1,7,20
Jed Bews,tackles,-1,3,1
Joel Freijah,tackles,-1,22,15
Josh Kelly,tackles,-1,10,5
Joshua Draper,tackles,-1,7,4
Jy Simpkin,tackles,-1,11,22
Kane Farrell,tackles,-1,12,21
Koltyn Tholstrup,tackles,-1,13,10
Lachie Ash,tackles,-1,22,15
Lachlan McAndrew,tackles,-1,8,5
Lachy Dovaston,tackles,-1,3,3
Liam Henry,tackles,-1,3,8
Luke Cleary,tackles,-1,11,6
Luke Jackson,tackles,-1,26,8
Mac Andrew,tackles,-1,22,15
Marcus Bontempelli,tackles,-1,20,12
Mark O'Connor,tackles,-1,26,11
Matthew Jefferson,tackles,-1,5,9
Matthew Kennedy,tackles,-1,22,15
Max Heath,tackles,-1,6,4
Max Holmes,tackles,-1,28,12
Mitch Knevitt,tackles,-1,5,3
Nasiah Wanganeen-Milera,tackles,-1,14,19
Nathan O'Driscoll,tackles,-1,14,6
Nick Bryan,tackles,-1,2,8
Nick Murray,tackles,-1,14,7
Nick Vlastuin,tackles,-1,7,27
Oscar Adams,tackles,-1,11,7
Oscar Allen,tackles,-1,5,15
Oscar McDonald,tackles,-1,10,2
Patrick Cripps,tackles,-1,14,22
Rory Laird,tackles,-1,23,10
Sam Collins,tackles,-1,21,14
Sam Davidson,tackles,-1,14,14
Sam Docherty,tackles,-1,4,11
Sam Lalor,tackles,-1,3,15
Sean Darcy,tackles,-1,15,7
Stephen Coniglio,tackles,-1,13,8
Sullivan Robey,tackles,-1,1,9
Toby McMullin,tackles,-1,8,9
Tom De Koning,tackles,-1,15,21
Tom Powell,tackles,-1,9,21
Zak Butters,tackles,-1,12,21
Zeke Uwland,tackles,-1,5,5
Aliir Aliir,tackles,-1.5,13,22
Blake Acres,tackles,-1.5,9,12
Chad Warner,tackles,-1.5,24,13
Flynn Perez,tackles,-1.5,4,1
Harry Rowston,tackles,-1.5,10,4
Jai Serong,tackles,-1.5,11,2
Jake Kolodjashnij,tackles,-1.5,6,2
Jhye Clark,tackles,-1.5,7,6
Jye Caldwell,tackles,-1.5,4,17
Jye Menzie,tackles,-1.5,4,6
Logan Evans,tackles,-1.5,6,17
Saad El-Hawli,tackles,-1.5,4,12
Taylor Duryea,tackles,-1.5,3,2
Ted Clohesy,tackles,-1.5,6,3
Toby Bedford,tackles,-1.5,20,12
Tom Hanily,tackles,-1.5,4,6
Wil Parker,tackles,-1.5,4,4
Will Lorenz,tackles,-1.5,1,6
Aidan Johnson,tackles,-2,2,3
Brandon Starcevich,tackles,-2,11,5
Brent Daniels,tackles,-2,9,5
Darcy Parish,tackles,-2,1,13
Dylan Moore,tackles,-2,24,13
Elijah Tsatas,tackles,-2,2,9
George Hewett,tackles,-2,14,18
Jack Silvagni,tackles,-2,12,15
Jackson Mead,tackles,-2,9,15
Kysaiah Pickett,tackles,-2,16,18
Lachlan McNeil,tackles,-2,18,10
Matthew Owies,tackles,-2,1,18
Patrick Lipinski,tackles,-2,21,13
Ryley Sanders,tackles,-2,20,14
Sam Walsh,tackles,-2,12,15
Sam Wicks,tackles,-2,24,11
Tim English,tackles,-2,21,11
Travis Boak,tackles,-2,7,9
Angus Sheldrick,tackles,-2.5,23,10
Dion Prestia,tackles,-2.5,3,18
Michael Sellwood,tackles,-2.5,8,6
Sam Clohesy,tackles,-2.5,14,8
Thomson Dow,tackles,-2.5,3,8
Adam Cerra,tackles,-3,11,18
Cooper Duff-Tytler,tackles,-3,2,9
Errol Gulden,tackles,-3,9,3
Jack Steele,tackles,-3,17,19
James Rowbottom,tackles,-3,24,13
Joe Fonti,tackles,-3,17,12
Josaia Delana,tackles,-3,3,4
Logan McDonald,tackles,-3,12,2
Tom Mitchell,tackles,-3,2,2
Zach Merrett,tackles,-3,7,29
Lachlan Murphy,tackles,-3.5,3,2
Oleg Markov,tackles,-4,5,3
Will Day,tackles,-4,6,2
Ben Paton,tackles,NA,0,4
Billy Cootee,tackles,NA,4,0
Brynn Teakle,tackles,NA,0,4
Christopher Scerri,tackles,NA,7,0
Clay Hall,tackles,NA,0,13
Dyson Sharp,tackles,NA,0,6
Hussien El Achkar,tackles,NA,0,4
Jack Henderson,tackles,NA,0,5
Jack Ison,tackles,NA,4,0
Jayden Nguyen,tackles,NA,0,10
Jeremy McGovern,tackles,NA,0,6
Jordan Boyd,tackles,NA,0,5
Kaleb Smith,tackles,NA,0,8
Liam Fawcett,tackles,NA,0,7
Liam McMahon,tackles,NA,0,7
Liam Reidy,tackles,NA,0,4
Louis Emmett,tackles,NA,0,5
Luamon Lual,tackles,NA,0,12
Max Kondogiannis,tackles,NA,0,5
Nik Cox,tackles,NA,0,6
Noah Long,tackles,NA,0,10
Oskar Smartt,tackles,NA,0,4
Seamus Mitchell,tackles,NA,4,0
Tyrell Dewar,tackles,NA,0,16
Zak Johnson,tackles,NA,0,14
Lachlan Sholl,kicks,8.5,3,2
Billy Wilson,kicks,7.5,6,3
Darcy Parish,kicks,7,1,13
Matthew Cottrell,kicks,7,3,5
Peter Wright,kicks,6,5,24
Tom Blamires,kicks,6,5,5
Brodie Smith,kicks,5.5,8,3
Hugh Jackson,kicks,5.5,4,5
Xavier Lindsay,kicks,5.5,9,14
Blake Hardwick,kicks,5,25,13
Brad Close,kicks,5,25,11
Hunter Clark,kicks,5,7,9
Jacob Farrow,kicks,5,1,11
Jordan Ridley,kicks,5,5,8
Maurice Rioli,kicks,5,3,17
Tim Taranto,kicks,5,6,27
Tom Powell,kicks,5,9,21
Bo Allan,kicks,4.5,3,14
Angus Clarke,kicks,4,1,13
Caleb Poulter,kicks,4,4,3
Caleb Serong,kicks,4,25,9
Dougal Howard,kicks,4,4,5
Gryan Miers,kicks,4,23,10
Hamish Davis,kicks,4,4,18
Harry O'Farrell,kicks,4,1,5
Jacob Bauer,kicks,4,1,4
Jeremy Cameron,kicks,4,28,11
Logan Evans,kicks,4,6,17
Max Holmes,kicks,4,28,12
Sam Powell-Pepper,kicks,4,7,9
Tom Cochrane,kicks,4,3,2
Tom Mitchell,kicks,4,2,2
Will Hoskin-Elliott,kicks,4,12,6
Zach Reid,kicks,4,7,17
Bailey Scott,kicks,3.5,3,8
Connor Rozee,kicks,3.5,10,13
Isaac Heeney,kicks,3.5,23,12
Jack Carroll,kicks,3.5,6,9
Jye Menzie,kicks,3.5,4,6
Keidean Coleman,kicks,3.5,6,7
Shai Bolton,kicks,3.5,28,8
Toby Greene,kicks,3.5,21,14
Wayne Milera,kicks,3.5,25,12
Zach Guthrie,kicks,3.5,28,12
Andrew McGrath,kicks,3,7,27
Angus Anderson,kicks,3,2,5
Bailey Humphrey,kicks,3,22,11
Billy Frampton,kicks,3,17,11
Braeden Campbell,kicks,3,12,11
Brayden Cook,kicks,3,11,5
Brent Daniels,kicks,3,9,5
Caleb Windsor,kicks,3,14,15
Callum Wilkie,kicks,3,15,22
Connor Macdonald,kicks,3,24,12
Daniel Curtin,kicks,3,23,8
Daniel Rioli,kicks,3,20,13
Dante Visentini,kicks,3,4,10
Finn Maginness,kicks,3,10,7
Harvey Gallagher,kicks,3,3,5
Hugh Boxshall,kicks,3,8,8
Jacob van Rooyen,kicks,3,11,19
Jake Stringer,kicks,3,15,13
Jaxon Binns,kicks,3,2,3
Jaxon Prior,kicks,3,7,29
John Noble,kicks,3,23,15
Kane McAuliffe,kicks,3,2,9
Lachlan Cowan,kicks,3,9,17
Malcolm Rosas,kicks,3,14,2
Massimo D'Ambrosio,kicks,3,25,13
Matthew Carroll,kicks,3,11,16
Matthew Kennedy,kicks,3,22,15
Mitch Knevitt,kicks,3,5,3
Nick Coffield,kicks,3,7,4
Nick Vlastuin,kicks,3,7,27
Noah Anderson,kicks,3,22,15
Oscar McDonald,kicks,3,10,2
Riley Garcia,kicks,3,5,3
Sam Berry,kicks,3,23,9
Shaun Mannagh,kicks,3,27,10
Steele Sidebottom,kicks,3,19,14
Tobie Travaglia,kicks,3,5,7
Tom Green,kicks,3,15,8
Zak Jones,kicks,3,8,7
Bailey Banfield,kicks,2.5,15,6
Bailey Laurie,kicks,2.5,6,4
Bailey Williams,kicks,2.5,19,14
Ben Keays,kicks,2.5,26,12
Blake Acres,kicks,2.5,9,12
Callum Ah Chee,kicks,2.5,20,9
Callum Coleman-Jones,kicks,2.5,3,2
Christian Salem,kicks,2.5,10,18
Cooper Sharman,kicks,2.5,14,21
Dylan Shiel,kicks,2.5,4,10
Esava Ratugolea,kicks,2.5,8,12
Harvey Langford,kicks,2.5,16,20
Izak Rankine,kicks,2.5,22,10
Jack Gunston,kicks,2.5,21,10
Jack Martin,kicks,2.5,18,7
Jai Culley,kicks,2.5,6,5
Joel Hamling,kicks,2.5,10,7
Joel Jeffrey,kicks,2.5,23,14
Jordan De Goey,kicks,2.5,10,12
Josh Treacy,kicks,2.5,28,9
Kane Farrell,kicks,2.5,12,21
Kysaiah Pickett,kicks,2.5,16,18
Luke McDonald,kicks,2.5,10,17
Max Ramsden,kicks,2.5,4,2
Mitchell Edwards,kicks,2.5,8,3
Mykelti Lefau,kicks,2.5,2,10
Nathan O'Driscoll,kicks,2.5,14,6
Nic Martin,kicks,2.5,6,10
Thomson Dow,kicks,2.5,3,8
Tim Kelly,kicks,2.5,5,28
Toby Pink,kicks,2.5,8,13
Todd Marshall,kicks,2.5,2,6
Tom Sparrow,kicks,2.5,16,20
Zac Bailey,kicks,2.5,26,12
Aaron Cadman,kicks,2,21,11
Aaron Naughton,kicks,2,22,15
Archie Perkins,kicks,2,5,26
Bailey Smith,kicks,2,26,11
Bayley Fritsch,kicks,2,14,21
Beau McCreery,kicks,2,19,12
Ben Ainsworth,kicks,2,20,17
Ben King,kicks,2,23,15
Blake Howes,kicks,2,11,15
Brennan Cox,kicks,2,26,8
Callum Brown,kicks,2,19,11
Campbell Gray,kicks,2,1,11
Charlie Dean,kicks,2,2,2
Dylan Moore,kicks,2,24,13
Ed Richards,kicks,2,21,15
Ethan Read,kicks,2,20,10
Finn O'Sullivan,kicks,2,9,21
Flynn Young,kicks,2,6,5
Harley Reid,kicks,2,5,28
Harry McKay,kicks,2,10,14
Harry Rowston,kicks,2,10,4
Isaac Quaynor,kicks,2,22,15
Jack Graham,kicks,2,3,20
Jack Silvagni,kicks,2,12,15
Jagga Smith,kicks,2,5,8
James Borlase,kicks,2,7,3
James Harmes,kicks,2,7,6
James Peatling,kicks,2,25,11
Jamie Elliott,kicks,2,22,13
Jason Horne-Francis,kicks,2,11,17
Jasper Alger,kicks,2,1,7
Jesse Hogan,kicks,2,12,12
Josh Lai,kicks,2,3,6
Justin McInerney,kicks,2,20,10
Kade Chandler,kicks,2,16,21
Kamdyn McIntosh,kicks,2,5,18
Lachie Jaques,kicks,2,6,2
Lachie Weller,kicks,2,20,10
Lachy Dovaston,kicks,2,3,3
Luke Breust,kicks,2,5,3
Mark O'Connor,kicks,2,26,11
Matt Crouch,kicks,2,4,2
Matthew Jefferson,kicks,2,5,9
Max Michalanney,kicks,2,22,12
Michael Frederick,kicks,2,24,8
Mitch Georgiades,kicks,2,13,23
Nate Caddy,kicks,2,7,23
Nick Daicos,kicks,2,22,14
Noah Balta,kicks,2,4,21
Oscar Allen,kicks,2,5,15
Patrick Cripps,kicks,2,14,22
Patrick Dangerfield,kicks,2,23,10
Patrick Lipinski,kicks,2,21,13
Reilly O'Brien,kicks,2,18,8
Sam Cumming,kicks,2,2,5
Sam Draper,kicks,2,11,7
Sid Draper,kicks,2,7,3
Steely Green,kicks,2,5,27
Talor Byrne,kicks,2,3,5
Tim English,kicks,2,21,11
Toby Nankervis,kicks,2,5,19
Tom Brown,kicks,2,6,25
Tom Lynch,kicks,2,5,18
Tom McCartin,kicks,2,20,11
Tom McDonald,kicks,2,9,12
Ty Gallop,kicks,2,11,7
Tyler Brockman,kicks,2,1,19
Will Ashcroft,kicks,2,27,13
Will Hayward,kicks,2,15,18
Willem Duursma,kicks,2,4,9
Xavier Duursma,kicks,2,7,29
Xavier O'Halloran,kicks,2,18,13
Alex Davies,kicks,1.5,10,4
Archer Reid,kicks,1.5,2,18
Cam Mackenzie,kicks,1.5,14,8
Chad Warner,kicks,1.5,24,13
Charlie Curnow,kicks,1.5,18,13
Conor McKenna,kicks,1.5,8,5
Conor Nash,kicks,1.5,21,10
Cooper Duff-Tytler,kicks,1.5,2,9
Darcy Jones,kicks,1.5,15,8
Darcy Tucker,kicks,1.5,1,6
Dion Prestia,kicks,1.5,3,18
Flynn Perez,kicks,1.5,4,1
Harry Sheezel,kicks,1.5,11,24
Heath Chapman,kicks,1.5,28,8
Isaac Keeler,kicks,1.5,4,9
Jack Darling,kicks,1.5,10,23
Jacob Weitering,kicks,1.5,12,21
Jake Lever,kicks,1.5,11,10
Jake Rogers,kicks,1.5,10,4
Jarrod Witts,kicks,1.5,20,14
Jobe Shanahan,kicks,1.5,4,19
Joe Richards,kicks,1.5,12,23
Josh Daicos,kicks,1.5,22,15
Josh Kelly,kicks,1.5,10,5
Josh Ward,kicks,1.5,24,13
Koltyn Tholstrup,kicks,1.5,13,10
Lachie Fogarty,kicks,1.5,8,14
Lachie Neale,kicks,1.5,23,12
Laitham Vandermeer,kicks,1.5,12,8
Leonardo Lombard,kicks,1.5,8,9
Malakai Champion,kicks,1.5,2,8
Matt Rowell,kicks,1.5,18,15
Ned Long,kicks,1.5,21,14
Patrick Voss,kicks,1.5,26,6
Riley Thilthorpe,kicks,1.5,24,12
Ryan Lester,kicks,1.5,25,10
Sam Clohesy,kicks,1.5,14,8
Sam Davidson,kicks,1.5,14,14
Sam Durham,kicks,1.5,7,26
Sam Wicks,kicks,1.5,24,11
Toby Bedford,kicks,1.5,20,12
Toby McMullin,kicks,1.5,8,9
Toby Murray,kicks,1.5,6,2
Tom Atkins,kicks,1.5,28,12
Tom Burton,kicks,1.5,2,3
Tom Hanily,kicks,1.5,4,6
Tom Liberatore,kicks,1.5,17,10
Tylar Young,kicks,1.5,6,15
William Hayes,kicks,1.5,5,2
Zak Butters,kicks,1.5,12,21
Adam Saad,kicks,1,9,15
Alix Tauru,kicks,1,3,5
Andrew Brayshaw,kicks,1,28,9
Arthur Jones,kicks,1,8,5
Ben Long,kicks,1,22,14
Ben McKay,kicks,1,7,15
Bobby Hill,kicks,1,11,3
Brady Hough,kicks,1,5,31
Brayden Maynard,kicks,1,17,15
Brody Mihocek,kicks,1,21,11
Caiden Cleary,kicks,1,8,9
Callan Ward,kicks,1,7,5
Calsher Dear,kicks,1,7,5
Campbell Chesser,kicks,1,1,6
Changkuoth Jiath,kicks,1,17,11
Charlie Ballard,kicks,1,3,3
Christian Petracca,kicks,1,14,20
Cody Angove,kicks,1,3,1
Colby McKercher,kicks,1,11,24
Connor Budarick,kicks,1,20,10
Corey Wagner,kicks,1,22,7
Daniel McStay,kicks,1,17,13
Darcy Byrne-Jones,kicks,1,12,23
Dayne Zorko,kicks,1,24,9
Dylan Stephens,kicks,1,11,23
Ed Langdon,kicks,1,16,21
Edward Allan,kicks,1,13,8
Ewan Mackinlay,kicks,1,5,9
Harry Dean,kicks,1,5,6
Hudson O'Keeffe,kicks,1,5,3
Hugo Garcia,kicks,1,13,18
Isaiah Dudley,kicks,1,23,6
Jack Henry,kicks,1,21,10
Jack Higgins,kicks,1,13,18
Jack Macrae,kicks,1,11,19
Jack Scrimshaw,kicks,1,13,8
Jack Sinclair,kicks,1,15,22
Jack Whitlock,kicks,1,5,12
Jackson Mead,kicks,1,9,15
Jake Bowey,kicks,1,11,18
Jake Melksham,kicks,1,8,14
Jake Riccardi,kicks,1,18,11
Jake Soligo,kicks,1,25,11
James Jordon,kicks,1,24,13
James Sicily,kicks,1,21,13
James Trezise,kicks,1,7,18
Jarman Impey,kicks,1,25,11
Jaspa Fletcher,kicks,1,27,13
Jed McEntee,kicks,1,1,5
Jimmy Webster,kicks,1,5,10
Jordan Clark,kicks,1,28,9
Josh Rachele,kicks,1,18,9
Judd McVee,kicks,1,17,12
Jye Amiss,kicks,1,28,9
Kai Lohmann,kicks,1,21,10
Karl Worner,kicks,1,28,8
Lachie Schultz,kicks,1,13,15
Lachlan Bramble,kicks,1,22,15
Lance Collard,kicks,1,6,6
Lewis Young,kicks,1,5,15
Liam Duggan,kicks,1,5,30
Lloyd Meek,kicks,1,25,12
Mabior Chol,kicks,1,21,11
Marc Pittonet,kicks,1,6,13
Mason Wood,kicks,1,13,21
Matt Flynn,kicks,1,3,19
Mitch Lewis,kicks,1,13,7
Mitchell Hinge,kicks,1,18,7
Nick Holman,kicks,1,11,7
Nick Watson,kicks,1,24,13
Oleg Markov,kicks,1,5,3
Oliver Dempsey,kicks,1,28,12
Oliver Florent,kicks,1,12,17
Oliver Henry,kicks,1,17,11
Oscar Adams,kicks,1,11,7
Rhys Stanley,kicks,1,16,4
Rory Lobb,kicks,1,21,13
Rowan Marshall,kicks,1,15,21
Ryan Byrnes,kicks,1,9,14
Sam Butler,kicks,1,10,3
Sam Marshall,kicks,1,7,6
Sam Switkowski,kicks,1,24,6
Scott Pendlebury,kicks,1,19,13
Seth Campbell,kicks,1,7,28
Shannon Neale,kicks,1,27,12
Tim Membrey,kicks,1,20,12
Tom De Koning,kicks,1,15,21
Tom Gross,kicks,1,1,8
Tom Papley,kicks,1,15,7
Tyler Sonsie,kicks,1,5,22
Tyson Stengle,kicks,1,18,6
Will Day,kicks,1,6,2
Zac Banch,kicks,1,1,5
Zach Merrett,kicks,1,7,29
Alex Neal-Bullen,kicks,0.5,26,11
Anthony Caminiti,kicks,0.5,14,20
Ashton Moir,kicks,0.5,3,8
Bailey Macdonald,kicks,0.5,7,2
Ben Hobbs,kicks,0.5,6,12
Brayden Fiorini,kicks,0.5,11,10
Brodie Grundy,kicks,0.5,23,12
Darcy Wilson,kicks,0.5,11,20
Finn Callaghan,kicks,0.5,20,14
Harris Andrews,kicks,0.5,25,12
Harrison Petty,kicks,0.5,14,18
Harvey Thomas,kicks,0.5,17,14
Hugh McCluggage,kicks,0.5,23,12
Jacob Konstanty,kicks,0.5,8,21
Jaeger O'Meara,kicks,0.5,12,6
Jarrod Berry,kicks,0.5,22,10
Jase Burgoyne,kicks,0.5,12,21
Jayden Laverde,kicks,0.5,7,20
Jed Walter,kicks,0.5,12,12
Joel Freijah,kicks,0.5,22,15
Josaia Delana,kicks,0.5,3,4
Josh Worrell,kicks,0.5,26,12
Lachlan Sullivan,kicks,0.5,12,3
Logan Morris,kicks,0.5,26,12
Luke Jackson,kicks,0.5,26,8
Luke Nankervis,kicks,0.5,8,6
Luke Pedlar,kicks,0.5,12,7
Luke Trainor,kicks,0.5,6,23
Miles Bergman,kicks,0.5,11,16
Ned Moyle,kicks,0.5,5,4
Neil Erasmus,kicks,0.5,23,6
Peter Ladhams,kicks,0.5,6,5
Phoenix Gothard,kicks,0.5,6,7
Rhyan Mansell,kicks,0.5,4,17
Ryley Sanders,kicks,0.5,20,14
Taj Hotton,kicks,0.5,2,5
Taylor Walker,kicks,0.5,21,10
Thomas Sims,kicks,0.5,3,8
Tom Barrass,kicks,0.5,22,11
Touk Miller,kicks,0.5,22,14
Wade Derksen,kicks,0.5,2,2
Wil Parker,kicks,0.5,4,4
Adam Treloar,kicks,0,6,3
Alex Cincotta,kicks,0,2,3
Aliir Aliir,kicks,0,13,22
Archer Day-Wicks,kicks,0,2,15
Bodhi Uwland,kicks,0,23,15
Caleb Daniel,kicks,0,11,24
Charlie Cameron,kicks,0,25,13
Charlie Comben,kicks,0,11,20
Connor Idun,kicks,0,22,15
Cooper Lord,kicks,0,9,15
Cooper Trembath,kicks,0,7,9
Dan Butler,kicks,0,5,7
Dan Houston,kicks,0,20,13
Darcy Moore,kicks,0,16,9
Errol Gulden,kicks,0,9,3
Griffin Logue,kicks,0,7,20
Harry Cunningham,kicks,0,16,3
Harry Sharp,kicks,0,15,17
Hayden Young,kicks,0,11,4
Hugo Ralphsmith,kicks,0,2,15
Jack Crisp,kicks,0,22,15
Jack Payne,kicks,0,8,4
Jack Ross,kicks,0,7,28
Jack Steele,kicks,0,17,19
Jack Viney,kicks,0,5,13
Jacob Newton,kicks,0,2,3
Jacob Wehr,kicks,0,12,13
Jai Newcombe,kicks,0,25,13
Jake Waterman,kicks,0,5,17
James Leake,kicks,0,5,3
Jonty Faull,kicks,0,6,20
Josh Battle,kicks,0,25,13
Josh Sinn,kicks,0,8,12
Josh Weddle,kicks,0,20,10
Jy Farrar,kicks,0,7,3
Kieren Briggs,kicks,0,17,13
Lachie Ash,kicks,0,22,15
Lachlan Blakiston,kicks,0,1,24
Leek Aleer,kicks,0,12,6
Liam Henry,kicks,0,3,8
Liam Jones,kicks,0,2,3
Liam O'Connell,kicks,0,5,7
Luke Davies-Uniacke,kicks,0,11,23
Luke Parker,kicks,0,11,23
Marcus Windhager,kicks,0,15,22
Max Heath,kicks,0,6,4
Murphy Reid,kicks,0,28,9
Noah Answerth,kicks,0,15,7
Oliver Hollands,kicks,0,11,21
Ollie Lord,kicks,0,5,11
Oscar Steene,kicks,0,3,4
Patrick Retschko,kicks,0,2,6
Paul Curtis,kicks,0,10,22
Riley Hardeman,kicks,0,4,14
Robert Hansen Jr,kicks,0,3,9
Rory Laird,kicks,0,23,10
Ryan Angwin,kicks,0,11,9
Sam Banks,kicks,0,5,25
Sam Collins,kicks,0,21,14
Sam Darcy,kicks,0,15,8
Sam Taylor,kicks,0,13,9
Wil Powell,kicks,0,23,14
Will Lewis,kicks,0,5,5
Zac Taylor,kicks,0,19,9
Zeke Uwland,kicks,0,5,5
Aidan Johnson,kicks,-0.5,2,3
Alixzander Tauru,kicks,-0.5,4,6
Angus Hastie,kicks,-0.5,5,6
Callum Mills,kicks,-0.5,19,6
Cody Curtin,kicks,-0.5,2,2
Darcy Cameron,kicks,-0.5,22,14
Darcy Gardiner,kicks,-0.5,16,8
Elijah Hollands,kicks,-0.5,4,7
Francis Evans,kicks,-0.5,8,13
Harry Himmelberg,kicks,-0.5,22,15
Harry Perryman,kicks,-0.5,21,12
Harvey Johnston,kicks,-0.5,2,4
Jack Williams,kicks,-0.5,2,15
James Rowbottom,kicks,-0.5,24,13
Jason Johannisen,kicks,-0.5,10,6
Lachie Jones,kicks,-0.5,10,19
Latrelle Pickett,kicks,-0.5,8,4
Liam Ryan,kicks,-0.5,5,24
Lincoln McCarthy,kicks,-0.5,6,2
Luke Cleary,kicks,-0.5,11,6
Max Gawn,kicks,-0.5,16,21
Mitch Owens,kicks,-0.5,12,18
Nasiah Wanganeen-Milera,kicks,-0.5,14,19
Nick Bryan,kicks,-0.5,2,8
Ollie Wines,kicks,-0.5,10,20
Oscar McInerney,kicks,-0.5,11,2
Roan Steele,kicks,-0.5,8,9
Sam Docherty,kicks,-0.5,4,11
Sam Walsh,kicks,-0.5,12,15
Thomas Edwards,kicks,-0.5,2,7
Will McLachlan,kicks,-0.5,5,2
Will Setterfield,kicks,-0.5,5,12
Zac Fisher,kicks,-0.5,2,6
Aaron Francis,kicks,-1,5,5
Adam Cerra,kicks,-1,11,18
Angus Sheldrick,kicks,-1,23,10
Archer May,kicks,-1,1,16
Archie Roberts,kicks,-1,7,30
Ben Miller,kicks,-1,7,29
Bradley Hill,kicks,-1,15,21
Brandon Starcevich,kicks,-1,11,5
Brodie Kemp,kicks,-1,6,12
Buku Khamis,kicks,-1,16,12
Cameron Zurhaar,kicks,-1,11,23
Charlie Spargo,kicks,-1,8,11
Conor Stone,kicks,-1,6,4
Cooper Hynes,kicks,-1,13,7
Corey Durdin,kicks,-1,12,17
Daniel Turner,kicks,-1,13,18
Darcy Fogarty,kicks,-1,22,9
Darcy Fort,kicks,-1,22,11
David Swallow,kicks,-1,4,5
Elijah Tsatas,kicks,-1,2,9
Finnbar Maley,kicks,-1,3,8
George Hewett,kicks,-1,14,18
George Wardlaw,kicks,-1,9,13
Harrison Jones,kicks,-1,4,5
Hayden McLean,kicks,-1,14,9
Isaac Kako,kicks,-1,7,22
Jack Bowes,kicks,-1,19,9
Jack Buller,kicks,-1,7,7
Jack Ginnivan,kicks,-1,25,12
Jacob Hopper,kicks,-1,7,28
Jade Gresham,kicks,-1,6,20
Jake Kolodjashnij,kicks,-1,6,2
Jake Lloyd,kicks,-1,23,13
James O'Donnell,kicks,-1,21,11
James Worpel,kicks,-1,16,11
Jayden Hunt,kicks,-1,1,14
Jed Bews,kicks,-1,3,1
Jeremy Finlayson,kicks,-1,2,6
Jesse Motlop,kicks,-1,9,14
Joe Fonti,kicks,-1,17,12
Joel Amartey,kicks,-1,17,5
Jordan Croft,kicks,-1,7,4
Josh Dunkley,kicks,-1,27,13
Lachie Whitfield,kicks,-1,20,15
Lachlan McAndrew,kicks,-1,8,5
Lachlan McNeil,kicks,-1,18,10
Lawson Humphries,kicks,-1,28,10
Levi Ashcroft,kicks,-1,27,13
Lewis Melican,kicks,-1,16,10
Mac Andrew,kicks,-1,22,15
Mason Cox,kicks,-1,14,4
Matt Guelfi,kicks,-1,1,14
Max Gruzewski,kicks,-1,11,4
Max Hall,kicks,-1,15,22
Milan Murdock,kicks,-1,3,8
Mitch Duncan,kicks,-1,7,2
Mitch McGovern,kicks,-1,11,19
Nathan Broad,kicks,-1,7,27
Ned Reeves,kicks,-1,8,4
Nick Blakey,kicks,-1,24,13
Nick Haynes,kicks,-1,13,19
Oisin Mullin,kicks,-1,27,12
Oliver Hannaford,kicks,-1,3,2
Oliver Hayes-Brown,kicks,-1,2,5
Oliver Wiltshire,kicks,-1,5,3
Orazio Fantasia,kicks,-1,2,4
Reuben Ginbey,kicks,-1,5,31
Rhett Bazzo,kicks,-1,2,10
Sam De Koning,kicks,-1,27,9
Sam Lalor,kicks,-1,3,15
Samson Ryan,kicks,-1,1,4
Sandy Brock,kicks,-1,1,17
Sean Darcy,kicks,-1,15,7
Taylor Adams,kicks,-1,1,3
Taylor Duryea,kicks,-1,3,2
Todd Goldstein,kicks,-1,3,13
Tom Stewart,kicks,-1,24,9
Travis Boak,kicks,-1,7,9
Trent Rivers,kicks,-1,11,19
Tristan Xerri,kicks,-1,9,20
Will White,kicks,-1,7,7
Willem Drew,kicks,-1,13,23
Willie Rioli,kicks,-1,9,10
Zac Williams,kicks,-1,10,18
Zane Duursma,kicks,-1,7,15
Bailey Dale,kicks,-1.5,22,15
Cooper Harvey,kicks,-1.5,2,6
Dane Rampe,kicks,-1.5,17,12
Deven Robertson,kicks,-1.5,4,4
Harry Morrison,kicks,-1.5,14,9
Jack Hutchinson,kicks,-1.5,2,16
Jai Serong,kicks,-1.5,11,2
Jeremy Howe,kicks,-1.5,19,10
Jhye Clark,kicks,-1.5,7,6
Joe Berry,kicks,-1.5,8,17
Jordon Butts,kicks,-1.5,13,6
Kyle Langford,kicks,-1.5,4,19
Mark Keane,kicks,-1.5,18,7
Mason Redman,kicks,-1.5,6,20
Mattaes Phillipou,kicks,-1.5,8,13
Michael Sellwood,kicks,-1.5,8,6
Nat Fyfe,kicks,-1.5,6,2
Oskar Baker,kicks,-1.5,10,8
Rhylee West,kicks,-1.5,22,15
Sam Flanders,kicks,-1.5,19,16
Sam Grlj,kicks,-1.5,2,10
Stephen Coniglio,kicks,-1.5,13,8
Alex Sexton,kicks,-2,3,2
Bailey J. Williams,kicks,-2,3,23
Bodie Ryan,kicks,-2,1,3
Cam Rayner,kicks,-2,27,13
Connor O'Sullivan,kicks,-2,27,12
Corey Warner,kicks,-2,9,9
Darcy Wilmot,kicks,-2,27,13
Elijah Hewett,kicks,-2,1,24
Harry Armstrong,kicks,-2,1,10
Harry Edwards,kicks,-2,2,17
Jamie Cripps,kicks,-2,3,23
Jayden Short,kicks,-2,7,21
Jordan Dawson,kicks,-2,24,11
Jordon Sweet,kicks,-2,12,19
Josh Dolan,kicks,-2,7,8
Josh Lindsay,kicks,-2,3,9
Joshua Draper,kicks,-2,7,4
Jy Simpkin,kicks,-2,11,22
Jye Caldwell,kicks,-2,4,17
Liam Baker,kicks,-2,5,31
Liam Stocker,kicks,-2,11,15
Logan McDonald,kicks,-2,12,2
Luke Ryan,kicks,-2,28,8
Mani Liddy,kicks,-2,4,5
Marcus Bontempelli,kicks,-2,20,12
Nic Newman,kicks,-2,4,6
Nick Larkey,kicks,-2,10,19
Nick Murray,kicks,-2,14,7
Paddy Cross,kicks,-2,5,3
Riley Bice,kicks,-2,21,9
Ryan Burton,kicks,-2,3,5
Sam Day,kicks,-2,10,3
Will Graham,kicks,-2,13,6
Alex Pearce,kicks,-2.5,18,9
Brandon Zerk-Thatcher,kicks,-2.5,5,8
Bruce Reville,kicks,-2.5,20,7
Christian Moraes,kicks,-2.5,8,13
Clayton Oliver,kicks,-2.5,12,23
Elliot Yeo,kicks,-2.5,4,8
Harry Schoenberg,kicks,-2.5,2,4
Jack Buckley,kicks,-2.5,18,10
Jack Lukosius,kicks,-2.5,4,7
Jedd Busslinger,kicks,-2.5,7,4
Lachlan Gulbin,kicks,-2.5,3,6
Mark Blicavs,kicks,-2.5,24,12
Nicholas Madden,kicks,-2.5,4,2
Saad El-Hawli,kicks,-2.5,4,12
Tom McCarthy,kicks,-2.5,4,19
Will Phillips,kicks,-2.5,1,6
Eric Hipwood,kicks,-3,16,6
Henry Hustwaite,kicks,-3,4,1
Jack Watkins,kicks,-3,3,6
James Tunstill,kicks,-3,6,4
Matthew Johnson,kicks,-3,23,7
Tom Cole,kicks,-3,3,23
William Edwards,kicks,-3,7,1
Hugh Bond,kicks,-3.5,8,4
Isaac Cumming,kicks,-3.5,23,10
Jacob Blight,kicks,-3.5,1,6
Matt Roberts,kicks,-3.5,18,11
Matthew Owies,kicks,-3.5,1,18
Chayce Jones,kicks,-4,5,3
Jeremy Sharp,kicks,-4,11,5
Karl Amon,kicks,-4,23,13
Lachlan Murphy,kicks,-4,3,2
Ryan Maric,kicks,-4,3,28
Steven May,kicks,-4,4,12
Sullivan Robey,kicks,-4,1,9
Ted Clohesy,kicks,-4,6,3
Wil Dawson,kicks,-4.5,1,8
Aidan Corr,kicks,-6,5,10
Tanner Bruhn,kicks,-7.5,8,5
Will Lorenz,kicks,-7.5,1,6
Ben Paton,kicks,NA,0,4
Billy Cootee,kicks,NA,4,0
Brynn Teakle,kicks,NA,0,4
Christopher Scerri,kicks,NA,7,0
Clay Hall,kicks,NA,0,13
Dyson Sharp,kicks,NA,0,6
Hussien El Achkar,kicks,NA,0,4
Jack Henderson,kicks,NA,0,5
Jack Ison,kicks,NA,4,0
Jayden Nguyen,kicks,NA,0,10
Jeremy McGovern,kicks,NA,0,6
Jordan Boyd,kicks,NA,0,5
Kaleb Smith,kicks,NA,0,8
Liam Fawcett,kicks,NA,0,7
Liam McMahon,kicks,NA,0,7
Liam Reidy,kicks,NA,0,4
Louis Emmett,kicks,NA,0,5
Luamon Lual,kicks,NA,0,12
Max Kondogiannis,kicks,NA,0,5
Nik Cox,kicks,NA,0,6
Noah Long,kicks,NA,0,10
Oskar Smartt,kicks,NA,0,4
Seamus Mitchell,kicks,NA,4,0
Tyrell Dewar,kicks,NA,0,16
Zak Johnson,kicks,NA,0,14
Jagga Smith,handballs,7,5,8
Sam Lalor,handballs,6,3,15
Callan Ward,handballs,5,7,5
Hugh McCluggage,handballs,5,23,12
Sam Cumming,handballs,5,2,5
Tom McCartin,handballs,5,20,11
Tom Mitchell,handballs,4.5,2,2
Alex Davies,handballs,4,10,4
Archie Roberts,handballs,4,7,30
Callum Coleman-Jones,handballs,4,3,2
Darcy Jones,handballs,4,15,8
Harley Reid,handballs,4,5,28
Jasper Alger,handballs,4,1,7
Jaxon Binns,handballs,4,2,3
Murphy Reid,handballs,4,28,9
Sam Walsh,handballs,4,12,15
Tom Cochrane,handballs,4,3,2
Tyler Brockman,handballs,4,1,19
Wade Derksen,handballs,4,2,2
Angus Sheldrick,handballs,3.5,23,10
Blake Acres,handballs,3.5,9,12
Brodie Kemp,handballs,3.5,6,12
Caleb Poulter,handballs,3.5,4,3
Jordan Ridley,handballs,3.5,5,8
Josh Kelly,handballs,3.5,10,5
Josh Lai,handballs,3.5,3,6
Max Gawn,handballs,3.5,16,21
Ned Long,handballs,3.5,21,14
Bodie Ryan,handballs,3,1,3
Cody Angove,handballs,3,3,1
George Hewett,handballs,3,14,18
Jaeger O'Meara,handballs,3,12,6
James Jordon,handballs,3,24,13
Jy Simpkin,handballs,3,11,22
Jye Caldwell,handballs,3,4,17
Latrelle Pickett,handballs,3,8,4
Luke Nankervis,handballs,3,8,6
Matt Guelfi,handballs,3,1,14
Matt Rowell,handballs,3,18,15
Oscar Adams,handballs,3,11,7
Riley Garcia,handballs,3,5,3
Ryan Burton,handballs,3,3,5
Sandy Brock,handballs,3,1,17
Shai Bolton,handballs,3,28,8
Steele Sidebottom,handballs,3,19,14
Tim Taranto,handballs,3,6,27
Zac Banch,handballs,3,1,5
Zach Merrett,handballs,3,7,29
Angus Anderson,handballs,2.5,2,5
Bailey Laurie,handballs,2.5,6,4
Bailey Scott,handballs,2.5,3,8
Dante Visentini,handballs,2.5,4,10
Finn Maginness,handballs,2.5,10,7
Jack Ross,handballs,2.5,7,28
Jade Gresham,handballs,2.5,6,20
Jayden Hunt,handballs,2.5,1,14
Mark Blicavs,handballs,2.5,24,12
Noah Balta,handballs,2.5,4,21
Reilly O'Brien,handballs,2.5,18,8
Rhett Bazzo,handballs,2.5,2,10
Sam Marshall,handballs,2.5,7,6
Tanner Bruhn,handballs,2.5,8,5
Tim Kelly,handballs,2.5,5,28
Aaron Naughton,handballs,2,22,15
Alex Neal-Bullen,handballs,2,26,11
Bailey Banfield,handballs,2,15,6
Bailey Smith,handballs,2,26,11
Calsher Dear,handballs,2,7,5
Cam Mackenzie,handballs,2,14,8
Clayton Oliver,handballs,2,12,23
Conor McKenna,handballs,2,8,5
Dane Rampe,handballs,2,17,12
Deven Robertson,handballs,2,4,4
Ed Langdon,handballs,2,16,21
Harry Sharp,handballs,2,15,17
Hudson O'Keeffe,handballs,2,5,3
Jack Bowes,handballs,2,19,9
Jack Carroll,handballs,2,6,9
Jack Macrae,handballs,2,11,19
Jacob Newton,handballs,2,2,3
Jake Soligo,handballs,2,25,11
James Peatling,handballs,2,25,11
Jarman Impey,handballs,2,25,11
Jeremy Cameron,handballs,2,28,11
Josh Dolan,handballs,2,7,8
Josh Lindsay,handballs,2,3,9
Kamdyn McIntosh,handballs,2,5,18
Lachie Jones,handballs,2,10,19
Lachie Schultz,handballs,2,13,15
Lachlan Bramble,handballs,2,22,15
Lachlan McNeil,handballs,2,18,10
Luke Davies-Uniacke,handballs,2,11,23
Mani Liddy,handballs,2,4,5
Matt Crouch,handballs,2,4,2
Mitch Duncan,handballs,2,7,2
Mitch Lewis,handballs,2,13,7
Nick Daicos,handballs,2,22,14
Nick Vlastuin,handballs,2,7,27
Paddy Cross,handballs,2,5,3
Sam Banks,handballs,2,5,25
Sam Docherty,handballs,2,4,11
Sam Flanders,handballs,2,19,16
Sam Switkowski,handballs,2,24,6
Scott Pendlebury,handballs,2,19,13
Seth Campbell,handballs,2,7,28
Shannon Neale,handballs,2,27,12
Shaun Mannagh,handballs,2,27,10
Toby McMullin,handballs,2,8,9
Todd Goldstein,handballs,2,3,13
Tom Atkins,handballs,2,28,12
Tom Gross,handballs,2,1,8
Tom Lynch,handballs,2,5,18
Wil Powell,handballs,2,23,14
Will Ashcroft,handballs,2,27,13
Zak Butters,handballs,2,12,21
Alex Cincotta,handballs,1.5,2,3
Archer Day-Wicks,handballs,1.5,2,15
Ben Hobbs,handballs,1.5,6,12
Billy Wilson,handballs,1.5,6,3
Caleb Windsor,handballs,1.5,14,15
Callum Mills,handballs,1.5,19,6
Charlie Spargo,handballs,1.5,8,11
Christian Petracca,handballs,1.5,14,20
Elijah Tsatas,handballs,1.5,2,9
Flynn Young,handballs,1.5,6,5
Francis Evans,handballs,1.5,8,13
Isaac Cumming,handballs,1.5,23,10
Jack Darling,handballs,1.5,10,23
Jack Scrimshaw,handballs,1.5,13,8
Jacob Wehr,handballs,1.5,12,13
Jake Melksham,handballs,1.5,8,14
Jarrod Witts,handballs,1.5,20,14
Joe Richards,handballs,1.5,12,23
Joel Jeffrey,handballs,1.5,23,14
Josh Daicos,handballs,1.5,22,15
Josh Ward,handballs,1.5,24,13
Jye Menzie,handballs,1.5,4,6
Koltyn Tholstrup,handballs,1.5,13,10
Mac Andrew,handballs,1.5,22,15
Mason Redman,handballs,1.5,6,20
Neil Erasmus,handballs,1.5,23,6
Nic Newman,handballs,1.5,4,6
Oliver Dempsey,handballs,1.5,28,12
Oscar McInerney,handballs,1.5,11,2
Patrick Retschko,handballs,1.5,2,6
Sam Durham,handballs,1.5,7,26
Tom Brown,handballs,1.5,6,25
Tom Hanily,handballs,1.5,4,6
Wayne Milera,handballs,1.5,25,12
Xavier Lindsay,handballs,1.5,9,14
Zac Fisher,handballs,1.5,2,6
Aidan Johnson,handballs,1,2,3
Bailey J. Williams,handballs,1,3,23
Ben McKay,handballs,1,7,15
Blake Howes,handballs,1,11,15
Bobby Hill,handballs,1,11,3
Bodhi Uwland,handballs,1,23,15
Braeden Campbell,handballs,1,12,11
Brayden Maynard,handballs,1,17,15
Brennan Cox,handballs,1,26,8
Brodie Smith,handballs,1,8,3
Caleb Serong,handballs,1,25,9
Changkuoth Jiath,handballs,1,17,11
Christian Salem,handballs,1,10,18
Colby McKercher,handballs,1,11,24
Connor Budarick,handballs,1,20,10
Cooper Duff-Tytler,handballs,1,2,9
Cooper Sharman,handballs,1,14,21
Daniel Turner,handballs,1,13,18
Darcy Parish,handballs,1,1,13
Finn O'Sullivan,handballs,1,9,21
Finnbar Maley,handballs,1,3,8
Harry Armstrong,handballs,1,1,10
Harry Himmelberg,handballs,1,22,15
Harry McKay,handballs,1,10,14
Hugh Bond,handballs,1,8,4
Isaac Heeney,handballs,1,23,12
Jack Crisp,handballs,1,22,15
Jack Payne,handballs,1,8,4
Jacob Bauer,handballs,1,1,4
Jacob Hopper,handballs,1,7,28
Jacob Konstanty,handballs,1,8,21
Jake Riccardi,handballs,1,18,11
Jake Rogers,handballs,1,10,4
Jake Waterman,handballs,1,5,17
James Borlase,handballs,1,7,3
Jason Horne-Francis,handballs,1,11,17
Jayden Laverde,handballs,1,7,20
Jed McEntee,handballs,1,1,5
Jeremy Finlayson,handballs,1,2,6
Joel Freijah,handballs,1,22,15
Joel Hamling,handballs,1,10,7
John Noble,handballs,1,23,15
Jordan Dawson,handballs,1,24,11
Josh Dunkley,handballs,1,27,13
Judd McVee,handballs,1,17,12
Justin McInerney,handballs,1,20,10
Jy Farrar,handballs,1,7,3
Kade Chandler,handballs,1,16,21
Kysaiah Pickett,handballs,1,16,18
Liam Stocker,handballs,1,11,15
Mabior Chol,handballs,1,21,11
Malcolm Rosas,handballs,1,14,2
Marcus Windhager,handballs,1,15,22
Mason Wood,handballs,1,13,21
Massimo D'Ambrosio,handballs,1,25,13
Matthew Cottrell,handballs,1,3,5
Matthew Jefferson,handballs,1,5,9
Mitch McGovern,handballs,1,11,19
Mitchell Hinge,handballs,1,18,7
Nasiah Wanganeen-Milera,handballs,1,14,19
Nat Fyfe,handballs,1,6,2
Nate Caddy,handballs,1,7,23
Nathan Broad,handballs,1,7,27
Ned Reeves,handballs,1,8,4
Nick Watson,handballs,1,24,13
Ollie Lord,handballs,1,5,11
Oscar McDonald,handballs,1,10,2
Patrick Dangerfield,handballs,1,23,10
Riley Bice,handballs,1,21,9
Robert Hansen Jr,handballs,1,3,9
Ryan Maric,handballs,1,3,28
Taylor Duryea,handballs,1,3,2
Tom Papley,handballs,1,15,7
Travis Boak,handballs,1,7,9
Trent Rivers,handballs,1,11,19
Tyson Stengle,handballs,1,18,6
Wil Dawson,handballs,1,1,8
Will Hoskin-Elliott,handballs,1,12,6
Willie Rioli,handballs,1,9,10
Xavier Duursma,handballs,1,7,29
Zac Taylor,handballs,1,19,9
Andrew Brayshaw,handballs,0.5,28,9
Archer Reid,handballs,0.5,2,18
Archie Perkins,handballs,0.5,5,26
Bailey Humphrey,handballs,0.5,22,11
Ben Long,handballs,0.5,22,14
Bo Allan,handballs,0.5,3,14
Brayden Fiorini,handballs,0.5,11,10
Caiden Cleary,handballs,0.5,8,9
Charlie Comben,handballs,0.5,11,20
Charlie Curnow,handballs,0.5,18,13
Christian Moraes,handballs,0.5,8,13
Cody Curtin,handballs,0.5,2,2
Cooper Harvey,handballs,0.5,2,6
Daniel Curtin,handballs,0.5,23,8
Daniel Rioli,handballs,0.5,20,13
David Swallow,handballs,0.5,4,5
Elijah Hollands,handballs,0.5,4,7
Ethan Read,handballs,0.5,20,10
Hamish Davis,handballs,0.5,4,18
Harry Dean,handballs,0.5,5,6
Harvey Johnston,handballs,0.5,2,4
Heath Chapman,handballs,0.5,28,8
Hugh Boxshall,handballs,0.5,8,8
Hugo Garcia,handballs,0.5,13,18
Jack Gunston,handballs,0.5,21,10
Jake Bowey,handballs,0.5,11,18
Jarrod Berry,handballs,0.5,22,10
Jhye Clark,handballs,0.5,7,6
Jobe Shanahan,handballs,0.5,4,19
Joe Berry,handballs,0.5,8,17
Jonty Faull,handballs,0.5,6,20
Josh Worrell,handballs,0.5,26,12
Jye Amiss,handballs,0.5,28,9
Kane Farrell,handballs,0.5,12,21
Lachie Fogarty,handballs,0.5,8,14
Lincoln McCarthy,handballs,0.5,6,2
Logan McDonald,handballs,0.5,12,2
Luke Jackson,handballs,0.5,26,8
Luke Pedlar,handballs,0.5,12,7
Mark Keane,handballs,0.5,18,7
Michael Frederick,handballs,0.5,24,8
Mitch Owens,handballs,0.5,12,18
Mykelti Lefau,handballs,0.5,2,10
Nic Martin,handballs,0.5,6,10
Nick Blakey,handballs,0.5,24,13
Noah Anderson,handballs,0.5,22,15
Oliver Hannaford,handballs,0.5,3,2
Patrick Voss,handballs,0.5,26,6
Rory Laird,handballs,0.5,23,10
Ryley Sanders,handballs,0.5,20,14
Saad El-Hawli,handballs,0.5,4,12
Sam Davidson,handballs,0.5,14,14
Taj Hotton,handballs,0.5,2,5
Taylor Walker,handballs,0.5,21,10
Tim Membrey,handballs,0.5,20,12
Tom Sparrow,handballs,0.5,16,20
Touk Miller,handballs,0.5,22,14
Xavier O'Halloran,handballs,0.5,18,13
Zak Jones,handballs,0.5,8,7
Adam Saad,handballs,0,9,15
Bailey Williams,handballs,0,19,14
Ben King,handballs,0,23,15
Billy Frampton,handballs,0,17,11
Brad Close,handballs,0,25,11
Brandon Zerk-Thatcher,handballs,0,5,8
Brayden Cook,handballs,0,11,5
Brody Mihocek,handballs,0,21,11
Buku Khamis,handballs,0,16,12
Callum Brown,handballs,0,19,11
Cam Rayner,handballs,0,27,13
Cameron Zurhaar,handballs,0,11,23
Campbell Gray,handballs,0,1,11
Charlie Cameron,handballs,0,25,13
Charlie Dean,handballs,0,2,2
Conor Nash,handballs,0,21,10
Conor Stone,handballs,0,6,4
Cooper Hynes,handballs,0,13,7
Cooper Trembath,handballs,0,7,9
Corey Durdin,handballs,0,12,17
Corey Wagner,handballs,0,22,7
Dan Butler,handballs,0,5,7
Daniel McStay,handballs,0,17,13
Darcy Gardiner,handballs,0,16,8
Darcy Tucker,handballs,0,1,6
Dylan Shiel,handballs,0,4,10
Dylan Stephens,handballs,0,11,23
Harrison Jones,handballs,0,4,5
Harry Cunningham,handballs,0,16,3
Harry Perryman,handballs,0,21,12
Harry Sheezel,handballs,0,11,24
Harvey Langford,handballs,0,16,20
Hayden McLean,handballs,0,14,9
Hunter Clark,handballs,0,7,9
Jack Buller,handballs,0,7,7
Jack Henry,handballs,0,21,10
Jack Silvagni,handballs,0,12,15
Jack Williams,handballs,0,2,15
Jackson Mead,handballs,0,9,15
Jacob van Rooyen,handballs,0,11,19
Jake Lever,handballs,0,11,10
James Harmes,handballs,0,7,6
James Leake,handballs,0,5,3
James O'Donnell,handballs,0,21,11
James Rowbottom,handballs,0,24,13
Jase Burgoyne,handballs,0,12,21
Jason Johannisen,handballs,0,10,6
Jed Walter,handballs,0,12,12
Jeremy Howe,handballs,0,19,10
Jesse Motlop,handballs,0,9,14
Jimmy Webster,handballs,0,5,10
Joel Amartey,handballs,0,17,5
Josaia Delana,handballs,0,3,4
Josh Sinn,handballs,0,8,12
Josh Treacy,handballs,0,28,9
Josh Weddle,handballs,0,20,10
Lachie Whitfield,handballs,0,20,15
Lachlan Cowan,handballs,0,9,17
Lachlan McAndrew,handballs,0,8,5
Lachlan Sullivan,handballs,0,12,3
Laitham Vandermeer,handballs,0,12,8
Levi Ashcroft,handballs,0,27,13
Lewis Young,handballs,0,5,15
Liam Baker,handballs,0,5,31
Luke Cleary,handballs,0,11,6
Luke Parker,handballs,0,11,23
Matt Flynn,handballs,0,3,19
Matthew Kennedy,handballs,0,22,15
Max Gruzewski,handballs,0,11,4
Max Hall,handballs,0,15,22
Mitch Georgiades,handballs,0,13,23
Mitch Knevitt,handballs,0,5,3
Ned Moyle,handballs,0,5,4
Nick Haynes,handballs,0,13,19
Nick Larkey,handballs,0,10,19
Nick Murray,handballs,0,14,7
Noah Answerth,handballs,0,15,7
Oliver Florent,handballs,0,12,17
Oliver Henry,handballs,0,17,11
Oliver Hollands,handballs,0,11,21
Oskar Baker,handballs,0,10,8
Patrick Lipinski,handballs,0,21,13
Rhys Stanley,handballs,0,16,4
Riley Hardeman,handballs,0,4,14
Riley Thilthorpe,handballs,0,24,12
Ryan Angwin,handballs,0,11,9
Sam Butler,handballs,0,10,3
Sam Draper,handballs,0,11,7
Sam Taylor,handballs,0,13,9
Sean Darcy,handballs,0,15,7
Tim English,handballs,0,21,11
Toby Bedford,handballs,0,20,12
Toby Greene,handballs,0,21,14
Toby Nankervis,handballs,0,5,19
Toby Pink,handballs,0,8,13
Tom Cole,handballs,0,3,23
Tom Powell,handballs,0,9,21
Tylar Young,handballs,0,6,15
Tyler Sonsie,handballs,0,5,22
Will Graham,handballs,0,13,6
Will Hayward,handballs,0,15,18
Will McLachlan,handballs,0,5,2
Zach Reid,handballs,0,7,17
Zeke Uwland,handballs,0,5,5
Arthur Jones,handballs,-0.5,8,5
Bayley Fritsch,handballs,-0.5,14,21
Ben Keays,handballs,-0.5,26,12
Callum Ah Chee,handballs,-0.5,20,9
Connor Idun,handballs,-0.5,22,15
Darcy Byrne-Jones,handballs,-0.5,12,23
Dougal Howard,handballs,-0.5,4,5
Dylan Moore,handballs,-0.5,24,13
Elijah Hewett,handballs,-0.5,1,24
Esava Ratugolea,handballs,-0.5,8,12
Finn Callaghan,handballs,-0.5,20,14
Harrison Petty,handballs,-0.5,14,18
Harry Morrison,handballs,-0.5,14,9
Harvey Thomas,handballs,-0.5,17,14
Hugh Jackson,handballs,-0.5,4,5
Isaac Kako,handballs,-0.5,7,22
Isaiah Dudley,handballs,-0.5,23,6
Jack Lukosius,handballs,-0.5,4,7
Jake Kolodjashnij,handballs,-0.5,6,2
James Worpel,handballs,-0.5,16,11
Jedd Busslinger,handballs,-0.5,7,4
Jesse Hogan,handballs,-0.5,12,12
Jordan Clark,handballs,-0.5,28,9
Jordan De Goey,handballs,-0.5,10,12
Kyle Langford,handballs,-0.5,4,19
Lachie Jaques,handballs,-0.5,6,2
Lachie Weller,handballs,-0.5,20,10
Lachlan Gulbin,handballs,-0.5,3,6
Lachlan Sholl,handballs,-0.5,3,2
Lance Collard,handballs,-0.5,6,6
Lewis Melican,handballs,-0.5,16,10
Liam Jones,handballs,-0.5,2,3
Liam Ryan,handballs,-0.5,5,24
Luke McDonald,handballs,-0.5,10,17
Luke Ryan,handballs,-0.5,28,8
Luke Trainor,handballs,-0.5,6,23
Marc Pittonet,handballs,-0.5,6,13
Marcus Bontempelli,handballs,-0.5,20,12
Mason Cox,handballs,-0.5,14,4
Matt Roberts,handballs,-0.5,18,11
Mattaes Phillipou,handballs,-0.5,8,13
Max Michalanney,handballs,-0.5,22,12
Nicholas Madden,handballs,-0.5,4,2
Peter Ladhams,handballs,-0.5,6,5
Peter Wright,handballs,-0.5,5,24
Rhylee West,handballs,-0.5,22,15
Sam Clohesy,handballs,-0.5,14,8
Sam Darcy,handballs,-0.5,15,8
Steven May,handballs,-0.5,4,12
Toby Murray,handballs,-0.5,6,2
Tom Liberatore,handballs,-0.5,17,10
Tom McDonald,handballs,-0.5,9,12
Will Phillips,handballs,-0.5,1,6
Willem Duursma,handballs,-0.5,4,9
Zac Williams,handballs,-0.5,10,18
Zach Guthrie,handballs,-0.5,28,12
Aaron Cadman,handballs,-1,21,11
Alex Pearce,handballs,-1,18,9
Aliir Aliir,handballs,-1,13,22
Alix Tauru,handballs,-1,3,5
Alixzander Tauru,handballs,-1,4,6
Andrew McGrath,handballs,-1,7,27
Ashton Moir,handballs,-1,3,8
Beau McCreery,handballs,-1,19,12
Ben Miller,handballs,-1,7,29
Blake Hardwick,handballs,-1,25,13
Brady Hough,handballs,-1,5,31
Brodie Grundy,handballs,-1,23,12
Chad Warner,handballs,-1,24,13
Chayce Jones,handballs,-1,5,3
Cooper Lord,handballs,-1,9,15
Corey Warner,handballs,-1,9,9
Darcy Fogarty,handballs,-1,22,9
Darcy Fort,handballs,-1,22,11
Darcy Moore,handballs,-1,16,9
Darcy Wilmot,handballs,-1,27,13
Dayne Zorko,handballs,-1,24,9
Eric Hipwood,handballs,-1,16,6
Errol Gulden,handballs,-1,9,3
George Wardlaw,handballs,-1,9,13
Griffin Logue,handballs,-1,7,20
Gryan Miers,handballs,-1,23,10
Harry Schoenberg,handballs,-1,2,4
Harvey Gallagher,handballs,-1,3,5
Isaac Quaynor,handballs,-1,22,15
Izak Rankine,handballs,-1,22,10
Jack Higgins,handballs,-1,13,18
Jack Martin,handballs,-1,18,7
Jack Sinclair,handballs,-1,15,22
Jack Steele,handballs,-1,17,19
Jack Whitlock,handballs,-1,5,12
Jacob Farrow,handballs,-1,1,11
Jacob Weitering,handballs,-1,12,21
Jai Newcombe,handballs,-1,25,13
Jake Lloyd,handballs,-1,23,13
Jake Stringer,handballs,-1,15,13
James Sicily,handballs,-1,21,13
James Trezise,handballs,-1,7,18
Jamie Cripps,handballs,-1,3,23
Jamie Elliott,handballs,-1,22,13
Jaspa Fletcher,handballs,-1,27,13
Jaxon Prior,handballs,-1,7,29
Joe Fonti,handballs,-1,17,12
Jordon Butts,handballs,-1,13,6
Josh Battle,handballs,-1,25,13
Kai Lohmann,handballs,-1,21,10
Kieren Briggs,handballs,-1,17,13
Lachie Ash,handballs,-1,22,15
Lachlan Blakiston,handballs,-1,1,24
Leek Aleer,handballs,-1,12,6
Liam Henry,handballs,-1,3,8
Luke Breust,handballs,-1,5,3
Malakai Champion,handballs,-1,2,8
Mark O'Connor,handballs,-1,26,11
Matthew Johnson,handballs,-1,23,7
Maurice Rioli,handballs,-1,3,17
Max Heath,handballs,-1,6,4
Max Holmes,handballs,-1,28,12
Mitchell Edwards,handballs,-1,8,3
Nick Holman,handballs,-1,11,7
Oisin Mullin,handballs,-1,27,12
Oliver Wiltshire,handballs,-1,5,3
Oscar Allen,handballs,-1,5,15
Oscar Steene,handballs,-1,3,4
Paul Curtis,handballs,-1,10,22
Reuben Ginbey,handballs,-1,5,31
Rhyan Mansell,handballs,-1,4,17
Rory Lobb,handballs,-1,21,13
Rowan Marshall,handballs,-1,15,21
Ryan Byrnes,handballs,-1,9,14
Sam Berry,handballs,-1,23,9
Sam De Koning,handballs,-1,27,9
Steely Green,handballs,-1,5,27
Todd Marshall,handballs,-1,2,6
Tom Barrass,handballs,-1,22,11
Tom Burton,handballs,-1,2,3
Tom De Koning,handballs,-1,15,21
Tom Green,handballs,-1,15,8
Ty Gallop,handballs,-1,11,7
Will Lewis,handballs,-1,5,5
Will White,handballs,-1,7,7
Willem Drew,handballs,-1,13,23
Zac Bailey,handballs,-1,26,12
Adam Treloar,handballs,-1.5,6,3
Aidan Corr,handballs,-1.5,5,10
Archer May,handballs,-1.5,1,16
Bailey Dale,handballs,-1.5,22,15
Ben Ainsworth,handballs,-1.5,20,17
Caleb Daniel,handballs,-1.5,11,24
Campbell Chesser,handballs,-1.5,1,6
Connor O'Sullivan,handballs,-1.5,27,12
Harris Andrews,handballs,-1.5,25,12
Harry Edwards,handballs,-1.5,2,17
Isaac Keeler,handballs,-1.5,4,9
Jack Buckley,handballs,-1.5,18,10
Jack Ginnivan,handballs,-1.5,25,12
Jack Watkins,handballs,-1.5,3,6
Jordon Sweet,handballs,-1.5,12,19
Karl Worner,handballs,-1.5,28,8
Leonardo Lombard,handballs,-1.5,8,9
Liam Duggan,handballs,-1.5,5,30
Lloyd Meek,handballs,-1.5,25,12
Logan Evans,handballs,-1.5,6,17
Logan Morris,handballs,-1.5,26,12
Miles Bergman,handballs,-1.5,11,16
Oliver Hayes-Brown,handballs,-1.5,2,5
Ryan Lester,handballs,-1.5,25,10
Sam Collins,handballs,-1.5,21,14
Thomas Edwards,handballs,-1.5,2,7
Thomas Sims,handballs,-1.5,3,8
Thomson Dow,handballs,-1.5,3,8
Aaron Francis,handballs,-2,5,5
Adam Cerra,handballs,-2,11,18
Angus Hastie,handballs,-2,5,6
Bradley Hill,handballs,-2,15,21
Brandon Starcevich,handballs,-2,11,5
Bruce Reville,handballs,-2,20,7
Connor Macdonald,handballs,-2,24,12
Connor Rozee,handballs,-2,10,13
Dan Houston,handballs,-2,20,13
Darcy Wilson,handballs,-2,11,20
Dion Prestia,handballs,-2,3,18
Ed Richards,handballs,-2,21,15
Ewan Mackinlay,handballs,-2,5,9
Harry Rowston,handballs,-2,10,4
Jack Hutchinson,handballs,-2,2,16
Jack Viney,handballs,-2,5,13
Jayden Short,handballs,-2,7,21
Jeremy Sharp,handballs,-2,11,5
Kane McAuliffe,handballs,-2,2,9
Karl Amon,handballs,-2,23,13
Keidean Coleman,handballs,-2,6,7
Lachlan Murphy,handballs,-2,3,2
Lawson Humphries,handballs,-2,28,10
Liam O'Connell,handballs,-2,5,7
Matthew Carroll,handballs,-2,11,16
Matthew Owies,handballs,-2,1,18
Michael Sellwood,handballs,-2,8,6
Nathan O'Driscoll,handballs,-2,14,6
Sam Wicks,handballs,-2,24,11
Sid Draper,handballs,-2,7,3
Stephen Coniglio,handballs,-2,13,8
Talor Byrne,handballs,-2,3,5
Tobie Travaglia,handballs,-2,5,7
Zane Duursma,handballs,-2,7,15
Anthony Caminiti,handballs,-2.5,14,20
Bailey Macdonald,handballs,-2.5,7,2
Callum Wilkie,handballs,-2.5,15,22
Hugo Ralphsmith,handballs,-2.5,2,15
Jai Serong,handballs,-2.5,11,2
Joshua Draper,handballs,-2.5,7,4
Max Ramsden,handballs,-2.5,4,2
Nick Bryan,handballs,-2.5,2,8
Ollie Wines,handballs,-2.5,10,20
Patrick Cripps,handballs,-2.5,14,22
Wil Parker,handballs,-2.5,4,4
Alex Sexton,handballs,-3,3,2
Angus Clarke,handballs,-3,1,13
Brent Daniels,handballs,-3,9,5
Charlie Ballard,handballs,-3,3,3
Darcy Cameron,handballs,-3,22,14
Edward Allan,handballs,-3,13,8
Harry O'Farrell,handballs,-3,1,5
Jacob Blight,handballs,-3,1,6
Jai Culley,handballs,-3,6,5
Jed Bews,handballs,-3,3,1
Josh Rachele,handballs,-3,18,9
Lachie Neale,handballs,-3,23,12
Lachy Dovaston,handballs,-3,3,3
Oleg Markov,handballs,-3,5,3
Orazio Fantasia,handballs,-3,2,4
Phoenix Gothard,handballs,-3,6,7
Roan Steele,handballs,-3,8,9
Sam Day,handballs,-3,10,3
Sam Powell-Pepper,handballs,-3,7,9
Sullivan Robey,handballs,-3,1,9
Taylor Adams,handballs,-3,1,3
Ted Clohesy,handballs,-3,6,3
Tom Stewart,handballs,-3,24,9
Tristan Xerri,handballs,-3,9,20
William Edwards,handballs,-3,7,1
William Hayes,handballs,-3,5,2
Elliot Yeo,handballs,-3.5,4,8
Flynn Perez,handballs,-3.5,4,1
Hayden Young,handballs,-3.5,11,4
Jack Graham,handballs,-3.5,3,20
James Tunstill,handballs,-3.5,6,4
Samson Ryan,handballs,-3.5,1,4
Tom McCarthy,handballs,-3.5,4,19
Henry Hustwaite,handballs,-4,4,1
Jordan Croft,handballs,-4,7,4
Milan Murdock,handballs,-4,3,8
Nick Coffield,handballs,-4,7,4
Sam Grlj,handballs,-4,2,10
Tom Blamires,handballs,-4,5,5
Will Day,handballs,-4.5,6,2
Will Setterfield,handballs,-4.5,5,12
Will Lorenz,handballs,-6.5,1,6
Ben Paton,handballs,NA,0,4
Billy Cootee,handballs,NA,4,0
Brynn Teakle,handballs,NA,0,4
Christopher Scerri,handballs,NA,7,0
Clay Hall,handballs,NA,0,13
Dyson Sharp,handballs,NA,0,6
Hussien El Achkar,handballs,NA,0,4
Jack Henderson,handballs,NA,0,5
Jack Ison,handballs,NA,4,0
Jayden Nguyen,handballs,NA,0,10
Jeremy McGovern,handballs,NA,0,6
Jordan Boyd,handballs,NA,0,5
Kaleb Smith,handballs,NA,0,8
Liam Fawcett,handballs,NA,0,7
Liam McMahon,handballs,NA,0,7
Liam Reidy,handballs,NA,0,4
Louis Emmett,handballs,NA,0,5
Luamon Lual,handballs,NA,0,12
Max Kondogiannis,handballs,NA,0,5
Nik Cox,handballs,NA,0,6
Noah Long,handballs,NA,0,10
Oskar Smartt,handballs,NA,0,4
Seamus Mitchell,handballs,NA,4,0
Tyrell Dewar,handballs,NA,0,16
Zak Johnson,handballs,NA,0,14
Oscar McInerney,hitouts,9.5,11,2
Jack Williams,hitouts,8,2,15
Oscar Steene,hitouts,8,3,4
Matt Flynn,hitouts,7,3,19
Kieren Briggs,hitouts,6,17,13
Luke Jackson,hitouts,5.5,26,8
Reilly O'Brien,hitouts,5.5,18,8
Nicholas Madden,hitouts,5,4,2
Toby Murray,hitouts,4.5,6,2
Finnbar Maley,hitouts,4,3,8
Hudson O'Keeffe,hitouts,4,5,3
Sean Darcy,hitouts,4,15,7
Lachlan Blakiston,hitouts,3,1,24
Max Ramsden,hitouts,3,4,2
Mitchell Edwards,hitouts,3,8,3
Archer Reid,hitouts,2.5,2,18
Hayden McLean,hitouts,2.5,14,9
Jack Whitlock,hitouts,2.5,5,12
Rhys Stanley,hitouts,2.5,16,4
Cooper Duff-Tytler,hitouts,2,2,9
Ethan Read,hitouts,2,20,10
Harry McKay,hitouts,2,10,14
Jack Darling,hitouts,2,10,23
Lachlan McAndrew,hitouts,2,8,5
Noah Balta,hitouts,2,4,21
Oscar Allen,hitouts,2,5,15
Toby Nankervis,hitouts,2,5,19
Tom De Koning,hitouts,2,15,21
Isaac Keeler,hitouts,1.5,4,9
Jarrod Witts,hitouts,1.5,20,14
Wil Dawson,hitouts,1.5,1,8
Dante Visentini,hitouts,1,4,10
Darcy Cameron,hitouts,1,22,14
Ollie Lord,hitouts,1,5,11
Sam Darcy,hitouts,1,15,8
Todd Goldstein,hitouts,1,3,13
Brodie Grundy,hitouts,0.5,23,12
Darcy Fort,hitouts,0.5,22,11
Harrison Jones,hitouts,0.5,4,5
Jeremy Finlayson,hitouts,0.5,2,6
Aaron Cadman,hitouts,0,21,11
Aaron Francis,hitouts,0,5,5
Aaron Naughton,hitouts,0,22,15
Adam Cerra,hitouts,0,11,18
Adam Saad,hitouts,0,9,15
Adam Treloar,hitouts,0,6,3
Aidan Corr,hitouts,0,5,10
Alex Cincotta,hitouts,0,2,3
Alex Davies,hitouts,0,10,4
Alex Neal-Bullen,hitouts,0,26,11
Alex Pearce,hitouts,0,18,9
Alex Sexton,hitouts,0,3,2
Aliir Aliir,hitouts,0,13,22
Alix Tauru,hitouts,0,3,5
Alixzander Tauru,hitouts,0,4,6
Andrew Brayshaw,hitouts,0,28,9
Andrew McGrath,hitouts,0,7,27
Angus Anderson,hitouts,0,2,5
Angus Clarke,hitouts,0,1,13
Angus Hastie,hitouts,0,5,6
Angus Sheldrick,hitouts,0,23,10
Anthony Caminiti,hitouts,0,14,20
Archer Day-Wicks,hitouts,0,2,15
Archer May,hitouts,0,1,16
Archie Perkins,hitouts,0,5,26
Archie Roberts,hitouts,0,7,30
Arthur Jones,hitouts,0,8,5
Ashton Moir,hitouts,0,3,8
Bailey Banfield,hitouts,0,15,6
Bailey Dale,hitouts,0,22,15
Bailey Humphrey,hitouts,0,22,11
Bailey Laurie,hitouts,0,6,4
Bailey Macdonald,hitouts,0,7,2
Bailey Scott,hitouts,0,3,8
Bailey Smith,hitouts,0,26,11
Bailey Williams,hitouts,0,19,14
Bayley Fritsch,hitouts,0,14,21
Beau McCreery,hitouts,0,19,12
Ben Ainsworth,hitouts,0,20,17
Ben Hobbs,hitouts,0,6,12
Ben Keays,hitouts,0,26,12
Ben King,hitouts,0,23,15
Ben Long,hitouts,0,22,14
Ben McKay,hitouts,0,7,15
Ben Miller,hitouts,0,7,29
Billy Frampton,hitouts,0,17,11
Billy Wilson,hitouts,0,6,3
Blake Acres,hitouts,0,9,12
Blake Hardwick,hitouts,0,25,13
Blake Howes,hitouts,0,11,15
Bo Allan,hitouts,0,3,14
Bobby Hill,hitouts,0,11,3
Bodhi Uwland,hitouts,0,23,15
Bodie Ryan,hitouts,0,1,3
Brad Close,hitouts,0,25,11
Bradley Hill,hitouts,0,15,21
Brady Hough,hitouts,0,5,31
Braeden Campbell,hitouts,0,12,11
Brandon Starcevich,hitouts,0,11,5
Brandon Zerk-Thatcher,hitouts,0,5,8
Brayden Cook,hitouts,0,11,5
Brayden Fiorini,hitouts,0,11,10
Brayden Maynard,hitouts,0,17,15
Brennan Cox,hitouts,0,26,8
Brent Daniels,hitouts,0,9,5
Brodie Kemp,hitouts,0,6,12
Brodie Smith,hitouts,0,8,3
Brody Mihocek,hitouts,0,21,11
Bruce Reville,hitouts,0,20,7
Buku Khamis,hitouts,0,16,12
Caiden Cleary,hitouts,0,8,9
Caleb Daniel,hitouts,0,11,24
Caleb Poulter,hitouts,0,4,3
Caleb Serong,hitouts,0,25,9
Caleb Windsor,hitouts,0,14,15
Callan Ward,hitouts,0,7,5
Callum Ah Chee,hitouts,0,20,9
Callum Brown,hitouts,0,19,11
Callum Mills,hitouts,0,19,6
Callum Wilkie,hitouts,0,15,22
Calsher Dear,hitouts,0,7,5
Cam Mackenzie,hitouts,0,14,8
Cam Rayner,hitouts,0,27,13
Cameron Zurhaar,hitouts,0,11,23
Campbell Chesser,hitouts,0,1,6
Campbell Gray,hitouts,0,1,11
Chad Warner,hitouts,0,24,13
Changkuoth Jiath,hitouts,0,17,11
Charlie Ballard,hitouts,0,3,3
Charlie Cameron,hitouts,0,25,13
Charlie Comben,hitouts,0,11,20
Charlie Curnow,hitouts,0,18,13
Charlie Dean,hitouts,0,2,2
Charlie Spargo,hitouts,0,8,11
Chayce Jones,hitouts,0,5,3
Christian Moraes,hitouts,0,8,13
Christian Petracca,hitouts,0,14,20
Christian Salem,hitouts,0,10,18
Clayton Oliver,hitouts,0,12,23
Cody Angove,hitouts,0,3,1
Colby McKercher,hitouts,0,11,24
Connor Budarick,hitouts,0,20,10
Connor Idun,hitouts,0,22,15
Connor Macdonald,hitouts,0,24,12
Connor O'Sullivan,hitouts,0,27,12
Connor Rozee,hitouts,0,10,13
Conor McKenna,hitouts,0,8,5
Conor Nash,hitouts,0,21,10
Conor Stone,hitouts,0,6,4
Cooper Harvey,hitouts,0,2,6
Cooper Hynes,hitouts,0,13,7
Cooper Lord,hitouts,0,9,15
Cooper Sharman,hitouts,0,14,21
Corey Durdin,hitouts,0,12,17
Corey Wagner,hitouts,0,22,7
Corey Warner,hitouts,0,9,9
Dan Butler,hitouts,0,5,7
Dan Houston,hitouts,0,20,13
Dane Rampe,hitouts,0,17,12
Daniel Curtin,hitouts,0,23,8
Daniel McStay,hitouts,0,17,13
Daniel Rioli,hitouts,0,20,13
Daniel Turner,hitouts,0,13,18
Darcy Byrne-Jones,hitouts,0,12,23
Darcy Fogarty,hitouts,0,22,9
Darcy Gardiner,hitouts,0,16,8
Darcy Jones,hitouts,0,15,8
Darcy Moore,hitouts,0,16,9
Darcy Parish,hitouts,0,1,13
Darcy Tucker,hitouts,0,1,6
Darcy Wilmot,hitouts,0,27,13
Darcy Wilson,hitouts,0,11,20
David Swallow,hitouts,0,4,5
Dayne Zorko,hitouts,0,24,9
Deven Robertson,hitouts,0,4,4
Dion Prestia,hitouts,0,3,18
Dougal Howard,hitouts,0,4,5
Dylan Moore,hitouts,0,24,13
Dylan Shiel,hitouts,0,4,10
Dylan Stephens,hitouts,0,11,23
Ed Langdon,hitouts,0,16,21
Ed Richards,hitouts,0,21,15
Edward Allan,hitouts,0,13,8
Elijah Hewett,hitouts,0,1,24
Elijah Hollands,hitouts,0,4,7
Elijah Tsatas,hitouts,0,2,9
Elliot Yeo,hitouts,0,4,8
Eric Hipwood,hitouts,0,16,6
Errol Gulden,hitouts,0,9,3
Esava Ratugolea,hitouts,0,8,12
Ewan Mackinlay,hitouts,0,5,9
Finn Callaghan,hitouts,0,20,14
Finn Maginness,hitouts,0,10,7
Finn O'Sullivan,hitouts,0,9,21
Flynn Perez,hitouts,0,4,1
Flynn Young,hitouts,0,6,5
Francis Evans,hitouts,0,8,13
George Hewett,hitouts,0,14,18
George Wardlaw,hitouts,0,9,13
Griffin Logue,hitouts,0,7,20
Gryan Miers,hitouts,0,23,10
Hamish Davis,hitouts,0,4,18
Harley Reid,hitouts,0,5,28
Harris Andrews,hitouts,0,25,12
Harrison Petty,hitouts,0,14,18
Harry Armstrong,hitouts,0,1,10
Harry Cunningham,hitouts,0,16,3
Harry Dean,hitouts,0,5,6
Harry Edwards,hitouts,0,2,17
Harry Himmelberg,hitouts,0,22,15
Harry Morrison,hitouts,0,14,9
Harry O'Farrell,hitouts,0,1,5
Harry Perryman,hitouts,0,21,12
Harry Rowston,hitouts,0,10,4
Harry Schoenberg,hitouts,0,2,4
Harry Sharp,hitouts,0,15,17
Harry Sheezel,hitouts,0,11,24
Harvey Gallagher,hitouts,0,3,5
Harvey Johnston,hitouts,0,2,4
Harvey Langford,hitouts,0,16,20
Harvey Thomas,hitouts,0,17,14
Hayden Young,hitouts,0,11,4
Heath Chapman,hitouts,0,28,8
Henry Hustwaite,hitouts,0,4,1
Hugh Bond,hitouts,0,8,4
Hugh Boxshall,hitouts,0,8,8
Hugh Jackson,hitouts,0,4,5
Hugh McCluggage,hitouts,0,23,12
Hugo Garcia,hitouts,0,13,18
Hugo Ralphsmith,hitouts,0,2,15
Hunter Clark,hitouts,0,7,9
Isaac Cumming,hitouts,0,23,10
Isaac Heeney,hitouts,0,23,12
Isaac Kako,hitouts,0,7,22
Isaac Quaynor,hitouts,0,22,15
Isaiah Dudley,hitouts,0,23,6
Izak Rankine,hitouts,0,22,10
Jack Bowes,hitouts,0,19,9
Jack Buckley,hitouts,0,18,10
Jack Buller,hitouts,0,7,7
Jack Carroll,hitouts,0,6,9
Jack Crisp,hitouts,0,22,15
Jack Ginnivan,hitouts,0,25,12
Jack Graham,hitouts,0,3,20
Jack Gunston,hitouts,0,21,10
Jack Henry,hitouts,0,21,10
Jack Higgins,hitouts,0,13,18
Jack Hutchinson,hitouts,0,2,16
Jack Lukosius,hitouts,0,4,7
Jack Macrae,hitouts,0,11,19
Jack Martin,hitouts,0,18,7
Jack Payne,hitouts,0,8,4
Jack Ross,hitouts,0,7,28
Jack Scrimshaw,hitouts,0,13,8
Jack Silvagni,hitouts,0,12,15
Jack Sinclair,hitouts,0,15,22
Jack Steele,hitouts,0,17,19
Jack Viney,hitouts,0,5,13
Jack Watkins,hitouts,0,3,6
Jackson Mead,hitouts,0,9,15
Jacob Bauer,hitouts,0,1,4
Jacob Farrow,hitouts,0,1,11
Jacob Hopper,hitouts,0,7,28
Jacob Konstanty,hitouts,0,8,21
Jacob Newton,hitouts,0,2,3
Jacob Wehr,hitouts,0,12,13
Jacob Weitering,hitouts,0,12,21
Jade Gresham,hitouts,0,6,20
Jaeger O'Meara,hitouts,0,12,6
Jagga Smith,hitouts,0,5,8
Jai Culley,hitouts,0,6,5
Jai Newcombe,hitouts,0,25,13
Jai Serong,hitouts,0,11,2
Jake Bowey,hitouts,0,11,18
Jake Kolodjashnij,hitouts,0,6,2
Jake Lever,hitouts,0,11,10
Jake Lloyd,hitouts,0,23,13
Jake Melksham,hitouts,0,8,14
Jake Rogers,hitouts,0,10,4
Jake Soligo,hitouts,0,25,11
Jake Stringer,hitouts,0,15,13
Jake Waterman,hitouts,0,5,17
James Borlase,hitouts,0,7,3
James Harmes,hitouts,0,7,6
James Jordon,hitouts,0,24,13
James Leake,hitouts,0,5,3
James O'Donnell,hitouts,0,21,11
James Peatling,hitouts,0,25,11
James Rowbottom,hitouts,0,24,13
James Sicily,hitouts,0,21,13
James Trezise,hitouts,0,7,18
James Tunstill,hitouts,0,6,4
James Worpel,hitouts,0,16,11
Jamie Cripps,hitouts,0,3,23
Jamie Elliott,hitouts,0,22,13
Jarman Impey,hitouts,0,25,11
Jarrod Berry,hitouts,0,22,10
Jase Burgoyne,hitouts,0,12,21
Jason Horne-Francis,hitouts,0,11,17
Jason Johannisen,hitouts,0,10,6
Jaspa Fletcher,hitouts,0,27,13
Jasper Alger,hitouts,0,1,7
Jaxon Binns,hitouts,0,2,3
Jaxon Prior,hitouts,0,7,29
Jayden Hunt,hitouts,0,1,14
Jayden Laverde,hitouts,0,7,20
Jayden Short,hitouts,0,7,21
Jed Bews,hitouts,0,3,1
Jed McEntee,hitouts,0,1,5
Jed Walter,hitouts,0,12,12
Jedd Busslinger,hitouts,0,7,4
Jeremy Cameron,hitouts,0,28,11
Jeremy Howe,hitouts,0,19,10
Jeremy Sharp,hitouts,0,11,5
Jesse Hogan,hitouts,0,12,12
Jesse Motlop,hitouts,0,9,14
Jhye Clark,hitouts,0,7,6
Jimmy Webster,hitouts,0,5,10
Jobe Shanahan,hitouts,0,4,19
Joe Berry,hitouts,0,8,17
Joe Fonti,hitouts,0,17,12
Joe Richards,hitouts,0,12,23
Joel Freijah,hitouts,0,22,15
Joel Hamling,hitouts,0,10,7
Joel Jeffrey,hitouts,0,23,14
John Noble,hitouts,0,23,15
Jonty Faull,hitouts,0,6,20
Jordan Clark,hitouts,0,28,9
Jordan Croft,hitouts,0,7,4
Jordan Dawson,hitouts,0,24,11
Jordan De Goey,hitouts,0,10,12
Jordan Ridley,hitouts,0,5,8
Jordon Butts,hitouts,0,13,6
Josaia Delana,hitouts,0,3,4
Josh Battle,hitouts,0,25,13
Josh Daicos,hitouts,0,22,15
Josh Dolan,hitouts,0,7,8
Josh Dunkley,hitouts,0,27,13
Josh Kelly,hitouts,0,10,5
Josh Lai,hitouts,0,3,6
Josh Lindsay,hitouts,0,3,9
Josh Rachele,hitouts,0,18,9
Josh Sinn,hitouts,0,8,12
Josh Treacy,hitouts,0,28,9
Josh Ward,hitouts,0,24,13
Josh Weddle,hitouts,0,20,10
Josh Worrell,hitouts,0,26,12
Joshua Draper,hitouts,0,7,4
Judd McVee,hitouts,0,17,12
Justin McInerney,hitouts,0,20,10
Jy Farrar,hitouts,0,7,3
Jy Simpkin,hitouts,0,11,22
Jye Amiss,hitouts,0,28,9
Jye Caldwell,hitouts,0,4,17
Jye Menzie,hitouts,0,4,6
Kade Chandler,hitouts,0,16,21
Kai Lohmann,hitouts,0,21,10
Kamdyn McIntosh,hitouts,0,5,18
Kane Farrell,hitouts,0,12,21
Kane McAuliffe,hitouts,0,2,9
Karl Amon,hitouts,0,23,13
Karl Worner,hitouts,0,28,8
Keidean Coleman,hitouts,0,6,7
Koltyn Tholstrup,hitouts,0,13,10
Kyle Langford,hitouts,0,4,19
Kysaiah Pickett,hitouts,0,16,18
Lachie Ash,hitouts,0,22,15
Lachie Fogarty,hitouts,0,8,14
Lachie Jaques,hitouts,0,6,2
Lachie Jones,hitouts,0,10,19
Lachie Neale,hitouts,0,23,12
Lachie Schultz,hitouts,0,13,15
Lachie Weller,hitouts,0,20,10
Lachie Whitfield,hitouts,0,20,15
Lachlan Bramble,hitouts,0,22,15
Lachlan Cowan,hitouts,0,9,17
Lachlan Gulbin,hitouts,0,3,6
Lachlan McNeil,hitouts,0,18,10
Lachlan Murphy,hitouts,0,3,2
Lachlan Sholl,hitouts,0,3,2
Lachlan Sullivan,hitouts,0,12,3
Lachy Dovaston,hitouts,0,3,3
Laitham Vandermeer,hitouts,0,12,8
Lance Collard,hitouts,0,6,6
Latrelle Pickett,hitouts,0,8,4
Lawson Humphries,hitouts,0,28,10
Leonardo Lombard,hitouts,0,8,9
Levi Ashcroft,hitouts,0,27,13
Lewis Melican,hitouts,0,16,10
Liam Baker,hitouts,0,5,31
Liam Duggan,hitouts,0,5,30
Liam Henry,hitouts,0,3,8
Liam Jones,hitouts,0,2,3
Liam O'Connell,hitouts,0,5,7
Liam Ryan,hitouts,0,5,24
Liam Stocker,hitouts,0,11,15
Lincoln McCarthy,hitouts,0,6,2
Logan Evans,hitouts,0,6,17
Logan McDonald,hitouts,0,12,2
Logan Morris,hitouts,0,26,12
Luke Breust,hitouts,0,5,3
Luke Cleary,hitouts,0,11,6
Luke Davies-Uniacke,hitouts,0,11,23
Luke McDonald,hitouts,0,10,17
Luke Nankervis,hitouts,0,8,6
Luke Parker,hitouts,0,11,23
Luke Pedlar,hitouts,0,12,7
Luke Ryan,hitouts,0,28,8
Luke Trainor,hitouts,0,6,23
Mac Andrew,hitouts,0,22,15
Malakai Champion,hitouts,0,2,8
Malcolm Rosas,hitouts,0,14,2
Mani Liddy,hitouts,0,4,5
Marcus Bontempelli,hitouts,0,20,12
Marcus Windhager,hitouts,0,15,22
Mark Keane,hitouts,0,18,7
Mark O'Connor,hitouts,0,26,11
Mason Redman,hitouts,0,6,20
Mason Wood,hitouts,0,13,21
Massimo D'Ambrosio,hitouts,0,25,13
Matt Crouch,hitouts,0,4,2
Matt Guelfi,hitouts,0,1,14
Matt Roberts,hitouts,0,18,11
Matt Rowell,hitouts,0,18,15
Mattaes Phillipou,hitouts,0,8,13
Matthew Carroll,hitouts,0,11,16
Matthew Cottrell,hitouts,0,3,5
Matthew Jefferson,hitouts,0,5,9
Matthew Johnson,hitouts,0,23,7
Matthew Kennedy,hitouts,0,22,15
Matthew Owies,hitouts,0,1,18
Maurice Rioli,hitouts,0,3,17
Max Gruzewski,hitouts,0,11,4
Max Hall,hitouts,0,15,22
Max Holmes,hitouts,0,28,12
Max Michalanney,hitouts,0,22,12
Michael Frederick,hitouts,0,24,8
Michael Sellwood,hitouts,0,8,6
Milan Murdock,hitouts,0,3,8
Miles Bergman,hitouts,0,11,16
Mitch Duncan,hitouts,0,7,2
Mitch Georgiades,hitouts,0,13,23
Mitch Knevitt,hitouts,0,5,3
Mitch Lewis,hitouts,0,13,7
Mitch McGovern,hitouts,0,11,19
Mitchell Hinge,hitouts,0,18,7
Murphy Reid,hitouts,0,28,9
Nasiah Wanganeen-Milera,hitouts,0,14,19
Nat Fyfe,hitouts,0,6,2
Nate Caddy,hitouts,0,7,23
Nathan Broad,hitouts,0,7,27
Nathan O'Driscoll,hitouts,0,14,6
Ned Long,hitouts,0,21,14
Neil Erasmus,hitouts,0,23,6
Nic Martin,hitouts,0,6,10
Nic Newman,hitouts,0,4,6
Nick Blakey,hitouts,0,24,13
Nick Coffield,hitouts,0,7,4
Nick Daicos,hitouts,0,22,14
Nick Haynes,hitouts,0,13,19
Nick Holman,hitouts,0,11,7
Nick Larkey,hitouts,0,10,19
Nick Murray,hitouts,0,14,7
Nick Vlastuin,hitouts,0,7,27
Nick Watson,hitouts,0,24,13
Noah Anderson,hitouts,0,22,15
Noah Answerth,hitouts,0,15,7
Oisin Mullin,hitouts,0,27,12
Oleg Markov,hitouts,0,5,3
Oliver Dempsey,hitouts,0,28,12
Oliver Florent,hitouts,0,12,17
Oliver Hannaford,hitouts,0,3,2
Oliver Henry,hitouts,0,17,11
Oliver Hollands,hitouts,0,11,21
Oliver Wiltshire,hitouts,0,5,3
Ollie Wines,hitouts,0,10,20
Orazio Fantasia,hitouts,0,2,4
Oscar Adams,hitouts,0,11,7
Oskar Baker,hitouts,0,10,8
Paddy Cross,hitouts,0,5,3
Patrick Cripps,hitouts,0,14,22
Patrick Dangerfield,hitouts,0,23,10
Patrick Lipinski,hitouts,0,21,13
Patrick Retschko,hitouts,0,2,6
Patrick Voss,hitouts,0,26,6
Paul Curtis,hitouts,0,10,22
Phoenix Gothard,hitouts,0,6,7
Reuben Ginbey,hitouts,0,5,31
Rhett Bazzo,hitouts,0,2,10
Rhyan Mansell,hitouts,0,4,17
Rhylee West,hitouts,0,22,15
Riley Bice,hitouts,0,21,9
Riley Garcia,hitouts,0,5,3
Riley Hardeman,hitouts,0,4,14
Roan Steele,hitouts,0,8,9
Robert Hansen Jr,hitouts,0,3,9
Rory Laird,hitouts,0,23,10
Rory Lobb,hitouts,0,21,13
Rowan Marshall,hitouts,0,15,21
Ryan Angwin,hitouts,0,11,9
Ryan Burton,hitouts,0,3,5
Ryan Byrnes,hitouts,0,9,14
Ryan Lester,hitouts,0,25,10
Ryan Maric,hitouts,0,3,28
Ryley Sanders,hitouts,0,20,14
Saad El-Hawli,hitouts,0,4,12
Sam Banks,hitouts,0,5,25
Sam Berry,hitouts,0,23,9
Sam Butler,hitouts,0,10,3
Sam Clohesy,hitouts,0,14,8
Sam Collins,hitouts,0,21,14
Sam Cumming,hitouts,0,2,5
Sam Davidson,hitouts,0,14,14
Sam Docherty,hitouts,0,4,11
Sam Durham,hitouts,0,7,26
Sam Flanders,hitouts,0,19,16
Sam Grlj,hitouts,0,2,10
Sam Lalor,hitouts,0,3,15
Sam Marshall,hitouts,0,7,6
Sam Powell-Pepper,hitouts,0,7,9
Sam Switkowski,hitouts,0,24,6
Sam Taylor,hitouts,0,13,9
Sam Walsh,hitouts,0,12,15
Sam Wicks,hitouts,0,24,11
Sandy Brock,hitouts,0,1,17
Scott Pendlebury,hitouts,0,19,13
Seth Campbell,hitouts,0,7,28
Shai Bolton,hitouts,0,28,8
Shaun Mannagh,hitouts,0,27,10
Sid Draper,hitouts,0,7,3
Steele Sidebottom,hitouts,0,19,14
Steely Green,hitouts,0,5,27
Stephen Coniglio,hitouts,0,13,8
Steven May,hitouts,0,4,12
Sullivan Robey,hitouts,0,1,9
Taj Hotton,hitouts,0,2,5
Talor Byrne,hitouts,0,3,5
Tanner Bruhn,hitouts,0,8,5
Taylor Adams,hitouts,0,1,3
Taylor Duryea,hitouts,0,3,2
Taylor Walker,hitouts,0,21,10
Ted Clohesy,hitouts,0,6,3
Thomas Edwards,hitouts,0,2,7
Thomson Dow,hitouts,0,3,8
Tim Kelly,hitouts,0,5,28
Tim Membrey,hitouts,0,20,12
Tim Taranto,hitouts,0,6,27
Tobie Travaglia,hitouts,0,5,7
Toby Bedford,hitouts,0,20,12
Toby Greene,hitouts,0,21,14
Toby McMullin,hitouts,0,8,9
Toby Pink,hitouts,0,8,13
Todd Marshall,hitouts,0,2,6
Tom Atkins,hitouts,0,28,12
Tom Barrass,hitouts,0,22,11
Tom Blamires,hitouts,0,5,5
Tom Brown,hitouts,0,6,25
Tom Burton,hitouts,0,2,3
Tom Cochrane,hitouts,0,3,2
Tom Cole,hitouts,0,3,23
Tom Green,hitouts,0,15,8
Tom Gross,hitouts,0,1,8
Tom Hanily,hitouts,0,4,6
Tom Liberatore,hitouts,0,17,10
Tom Lynch,hitouts,0,5,18
Tom McCarthy,hitouts,0,4,19
Tom McCartin,hitouts,0,20,11
Tom McDonald,hitouts,0,9,12
Tom Mitchell,hitouts,0,2,2
Tom Papley,hitouts,0,15,7
Tom Powell,hitouts,0,9,21
Tom Sparrow,hitouts,0,16,20
Tom Stewart,hitouts,0,24,9
Touk Miller,hitouts,0,22,14
Travis Boak,hitouts,0,7,9
Trent Rivers,hitouts,0,11,19
Ty Gallop,hitouts,0,11,7
Tylar Young,hitouts,0,6,15
Tyler Brockman,hitouts,0,1,19
Tyler Sonsie,hitouts,0,5,22
Tyson Stengle,hitouts,0,18,6
Wade Derksen,hitouts,0,2,2
Wayne Milera,hitouts,0,25,12
Wil Parker,hitouts,0,4,4
Wil Powell,hitouts,0,23,14
Will Ashcroft,hitouts,0,27,13
Will Day,hitouts,0,6,2
Will Graham,hitouts,0,13,6
Will Hayward,hitouts,0,15,18
Will Hoskin-Elliott,hitouts,0,12,6
Will Lewis,hitouts,0,5,5
Will Lorenz,hitouts,0,1,6
Will McLachlan,hitouts,0,5,2
Will Phillips,hitouts,0,1,6
Will Setterfield,hitouts,0,5,12
Will White,hitouts,0,7,7
Willem Drew,hitouts,0,13,23
Willem Duursma,hitouts,0,4,9
William Edwards,hitouts,0,7,1
William Hayes,hitouts,0,5,2
Willie Rioli,hitouts,0,9,10
Xavier Duursma,hitouts,0,7,29
Xavier Lindsay,hitouts,0,9,14
Xavier O'Halloran,hitouts,0,18,13
Zac Bailey,hitouts,0,26,12
Zac Banch,hitouts,0,1,5
Zac Fisher,hitouts,0,2,6
Zac Taylor,hitouts,0,19,9
Zac Williams,hitouts,0,10,18
Zach Guthrie,hitouts,0,28,12
Zach Merrett,hitouts,0,7,29
Zach Reid,hitouts,0,7,17
Zak Butters,hitouts,0,12,21
Zak Jones,hitouts,0,8,7
Zane Duursma,hitouts,0,7,15
Zeke Uwland,hitouts,0,5,5
Jordon Sweet,hitouts,-0.5,12,19
Ned Reeves,hitouts,-0.5,8,4
Oliver Hayes-Brown,hitouts,-0.5,2,5
Riley Thilthorpe,hitouts,-0.5,24,12
Shannon Neale,hitouts,-0.5,27,12
Aidan Johnson,hitouts,-1,2,3
Cody Curtin,hitouts,-1,2,2
Jake Riccardi,hitouts,-1,18,11
Joel Amartey,hitouts,-1,17,5
Lewis Young,hitouts,-1,5,15
Marc Pittonet,hitouts,-1,6,13
Mitch Owens,hitouts,-1,12,18
Jacob Blight,hitouts,-1.5,1,6
Lloyd Meek,hitouts,-1.5,25,12
Mykelti Lefau,hitouts,-1.5,2,10
Sam Day,hitouts,-1.5,10,3
Cooper Trembath,hitouts,-2,7,9
Jacob van Rooyen,hitouts,-2,11,19
Mason Cox,hitouts,-2,14,4
Peter Wright,hitouts,-2,5,24
Max Gawn,hitouts,-2.5,16,21
Oscar McDonald,hitouts,-2.5,10,2
Bailey J. Williams,hitouts,-3,3,23
Leek Aleer,hitouts,-3,12,6
Mabior Chol,hitouts,-3,21,11
Ned Moyle,hitouts,-3,5,4
Peter Ladhams,hitouts,-3,6,5
Sam De Koning,hitouts,-3,27,9
Sam Draper,hitouts,-3,11,7
Thomas Sims,hitouts,-3,3,8
Tristan Xerri,hitouts,-3,9,20
Max Heath,hitouts,-4,6,4
Tim English,hitouts,-6,21,11
Callum Coleman-Jones,hitouts,-6.5,3,2
Mark Blicavs,hitouts,-6.5,24,12
Nick Bryan,hitouts,-10.5,2,8
Samson Ryan,hitouts,-15.5,1,4
Ben Paton,hitouts,NA,0,4
Billy Cootee,hitouts,NA,4,0
Brynn Teakle,hitouts,NA,0,4
Christopher Scerri,hitouts,NA,7,0
Clay Hall,hitouts,NA,0,13
Dyson Sharp,hitouts,NA,0,6
Hussien El Achkar,hitouts,NA,0,4
Jack Henderson,hitouts,NA,0,5
Jack Ison,hitouts,NA,4,0
Jayden Nguyen,hitouts,NA,0,10
Jeremy McGovern,hitouts,NA,0,6
Jordan Boyd,hitouts,NA,0,5
Kaleb Smith,hitouts,NA,0,8
Liam Fawcett,hitouts,NA,0,7
Liam McMahon,hitouts,NA,0,7
Liam Reidy,hitouts,NA,0,4
Louis Emmett,hitouts,NA,0,5
Luamon Lual,hitouts,NA,0,12
Max Kondogiannis,hitouts,NA,0,5
Nik Cox,hitouts,NA,0,6
Noah Long,hitouts,NA,0,10
Oskar Smartt,hitouts,NA,0,4
Seamus Mitchell,hitouts,NA,4,0
Tyrell Dewar,hitouts,NA,0,16
Zak Johnson,hitouts,NA,0,14
Hugh McCluggage,clearances,4,23,12
Callum Coleman-Jones,clearances,3.5,3,2
Dylan Shiel,clearances,3,4,10
Jack Viney,clearances,3,5,13
Shaun Mannagh,clearances,3,27,10
Alex Davies,clearances,2.5,10,4
Jarrod Witts,clearances,2.5,20,14
Tom Green,clearances,2.5,15,8
Bailey Smith,clearances,2,26,11
Christian Petracca,clearances,2,14,20
Clayton Oliver,clearances,2,12,23
Darcy Parish,clearances,2,1,13
Darcy Wilson,clearances,2,11,20
Hugo Garcia,clearances,2,13,18
Jack Ross,clearances,2,7,28
Jai Newcombe,clearances,2,25,13
Kane McAuliffe,clearances,2,2,9
Luke Jackson,clearances,2,26,8
Matt Flynn,clearances,2,3,19
Mitch Knevitt,clearances,2,5,3
Tim Taranto,clearances,2,6,27
Todd Goldstein,clearances,2,3,13
Tyler Brockman,clearances,2,1,19
Will Ashcroft,clearances,2,27,13
Alex Cincotta,clearances,1.5,2,3
Ben Hobbs,clearances,1.5,6,12
Cam Mackenzie,clearances,1.5,14,8
Cooper Duff-Tytler,clearances,1.5,2,9
Darcy Cameron,clearances,1.5,22,14
Deven Robertson,clearances,1.5,4,4
Elijah Hollands,clearances,1.5,4,7
Harry McKay,clearances,1.5,10,14
Harry Sheezel,clearances,1.5,11,24
Isaac Heeney,clearances,1.5,23,12
Jaxon Binns,clearances,1.5,2,3
Justin McInerney,clearances,1.5,20,10
Max Holmes,clearances,1.5,28,12
Nic Martin,clearances,1.5,6,10
Noah Balta,clearances,1.5,4,21
Xavier O'Halloran,clearances,1.5,18,13
Adam Cerra,clearances,1,11,18
Archer Reid,clearances,1,2,18
Archie Perkins,clearances,1,5,26
Bailey Banfield,clearances,1,15,6
Bailey J. Williams,clearances,1,3,23
Bailey Laurie,clearances,1,6,4
Billy Wilson,clearances,1,6,3
Bo Allan,clearances,1,3,14
Bodie Ryan,clearances,1,1,3
Brandon Zerk-Thatcher,clearances,1,5,8
Charlie Spargo,clearances,1,8,11
Dan Houston,clearances,1,20,13
Daniel Rioli,clearances,1,20,13
Dante Visentini,clearances,1,4,10
David Swallow,clearances,1,4,5
Dayne Zorko,clearances,1,24,9
Dylan Stephens,clearances,1,11,23
Ed Richards,clearances,1,21,15
Finn Callaghan,clearances,1,20,14
Gryan Miers,clearances,1,23,10
Harvey Gallagher,clearances,1,3,5
Hayden Young,clearances,1,11,4
Isaac Cumming,clearances,1,23,10
Jack Graham,clearances,1,3,20
Jack Williams,clearances,1,2,15
Jackson Mead,clearances,1,9,15
Jacob Bauer,clearances,1,1,4
Jacob Farrow,clearances,1,1,11
Jacob Konstanty,clearances,1,8,21
Jade Gresham,clearances,1,6,20
Jagga Smith,clearances,1,5,8
Jake Stringer,clearances,1,15,13
James Peatling,clearances,1,25,11
Jase Burgoyne,clearances,1,12,21
Jayden Hunt,clearances,1,1,14
Jimmy Webster,clearances,1,5,10
Joe Berry,clearances,1,8,17
Joe Fonti,clearances,1,17,12
Joel Freijah,clearances,1,22,15
John Noble,clearances,1,23,15
Jordan Dawson,clearances,1,24,11
Jye Caldwell,clearances,1,4,17
Lachlan Blakiston,clearances,1,1,24
Lachy Dovaston,clearances,1,3,3
Lewis Young,clearances,1,5,15
Liam Baker,clearances,1,5,31
Marc Pittonet,clearances,1,6,13
Marcus Bontempelli,clearances,1,20,12
Mason Wood,clearances,1,13,21
Matt Crouch,clearances,1,4,2
Matthew Kennedy,clearances,1,22,15
Max Gawn,clearances,1,16,21
Max Ramsden,clearances,1,4,2
Mitch Duncan,clearances,1,7,2
Ned Long,clearances,1,21,14
Neil Erasmus,clearances,1,23,6
Nicholas Madden,clearances,1,4,2
Oisin Mullin,clearances,1,27,12
Oliver Wiltshire,clearances,1,5,3
Rhys Stanley,clearances,1,16,4
Riley Garcia,clearances,1,5,3
Rory Laird,clearances,1,23,10
Saad El-Hawli,clearances,1,4,12
Sam Banks,clearances,1,5,25
Sam Butler,clearances,1,10,3
Sam Day,clearances,1,10,3
Sam Docherty,clearances,1,4,11
Sam Draper,clearances,1,11,7
Sam Lalor,clearances,1,3,15
Sam Switkowski,clearances,1,24,6
Seth Campbell,clearances,1,7,28
Sid Draper,clearances,1,7,3
Steely Green,clearances,1,5,27
Stephen Coniglio,clearances,1,13,8
Ted Clohesy,clearances,1,6,3
Tim English,clearances,1,21,11
Toby Nankervis,clearances,1,5,19
Tom Powell,clearances,1,9,21
Travis Boak,clearances,1,7,9
Wil Dawson,clearances,1,1,8
Willem Drew,clearances,1,13,23
Willie Rioli,clearances,1,9,10
Xavier Duursma,clearances,1,7,29
Zac Banch,clearances,1,1,5
Zach Merrett,clearances,1,7,29
Zak Jones,clearances,1,8,7
Zane Duursma,clearances,1,7,15
Angus Anderson,clearances,0.5,2,5
Archer Day-Wicks,clearances,0.5,2,15
Blake Acres,clearances,0.5,9,12
Caleb Poulter,clearances,0.5,4,3
Christian Moraes,clearances,0.5,8,13
Christian Salem,clearances,0.5,10,18
Connor Idun,clearances,0.5,22,15
Corey Durdin,clearances,0.5,12,17
Esava Ratugolea,clearances,0.5,8,12
Finn Maginness,clearances,0.5,10,7
Harry Rowston,clearances,0.5,10,4
Hayden McLean,clearances,0.5,14,9
Isaac Keeler,clearances,0.5,4,9
Izak Rankine,clearances,0.5,22,10
Jaeger O'Meara,clearances,0.5,12,6
James Worpel,clearances,0.5,16,11
Jhye Clark,clearances,0.5,7,6
Jy Simpkin,clearances,0.5,11,22
Kysaiah Pickett,clearances,0.5,16,18
Lachie Jaques,clearances,0.5,6,2
Latrelle Pickett,clearances,0.5,8,4
Lincoln McCarthy,clearances,0.5,6,2
Lloyd Meek,clearances,0.5,25,12
Malakai Champion,clearances,0.5,2,8
Matt Rowell,clearances,0.5,18,15
Michael Frederick,clearances,0.5,24,8
Nasiah Wanganeen-Milera,clearances,0.5,14,19
Nat Fyfe,clearances,0.5,6,2
Ned Reeves,clearances,0.5,8,4
Oskar Baker,clearances,0.5,10,8
Patrick Retschko,clearances,0.5,2,6
Reilly O'Brien,clearances,0.5,18,8
Ryley Sanders,clearances,0.5,20,14
Sam Durham,clearances,0.5,7,26
Sam Flanders,clearances,0.5,19,16
Sam Grlj,clearances,0.5,2,10
Sam Marshall,clearances,0.5,7,6
Toby Murray,clearances,0.5,6,2
Tom Hanily,clearances,0.5,4,6
Tom Sparrow,clearances,0.5,16,20
Touk Miller,clearances,0.5,22,14
Xavier Lindsay,clearances,0.5,9,14
Zac Fisher,clearances,0.5,2,6
Zak Butters,clearances,0.5,12,21
Aaron Cadman,clearances,0,21,11
Aaron Francis,clearances,0,5,5
Aaron Naughton,clearances,0,22,15
Adam Saad,clearances,0,9,15
Aidan Corr,clearances,0,5,10
Alex Neal-Bullen,clearances,0,26,11
Alex Pearce,clearances,0,18,9
Alex Sexton,clearances,0,3,2
Aliir Aliir,clearances,0,13,22
Alix Tauru,clearances,0,3,5
Alixzander Tauru,clearances,0,4,6
Andrew McGrath,clearances,0,7,27
Angus Clarke,clearances,0,1,13
Angus Hastie,clearances,0,5,6
Anthony Caminiti,clearances,0,14,20
Archer May,clearances,0,1,16
Archie Roberts,clearances,0,7,30
Arthur Jones,clearances,0,8,5
Ashton Moir,clearances,0,3,8
Bailey Dale,clearances,0,22,15
Bailey Humphrey,clearances,0,22,11
Bailey Macdonald,clearances,0,7,2
Bailey Scott,clearances,0,3,8
Bayley Fritsch,clearances,0,14,21
Beau McCreery,clearances,0,19,12
Ben Ainsworth,clearances,0,20,17
Ben Keays,clearances,0,26,12
Ben King,clearances,0,23,15
Ben Long,clearances,0,22,14
Ben McKay,clearances,0,7,15
Ben Miller,clearances,0,7,29
Billy Frampton,clearances,0,17,11
Blake Hardwick,clearances,0,25,13
Blake Howes,clearances,0,11,15
Bobby Hill,clearances,0,11,3
Bodhi Uwland,clearances,0,23,15
Brad Close,clearances,0,25,11
Bradley Hill,clearances,0,15,21
Brady Hough,clearances,0,5,31
Brandon Starcevich,clearances,0,11,5
Brayden Cook,clearances,0,11,5
Brayden Fiorini,clearances,0,11,10
Brayden Maynard,clearances,0,17,15
Brennan Cox,clearances,0,26,8
Brent Daniels,clearances,0,9,5
Brodie Grundy,clearances,0,23,12
Brodie Kemp,clearances,0,6,12
Brody Mihocek,clearances,0,21,11
Bruce Reville,clearances,0,20,7
Buku Khamis,clearances,0,16,12
Caleb Daniel,clearances,0,11,24
Caleb Serong,clearances,0,25,9
Caleb Windsor,clearances,0,14,15
Callan Ward,clearances,0,7,5
Callum Ah Chee,clearances,0,20,9
Callum Brown,clearances,0,19,11
Callum Mills,clearances,0,19,6
Callum Wilkie,clearances,0,15,22
Calsher Dear,clearances,0,7,5
Cam Rayner,clearances,0,27,13
Cameron Zurhaar,clearances,0,11,23
Campbell Gray,clearances,0,1,11
Changkuoth Jiath,clearances,0,17,11
Charlie Ballard,clearances,0,3,3
Charlie Cameron,clearances,0,25,13
Charlie Comben,clearances,0,11,20
Charlie Curnow,clearances,0,18,13
Charlie Dean,clearances,0,2,2
Chayce Jones,clearances,0,5,3
Cody Angove,clearances,0,3,1
Cody Curtin,clearances,0,2,2
Connor Budarick,clearances,0,20,10
Connor Macdonald,clearances,0,24,12
Connor O'Sullivan,clearances,0,27,12
Connor Rozee,clearances,0,10,13
Conor McKenna,clearances,0,8,5
Conor Nash,clearances,0,21,10
Conor Stone,clearances,0,6,4
Cooper Hynes,clearances,0,13,7
Cooper Sharman,clearances,0,14,21
Cooper Trembath,clearances,0,7,9
Corey Wagner,clearances,0,22,7
Dan Butler,clearances,0,5,7
Daniel McStay,clearances,0,17,13
Daniel Turner,clearances,0,13,18
Darcy Byrne-Jones,clearances,0,12,23
Darcy Fogarty,clearances,0,22,9
Darcy Fort,clearances,0,22,11
Darcy Gardiner,clearances,0,16,8
Darcy Jones,clearances,0,15,8
Darcy Moore,clearances,0,16,9
Darcy Tucker,clearances,0,1,6
Darcy Wilmot,clearances,0,27,13
Dougal Howard,clearances,0,4,5
Dylan Moore,clearances,0,24,13
Ed Langdon,clearances,0,16,21
Elijah Hewett,clearances,0,1,24
Eric Hipwood,clearances,0,16,6
Ethan Read,clearances,0,20,10
Ewan Mackinlay,clearances,0,5,9
Finn O'Sullivan,clearances,0,9,21
Flynn Perez,clearances,0,4,1
Flynn Young,clearances,0,6,5
Francis Evans,clearances,0,8,13
George Hewett,clearances,0,14,18
Griffin Logue,clearances,0,7,20
Hamish Davis,clearances,0,4,18
Harris Andrews,clearances,0,25,12
Harrison Jones,clearances,0,4,5
Harrison Petty,clearances,0,14,18
Harry Armstrong,clearances,0,1,10
Harry Cunningham,clearances,0,16,3
Harry Dean,clearances,0,5,6
Harry Edwards,clearances,0,2,17
Harry Himmelberg,clearances,0,22,15
Harry Morrison,clearances,0,14,9
Harry O'Farrell,clearances,0,1,5
Harry Schoenberg,clearances,0,2,4
Harry Sharp,clearances,0,15,17
Harvey Johnston,clearances,0,2,4
Harvey Langford,clearances,0,16,20
Harvey Thomas,clearances,0,17,14
Heath Chapman,clearances,0,28,8
Hugo Ralphsmith,clearances,0,2,15
Isaac Quaynor,clearances,0,22,15
Isaiah Dudley,clearances,0,23,6
Jack Buckley,clearances,0,18,10
Jack Buller,clearances,0,7,7
Jack Carroll,clearances,0,6,9
Jack Crisp,clearances,0,22,15
Jack Darling,clearances,0,10,23
Jack Ginnivan,clearances,0,25,12
Jack Gunston,clearances,0,21,10
Jack Henry,clearances,0,21,10
Jack Higgins,clearances,0,13,18
Jack Lukosius,clearances,0,4,7
Jack Payne,clearances,0,8,4
Jack Scrimshaw,clearances,0,13,8
Jack Silvagni,clearances,0,12,15
Jack Steele,clearances,0,17,19
Jack Whitlock,clearances,0,5,12
Jacob Hopper,clearances,0,7,28
Jacob Weitering,clearances,0,12,21
Jacob van Rooyen,clearances,0,11,19
Jake Bowey,clearances,0,11,18
Jake Kolodjashnij,clearances,0,6,2
Jake Lever,clearances,0,11,10
Jake Lloyd,clearances,0,23,13
Jake Melksham,clearances,0,8,14
Jake Riccardi,clearances,0,18,11
Jake Rogers,clearances,0,10,4
Jake Soligo,clearances,0,25,11
Jake Waterman,clearances,0,5,17
James Borlase,clearances,0,7,3
James Jordon,clearances,0,24,13
James Leake,clearances,0,5,3
James O'Donnell,clearances,0,21,11
James Sicily,clearances,0,21,13
James Trezise,clearances,0,7,18
James Tunstill,clearances,0,6,4
Jamie Cripps,clearances,0,3,23
Jason Horne-Francis,clearances,0,11,17
Jasper Alger,clearances,0,1,7
Jaxon Prior,clearances,0,7,29
Jayden Laverde,clearances,0,7,20
Jayden Short,clearances,0,7,21
Jed McEntee,clearances,0,1,5
Jed Walter,clearances,0,12,12
Jedd Busslinger,clearances,0,7,4
Jeremy Cameron,clearances,0,28,11
Jeremy Howe,clearances,0,19,10
Jesse Hogan,clearances,0,12,12
Jobe Shanahan,clearances,0,4,19
Joe Richards,clearances,0,12,23
Joel Amartey,clearances,0,17,5
Joel Hamling,clearances,0,10,7
Joel Jeffrey,clearances,0,23,14
Jonty Faull,clearances,0,6,20
Jordan Clark,clearances,0,28,9
Jordan Ridley,clearances,0,5,8
Jordon Butts,clearances,0,13,6
Josh Battle,clearances,0,25,13
Josh Dolan,clearances,0,7,8
Josh Dunkley,clearances,0,27,13
Josh Kelly,clearances,0,10,5
Josh Lai,clearances,0,3,6
Josh Lindsay,clearances,0,3,9
Josh Sinn,clearances,0,8,12
Josh Treacy,clearances,0,28,9
Josh Ward,clearances,0,24,13
Josh Weddle,clearances,0,20,10
Josh Worrell,clearances,0,26,12
Joshua Draper,clearances,0,7,4
Judd McVee,clearances,0,17,12
Jy Farrar,clearances,0,7,3
Jye Amiss,clearances,0,28,9
Jye Menzie,clearances,0,4,6
Kai Lohmann,clearances,0,21,10
Kane Farrell,clearances,0,12,21
Karl Worner,clearances,0,28,8
Keidean Coleman,clearances,0,6,7
Koltyn Tholstrup,clearances,0,13,10
Kyle Langford,clearances,0,4,19
Lachie Ash,clearances,0,22,15
Lachie Fogarty,clearances,0,8,14
Lachie Jones,clearances,0,10,19
Lachie Schultz,clearances,0,13,15
Lachie Weller,clearances,0,20,10
Lachlan Bramble,clearances,0,22,15
Lachlan Cowan,clearances,0,9,17
Lachlan Gulbin,clearances,0,3,6
Lachlan McNeil,clearances,0,18,10
Lachlan Sullivan,clearances,0,12,3
Laitham Vandermeer,clearances,0,12,8
Lance Collard,clearances,0,6,6
Levi Ashcroft,clearances,0,27,13
Lewis Melican,clearances,0,16,10
Liam Henry,clearances,0,3,8
Liam Jones,clearances,0,2,3
Liam O'Connell,clearances,0,5,7
Liam Ryan,clearances,0,5,24
Liam Stocker,clearances,0,11,15
Logan Evans,clearances,0,6,17
Logan Morris,clearances,0,26,12
Luke Breust,clearances,0,5,3
Luke Davies-Uniacke,clearances,0,11,23
Luke McDonald,clearances,0,10,17
Luke Nankervis,clearances,0,8,6
Luke Parker,clearances,0,11,23
Luke Pedlar,clearances,0,12,7
Luke Ryan,clearances,0,28,8
Luke Trainor,clearances,0,6,23
Mabior Chol,clearances,0,21,11
Mac Andrew,clearances,0,22,15
Mani Liddy,clearances,0,4,5
Marcus Windhager,clearances,0,15,22
Mark Keane,clearances,0,18,7
Mason Redman,clearances,0,6,20
Matt Guelfi,clearances,0,1,14
Matt Roberts,clearances,0,18,11
Matthew Carroll,clearances,0,11,16
Matthew Cottrell,clearances,0,3,5
Matthew Jefferson,clearances,0,5,9
Matthew Owies,clearances,0,1,18
Maurice Rioli,clearances,0,3,17
Max Gruzewski,clearances,0,11,4
Max Michalanney,clearances,0,22,12
Michael Sellwood,clearances,0,8,6
Milan Murdock,clearances,0,3,8
Mitch Georgiades,clearances,0,13,23
Mitch Lewis,clearances,0,13,7
Mitch McGovern,clearances,0,11,19
Mitchell Edwards,clearances,0,8,3
Mitchell Hinge,clearances,0,18,7
Murphy Reid,clearances,0,28,9
Mykelti Lefau,clearances,0,2,10
Nate Caddy,clearances,0,7,23
Nathan Broad,clearances,0,7,27
Ned Moyle,clearances,0,5,4
Nic Newman,clearances,0,4,6
Nick Blakey,clearances,0,24,13
Nick Daicos,clearances,0,22,14
Nick Haynes,clearances,0,13,19
Nick Larkey,clearances,0,10,19
Nick Murray,clearances,0,14,7
Nick Vlastuin,clearances,0,7,27
Nick Watson,clearances,0,24,13
Noah Anderson,clearances,0,22,15
Noah Answerth,clearances,0,15,7
Oliver Dempsey,clearances,0,28,12
Oliver Hannaford,clearances,0,3,2
Oliver Henry,clearances,0,17,11
Ollie Lord,clearances,0,5,11
Orazio Fantasia,clearances,0,2,4
Oscar Adams,clearances,0,11,7
Oscar Allen,clearances,0,5,15
Oscar McDonald,clearances,0,10,2
Paddy Cross,clearances,0,5,3
Patrick Cripps,clearances,0,14,22
Patrick Lipinski,clearances,0,21,13
Patrick Voss,clearances,0,26,6
Peter Ladhams,clearances,0,6,5
Reuben Ginbey,clearances,0,5,31
Rhett Bazzo,clearances,0,2,10
Rhyan Mansell,clearances,0,4,17
Rhylee West,clearances,0,22,15
Riley Hardeman,clearances,0,4,14
Roan Steele,clearances,0,8,9
Robert Hansen Jr,clearances,0,3,9
Rory Lobb,clearances,0,21,13
Rowan Marshall,clearances,0,15,21
Ryan Angwin,clearances,0,11,9
Ryan Burton,clearances,0,3,5
Ryan Byrnes,clearances,0,9,14
Ryan Lester,clearances,0,25,10
Sam Berry,clearances,0,23,9
Sam Collins,clearances,0,21,14
Sam Cumming,clearances,0,2,5
Sam De Koning,clearances,0,27,9
Sam Powell-Pepper,clearances,0,7,9
Sam Taylor,clearances,0,13,9
Sandy Brock,clearances,0,1,17
Shai Bolton,clearances,0,28,8
Shannon Neale,clearances,0,27,12
Steele Sidebottom,clearances,0,19,14
Steven May,clearances,0,4,12
Talor Byrne,clearances,0,3,5
Taylor Walker,clearances,0,21,10
Thomas Edwards,clearances,0,2,7
Thomas Sims,clearances,0,3,8
Thomson Dow,clearances,0,3,8
Tim Kelly,clearances,0,5,28
Tim Membrey,clearances,0,20,12
Tobie Travaglia,clearances,0,5,7
Toby Bedford,clearances,0,20,12
Toby Pink,clearances,0,8,13
Todd Marshall,clearances,0,2,6
Tom Barrass,clearances,0,22,11
Tom Brown,clearances,0,6,25
Tom Burton,clearances,0,2,3
Tom Cole,clearances,0,3,23
Tom De Koning,clearances,0,15,21
Tom Lynch,clearances,0,5,18
Tom McCarthy,clearances,0,4,19
Tom McCartin,clearances,0,20,11
Tom McDonald,clearances,0,9,12
Tom Mitchell,clearances,0,2,2
Tom Papley,clearances,0,15,7
Trent Rivers,clearances,0,11,19
Ty Gallop,clearances,0,11,7
Tylar Young,clearances,0,6,15
Wayne Milera,clearances,0,25,12
Wil Parker,clearances,0,4,4
Wil Powell,clearances,0,23,14
Will Hayward,clearances,0,15,18
Will Hoskin-Elliott,clearances,0,12,6
Will Lewis,clearances,0,5,5
Will McLachlan,clearances,0,5,2
Will White,clearances,0,7,7
Willem Duursma,clearances,0,4,9
William Edwards,clearances,0,7,1
William Hayes,clearances,0,5,2
Zac Taylor,clearances,0,19,9
Zach Guthrie,clearances,0,28,12
Zach Reid,clearances,0,7,17
Zeke Uwland,clearances,0,5,5
Aidan Johnson,clearances,-0.5,2,3
Angus Sheldrick,clearances,-0.5,23,10
Caiden Cleary,clearances,-0.5,8,9
Campbell Chesser,clearances,-0.5,1,6
Cooper Harvey,clearances,-0.5,2,6
Daniel Curtin,clearances,-0.5,23,8
Edward Allan,clearances,-0.5,13,8
Finnbar Maley,clearances,-0.5,3,8
Harry Perryman,clearances,-0.5,21,12
Hugh Boxshall,clearances,-0.5,8,8
Jack Hutchinson,clearances,-0.5,2,16
Jack Martin,clearances,-0.5,18,7
Jack Sinclair,clearances,-0.5,15,22
Jack Watkins,clearances,-0.5,3,6
Jacob Blight,clearances,-0.5,1,6
Jacob Newton,clearances,-0.5,2,3
Jacob Wehr,clearances,-0.5,12,13
James Harmes,clearances,-0.5,7,6
Jeremy Finlayson,clearances,-0.5,2,6
Jesse Motlop,clearances,-0.5,9,14
Josaia Delana,clearances,-0.5,3,4
Lachlan Sholl,clearances,-0.5,3,2
Lawson Humphries,clearances,-0.5,28,10
Logan McDonald,clearances,-0.5,12,2
Luke Cleary,clearances,-0.5,11,6
Mason Cox,clearances,-0.5,14,4
Max Hall,clearances,-0.5,15,22
Mitch Owens,clearances,-0.5,12,18
Nick Coffield,clearances,-0.5,7,4
Oliver Florent,clearances,-0.5,12,17
Paul Curtis,clearances,-0.5,10,22
Phoenix Gothard,clearances,-0.5,6,7
Ryan Maric,clearances,-0.5,3,28
Sam Darcy,clearances,-0.5,15,8
Sam Walsh,clearances,-0.5,12,15
Taj Hotton,clearances,-0.5,2,5
Tanner Bruhn,clearances,-0.5,8,5
Taylor Duryea,clearances,-0.5,3,2
Toby Greene,clearances,-0.5,21,14
Tom Cochrane,clearances,-0.5,3,2
Wade Derksen,clearances,-0.5,2,2
Will Graham,clearances,-0.5,13,6
Andrew Brayshaw,clearances,-1,28,9
Bailey Williams,clearances,-1,19,14
Braeden Campbell,clearances,-1,12,11
Brodie Smith,clearances,-1,8,3
Chad Warner,clearances,-1,24,13
Colby McKercher,clearances,-1,11,24
Cooper Lord,clearances,-1,9,15
Corey Warner,clearances,-1,9,9
Dane Rampe,clearances,-1,17,12
George Wardlaw,clearances,-1,9,13
Harley Reid,clearances,-1,5,28
Hudson O'Keeffe,clearances,-1,5,3
Hugh Bond,clearances,-1,8,4
Hugh Jackson,clearances,-1,4,5
Isaac Kako,clearances,-1,7,22
Jack Bowes,clearances,-1,19,9
Jack Macrae,clearances,-1,11,19
Jai Culley,clearances,-1,6,5
Jai Serong,clearances,-1,11,2
James Rowbottom,clearances,-1,24,13
Jamie Elliott,clearances,-1,22,13
Jarman Impey,clearances,-1,25,11
Jason Johannisen,clearances,-1,10,6
Jaspa Fletcher,clearances,-1,27,13
Jeremy Sharp,clearances,-1,11,5
Josh Daicos,clearances,-1,22,15
Kade Chandler,clearances,-1,16,21
Kamdyn McIntosh,clearances,-1,5,18
Karl Amon,clearances,-1,23,13
Kieren Briggs,clearances,-1,17,13
Lachie Whitfield,clearances,-1,20,15
Leek Aleer,clearances,-1,12,6
Leonardo Lombard,clearances,-1,8,9
Liam Duggan,clearances,-1,5,30
Malcolm Rosas,clearances,-1,14,2
Mark Blicavs,clearances,-1,24,12
Mark O'Connor,clearances,-1,26,11
Massimo D'Ambrosio,clearances,-1,25,13
Mattaes Phillipou,clearances,-1,8,13
Matthew Johnson,clearances,-1,23,7
Miles Bergman,clearances,-1,11,16
Nathan O'Driscoll,clearances,-1,14,6
Nick Holman,clearances,-1,11,7
Oleg Markov,clearances,-1,5,3
Oliver Hayes-Brown,clearances,-1,2,5
Oliver Hollands,clearances,-1,11,21
Ollie Wines,clearances,-1,10,20
Oscar Steene,clearances,-1,3,4
Patrick Dangerfield,clearances,-1,23,10
Peter Wright,clearances,-1,5,24
Riley Bice,clearances,-1,21,9
Riley Thilthorpe,clearances,-1,24,12
Sam Davidson,clearances,-1,14,14
Sam Wicks,clearances,-1,24,11
Scott Pendlebury,clearances,-1,19,13
Toby McMullin,clearances,-1,8,9
Tom Blamires,clearances,-1,5,5
Tom Gross,clearances,-1,1,8
Tom Stewart,clearances,-1,24,9
Tristan Xerri,clearances,-1,9,20
Tyler Sonsie,clearances,-1,5,22
Tyson Stengle,clearances,-1,18,6
Will Lorenz,clearances,-1,1,6
Will Setterfield,clearances,-1,5,12
Zac Bailey,clearances,-1,26,12
Dion Prestia,clearances,-1.5,3,18
Jarrod Berry,clearances,-1.5,22,10
Jordan Croft,clearances,-1.5,7,4
Jordan De Goey,clearances,-1.5,10,12
Jordon Sweet,clearances,-1.5,12,19
Lachlan McAndrew,clearances,-1.5,8,5
Lachlan Murphy,clearances,-1.5,3,2
Oscar McInerney,clearances,-1.5,11,2
Sam Clohesy,clearances,-1.5,14,8
Samson Ryan,clearances,-1.5,1,4
Tom Atkins,clearances,-1.5,28,12
Zac Williams,clearances,-1.5,10,18
Elijah Tsatas,clearances,-2,2,9
Hunter Clark,clearances,-2,7,9
Jed Bews,clearances,-2,3,1
Josh Rachele,clearances,-2,18,9
Lachie Neale,clearances,-2,23,12
Max Heath,clearances,-2,6,4
Sean Darcy,clearances,-2,15,7
Taylor Adams,clearances,-2,1,3
Will Day,clearances,-2,6,2
Adam Treloar,clearances,-2.5,6,3
Elliot Yeo,clearances,-2.5,4,8
Nick Bryan,clearances,-2.5,2,8
Errol Gulden,clearances,-3,9,3
Henry Hustwaite,clearances,-3.5,4,1
Tom Liberatore,clearances,-3.5,17,10
Sullivan Robey,clearances,-4,1,9
Will Phillips,clearances,-4.5,1,6
Ben Paton,clearances,NA,0,4
Billy Cootee,clearances,NA,4,0
Brynn Teakle,clearances,NA,0,4
Christopher Scerri,clearances,NA,7,0
Clay Hall,clearances,NA,0,13
Dyson Sharp,clearances,NA,0,6
Hussien El Achkar,clearances,NA,0,4
Jack Henderson,clearances,NA,0,5
Jack Ison,clearances,NA,4,0
Jayden Nguyen,clearances,NA,0,10
Jeremy McGovern,clearances,NA,0,6
Jordan Boyd,clearances,NA,0,5
Kaleb Smith,clearances,NA,0,8
Liam Fawcett,clearances,NA,0,7
Liam McMahon,clearances,NA,0,7
Liam Reidy,clearances,NA,0,4
Louis Emmett,clearances,NA,0,5
Luamon Lual,clearances,NA,0,12
Max Kondogiannis,clearances,NA,0,5
Nik Cox,clearances,NA,0,6
Noah Long,clearances,NA,0,10
Oskar Smartt,clearances,NA,0,4
Seamus Mitchell,clearances,NA,4,0
Tyrell Dewar,clearances,NA,0,16
Zak Johnson,clearances,NA,0,14
